N,seed_qsk,seed_nqs,schmidt_index,exact_lambda,rbm_lambda,hrbm_lambda
14,1234,101,1,0.8852192628171294,0.8855355772485268,0.886809870685488
14,1234,101,2,0.05766439708068455,0.057231141506165685,0.05737271374628739
14,1234,101,3,0.024921359468167086,0.02506543560464673,0.024556590566266488
14,1234,101,4,0.01434430659805173,0.014621878290153214,0.014254017111473683
14,1234,101,5,0.010673765852765991,0.01073503558347686,0.010802963362203065
14,1234,101,6,0.0024543177589401435,0.002386529130576859,0.002138682346899962
14,1234,101,7,0.0019002418722319835,0.001873431568738593,0.0015578484034010638
14,1234,101,8,0.0006326595407028298,0.0006202473772477605,0.0005833925102724725
14,1234,101,9,0.0005623560009197172,0.0004422192742105264,0.0005546631013783783
14,1234,101,10,0.00044387266345866945,0.0003907394396260541,0.00039170095202059927
14,1234,101,11,0.0003484842859204932,0.0003298868869451449,0.0002658995854002941
14,1234,101,12,0.00022760326944712406,0.00019211536897589018,0.00020237311449926832
14,1234,101,13,0.0002009827546147135,0.00015355717005796884,0.0001489376259549741
14,1234,101,14,0.00013170350652269442,0.00013935857157117138,0.00011708638325900106
14,1234,101,15,8.613424154779942e-05,8.495744589133101e-05,6.890799643756723e-05
14,1234,101,16,4.95409930688075e-05,4.90607066880074e-05,5.0624009636924303e-05
14,1234,101,17,3.241189371486009e-05,3.4938160674210505e-05,3.044103784733172e-05
14,1234,101,18,2.3325193407033723e-05,2.396463473326471e-05,1.7732218197512988e-05
14,1234,101,19,1.8830859475406187e-05,1.647509155446068e-05,1.601807847921818e-05
14,1234,101,20,1.259247984398592e-05,1.3914224913697995e-05,1.3102470432931394e-05
14,1234,101,21,9.955288244384386e-06,1.2289679626408113e-05,7.953871958678596e-06
14,1234,101,22,8.833232309873386e-06,9.598536850742331e-06,7.116104622455355e-06
14,1234,101,23,7.299252693669101e-06,8.201630665590543e-06,6.38754337822771e-06
14,1234,101,24,4.239115933718086e-06,6.003366004912724e-06,4.580256748559539e-06
14,1234,101,25,3.3871861819741265e-06,4.566405377115711e-06,3.6818336095014167e-06
14,1234,101,26,2.895442068347867e-06,3.2515208894434404e-06,2.850850543512674e-06
14,1234,101,27,2.5447986303572955e-06,2.3837259551429736e-06,2.296902522484254e-06
14,1234,101,28,2.160044877476187e-06,2.1389802668566683e-06,1.672027153770708e-06
14,1234,101,29,1.7563213104791882e-06,1.623432995338408e-06,1.4408346568614547e-06
14,1234,101,30,1.3386670781199958e-06,1.3306456612433284e-06,1.2738058579092417e-06
14,1234,101,31,1.284303522281403e-06,1.1095412954348257e-06,9.744354773298825e-07
14,1234,101,32,1.2396553446061207e-06,9.112499665377746e-07,9.500157338596265e-07
14,1234,101,33,9.98982912337945e-07,8.238963294641774e-07,8.246029300369272e-07
14,1234,101,34,9.327500267990373e-07,7.945167915263994e-07,7.743873784414467e-07
14,1234,101,35,6.562854296156728e-07,6.965695538180438e-07,6.218308074587722e-07
14,1234,101,36,4.305854263554984e-07,6.899463521341816e-07,5.639208918318889e-07
14,1234,101,37,3.418677947235155e-07,5.693534451203867e-07,3.538186296098327e-07
14,1234,101,38,2.6780220582678924e-07,4.409554970079257e-07,3.379576093462307e-07
14,1234,101,39,2.346226061008126e-07,3.7923686896769244e-07,2.937285603925221e-07
14,1234,101,40,1.6938590708424562e-07,2.905303754067128e-07,2.521420353811688e-07
14,1234,101,41,1.2408782661863504e-07,2.291588694140851e-07,2.0176423509263251e-07
14,1234,101,42,1.137817471875773e-07,1.633228753600907e-07,1.4723421731085056e-07
14,1234,101,43,1.0206596773957382e-07,1.4950068969644017e-07,1.4200518606937432e-07
14,1234,101,44,9.116039834706804e-08,1.4581342218606974e-07,1.052849396917724e-07
14,1234,101,45,6.389835760146172e-08,1.1590557138963572e-07,9.011961102283973e-08
14,1234,101,46,5.834442906473875e-08,1.0638113948026696e-07,8.356564300066078e-08
14,1234,101,47,5.023601051939928e-08,9.892025535080138e-08,7.514876105114474e-08
14,1234,101,48,4.0268659824160876e-08,6.476032534286904e-08,6.563019219804478e-08
14,1234,101,49,3.884381333601487e-08,5.14756698671534e-08,5.699861861603192e-08
14,1234,101,50,2.991067522581415e-08,4.8534530274386205e-08,4.8084190227713244e-08
14,1234,101,51,2.8846912034388547e-08,3.644419463201096e-08,3.48150465633651e-08
14,1234,101,52,1.8298981423892925e-08,3.470926712519538e-08,3.154920075106305e-08
14,1234,101,53,1.7145231229425587e-08,3.139442204401563e-08,2.2849870126978168e-08
14,1234,101,54,1.5525850761488994e-08,2.533449757785935e-08,1.988438679543281e-08
14,1234,101,55,1.3845252168250304e-08,1.7718573780360543e-08,1.7890939012554482e-08
14,1234,101,56,1.0484863654708657e-08,1.693577499329318e-08,1.4118138165188022e-08
14,1234,101,57,1.0138633947425318e-08,1.571911439260736e-08,1.3030380014284068e-08
14,1234,101,58,8.57858035267071e-09,1.1821773887675329e-08,1.0877398841990274e-08
14,1234,101,59,7.740979938208577e-09,1.163125212608873e-08,7.366225956088777e-09
14,1234,101,60,5.442187323780513e-09,7.802457624820558e-09,6.675000663077962e-09
14,1234,101,61,4.723428639851915e-09,7.080936623280859e-09,5.4197055998164845e-09
14,1234,101,62,4.3920340407911395e-09,6.39022830521956e-09,4.81915602554134e-09
14,1234,101,63,3.717237091502125e-09,6.0132990643285855e-09,4.372417908337524e-09
14,1234,101,64,3.632281080295094e-09,5.386106943828694e-09,3.2046863835363196e-09
14,1234,101,65,2.663569384024056e-09,4.497366597152723e-09,3.0228031353384417e-09
14,1234,101,66,2.5460370601358555e-09,4.238799286173842e-09,2.9521787663462197e-09
14,1234,101,67,2.384380935989681e-09,3.560129432237645e-09,2.1871145335318214e-09
14,1234,101,68,2.3433782678655297e-09,3.117785710118382e-09,1.8986028669778987e-09
14,1234,101,69,1.848593313197455e-09,2.946023600829951e-09,1.5250259768440408e-09
14,1234,101,70,1.4894366483922888e-09,2.298078553075395e-09,1.245606274718565e-09
14,1234,101,71,1.3312095222376405e-09,1.758604509689066e-09,1.1025217961851028e-09
14,1234,101,72,1.0055481751685508e-09,1.6376600628725768e-09,9.203951619717416e-10
14,1234,101,73,6.943179234987564e-10,1.5504856528312576e-09,8.325597904520663e-10
14,1234,101,74,6.870836199028469e-10,1.2741717282663953e-09,8.10356384660736e-10
14,1234,101,75,5.964976546685337e-10,1.2689774645605591e-09,6.979689888522274e-10
14,1234,101,76,3.957907272771849e-10,1.0349512325724942e-09,5.073164703153306e-10
14,1234,101,77,3.759179111263124e-10,9.961029251249494e-10,4.704149484344067e-10
14,1234,101,78,2.9205260786476667e-10,8.578625548857077e-10,4.452905381055966e-10
14,1234,101,79,2.308644738651301e-10,6.362681608152653e-10,3.9061180499172497e-10
14,1234,101,80,2.020604058897103e-10,4.156040822700286e-10,2.9645953294257876e-10
14,1234,101,81,1.7296407274016492e-10,3.712287482176108e-10,2.723011019169582e-10
14,1234,101,82,1.5921692826092306e-10,3.5715815586718166e-10,2.407524589706138e-10
14,1234,101,83,1.4983527802472101e-10,3.163254346930091e-10,2.0929441294997614e-10
14,1234,101,84,1.1613074763867601e-10,3.023318082868654e-10,1.6744512387906558e-10
14,1234,101,85,1.0344000959867053e-10,2.695909468829863e-10,1.492057611166219e-10
14,1234,101,86,6.439592217380566e-11,2.3070881679598521e-10,1.4352057210300092e-10
14,1234,101,87,5.925605462472842e-11,1.931967749503148e-10,9.763017638534255e-11
14,1234,101,88,5.284569730130219e-11,1.2328613881774835e-10,9.090487180826407e-11
14,1234,101,89,3.924303676386185e-11,8.912059687114001e-11,7.730076815393703e-11
14,1234,101,90,3.5707081235866087e-11,8.488781435804675e-11,6.230131557031955e-11
14,1234,101,91,2.267279019523126e-11,7.542915684180156e-11,5.358028678169428e-11
14,1234,101,92,2.1695347506793094e-11,6.386427651335934e-11,4.872204917614955e-11
14,1234,101,93,1.4571954602981054e-11,5.1557602595092357e-11,3.84744480708458e-11
14,1234,101,94,1.1247880842899305e-11,3.576485995609899e-11,3.072503662155516e-11
14,1234,101,95,1.0132350563306756e-11,3.243302740950818e-11,2.4720501485829134e-11
14,1234,101,96,1.003905598968006e-11,3.167710554834999e-11,2.1497585525251674e-11
14,1234,101,97,8.462218575340665e-12,2.0533130641390738e-11,1.635417930892145e-11
14,1234,101,98,6.316417246176733e-12,1.8700106973581526e-11,1.404609573180922e-11
14,1234,101,99,4.671370752798759e-12,1.464644604513293e-11,9.845101526756785e-12
14,1234,101,100,4.6133050247783574e-12,1.238682763267358e-11,8.57593810112109e-12
14,1234,101,101,3.114063922501827e-12,1.1793393884267624e-11,7.210750394560602e-12
14,1234,101,102,2.3080498893345173e-12,8.299499164881283e-12,4.8469396637539284e-12
14,1234,101,103,2.2632549255290984e-12,5.942404803371861e-12,4.540685458563202e-12
14,1234,101,104,1.3611451103074866e-12,5.400831330321532e-12,3.1833239134324814e-12
14,1234,101,105,1.2378493281384836e-12,4.831656959286892e-12,3.0300861226167358e-12
14,1234,101,106,9.35839219303674e-13,4.709059020079258e-12,2.229726385118952e-12
14,1234,101,107,7.715004574967e-13,2.733760432011326e-12,1.8189320838511724e-12
14,1234,101,108,4.804757295525052e-13,2.383890241100559e-12,1.3987785259361206e-12
14,1234,101,109,4.4849685771990087e-13,1.6249097468911607e-12,1.1015928602551199e-12
14,1234,101,110,4.2808419528393614e-13,1.4337769058571946e-12,9.368023041377605e-13
14,1234,101,111,2.4402501616081384e-13,1.314822783907076e-12,5.714150236616144e-13
14,1234,101,112,2.359040805794677e-13,1.1782986351328504e-12,4.103629211910284e-13
14,1234,101,113,1.2709485887861923e-13,1.02770028213227e-12,3.6930469868702363e-13
14,1234,101,114,1.0824830991787921e-13,6.306236448116269e-13,2.7894281279173195e-13
14,1234,101,115,8.168622192806256e-14,5.408307877868883e-13,1.8739251529414776e-13
14,1234,101,116,6.348045634053965e-14,4.092184117539467e-13,1.0800950857822074e-13
14,1234,101,117,3.916579789150796e-14,1.8357691167253716e-13,9.489410171158997e-14
14,1234,101,118,3.903807610611877e-14,1.3306087670445048e-13,6.847869018831912e-14
14,1234,101,119,1.9233114409001122e-14,1.1271882709094563e-13,3.6415556467483374e-14
14,1234,101,120,1.159791527509228e-14,1.0334702025869953e-13,2.5432841420659372e-14
14,1234,101,121,1.0476264232810458e-14,4.803128311308955e-14,1.9730703164883564e-14
14,1234,101,122,5.200610287729409e-15,2.7661348601653647e-14,7.532251718125143e-15
14,1234,101,123,3.8865845493546425e-15,2.2590861211749e-14,4.62480418561908e-15
14,1234,101,124,3.848999337056727e-15,1.209953987288934e-14,2.2363786251592747e-15
14,1234,101,125,9.99999999999997e-16,8.740599550740696e-15,9.999999999999977e-16
14,1234,101,126,9.99999999999997e-16,2.1980213878581073e-15,9.999999999999977e-16
14,1234,101,127,9.99999999999997e-16,9.999999999999977e-16,9.999999999999977e-16
14,1234,101,128,9.99999999999997e-16,9.999999999999977e-16,9.999999999999977e-16
14,1234,202,1,0.8852192628171294,0.8848837552844779,0.8857378648775159
14,1234,202,2,0.05766439708068455,0.05781511709020256,0.058165977091606404
14,1234,202,3,0.024921359468167086,0.025471898846898433,0.024774618328874135
14,1234,202,4,0.01434430659805173,0.014404905775736332,0.014140815802577509
14,1234,202,5,0.010673765852765991,0.01080267879436568,0.010559839181849377
14,1234,202,6,0.0024543177589401435,0.0022149106029517806,0.0024357566293750606
14,1234,202,7,0.0019002418722319835,0.0017858097045361852,0.0016744752398359913
14,1234,202,8,0.0006326595407028298,0.0006137748566751835,0.0005910289652482425
14,1234,202,9,0.0005623560009197172,0.0004154386889394948,0.0005414679948313134
14,1234,202,10,0.00044387266345866945,0.00035441411250034796,0.00039161524995326983
14,1234,202,11,0.0003484842859204932,0.0003501056264491876,0.000316693286577533
14,1234,202,12,0.00022760326944712406,0.00024907043094985403,0.00015515259104791502
14,1234,202,13,0.0002009827546147135,0.00021607269869612042,0.0001446867276466687
14,1234,202,14,0.00013170350652269442,0.00016080970859551238,0.0001236693773878082
14,1234,202,15,8.613424154779942e-05,7.229170926000209e-05,7.15426932229852e-05
14,1234,202,16,4.95409930688075e-05,4.1249981251039574e-05,4.5970786684690374e-05
14,1234,202,17,3.241189371486009e-05,3.11339850843511e-05,2.577732921390206e-05
14,1234,202,18,2.3325193407033723e-05,2.9809353425821675e-05,1.9929316443334035e-05
14,1234,202,19,1.8830859475406187e-05,2.0694896936861828e-05,1.7491135549716656e-05
14,1234,202,20,1.259247984398592e-05,1.3434071259452744e-05,1.3640189691517919e-05
14,1234,202,21,9.955288244384386e-06,8.79948885903687e-06,9.296529925316836e-06
14,1234,202,22,8.833232309873386e-06,8.52750429214193e-06,8.727817233157902e-06
14,1234,202,23,7.299252693669101e-06,6.5608207421200025e-06,6.197013071337892e-06
14,1234,202,24,4.239115933718086e-06,5.7356009952041e-06,5.316268568850362e-06
14,1234,202,25,3.3871861819741265e-06,4.960452852392421e-06,3.6364034102846e-06
14,1234,202,26,2.895442068347867e-06,3.0411673825820114e-06,3.6124112068291717e-06
14,1234,202,27,2.5447986303572955e-06,2.208092787897937e-06,2.690511341838371e-06
14,1234,202,28,2.160044877476187e-06,1.9756210305585446e-06,2.5703101663958664e-06
14,1234,202,29,1.7563213104791882e-06,1.7931236888712248e-06,1.5376867442048357e-06
14,1234,202,30,1.3386670781199958e-06,1.6109142334515174e-06,1.2079738586547731e-06
14,1234,202,31,1.284303522281403e-06,1.3033020615171187e-06,1.1566743649729322e-06
14,1234,202,32,1.2396553446061207e-06,9.179219635459832e-07,1.08600588025079e-06
14,1234,202,33,9.98982912337945e-07,8.979033297037997e-07,9.048098799870564e-07
14,1234,202,34,9.327500267990373e-07,7.7596918702531e-07,7.578562599822564e-07
14,1234,202,35,6.562854296156728e-07,6.423637256057694e-07,5.656643597944719e-07
14,1234,202,36,4.305854263554984e-07,5.532801968579516e-07,4.716881306439812e-07
14,1234,202,37,3.418677947235155e-07,4.1062419851438473e-07,3.667167737173817e-07
14,1234,202,38,2.6780220582678924e-07,3.254013735413194e-07,3.6015439397493927e-07
14,1234,202,39,2.346226061008126e-07,2.424482428893394e-07,2.5441153863683276e-07
14,1234,202,40,1.6938590708424562e-07,2.1596335717896894e-07,1.8657335159124214e-07
14,1234,202,41,1.2408782661863504e-07,1.6984070885249508e-07,1.7286671379962343e-07
14,1234,202,42,1.137817471875773e-07,1.5596304930993605e-07,1.4320132987355356e-07
14,1234,202,43,1.0206596773957382e-07,1.2548387133972802e-07,1.3491005410771034e-07
14,1234,202,44,9.116039834706804e-08,1.2174766576129547e-07,9.715682800248657e-08
14,1234,202,45,6.389835760146172e-08,8.515446710105191e-08,8.270589688046992e-08
14,1234,202,46,5.834442906473875e-08,7.732235569337073e-08,6.921878077082485e-08
14,1234,202,47,5.023601051939928e-08,6.569611154823047e-08,6.19254546327914e-08
14,1234,202,48,4.0268659824160876e-08,5.091553681539285e-08,4.778121264677087e-08
14,1234,202,49,3.884381333601487e-08,3.362209001852636e-08,4.3360538585646996e-08
14,1234,202,50,2.991067522581415e-08,3.1639595502921945e-08,3.484151179207351e-08
14,1234,202,51,2.8846912034388547e-08,3.0798974059026075e-08,3.027799339838603e-08
14,1234,202,52,1.8298981423892925e-08,2.5355649159976667e-08,2.30863340909341e-08
14,1234,202,53,1.7145231229425587e-08,1.9558025265493944e-08,2.233548621198698e-08
14,1234,202,54,1.5525850761488994e-08,1.70180922443376e-08,1.7120748354289504e-08
14,1234,202,55,1.3845252168250304e-08,1.4464998574036335e-08,1.5391007656506002e-08
14,1234,202,56,1.0484863654708657e-08,1.415117804493872e-08,1.1253175028054503e-08
14,1234,202,57,1.0138633947425318e-08,1.3934951482058545e-08,1.086527069039504e-08
14,1234,202,58,8.57858035267071e-09,1.1138502855184734e-08,8.77902981500999e-09
14,1234,202,59,7.740979938208577e-09,8.936984233852941e-09,8.132396466690544e-09
14,1234,202,60,5.442187323780513e-09,6.177229371992667e-09,6.546638471835645e-09
14,1234,202,61,4.723428639851915e-09,6.0233150040947904e-09,5.591836318587715e-09
14,1234,202,62,4.3920340407911395e-09,5.628446271562081e-09,4.904657262835532e-09
14,1234,202,63,3.717237091502125e-09,4.97346245311326e-09,4.597655355752678e-09
14,1234,202,64,3.632281080295094e-09,4.354076613085107e-09,4.100890169567526e-09
14,1234,202,65,2.663569384024056e-09,4.220794752742289e-09,3.6629544133949722e-09
14,1234,202,66,2.5460370601358555e-09,3.319395682679864e-09,3.613094974213227e-09
14,1234,202,67,2.384380935989681e-09,2.8317371294845017e-09,2.450199132796998e-09
14,1234,202,68,2.3433782678655297e-09,2.1906063481899876e-09,2.0439290776697615e-09
14,1234,202,69,1.848593313197455e-09,2.176094155791252e-09,1.5291389441404077e-09
14,1234,202,70,1.4894366483922888e-09,1.8382398229763936e-09,1.3382776743591506e-09
14,1234,202,71,1.3312095222376405e-09,1.2084843080332126e-09,1.276476764186328e-09
14,1234,202,72,1.0055481751685508e-09,1.121268873539891e-09,9.796243518115019e-10
14,1234,202,73,6.943179234987564e-10,1.0944061629398717e-09,9.013492204799199e-10
14,1234,202,74,6.870836199028469e-10,1.0668754338741555e-09,6.835991823494059e-10
14,1234,202,75,5.964976546685337e-10,7.033168941053709e-10,6.291588388541636e-10
14,1234,202,76,3.957907272771849e-10,6.56046780175663e-10,5.433347057496701e-10
14,1234,202,77,3.759179111263124e-10,6.12174138718363e-10,4.579649284760474e-10
14,1234,202,78,2.9205260786476667e-10,4.688072381072969e-10,4.271599803979434e-10
14,1234,202,79,2.308644738651301e-10,4.106938119662675e-10,3.422132857031781e-10
14,1234,202,80,2.020604058897103e-10,3.5736307204467645e-10,3.097958732671275e-10
14,1234,202,81,1.7296407274016492e-10,2.7111365137690053e-10,2.783160725267271e-10
14,1234,202,82,1.5921692826092306e-10,2.0837466389782402e-10,2.1755333761234428e-10
14,1234,202,83,1.4983527802472101e-10,1.8211073417058393e-10,2.0580149178145639e-10
14,1234,202,84,1.1613074763867601e-10,1.7946946442854907e-10,1.776481812751666e-10
14,1234,202,85,1.0344000959867053e-10,1.3822107466000315e-10,1.2251850244593437e-10
14,1234,202,86,6.439592217380566e-11,9.485009293155716e-11,1.0039117308986781e-10
14,1234,202,87,5.925605462472842e-11,8.913466336836506e-11,8.641282577708414e-11
14,1234,202,88,5.284569730130219e-11,7.760960192515621e-11,6.837815433092785e-11
14,1234,202,89,3.924303676386185e-11,7.226204000605875e-11,5.266006617330022e-11
14,1234,202,90,3.5707081235866087e-11,5.85894668225127e-11,4.520227992425453e-11
14,1234,202,91,2.267279019523126e-11,4.297584449171496e-11,3.906613528541588e-11
14,1234,202,92,2.1695347506793094e-11,3.677783656471542e-11,3.5916441877568615e-11
14,1234,202,93,1.4571954602981054e-11,3.516753645249702e-11,3.0604788077507425e-11
14,1234,202,94,1.1247880842899305e-11,2.576584713192064e-11,2.315156792404383e-11
14,1234,202,95,1.0132350563306756e-11,2.2802722037361515e-11,1.9552772036681477e-11
14,1234,202,96,1.003905598968006e-11,2.1833210077787498e-11,1.3895421870467785e-11
14,1234,202,97,8.462218575340665e-12,1.5126818440275804e-11,1.1245178667955597e-11
14,1234,202,98,6.316417246176733e-12,1.4769568032900386e-11,1.0618847118053202e-11
14,1234,202,99,4.671370752798759e-12,9.833069123591526e-12,8.474598626311809e-12
14,1234,202,100,4.6133050247783574e-12,8.760831098067878e-12,7.412334875529786e-12
14,1234,202,101,3.114063922501827e-12,6.8369039976550855e-12,6.819369164219272e-12
14,1234,202,102,2.3080498893345173e-12,5.336151977298563e-12,5.2150470248577035e-12
14,1234,202,103,2.2632549255290984e-12,4.898273473060945e-12,4.438092457786727e-12
14,1234,202,104,1.3611451103074866e-12,3.988126955303722e-12,3.611210850722742e-12
14,1234,202,105,1.2378493281384836e-12,2.9058632988874164e-12,2.591672871022739e-12
14,1234,202,106,9.35839219303674e-13,2.5198146916696497e-12,1.7010448703994936e-12
14,1234,202,107,7.715004574967e-13,1.9185986042569573e-12,1.2128765821558684e-12
14,1234,202,108,4.804757295525052e-13,1.8360561834032442e-12,1.0545775409064688e-12
14,1234,202,109,4.4849685771990087e-13,1.33572915821494e-12,7.362583202114724e-13
14,1234,202,110,4.2808419528393614e-13,1.237196530277865e-12,5.605265225903519e-13
14,1234,202,111,2.4402501616081384e-13,7.235082761968114e-13,4.834418775296241e-13
14,1234,202,112,2.359040805794677e-13,4.226928700804658e-13,4.1884211846019166e-13
14,1234,202,113,1.2709485887861923e-13,3.338672872855258e-13,3.479090329571624e-13
14,1234,202,114,1.0824830991787921e-13,2.1016629481489788e-13,2.1193070780696635e-13
14,1234,202,115,8.168622192806256e-14,1.9233220268693017e-13,1.360904274208273e-13
14,1234,202,116,6.348045634053965e-14,1.458099024371755e-13,9.519202113737975e-14
14,1234,202,117,3.916579789150796e-14,8.543804188635387e-14,8.579984306019221e-14
14,1234,202,118,3.903807610611877e-14,7.055138805316111e-14,5.429936614576098e-14
14,1234,202,119,1.9233114409001122e-14,5.880945321252911e-14,4.149409190672618e-14
14,1234,202,120,1.159791527509228e-14,2.7014799022152297e-14,2.5757009958579685e-14
14,1234,202,121,1.0476264232810458e-14,1.626445731776971e-14,1.1908236380255549e-14
14,1234,202,122,5.200610287729409e-15,5.238403806988041e-15,1.039349826245534e-14
14,1234,202,123,3.8865845493546425e-15,4.6850203828049106e-15,5.226424037650001e-15
14,1234,202,124,3.848999337056727e-15,3.0646780479692526e-15,1.2603065062744442e-15
14,1234,202,125,9.99999999999997e-16,1.140909889166163e-15,1.1829803092716578e-15
14,1234,202,126,9.99999999999997e-16,9.999999999999983e-16,9.999999999999973e-16
14,1234,202,127,9.99999999999997e-16,9.999999999999983e-16,9.999999999999973e-16
14,1234,202,128,9.99999999999997e-16,9.999999999999983e-16,9.999999999999973e-16
14,1234,303,1,0.8852192628171294,0.8862885251337973,0.8850581776485493
14,1234,303,2,0.05766439708068455,0.057241177923772237,0.05797373104306692
14,1234,303,3,0.024921359468167086,0.024793751274100256,0.025028391447447076
14,1234,303,4,0.01434430659805173,0.014681978792872268,0.014349284228538383
14,1234,303,5,0.010673765852765991,0.010431720419509256,0.010696976504914133
14,1234,303,6,0.0024543177589401435,0.002252056452562811,0.0024428323627997224
14,1234,303,7,0.0019002418722319835,0.0019458070655354134,0.0018165574508034413
14,1234,303,8,0.0006326595407028298,0.0006207330378340195,0.0005902662175254731
14,1234,303,9,0.0005623560009197172,0.00039129135008430935,0.000542384483598614
14,1234,303,10,0.00044387266345866945,0.0003353210834121702,0.00041882611315905745
14,1234,303,11,0.0003484842859204932,0.0002877291372077011,0.00033078347592702237
14,1234,303,12,0.00022760326944712406,0.00019846947993202983,0.00020989319379812057
14,1234,303,13,0.0002009827546147135,0.00014431598385338,0.00017395807734547436
14,1234,303,14,0.00013170350652269442,9.67357611416201e-05,0.0001151460229665294
14,1234,303,15,8.613424154779942e-05,7.594050123478985e-05,8.070482916313269e-05
14,1234,303,16,4.95409930688075e-05,5.0754173172413925e-05,4.9899344216462975e-05
14,1234,303,17,3.241189371486009e-05,3.581982917452991e-05,2.6797517016617816e-05
14,1234,303,18,2.3325193407033723e-05,3.444253911043973e-05,1.9936245884304918e-05
14,1234,303,19,1.8830859475406187e-05,2.2810741711947005e-05,1.7009984340011217e-05
14,1234,303,20,1.259247984398592e-05,1.7364743941892012e-05,1.1518798404986444e-05
14,1234,303,21,9.955288244384386e-06,9.889882187872813e-06,7.642071074132061e-06
14,1234,303,22,8.833232309873386e-06,8.046206267502111e-06,6.206480660721947e-06
14,1234,303,23,7.299252693669101e-06,7.221395901132779e-06,6.090456489056241e-06
14,1234,303,24,4.239115933718086e-06,4.671787204631482e-06,4.1792657252344215e-06
14,1234,303,25,3.3871861819741265e-06,3.875901376121324e-06,3.869966684450983e-06
14,1234,303,26,2.895442068347867e-06,3.06591425787877e-06,2.8551547884224807e-06
14,1234,303,27,2.5447986303572955e-06,2.6370627938000283e-06,2.5473299091897516e-06
14,1234,303,28,2.160044877476187e-06,2.3432697289953577e-06,2.267286107794493e-06
14,1234,303,29,1.7563213104791882e-06,1.8624310399433645e-06,2.073634974401205e-06
14,1234,303,30,1.3386670781199958e-06,1.3875566861490798e-06,1.592727105876843e-06
14,1234,303,31,1.284303522281403e-06,1.199899750915187e-06,1.1292723390870018e-06
14,1234,303,32,1.2396553446061207e-06,1.028836868359263e-06,1.029648893628414e-06
14,1234,303,33,9.98982912337945e-07,1.0107433546053906e-06,9.783513369879052e-07
14,1234,303,34,9.327500267990373e-07,9.426791784919044e-07,7.896233605882026e-07
14,1234,303,35,6.562854296156728e-07,7.914980465727569e-07,7.406643256818314e-07
14,1234,303,36,4.305854263554984e-07,5.752006506277232e-07,5.675055564085549e-07
14,1234,303,37,3.418677947235155e-07,4.512646128541729e-07,3.5741680928205255e-07
14,1234,303,38,2.6780220582678924e-07,3.5997598930439975e-07,3.3833372010048747e-07
14,1234,303,39,2.346226061008126e-07,3.209601575912382e-07,2.563865585058757e-07
14,1234,303,40,1.6938590708424562e-07,2.849686773986559e-07,2.2553606223969513e-07
14,1234,303,41,1.2408782661863504e-07,2.3603872812247075e-07,1.8005799284760216e-07
14,1234,303,42,1.137817471875773e-07,1.4253013723118233e-07,1.51383876441848e-07
14,1234,303,43,1.0206596773957382e-07,1.4110009054847466e-07,1.2899479490917353e-07
14,1234,303,44,9.116039834706804e-08,1.206251944670064e-07,1.0448160817299535e-07
14,1234,303,45,6.389835760146172e-08,9.448884208089397e-08,9.025200301158699e-08
14,1234,303,46,5.834442906473875e-08,8.1339024980236e-08,8.892682775967878e-08
14,1234,303,47,5.023601051939928e-08,6.177725741177721e-08,7.324454944491321e-08
14,1234,303,48,4.0268659824160876e-08,4.904287374958676e-08,5.5757885963803144e-08
14,1234,303,49,3.884381333601487e-08,4.8207131758906046e-08,4.982264205810496e-08
14,1234,303,50,2.991067522581415e-08,4.511592317980529e-08,3.6332655048452645e-08
14,1234,303,51,2.8846912034388547e-08,4.3098294998345736e-08,3.441193468111296e-08
14,1234,303,52,1.8298981423892925e-08,3.3509143047060874e-08,2.728475139138199e-08
14,1234,303,53,1.7145231229425587e-08,2.875601806210737e-08,2.638493463626841e-08
14,1234,303,54,1.5525850761488994e-08,2.2905755193513926e-08,2.0004711557554375e-08
14,1234,303,55,1.3845252168250304e-08,1.7786363121658268e-08,1.4803511831691658e-08
14,1234,303,56,1.0484863654708657e-08,1.3837432175425733e-08,1.4407503534374392e-08
14,1234,303,57,1.0138633947425318e-08,1.254705785659412e-08,1.2835739037617768e-08
14,1234,303,58,8.57858035267071e-09,1.1998285759739905e-08,1.0499875328377688e-08
14,1234,303,59,7.740979938208577e-09,1.1493272409060639e-08,9.425689913165802e-09
14,1234,303,60,5.442187323780513e-09,9.526567522355867e-09,8.449741551395352e-09
14,1234,303,61,4.723428639851915e-09,8.680051237714664e-09,8.148481994732753e-09
14,1234,303,62,4.3920340407911395e-09,7.168714086795534e-09,6.628024342981641e-09
14,1234,303,63,3.717237091502125e-09,5.796627374510423e-09,5.2748169210088064e-09
14,1234,303,64,3.632281080295094e-09,5.455282369724459e-09,4.614777433658129e-09
14,1234,303,65,2.663569384024056e-09,4.462486021020967e-09,3.972313515027201e-09
14,1234,303,66,2.5460370601358555e-09,4.118522739807517e-09,3.4020954555934597e-09
14,1234,303,67,2.384380935989681e-09,3.6912720848180375e-09,3.2116648476856565e-09
14,1234,303,68,2.3433782678655297e-09,3.366171488110577e-09,2.1181169027646175e-09
14,1234,303,69,1.848593313197455e-09,3.280099950846145e-09,2.102759050291795e-09
14,1234,303,70,1.4894366483922888e-09,2.8324709708516228e-09,1.7020231879758734e-09
14,1234,303,71,1.3312095222376405e-09,1.879057767305834e-09,1.3318403659955744e-09
14,1234,303,72,1.0055481751685508e-09,1.5318828034364263e-09,1.0962300940762892e-09
14,1234,303,73,6.943179234987564e-10,1.2734652954047258e-09,9.40258846276372e-10
14,1234,303,74,6.870836199028469e-10,1.0177145896045024e-09,8.232631056536966e-10
14,1234,303,75,5.964976546685337e-10,9.629952914686701e-10,7.736691257351354e-10
14,1234,303,76,3.957907272771849e-10,8.691656391066858e-10,6.644282227622946e-10
14,1234,303,77,3.759179111263124e-10,7.833068386663219e-10,5.173532770168367e-10
14,1234,303,78,2.9205260786476667e-10,6.480640682498259e-10,4.327958374619945e-10
14,1234,303,79,2.308644738651301e-10,5.551549571325848e-10,3.7810043229505425e-10
14,1234,303,80,2.020604058897103e-10,5.277304135813968e-10,3.107976550242322e-10
14,1234,303,81,1.7296407274016492e-10,4.130787093914776e-10,2.737397392429865e-10
14,1234,303,82,1.5921692826092306e-10,3.889821010806087e-10,2.2255384438033932e-10
14,1234,303,83,1.4983527802472101e-10,2.8734599198204905e-10,2.067950301998124e-10
14,1234,303,84,1.1613074763867601e-10,2.294196813165795e-10,1.452621787768206e-10
14,1234,303,85,1.0344000959867053e-10,2.1165366626567686e-10,1.339161909417057e-10
14,1234,303,86,6.439592217380566e-11,2.0187432453292756e-10,1.1563058294607359e-10
14,1234,303,87,5.925605462472842e-11,1.4081489836860174e-10,1.0302669908024062e-10
14,1234,303,88,5.284569730130219e-11,1.1362142778063067e-10,7.150964818005933e-11
14,1234,303,89,3.924303676386185e-11,9.284878980122611e-11,6.917356675436424e-11
14,1234,303,90,3.5707081235866087e-11,8.901232562960944e-11,6.422679897407726e-11
14,1234,303,91,2.267279019523126e-11,6.460879695300244e-11,4.853098374256589e-11
14,1234,303,92,2.1695347506793094e-11,5.402528312573344e-11,4.1608337246715777e-11
14,1234,303,93,1.4571954602981054e-11,3.896173333148712e-11,3.227382702473573e-11
14,1234,303,94,1.1247880842899305e-11,3.783651813608982e-11,3.117917602316751e-11
14,1234,303,95,1.0132350563306756e-11,2.933444713317934e-11,2.2846267362276e-11
14,1234,303,96,1.003905598968006e-11,2.678406650193553e-11,2.026210350946368e-11
14,1234,303,97,8.462218575340665e-12,1.791241032042558e-11,1.6052544407889485e-11
14,1234,303,98,6.316417246176733e-12,1.5890315053552397e-11,1.573925708354278e-11
14,1234,303,99,4.671370752798759e-12,1.3802826502359387e-11,1.0371023083818287e-11
14,1234,303,100,4.6133050247783574e-12,8.565666003179714e-12,9.842305014562836e-12
14,1234,303,101,3.114063922501827e-12,7.745127770323948e-12,8.11091148888306e-12
14,1234,303,102,2.3080498893345173e-12,6.244386168900724e-12,6.612490951464315e-12
14,1234,303,103,2.2632549255290984e-12,5.7349794702219345e-12,4.552592966092092e-12
14,1234,303,104,1.3611451103074866e-12,5.0385286046916084e-12,3.640277434727924e-12
14,1234,303,105,1.2378493281384836e-12,4.248187681014055e-12,2.9099785179579393e-12
14,1234,303,106,9.35839219303674e-13,2.621944004483741e-12,2.461986190874835e-12
14,1234,303,107,7.715004574967e-13,2.1216055252858936e-12,2.29249875866571e-12
14,1234,303,108,4.804757295525052e-13,1.9854589492696986e-12,1.3482295635476317e-12
14,1234,303,109,4.4849685771990087e-13,1.7141705831969748e-12,1.2254434765575006e-12
14,1234,303,110,4.2808419528393614e-13,9.453902318713417e-13,9.229147402050422e-13
14,1234,303,111,2.4402501616081384e-13,7.051510179390418e-13,5.134932352561956e-13
14,1234,303,112,2.359040805794677e-13,5.308909290779955e-13,4.237267737037413e-13
14,1234,303,113,1.2709485887861923e-13,4.0038436264269815e-13,3.794542717553014e-13
14,1234,303,114,1.0824830991787921e-13,3.6159095371149884e-13,3.3413316965692435e-13
14,1234,303,115,8.168622192806256e-14,3.164768465397872e-13,2.2148128619440584e-13
14,1234,303,116,6.348045634053965e-14,1.9429682608061353e-13,1.4309044647208868e-13
14,1234,303,117,3.916579789150796e-14,1.1946001694330778e-13,1.364660790686176e-13
14,1234,303,118,3.903807610611877e-14,8.810219592748072e-14,1.257102257105467e-13
14,1234,303,119,1.9233114409001122e-14,7.855306846638998e-14,4.5013955511889244e-14
14,1234,303,120,1.159791527509228e-14,3.304488967154622e-14,3.4128585468279506e-14
14,1234,303,121,1.0476264232810458e-14,2.6215565004344223e-14,1.662312381629292e-14
14,1234,303,122,5.200610287729409e-15,2.0888139708480735e-14,7.430181016994989e-15
14,1234,303,123,3.8865845493546425e-15,1.2481390914753238e-14,6.577374676975634e-15
14,1234,303,124,3.848999337056727e-15,7.870078592385417e-15,4.182522199207063e-15
14,1234,303,125,9.99999999999997e-16,4.238389138806214e-15,1.6718239293631809e-15
14,1234,303,126,9.99999999999997e-16,3.4778434952040396e-15,9.999999999999971e-16
14,1234,303,127,9.99999999999997e-16,9.999999999999989e-16,9.999999999999971e-16
14,1234,303,128,9.99999999999997e-16,9.999999999999989e-16,9.999999999999971e-16
14,1234,404,1,0.8852192628171294,0.8865899507306618,0.8852049597285826
14,1234,404,2,0.05766439708068455,0.05529626314631802,0.05792689832673551
14,1234,404,3,0.024921359468167086,0.027452032778699346,0.02509808008637587
14,1234,404,4,0.01434430659805173,0.013872389512412703,0.01447419547986325
14,1234,404,5,0.010673765852765991,0.010685733011777894,0.01067533713645946
14,1234,404,6,0.0024543177589401435,0.0022114271988049163,0.002450417484128495
14,1234,404,7,0.0019002418722319835,0.0013687961255052037,0.0017329742020651719
14,1234,404,8,0.0006326595407028298,0.0007083898864706214,0.0005865576477372429
14,1234,404,9,0.0005623560009197172,0.0004268580327388229,0.0005205216285097464
14,1234,404,10,0.00044387266345866945,0.00037390360051235846,0.0003780044863669954
14,1234,404,11,0.0003484842859204932,0.0002814552640831862,0.00025712445422539494
14,1234,404,12,0.00022760326944712406,0.00018777122860654208,0.00019359331291993697
14,1234,404,13,0.0002009827546147135,0.0001777600531582002,0.00015933774389078218
14,1234,404,14,0.00013170350652269442,0.0001362586174527228,9.449341908563237e-05
14,1234,404,15,8.613424154779942e-05,6.998514968250012e-05,7.379283834877739e-05
14,1234,404,16,4.95409930688075e-05,4.85277209433285e-05,4.403572444512076e-05
14,1234,404,17,3.241189371486009e-05,2.669469439744333e-05,3.117105853552852e-05
14,1234,404,18,2.3325193407033723e-05,1.954728685288308e-05,1.9853202808858328e-05
14,1234,404,19,1.8830859475406187e-05,1.3079833411522294e-05,1.8019178082815094e-05
14,1234,404,20,1.259247984398592e-05,8.718902662459448e-06,1.3091736518614134e-05
14,1234,404,21,9.955288244384386e-06,8.615278596215616e-06,8.44660395959951e-06
14,1234,404,22,8.833232309873386e-06,6.574727216065794e-06,6.963483679127976e-06
14,1234,404,23,7.299252693669101e-06,6.467280711382747e-06,5.86500213972068e-06
14,1234,404,24,4.239115933718086e-06,3.625126085144793e-06,5.277931040972195e-06
14,1234,404,25,3.3871861819741265e-06,2.8934914008766787e-06,3.744334787353193e-06
14,1234,404,26,2.895442068347867e-06,2.449461745220955e-06,3.4334683276793156e-06
14,1234,404,27,2.5447986303572955e-06,2.029633488222753e-06,2.656840418884417e-06
14,1234,404,28,2.160044877476187e-06,1.717469730317129e-06,1.726045748282916e-06
14,1234,404,29,1.7563213104791882e-06,1.6525131686848911e-06,1.5282204281950442e-06
14,1234,404,30,1.3386670781199958e-06,1.4321707689754807e-06,1.2003108600329222e-06
14,1234,404,31,1.284303522281403e-06,1.175542933327585e-06,1.0956384618056152e-06
14,1234,404,32,1.2396553446061207e-06,1.038423680374653e-06,9.793155316937795e-07
14,1234,404,33,9.98982912337945e-07,7.366393845611752e-07,7.806073495716895e-07
14,1234,404,34,9.327500267990373e-07,7.013522143007138e-07,6.652521520319618e-07
14,1234,404,35,6.562854296156728e-07,5.943052399896075e-07,5.069101590239064e-07
14,1234,404,36,4.305854263554984e-07,5.220213420546724e-07,4.7537092878719534e-07
14,1234,404,37,3.418677947235155e-07,4.0528994236335225e-07,3.3827777596113534e-07
14,1234,404,38,2.6780220582678924e-07,3.4736741979243927e-07,3.268740401362181e-07
14,1234,404,39,2.346226061008126e-07,2.5185933182579713e-07,2.839677222193829e-07
14,1234,404,40,1.6938590708424562e-07,1.9118580734326978e-07,2.296241170402769e-07
14,1234,404,41,1.2408782661863504e-07,1.7971317370121727e-07,1.56034793407127e-07
14,1234,404,42,1.137817471875773e-07,1.3815725408114896e-07,1.2488868724224444e-07
14,1234,404,43,1.0206596773957382e-07,1.0504665639860736e-07,1.2006581497492052e-07
14,1234,404,44,9.116039834706804e-08,1.0352734521148976e-07,9.023797127975491e-08
14,1234,404,45,6.389835760146172e-08,7.52096159452945e-08,7.391800622885533e-08
14,1234,404,46,5.834442906473875e-08,6.849847740420793e-08,6.969368527195455e-08
14,1234,404,47,5.023601051939928e-08,6.59720090234176e-08,6.10814175071527e-08
14,1234,404,48,4.0268659824160876e-08,5.864388881130567e-08,5.188052281295899e-08
14,1234,404,49,3.884381333601487e-08,3.328157109555066e-08,4.4420018521220284e-08
14,1234,404,50,2.991067522581415e-08,2.6971867427816293e-08,3.4120238564249397e-08
14,1234,404,51,2.8846912034388547e-08,2.36861138910382e-08,3.15208310642962e-08
14,1234,404,52,1.8298981423892925e-08,2.023176059871309e-08,2.404456114336152e-08
14,1234,404,53,1.7145231229425587e-08,1.9562612765811153e-08,2.2902703984055288e-08
14,1234,404,54,1.5525850761488994e-08,1.7868541684037417e-08,1.9871632828009377e-08
14,1234,404,55,1.3845252168250304e-08,1.6470557446618626e-08,1.7268530795190352e-08
14,1234,404,56,1.0484863654708657e-08,1.2266718776566383e-08,9.937796527788015e-09
14,1234,404,57,1.0138633947425318e-08,1.0495839239765074e-08,8.302070668154268e-09
14,1234,404,58,8.57858035267071e-09,8.570940797099698e-09,7.962429195282513e-09
14,1234,404,59,7.740979938208577e-09,7.66075612329937e-09,6.2749519350118425e-09
14,1234,404,60,5.442187323780513e-09,6.735762246076039e-09,6.127534723860506e-09
14,1234,404,61,4.723428639851915e-09,4.486941158360987e-09,5.111159201783359e-09
14,1234,404,62,4.3920340407911395e-09,4.161167418085592e-09,4.962574190795451e-09
14,1234,404,63,3.717237091502125e-09,3.986604187610193e-09,3.903713868640255e-09
14,1234,404,64,3.632281080295094e-09,2.8839383990598536e-09,3.364190707216107e-09
14,1234,404,65,2.663569384024056e-09,2.828769610763777e-09,2.8625232676934334e-09
14,1234,404,66,2.5460370601358555e-09,2.7425339950880953e-09,2.2324764604186933e-09
14,1234,404,67,2.384380935989681e-09,2.6732429159375534e-09,2.1819344744678486e-09
14,1234,404,68,2.3433782678655297e-09,2.22639769560838e-09,1.7535374138929628e-09
14,1234,404,69,1.848593313197455e-09,1.6729703960407087e-09,1.6056579228781107e-09
14,1234,404,70,1.4894366483922888e-09,1.6519489231596077e-09,1.4472142295160456e-09
14,1234,404,71,1.3312095222376405e-09,1.2749947227326152e-09,1.1316301989349663e-09
14,1234,404,72,1.0055481751685508e-09,1.0794528077500252e-09,9.313350977280402e-10
14,1234,404,73,6.943179234987564e-10,8.441658890711681e-10,8.545454210668632e-10
14,1234,404,74,6.870836199028469e-10,6.945411195256698e-10,6.596002608060491e-10
14,1234,404,75,5.964976546685337e-10,6.613289506235824e-10,5.871680220572443e-10
14,1234,404,76,3.957907272771849e-10,5.380875582185269e-10,4.212633996804354e-10
14,1234,404,77,3.759179111263124e-10,4.3546732111429774e-10,3.8647792676286747e-10
14,1234,404,78,2.9205260786476667e-10,4.076889678238751e-10,3.252682402515566e-10
14,1234,404,79,2.308644738651301e-10,3.1808659899002926e-10,2.686673362223111e-10
14,1234,404,80,2.020604058897103e-10,2.8692686821818247e-10,2.3197944258623095e-10
14,1234,404,81,1.7296407274016492e-10,2.4917130753842695e-10,2.1801338371357485e-10
14,1234,404,82,1.5921692826092306e-10,2.3193823166459097e-10,1.7463424120873146e-10
14,1234,404,83,1.4983527802472101e-10,1.7783210692272673e-10,1.5402194771205563e-10
14,1234,404,84,1.1613074763867601e-10,1.583424423271673e-10,1.168892915251626e-10
14,1234,404,85,1.0344000959867053e-10,1.397413100711271e-10,9.075830185109712e-11
14,1234,404,86,6.439592217380566e-11,1.2958867449996294e-10,7.598954263773019e-11
14,1234,404,87,5.925605462472842e-11,1.0259250346474248e-10,7.495321624930652e-11
14,1234,404,88,5.284569730130219e-11,9.571892506517447e-11,5.971105498689358e-11
14,1234,404,89,3.924303676386185e-11,6.168538042674512e-11,4.841693887386942e-11
14,1234,404,90,3.5707081235866087e-11,5.283379726849582e-11,4.4235829091975185e-11
14,1234,404,91,2.267279019523126e-11,4.4377483044935004e-11,4.1892239707335425e-11
14,1234,404,92,2.1695347506793094e-11,3.920624060567313e-11,2.66827361708263e-11
14,1234,404,93,1.4571954602981054e-11,2.841945198860498e-11,2.522674310102186e-11
14,1234,404,94,1.1247880842899305e-11,2.384492538964971e-11,2.3735669625015226e-11
14,1234,404,95,1.0132350563306756e-11,2.221178016415962e-11,1.6557087751853375e-11
14,1234,404,96,1.003905598968006e-11,2.0643146702034538e-11,1.6001502827113534e-11
14,1234,404,97,8.462218575340665e-12,1.8822532294923354e-11,1.1543862322832592e-11
14,1234,404,98,6.316417246176733e-12,1.1628659692650577e-11,1.1242149418030744e-11
14,1234,404,99,4.671370752798759e-12,1.0225142747477352e-11,8.477225601108474e-12
14,1234,404,100,4.6133050247783574e-12,7.627208425904115e-12,5.879023346879751e-12
14,1234,404,101,3.114063922501827e-12,7.051543396776876e-12,5.4017159407887855e-12
14,1234,404,102,2.3080498893345173e-12,5.127624445240747e-12,3.8834258176669645e-12
14,1234,404,103,2.2632549255290984e-12,4.164608219646184e-12,3.6286924897276012e-12
14,1234,404,104,1.3611451103074866e-12,3.0774331541859636e-12,2.3777451934038377e-12
14,1234,404,105,1.2378493281384836e-12,2.369706867568476e-12,1.773579990818044e-12
14,1234,404,106,9.35839219303674e-13,2.190334092367569e-12,1.1673625874680631e-12
14,1234,404,107,7.715004574967e-13,1.9009822257797622e-12,9.866568897226979e-13
14,1234,404,108,4.804757295525052e-13,1.6847417941621534e-12,8.266943154832835e-13
14,1234,404,109,4.4849685771990087e-13,8.960606118100742e-13,5.776531697006169e-13
14,1234,404,110,4.2808419528393614e-13,7.72172150300557e-13,5.554984341014818e-13
14,1234,404,111,2.4402501616081384e-13,4.5394246617780696e-13,3.7751304742525506e-13
14,1234,404,112,2.359040805794677e-13,4.3516958520485725e-13,3.1479612504434435e-13
14,1234,404,113,1.2709485887861923e-13,3.793734997577034e-13,2.6228264576097127e-13
14,1234,404,114,1.0824830991787921e-13,3.246969168281132e-13,2.03643149264873e-13
14,1234,404,115,8.168622192806256e-14,2.541908373441561e-13,1.3719264473748912e-13
14,1234,404,116,6.348045634053965e-14,1.3430031109590218e-13,7.148011527455842e-14
14,1234,404,117,3.916579789150796e-14,1.0328874017588903e-13,6.055772123567931e-14
14,1234,404,118,3.903807610611877e-14,5.287678995316873e-14,3.2627444616062806e-14
14,1234,404,119,1.9233114409001122e-14,4.2900244580957926e-14,2.0339040905316346e-14
14,1234,404,120,1.159791527509228e-14,1.6675530703285825e-14,1.671523439214602e-14
14,1234,404,121,1.0476264232810458e-14,1.6636457118704084e-14,1.254220616086195e-14
14,1234,404,122,5.200610287729409e-15,8.887065566400775e-15,8.972638288937958e-15
14,1234,404,123,3.8865845493546425e-15,6.0273400360914985e-15,3.5002672784536205e-15
14,1234,404,124,3.848999337056727e-15,2.388474127445799e-15,2.885023489844822e-15
14,1234,404,125,9.99999999999997e-16,1.5026121417558399e-15,1.2814447533069303e-15
14,1234,404,126,9.99999999999997e-16,9.99999999999998e-16,9.999999999999971e-16
14,1234,404,127,9.99999999999997e-16,9.99999999999998e-16,9.999999999999971e-16
14,1234,404,128,9.99999999999997e-16,9.99999999999998e-16,9.999999999999971e-16
14,1234,505,1,0.8852192628171294,0.887485294816338,0.8975799093556619
14,1234,505,2,0.05766439708068455,0.05498326958591039,0.04848496428170084
14,1234,505,3,0.024921359468167086,0.026749081145008933,0.024291607258875296
14,1234,505,4,0.01434430659805173,0.013910623706921437,0.014504431418077477
14,1234,505,5,0.010673765852765991,0.010398241297716975,0.00982778103445802
14,1234,505,6,0.0024543177589401435,0.002369265760587402,0.0019834101164971133
14,1234,505,7,0.0019002418722319835,0.0015634045210804603,0.0010089322350936194
14,1234,505,8,0.0006326595407028298,0.0007022627814782178,0.0006584680368396345
14,1234,505,9,0.0005623560009197172,0.00046115165409426874,0.00047451038067539185
14,1234,505,10,0.00044387266345866945,0.0003281903945631062,0.0003505897553852638
14,1234,505,11,0.0003484842859204932,0.00026629759316668816,0.00024876773742648576
14,1234,505,12,0.00022760326944712406,0.00022860009632702405,0.00014275049880023985
14,1234,505,13,0.0002009827546147135,0.00017067841607269922,0.00013186398451451716
14,1234,505,14,0.00013170350652269442,0.00014737256299823695,9.698732307161065e-05
14,1234,505,15,8.613424154779942e-05,7.35649725589228e-05,6.0040335348962325e-05
14,1234,505,16,4.95409930688075e-05,3.695121838941824e-05,4.557864284999682e-05
14,1234,505,17,3.241189371486009e-05,2.8485974411785057e-05,2.820835096193985e-05
14,1234,505,18,2.3325193407033723e-05,1.582238668212278e-05,2.035835202297223e-05
14,1234,505,19,1.8830859475406187e-05,1.570787111186065e-05,1.4454259549226022e-05
14,1234,505,20,1.259247984398592e-05,1.2160877463688318e-05,1.0381594066543983e-05
14,1234,505,21,9.955288244384386e-06,8.531632654331897e-06,6.891569317741851e-06
14,1234,505,22,8.833232309873386e-06,8.263617908641563e-06,6.149013171370061e-06
14,1234,505,23,7.299252693669101e-06,6.268140550703812e-06,4.326345593503823e-06
14,1234,505,24,4.239115933718086e-06,5.4894297432447395e-06,3.241714468192127e-06
14,1234,505,25,3.3871861819741265e-06,4.852899549092933e-06,2.891299458486582e-06
14,1234,505,26,2.895442068347867e-06,3.531722164587275e-06,2.3502115522194247e-06
14,1234,505,27,2.5447986303572955e-06,2.8237557306851663e-06,1.5913779157011753e-06
14,1234,505,28,2.160044877476187e-06,2.056553558832142e-06,1.2191743285308497e-06
14,1234,505,29,1.7563213104791882e-06,1.9719334693178405e-06,1.1828055542190234e-06
14,1234,505,30,1.3386670781199958e-06,1.8846870505676027e-06,9.69373411927047e-07
14,1234,505,31,1.284303522281403e-06,1.506262444770961e-06,7.671333091115583e-07
14,1234,505,32,1.2396553446061207e-06,1.1758172517842325e-06,7.36479132813525e-07
14,1234,505,33,9.98982912337945e-07,1.1162106964164764e-06,6.724651690515811e-07
14,1234,505,34,9.327500267990373e-07,7.34781442056547e-07,4.786672954204228e-07
14,1234,505,35,6.562854296156728e-07,4.861006500245724e-07,4.1269364075501504e-07
14,1234,505,36,4.305854263554984e-07,4.44558858186738e-07,3.925870566062603e-07
14,1234,505,37,3.418677947235155e-07,3.2062385233409417e-07,2.7827104012582757e-07
14,1234,505,38,2.6780220582678924e-07,3.1985024781983545e-07,2.517816726532261e-07
14,1234,505,39,2.346226061008126e-07,3.043615582529074e-07,2.0889693907832412e-07
14,1234,505,40,1.6938590708424562e-07,2.3844175711850995e-07,1.8869840221408624e-07
14,1234,505,41,1.2408782661863504e-07,1.9730540361417537e-07,1.390739513403623e-07
14,1234,505,42,1.137817471875773e-07,1.8752791651703748e-07,1.133312977594499e-07
14,1234,505,43,1.0206596773957382e-07,1.5921463347850784e-07,9.953464569379559e-08
14,1234,505,44,9.116039834706804e-08,1.0713527606228265e-07,6.737965357271321e-08
14,1234,505,45,6.389835760146172e-08,1.0337127258770951e-07,6.185007834545137e-08
14,1234,505,46,5.834442906473875e-08,9.560415244691296e-08,5.0313440563256234e-08
14,1234,505,47,5.023601051939928e-08,6.298670595075648e-08,4.1502889525643116e-08
14,1234,505,48,4.0268659824160876e-08,5.500945465041769e-08,3.7879374749649634e-08
14,1234,505,49,3.884381333601487e-08,4.303313005317568e-08,3.438381033224795e-08
14,1234,505,50,2.991067522581415e-08,3.336501010741782e-08,2.5960446129556864e-08
14,1234,505,51,2.8846912034388547e-08,2.814170934230397e-08,2.4429836772778795e-08
14,1234,505,52,1.8298981423892925e-08,2.5904213446191297e-08,2.044292752589608e-08
14,1234,505,53,1.7145231229425587e-08,1.9717258097170227e-08,1.4063707755525905e-08
14,1234,505,54,1.5525850761488994e-08,1.966202731127717e-08,1.3387496060698456e-08
14,1234,505,55,1.3845252168250304e-08,1.6626912302432666e-08,8.959069457263687e-09
14,1234,505,56,1.0484863654708657e-08,1.6188204977013056e-08,7.465242446635722e-09
14,1234,505,57,1.0138633947425318e-08,8.596767914894222e-09,7.111794145582545e-09
14,1234,505,58,8.57858035267071e-09,8.136810789114748e-09,4.9764496086575415e-09
14,1234,505,59,7.740979938208577e-09,7.391476040865825e-09,4.427330652919228e-09
14,1234,505,60,5.442187323780513e-09,6.8126586439699194e-09,3.6765239246579017e-09
14,1234,505,61,4.723428639851915e-09,6.297065627070213e-09,3.4014068566848378e-09
14,1234,505,62,4.3920340407911395e-09,4.979410981165795e-09,3.0850258328315396e-09
14,1234,505,63,3.717237091502125e-09,4.274657112639805e-09,2.8764519765228512e-09
14,1234,505,64,3.632281080295094e-09,4.262368645492344e-09,2.5110369723165553e-09
14,1234,505,65,2.663569384024056e-09,3.980187179941869e-09,1.9237857781498185e-09
14,1234,505,66,2.5460370601358555e-09,3.5644625079918136e-09,1.6990915144431482e-09
14,1234,505,67,2.384380935989681e-09,3.0390977092219588e-09,1.2879302978381012e-09
14,1234,505,68,2.3433782678655297e-09,2.7798861889087943e-09,1.1097956911377696e-09
14,1234,505,69,1.848593313197455e-09,2.458293058760121e-09,9.723834238316363e-10
14,1234,505,70,1.4894366483922888e-09,2.072035360538776e-09,7.708854243487859e-10
14,1234,505,71,1.3312095222376405e-09,1.6772484630364747e-09,6.879984750611085e-10
14,1234,505,72,1.0055481751685508e-09,1.4858397595616332e-09,6.082360804295759e-10
14,1234,505,73,6.943179234987564e-10,1.2127835299250988e-09,5.378559067931939e-10
14,1234,505,74,6.870836199028469e-10,1.1791914483901802e-09,4.14172352455625e-10
14,1234,505,75,5.964976546685337e-10,9.54800221165999e-10,4.033816717783593e-10
14,1234,505,76,3.957907272771849e-10,7.584696033160262e-10,3.6530079800063427e-10
14,1234,505,77,3.759179111263124e-10,6.973638793623614e-10,2.788832467341022e-10
14,1234,505,78,2.9205260786476667e-10,5.934785460613281e-10,2.3526220239191475e-10
14,1234,505,79,2.308644738651301e-10,5.532640106543306e-10,2.188999651487407e-10
14,1234,505,80,2.020604058897103e-10,4.850923137747886e-10,1.9483979921182497e-10
14,1234,505,81,1.7296407274016492e-10,3.754405522591369e-10,1.2878529207793796e-10
14,1234,505,82,1.5921692826092306e-10,2.4350901318007566e-10,9.971384405095131e-11
14,1234,505,83,1.4983527802472101e-10,2.0989911468540668e-10,9.558049146551785e-11
14,1234,505,84,1.1613074763867601e-10,1.6610937558315338e-10,7.05426520049599e-11
14,1234,505,85,1.0344000959867053e-10,1.51714260943821e-10,5.102784684999918e-11
14,1234,505,86,6.439592217380566e-11,1.2880206180940104e-10,4.8277218893466e-11
14,1234,505,87,5.925605462472842e-11,1.1590307973378854e-10,4.260536073023236e-11
14,1234,505,88,5.284569730130219e-11,8.923090982086197e-11,3.910349400376201e-11
14,1234,505,89,3.924303676386185e-11,8.361466041591507e-11,3.593427609579776e-11
14,1234,505,90,3.5707081235866087e-11,6.991752162627162e-11,2.6041810677837443e-11
14,1234,505,91,2.267279019523126e-11,5.814695780179412e-11,2.1905923965623577e-11
14,1234,505,92,2.1695347506793094e-11,5.448920244249649e-11,1.7587703392098447e-11
14,1234,505,93,1.4571954602981054e-11,3.8716794741855576e-11,1.5050175875900526e-11
14,1234,505,94,1.1247880842899305e-11,3.5738322614490135e-11,1.2877776549632549e-11
14,1234,505,95,1.0132350563306756e-11,2.59185981615925e-11,1.040992063111883e-11
14,1234,505,96,1.003905598968006e-11,1.9892406995300427e-11,7.41681622712999e-12
14,1234,505,97,8.462218575340665e-12,1.5664133242901573e-11,6.636501787993851e-12
14,1234,505,98,6.316417246176733e-12,1.2315833552085771e-11,5.659580399105481e-12
14,1234,505,99,4.671370752798759e-12,8.940135554876785e-12,4.0457643386863115e-12
14,1234,505,100,4.6133050247783574e-12,7.969467878203856e-12,3.5703233444581787e-12
14,1234,505,101,3.114063922501827e-12,7.668841124751476e-12,2.4696783498601474e-12
14,1234,505,102,2.3080498893345173e-12,5.005057971685254e-12,2.2691164158567477e-12
14,1234,505,103,2.2632549255290984e-12,4.950859340824431e-12,2.0636229355090733e-12
14,1234,505,104,1.3611451103074866e-12,3.935926088317947e-12,1.7788038429976298e-12
14,1234,505,105,1.2378493281384836e-12,3.1465052552246846e-12,1.2042200234298714e-12
14,1234,505,106,9.35839219303674e-13,3.084134742156053e-12,9.94750714322039e-13
14,1234,505,107,7.715004574967e-13,2.094545076734942e-12,8.971600333280846e-13
14,1234,505,108,4.804757295525052e-13,1.7902009301049544e-12,6.761816353610165e-13
14,1234,505,109,4.4849685771990087e-13,1.3602851483394564e-12,4.711172858198627e-13
14,1234,505,110,4.2808419528393614e-13,1.2515632542245675e-12,3.709876842454835e-13
14,1234,505,111,2.4402501616081384e-13,1.1109230386369036e-12,2.9169244959091404e-13
14,1234,505,112,2.359040805794677e-13,6.166734277315533e-13,2.177835908831357e-13
14,1234,505,113,1.2709485887861923e-13,5.185649634897292e-13,1.87894546082376e-13
14,1234,505,114,1.0824830991787921e-13,3.632381658826627e-13,1.5882016896811342e-13
14,1234,505,115,8.168622192806256e-14,3.023848088255458e-13,9.242218227390438e-14
14,1234,505,116,6.348045634053965e-14,2.8793831768990253e-13,6.996158095552853e-14
14,1234,505,117,3.916579789150796e-14,1.675557670097071e-13,5.237620322961857e-14
14,1234,505,118,3.903807610611877e-14,1.3689097076567362e-13,2.3306745371145588e-14
14,1234,505,119,1.9233114409001122e-14,8.77986687602237e-14,1.3186417855635048e-14
14,1234,505,120,1.159791527509228e-14,8.708306113185395e-14,1.0562898849570612e-14
14,1234,505,121,1.0476264232810458e-14,4.6811245456435325e-14,5.289389515310229e-15
14,1234,505,122,5.200610287729409e-15,2.0728407194979916e-14,4.1351786572677555e-15
14,1234,505,123,3.8865845493546425e-15,9.642549354250418e-15,1.7017088025061401e-15
14,1234,505,124,3.848999337056727e-15,7.639432158569403e-15,1.1455353854186232e-15
14,1234,505,125,9.99999999999997e-16,1.8125543168935993e-15,9.999999999999965e-16
14,1234,505,126,9.99999999999997e-16,1.2116842376114757e-15,9.999999999999965e-16
14,1234,505,127,9.99999999999997e-16,1.087816517290309e-15,9.999999999999965e-16
14,1234,505,128,9.99999999999997e-16,9.999999999999989e-16,9.999999999999965e-16
14,4444,101,1,0.8833921558081883,0.8841835668441246,0.8831874269300107
14,4444,101,2,0.06645492461401688,0.06626981372357622,0.06693618499357716
14,4444,101,3,0.017059858556252295,0.016506021694883476,0.017216427191423276
14,4444,101,4,0.01243697772305804,0.012680973843505309,0.012526510206553087
14,4444,101,5,0.010762003420061166,0.010747464644189377,0.010751763531613051
14,4444,101,6,0.004246656150362347,0.0038571561064547157,0.0042302750777291065
14,4444,101,7,0.0018861824271108572,0.0019995779788689032,0.0018133303631537232
14,4444,101,8,0.0008418662146656559,0.0008033565177199261,0.0007819907505694599
14,4444,101,9,0.000718063385453283,0.000780772222031437,0.0007307932147045846
14,4444,101,10,0.0005870080488357764,0.0005920338149825821,0.00046333682941115554
14,4444,101,11,0.0003098201063565217,0.0003746783441940294,0.0003002286771299693
14,4444,101,12,0.0002586305490452278,0.00021623781619965483,0.00021348860582578406
14,4444,101,13,0.00021632486859016176,0.00020512402290257426,0.00016897072582155567
14,4444,101,14,0.00018980143555750412,0.00018337693328345653,0.00015749863138193808
14,4444,101,15,0.00013958659949441456,0.00013903577587407294,0.00011681726265652032
14,4444,101,16,0.00011987327632761862,0.00010748399295632315,9.978439876235768e-05
14,4444,101,17,0.00010227159389536012,8.08116909716992e-05,7.9357650084915e-05
14,4444,101,18,5.635783194232789e-05,6.395654057663095e-05,4.5324144350096954e-05
14,4444,101,19,4.39834035095461e-05,3.942463439719021e-05,3.751192248804281e-05
14,4444,101,20,3.096159974272309e-05,3.1725152182436295e-05,2.7207053090846497e-05
14,4444,101,21,2.7372488912530132e-05,3.1504065313868295e-05,2.1988818048206716e-05
14,4444,101,22,2.4943163760118033e-05,2.4964701433599592e-05,2.13389313647936e-05
14,4444,101,23,1.5631858842493305e-05,1.4076615882187155e-05,1.4339586031321541e-05
14,4444,101,24,1.5300810576649932e-05,1.3596032859626317e-05,1.1922231723570505e-05
14,4444,101,25,1.1650684491173498e-05,9.284847446228837e-06,1.0173723067734779e-05
14,4444,101,26,9.83341868326103e-06,9.045343891816117e-06,7.417478601521856e-06
14,4444,101,27,8.95678975622225e-06,5.954521762626564e-06,6.569154242023104e-06
14,4444,101,28,6.11181142266316e-06,5.564141116515314e-06,4.441965970532981e-06
14,4444,101,29,4.199821390356805e-06,4.404025349059554e-06,3.229739172411291e-06
14,4444,101,30,3.3303296125397857e-06,3.152583454475226e-06,2.095907982904055e-06
14,4444,101,31,3.13385381064343e-06,2.3179368401251246e-06,1.7078267673726155e-06
14,4444,101,32,2.5874551564134298e-06,1.7576883531349822e-06,1.640878517814125e-06
14,4444,101,33,1.910742134881565e-06,1.5898130981059457e-06,1.3743430947871957e-06
14,4444,101,34,1.6614006788471842e-06,1.5394782225366687e-06,1.130334005639317e-06
14,4444,101,35,1.5457097128146415e-06,1.257621166572772e-06,9.403660138913259e-07
14,4444,101,36,1.1924224738716648e-06,1.1607277025619416e-06,7.712170788561408e-07
14,4444,101,37,1.0879445960968398e-06,1.107372182835015e-06,6.443149884872312e-07
14,4444,101,38,1.0190853268970156e-06,8.797408508633385e-07,6.295209353997089e-07
14,4444,101,39,8.302880019948384e-07,6.079303502413425e-07,4.6427508444607156e-07
14,4444,101,40,7.168628215398236e-07,5.511487175972099e-07,4.2440431703428795e-07
14,4444,101,41,6.318427285506395e-07,4.6145133661971447e-07,3.558866225545013e-07
14,4444,101,42,5.240068267832248e-07,3.5690526047244924e-07,3.4843068959915115e-07
14,4444,101,43,4.283632012620935e-07,3.0370793369288267e-07,3.054431128964965e-07
14,4444,101,44,3.4385295097071173e-07,2.84499087034983e-07,2.2905304193944016e-07
14,4444,101,45,2.854587579897762e-07,2.546709384263768e-07,1.8808496135793892e-07
14,4444,101,46,2.4829294952925664e-07,2.337463553829498e-07,1.6403069368175527e-07
14,4444,101,47,2.472475586020076e-07,2.0644794876278138e-07,1.4257476816631685e-07
14,4444,101,48,1.4658154859595564e-07,1.241271121990802e-07,1.4062025076167088e-07
14,4444,101,49,1.14779878236837e-07,1.1026348023747508e-07,1.137170222676335e-07
14,4444,101,50,1.1132646573251927e-07,9.202694937153452e-08,8.545634683961952e-08
14,4444,101,51,9.236337129934105e-08,9.07088798130912e-08,6.437110705338915e-08
14,4444,101,52,8.152596171153273e-08,7.681514131118765e-08,5.628854706480336e-08
14,4444,101,53,6.918460013995795e-08,7.396095915992533e-08,5.111863807097954e-08
14,4444,101,54,6.734198100261155e-08,6.458998332340801e-08,4.589382109236908e-08
14,4444,101,55,3.767575677001902e-08,5.7567756209814996e-08,3.9743559726910854e-08
14,4444,101,56,3.312895050050192e-08,4.727654366824728e-08,3.168467215155128e-08
14,4444,101,57,2.3743271740514623e-08,3.8168624967336344e-08,2.8420956298978992e-08
14,4444,101,58,2.2964869884956772e-08,2.7896066061415356e-08,1.9194983970683524e-08
14,4444,101,59,2.1129222802874865e-08,2.4840633265140373e-08,1.7309735707350182e-08
14,4444,101,60,1.921373129185862e-08,2.2710486292982313e-08,1.4388254978957875e-08
14,4444,101,61,1.676866988343339e-08,2.0662730457993737e-08,1.3362020871501708e-08
14,4444,101,62,1.5078999842383135e-08,1.9814194735683674e-08,1.1470200928855007e-08
14,4444,101,63,1.2643906196294087e-08,1.4897368678746239e-08,8.005141787264812e-09
14,4444,101,64,1.0947578844822323e-08,1.458288308764192e-08,7.4494008275368994e-09
14,4444,101,65,1.0450877491029947e-08,9.562186663198258e-09,6.4527725019597565e-09
14,4444,101,66,1.0353707422303847e-08,9.428167883950745e-09,6.263903267180617e-09
14,4444,101,67,7.0192851812564246e-09,8.287294444880973e-09,4.442830709072024e-09
14,4444,101,68,6.5001108176879025e-09,5.282428067602774e-09,4.0268204756078525e-09
14,4444,101,69,5.503576867406417e-09,4.832601546171646e-09,3.494983209410887e-09
14,4444,101,70,4.949153028963807e-09,3.916136530809662e-09,3.2092715460813473e-09
14,4444,101,71,4.575988285146382e-09,3.713796984581487e-09,2.2511122320705517e-09
14,4444,101,72,3.484057203246635e-09,3.405333152071257e-09,2.0867861973466507e-09
14,4444,101,73,2.8919336017309832e-09,2.603431550705082e-09,1.9948664009044784e-09
14,4444,101,74,1.9877784377102938e-09,2.4199410179127373e-09,1.4842344379951986e-09
14,4444,101,75,1.7450573036034456e-09,2.005053896201712e-09,1.2680520488384662e-09
14,4444,101,76,1.5112415352635325e-09,1.900268472980748e-09,1.1880306138752652e-09
14,4444,101,77,1.2668046389785269e-09,1.6721428168326745e-09,1.124216143654017e-09
14,4444,101,78,1.1399368972705312e-09,1.4074590195223762e-09,9.008590824331869e-10
14,4444,101,79,1.0544168955048276e-09,1.2736605391502482e-09,6.726170718096569e-10
14,4444,101,80,9.500148864764335e-10,1.0754683991351015e-09,6.21086673663414e-10
14,4444,101,81,7.469386693149696e-10,9.009142062693178e-10,5.303651153353526e-10
14,4444,101,82,6.560897408469241e-10,8.22646654590954e-10,4.763674078128961e-10
14,4444,101,83,6.050874940373053e-10,6.451717659526418e-10,4.018919707394913e-10
14,4444,101,84,3.844403922283679e-10,5.635617503543939e-10,3.505741311543515e-10
14,4444,101,85,3.0659757891445783e-10,4.942750370143181e-10,2.562380579305683e-10
14,4444,101,86,2.7701009495217616e-10,4.2775032269255243e-10,2.448221854600408e-10
14,4444,101,87,2.4444515862100086e-10,3.8407189132219893e-10,1.9068151234159881e-10
14,4444,101,88,2.3683388980326937e-10,3.153206218985244e-10,1.2844512793789816e-10
14,4444,101,89,2.1644062054211112e-10,2.513669953558064e-10,1.159103516896332e-10
14,4444,101,90,1.4281965504444702e-10,2.257420689359518e-10,1.0157414929003049e-10
14,4444,101,91,1.3228801748828244e-10,2.0245335779032375e-10,8.932453977501278e-11
14,4444,101,92,9.298397146079601e-11,1.6874741829430715e-10,7.95040486194143e-11
14,4444,101,93,9.061643671427632e-11,1.578741544918857e-10,6.860988643508574e-11
14,4444,101,94,8.934393177052123e-11,1.4252862905752108e-10,4.938108952389936e-11
14,4444,101,95,6.657613395395956e-11,9.250843920204681e-11,4.637159648878964e-11
14,4444,101,96,5.1441028765092776e-11,9.105106701060396e-11,3.6534166214492447e-11
14,4444,101,97,4.5858616995682376e-11,7.047507011288252e-11,3.0800863715044216e-11
14,4444,101,98,3.529623349620437e-11,4.46296469946597e-11,2.9365047639674246e-11
14,4444,101,99,3.486747507206739e-11,4.2115375383819454e-11,2.3572670249996854e-11
14,4444,101,100,2.3895757221073534e-11,4.009261698117519e-11,1.8496611544766662e-11
14,4444,101,101,2.2848456597630135e-11,3.177937042631087e-11,1.7282715388865504e-11
14,4444,101,102,1.8036258106461878e-11,2.4354079169265472e-11,1.2827595953045526e-11
14,4444,101,103,1.3707212657544397e-11,2.2778187023568607e-11,9.880654990953243e-12
14,4444,101,104,1.1682440909535168e-11,1.9696122578932063e-11,8.600346204255774e-12
14,4444,101,105,8.814300323036971e-12,1.3382540904668056e-11,6.410665084939564e-12
14,4444,101,106,8.512425179698037e-12,1.2358594435921045e-11,4.360862358600256e-12
14,4444,101,107,7.235926596102778e-12,9.102190356332605e-12,3.5097501064388536e-12
14,4444,101,108,6.4213813633694616e-12,5.637260223133817e-12,2.591639747433155e-12
14,4444,101,109,4.373327828829437e-12,5.4468640424545485e-12,1.9767253787012305e-12
14,4444,101,110,3.7367311347599265e-12,4.163545049415267e-12,1.267833802413321e-12
14,4444,101,111,3.347353298820424e-12,4.1377950993687966e-12,1.1156891562154638e-12
14,4444,101,112,2.7367186106072824e-12,3.1516920135346364e-12,8.346540279888932e-13
14,4444,101,113,2.4595475583185606e-12,1.702086680315997e-12,6.809264484990517e-13
14,4444,101,114,1.1413612472320634e-12,1.6299187965134017e-12,4.0313067230680964e-13
14,4444,101,115,7.15610670446734e-13,1.0348740624744123e-12,3.649897449230296e-13
14,4444,101,116,5.949709478473598e-13,8.910795995665853e-13,1.8134431073941541e-13
14,4444,101,117,3.698033726867181e-13,4.996856094733065e-13,1.5914206209618712e-13
14,4444,101,118,3.1585944344564263e-13,4.595481658729021e-13,1.2642751703509505e-13
14,4444,101,119,2.1316394248125363e-13,3.240875718699533e-13,8.713728194937554e-14
14,4444,101,120,1.7750301945060625e-13,9.153001817631936e-14,7.84506422959587e-14
14,4444,101,121,1.4122799867310448e-13,6.278270906351133e-14,4.3034611686760977e-14
14,4444,101,122,1.253306568937409e-13,5.914211136136778e-14,2.344199435212953e-14
14,4444,101,123,7.551143693807973e-14,4.5269408830570984e-14,1.2221258607289947e-14
14,4444,101,124,2.896663140274328e-14,1.518044156383493e-14,5.5867616727464e-15
14,4444,101,125,5.9333743796878844e-15,2.9437913131315776e-15,2.171088783351832e-15
14,4444,101,126,2.8888358410329074e-15,9.99999999999998e-16,9.999999999999995e-16
14,4444,101,127,9.999999999999987e-16,9.99999999999998e-16,9.999999999999995e-16
14,4444,101,128,9.999999999999987e-16,9.99999999999998e-16,9.999999999999995e-16
14,4444,202,1,0.8833921558081883,0.883680397856642,0.8829160103815227
14,4444,202,2,0.06645492461401688,0.06635280051735366,0.06739519928579167
14,4444,202,3,0.017059858556252295,0.016975153482685277,0.017086811003033806
14,4444,202,4,0.01243697772305804,0.012482092763606152,0.01245459749462085
14,4444,202,5,0.010762003420061166,0.01073530153835187,0.01077643324785057
14,4444,202,6,0.004246656150362347,0.004153483792212343,0.004240698004102827
14,4444,202,7,0.0018861824271108572,0.0019300958963118695,0.0016547191662753665
14,4444,202,8,0.0008418662146656559,0.0008360414729973815,0.0008278054485723113
14,4444,202,9,0.000718063385453283,0.0007305949377991867,0.0007230736204423297
14,4444,202,10,0.0005870080488357764,0.000602798942101769,0.0005175962650073369
14,4444,202,11,0.0003098201063565217,0.0003116741093360195,0.0003285359194292346
14,4444,202,12,0.0002586305490452278,0.00023600220158188296,0.00020931098764323473
14,4444,202,13,0.00021632486859016176,0.00019321154947171784,0.00018754951458687934
14,4444,202,14,0.00018980143555750412,0.00018089663247692348,0.00016332707542584225
14,4444,202,15,0.00013958659949441456,0.00013515912667929562,0.000131675635882539
14,4444,202,16,0.00011987327632761862,0.00010349971004770101,9.141553911454262e-05
14,4444,202,17,0.00010227159389536012,9.682155611375325e-05,7.927372722578562e-05
14,4444,202,18,5.635783194232789e-05,5.330366325250846e-05,4.3921633844016724e-05
14,4444,202,19,4.39834035095461e-05,3.9549679391459984e-05,3.6532194260778445e-05
14,4444,202,20,3.096159974272309e-05,3.083008481809212e-05,2.518149250472845e-05
14,4444,202,21,2.7372488912530132e-05,2.9379581846613792e-05,1.967854725148626e-05
14,4444,202,22,2.4943163760118033e-05,2.117603718369366e-05,1.941819505056491e-05
14,4444,202,23,1.5631858842493305e-05,1.444733208938013e-05,1.415096024162001e-05
14,4444,202,24,1.5300810576649932e-05,1.3978663107853252e-05,1.1538870095437969e-05
14,4444,202,25,1.1650684491173498e-05,1.1743322386881906e-05,9.213107293961088e-06
14,4444,202,26,9.83341868326103e-06,1.1566436762120715e-05,7.035338875311012e-06
14,4444,202,27,8.95678975622225e-06,8.707560292577201e-06,6.109939552632213e-06
14,4444,202,28,6.11181142266316e-06,5.2994915697949794e-06,4.039263968751412e-06
14,4444,202,29,4.199821390356805e-06,3.655132153604895e-06,3.773990354002165e-06
14,4444,202,30,3.3303296125397857e-06,2.8624780702811205e-06,2.1156434336069394e-06
14,4444,202,31,3.13385381064343e-06,2.6146393949840125e-06,1.9264658894278697e-06
14,4444,202,32,2.5874551564134298e-06,2.2806272792795486e-06,1.7134137506492053e-06
14,4444,202,33,1.910742134881565e-06,2.2305269838614255e-06,1.622824575746734e-06
14,4444,202,34,1.6614006788471842e-06,1.6093709218958573e-06,1.2780400476845242e-06
14,4444,202,35,1.5457097128146415e-06,1.1629074466083675e-06,1.1971126092029568e-06
14,4444,202,36,1.1924224738716648e-06,9.88010182511487e-07,9.35744666970443e-07
14,4444,202,37,1.0879445960968398e-06,9.072345718682808e-07,6.964722800105788e-07
14,4444,202,38,1.0190853268970156e-06,8.725330905942535e-07,5.423087820982679e-07
14,4444,202,39,8.302880019948384e-07,7.257991144870348e-07,4.553819175763535e-07
14,4444,202,40,7.168628215398236e-07,5.658156469894778e-07,4.3653984845339603e-07
14,4444,202,41,6.318427285506395e-07,5.143879475751965e-07,3.659756038394019e-07
14,4444,202,42,5.240068267832248e-07,4.576333534627192e-07,3.22200146336115e-07
14,4444,202,43,4.283632012620935e-07,3.474006777297228e-07,2.6465599552620484e-07
14,4444,202,44,3.4385295097071173e-07,3.241195360762865e-07,2.3715304550879555e-07
14,4444,202,45,2.854587579897762e-07,2.660971445466908e-07,2.0657727818596816e-07
14,4444,202,46,2.4829294952925664e-07,2.6136029806783503e-07,1.6415578435289027e-07
14,4444,202,47,2.472475586020076e-07,2.1960635872049275e-07,1.2389779892434077e-07
14,4444,202,48,1.4658154859595564e-07,1.5684468580718753e-07,1.223078028660182e-07
14,4444,202,49,1.14779878236837e-07,1.5077124362755575e-07,9.224768222500983e-08
14,4444,202,50,1.1132646573251927e-07,1.3375676082687235e-07,7.996334821003572e-08
14,4444,202,51,9.236337129934105e-08,1.0694762100668883e-07,7.032413893935725e-08
14,4444,202,52,8.152596171153273e-08,9.734815662645844e-08,6.155213362939196e-08
14,4444,202,53,6.918460013995795e-08,8.257904056551312e-08,5.1582967808839575e-08
14,4444,202,54,6.734198100261155e-08,6.199164899574007e-08,4.939874614718871e-08
14,4444,202,55,3.767575677001902e-08,5.933704338812301e-08,3.915517432055285e-08
14,4444,202,56,3.312895050050192e-08,4.019150850959915e-08,3.291965738630644e-08
14,4444,202,57,2.3743271740514623e-08,3.2677374178246294e-08,2.947340549473965e-08
14,4444,202,58,2.2964869884956772e-08,3.043401291612143e-08,2.5826973508060065e-08
14,4444,202,59,2.1129222802874865e-08,2.5021882782673686e-08,1.8533171430385417e-08
14,4444,202,60,1.921373129185862e-08,2.1490788662478374e-08,1.4610192276308151e-08
14,4444,202,61,1.676866988343339e-08,1.6888601290295812e-08,1.2242467137406368e-08
14,4444,202,62,1.5078999842383135e-08,1.4848196699737292e-08,9.985599190768994e-09
14,4444,202,63,1.2643906196294087e-08,1.3997254731359093e-08,7.888464092778493e-09
14,4444,202,64,1.0947578844822323e-08,1.0946482322328378e-08,7.457320185660521e-09
14,4444,202,65,1.0450877491029947e-08,8.750323891010642e-09,6.1770308010974226e-09
14,4444,202,66,1.0353707422303847e-08,7.998326044605618e-09,6.029011836659565e-09
14,4444,202,67,7.0192851812564246e-09,7.076351474945528e-09,4.907785756529598e-09
14,4444,202,68,6.5001108176879025e-09,6.570795047824753e-09,4.433573171677224e-09
14,4444,202,69,5.503576867406417e-09,6.006914915401645e-09,3.33571385314296e-09
14,4444,202,70,4.949153028963807e-09,4.501096248385125e-09,2.5727002672002982e-09
14,4444,202,71,4.575988285146382e-09,4.072141802452222e-09,2.295641998618556e-09
14,4444,202,72,3.484057203246635e-09,4.015553057647536e-09,2.2434534153788224e-09
14,4444,202,73,2.8919336017309832e-09,3.274231268299184e-09,1.7818374957226552e-09
14,4444,202,74,1.9877784377102938e-09,2.7702115597015532e-09,1.4647625859271088e-09
14,4444,202,75,1.7450573036034456e-09,2.0179069400625e-09,1.2866504466754116e-09
14,4444,202,76,1.5112415352635325e-09,1.8895580706212016e-09,1.1453841318576492e-09
14,4444,202,77,1.2668046389785269e-09,1.515991569685589e-09,9.234539878655372e-10
14,4444,202,78,1.1399368972705312e-09,1.3013464132887338e-09,8.865592278980349e-10
14,4444,202,79,1.0544168955048276e-09,1.1674422628704691e-09,7.72953166134023e-10
14,4444,202,80,9.500148864764335e-10,1.131241262155732e-09,6.724074708182251e-10
14,4444,202,81,7.469386693149696e-10,9.34132676545061e-10,4.990335184419007e-10
14,4444,202,82,6.560897408469241e-10,8.888987107836248e-10,4.386832202080406e-10
14,4444,202,83,6.050874940373053e-10,8.177884693970311e-10,3.990069978779565e-10
14,4444,202,84,3.844403922283679e-10,5.287409536213979e-10,3.275105108335569e-10
14,4444,202,85,3.0659757891445783e-10,4.43456101494967e-10,3.1479806029029726e-10
14,4444,202,86,2.7701009495217616e-10,3.8211904209101817e-10,2.2582490600024353e-10
14,4444,202,87,2.4444515862100086e-10,3.3267903550068516e-10,2.006483296900257e-10
14,4444,202,88,2.3683388980326937e-10,3.0357656973779276e-10,1.3002973393612486e-10
14,4444,202,89,2.1644062054211112e-10,2.914018172752721e-10,1.046015740947083e-10
14,4444,202,90,1.4281965504444702e-10,2.2655718218470613e-10,9.276053776584356e-11
14,4444,202,91,1.3228801748828244e-10,1.8433340627927025e-10,8.883357332771932e-11
14,4444,202,92,9.298397146079601e-11,1.6191153350362309e-10,6.143049915767797e-11
14,4444,202,93,9.061643671427632e-11,1.301027071236813e-10,5.7200717739838005e-11
14,4444,202,94,8.934393177052123e-11,1.0237372993768472e-10,4.407222488087705e-11
14,4444,202,95,6.657613395395956e-11,9.737641667575997e-11,3.570673740705085e-11
14,4444,202,96,5.1441028765092776e-11,7.632390019922302e-11,3.020179571872721e-11
14,4444,202,97,4.5858616995682376e-11,7.413160532968812e-11,2.26547675990298e-11
14,4444,202,98,3.529623349620437e-11,5.879747597798097e-11,2.0682933463535132e-11
14,4444,202,99,3.486747507206739e-11,4.496216166984627e-11,1.9462247473389924e-11
14,4444,202,100,2.3895757221073534e-11,3.3183526148338295e-11,1.4877982218106647e-11
14,4444,202,101,2.2848456597630135e-11,2.932315888450396e-11,1.1899120706900024e-11
14,4444,202,102,1.8036258106461878e-11,2.6378017570217003e-11,1.100737099106976e-11
14,4444,202,103,1.3707212657544397e-11,2.0307666563020554e-11,7.819833250433516e-12
14,4444,202,104,1.1682440909535168e-11,1.2219747317618505e-11,6.057208340596319e-12
14,4444,202,105,8.814300323036971e-12,9.130354425795139e-12,5.5848164846930284e-12
14,4444,202,106,8.512425179698037e-12,8.458795202431937e-12,4.2780521846804135e-12
14,4444,202,107,7.235926596102778e-12,6.767144610996619e-12,3.494318469046777e-12
14,4444,202,108,6.4213813633694616e-12,4.8873692603293456e-12,2.555919139279005e-12
14,4444,202,109,4.373327828829437e-12,3.832860283409951e-12,2.2233624791952595e-12
14,4444,202,110,3.7367311347599265e-12,3.7582009960111845e-12,1.7405141763763367e-12
14,4444,202,111,3.347353298820424e-12,2.7924985473945875e-12,1.0524151296226824e-12
14,4444,202,112,2.7367186106072824e-12,1.8823409063052044e-12,7.853328865471798e-13
14,4444,202,113,2.4595475583185606e-12,1.6915992332712394e-12,4.573720534779915e-13
14,4444,202,114,1.1413612472320634e-12,1.370808036011892e-12,4.0864917019772446e-13
14,4444,202,115,7.15610670446734e-13,9.500733870316943e-13,3.724483922954151e-13
14,4444,202,116,5.949709478473598e-13,9.419270772907854e-13,2.330806816219615e-13
14,4444,202,117,3.698033726867181e-13,6.689833512486566e-13,2.0906117197953683e-13
14,4444,202,118,3.1585944344564263e-13,4.916643935107263e-13,1.3650142594487393e-13
14,4444,202,119,2.1316394248125363e-13,3.118193849698763e-13,9.511841273623476e-14
14,4444,202,120,1.7750301945060625e-13,2.838414262621791e-13,7.950825446531196e-14
14,4444,202,121,1.4122799867310448e-13,1.625068458133315e-13,2.1844340668605525e-14
14,4444,202,122,1.253306568937409e-13,7.381144178802961e-14,1.163866739599889e-14
14,4444,202,123,7.551143693807973e-14,4.148517007689533e-14,8.254658605762288e-15
14,4444,202,124,2.896663140274328e-14,2.142398097375188e-14,3.0604195646341194e-15
14,4444,202,125,5.9333743796878844e-15,1.4765857692700248e-14,1.4149600786311743e-15
14,4444,202,126,2.8888358410329074e-15,1.037336969126076e-14,9.99999999999998e-16
14,4444,202,127,9.999999999999987e-16,9.999999999999989e-16,9.99999999999998e-16
14,4444,202,128,9.999999999999987e-16,9.999999999999989e-16,9.99999999999998e-16
14,4444,303,1,0.8833921558081883,0.8838354669868839,0.8832307745013626
14,4444,303,2,0.06645492461401688,0.06700170651127889,0.06697575977126607
14,4444,303,3,0.017059858556252295,0.016483477388172168,0.017164539064746825
14,4444,303,4,0.01243697772305804,0.012551288085735836,0.012385764669516165
14,4444,303,5,0.010762003420061166,0.010603456061465724,0.01076442210449756
14,4444,303,6,0.004246656150362347,0.00388845324013777,0.004289042225764696
14,4444,303,7,0.0018861824271108572,0.0019327156223734002,0.0017378563467948921
14,4444,303,8,0.0008418662146656559,0.0007855512922352015,0.0007579725473978481
14,4444,303,9,0.000718063385453283,0.0007790214927941267,0.0007368082118095517
14,4444,303,10,0.0005870080488357764,0.0005945675615181706,0.0005543399419952346
14,4444,303,11,0.0003098201063565217,0.000337953402107879,0.00032024391294749674
14,4444,303,12,0.0002586305490452278,0.00026222256774395515,0.00021206316345420215
14,4444,303,13,0.00021632486859016176,0.0002076302911009744,0.00017690679707402026
14,4444,303,14,0.00018980143555750412,0.0001647958093991075,0.00016281941367671514
14,4444,303,15,0.00013958659949441456,0.00013686384540993418,0.00012806563028553816
14,4444,303,16,0.00011987327632761862,0.00012182889702513864,0.00010207139656134423
14,4444,303,17,0.00010227159389536012,6.991579257219625e-05,7.846553369448284e-05
14,4444,303,18,5.635783194232789e-05,5.385903621976331e-05,4.6255342217942776e-05
14,4444,303,19,4.39834035095461e-05,4.79879419380731e-05,3.9225765731448706e-05
14,4444,303,20,3.096159974272309e-05,2.599561092959503e-05,2.792384913890331e-05
14,4444,303,21,2.7372488912530132e-05,2.0521311946215118e-05,2.057210731677539e-05
14,4444,303,22,2.4943163760118033e-05,1.4720999061777795e-05,2.0434867480059873e-05
14,4444,303,23,1.5631858842493305e-05,1.4034726392670367e-05,1.1703240686823836e-05
14,4444,303,24,1.5300810576649932e-05,1.0364566831165145e-05,1.0696676151895579e-05
14,4444,303,25,1.1650684491173498e-05,9.702706667978315e-06,9.146628161376419e-06
14,4444,303,26,9.83341868326103e-06,8.594968977547747e-06,6.948261195063537e-06
14,4444,303,27,8.95678975622225e-06,8.07153020060375e-06,5.956066477563398e-06
14,4444,303,28,6.11181142266316e-06,5.277208147525003e-06,4.101705401999556e-06
14,4444,303,29,4.199821390356805e-06,3.660389175403433e-06,3.5559318941472427e-06
14,4444,303,30,3.3303296125397857e-06,3.0422856286260455e-06,2.331164169194231e-06
14,4444,303,31,3.13385381064343e-06,2.615566213072932e-06,2.0207663709299896e-06
14,4444,303,32,2.5874551564134298e-06,2.1611365265013525e-06,1.883288068865387e-06
14,4444,303,33,1.910742134881565e-06,2.138158069882799e-06,1.4647739361393713e-06
14,4444,303,34,1.6614006788471842e-06,1.5614007736964567e-06,1.1596365877102286e-06
14,4444,303,35,1.5457097128146415e-06,1.3452970147287768e-06,1.0686983422194456e-06
14,4444,303,36,1.1924224738716648e-06,1.1417117621040494e-06,9.426801458725953e-07
14,4444,303,37,1.0879445960968398e-06,9.617031141645157e-07,7.299659498522283e-07
14,4444,303,38,1.0190853268970156e-06,7.878541363311098e-07,6.642483844391317e-07
14,4444,303,39,8.302880019948384e-07,7.587106825055832e-07,4.950759978992617e-07
14,4444,303,40,7.168628215398236e-07,5.277406399385613e-07,4.519904458772173e-07
14,4444,303,41,6.318427285506395e-07,5.030966598834549e-07,3.724366262283352e-07
14,4444,303,42,5.240068267832248e-07,3.9846896439722404e-07,3.1718660590461416e-07
14,4444,303,43,4.283632012620935e-07,3.613969667213515e-07,2.679686083738812e-07
14,4444,303,44,3.4385295097071173e-07,2.9264544351333484e-07,2.4935719862942357e-07
14,4444,303,45,2.854587579897762e-07,2.4936523014945904e-07,2.1059454151528703e-07
14,4444,303,46,2.4829294952925664e-07,2.1984674371150078e-07,1.3212775140351983e-07
14,4444,303,47,2.472475586020076e-07,1.9293602791902693e-07,1.26142196391889e-07
14,4444,303,48,1.4658154859595564e-07,1.4166723230453226e-07,1.1723837410405489e-07
14,4444,303,49,1.14779878236837e-07,1.4008892934080576e-07,1.0241301402429536e-07
14,4444,303,50,1.1132646573251927e-07,1.0808303779318385e-07,6.391956503135559e-08
14,4444,303,51,9.236337129934105e-08,9.266003404142967e-08,5.5080868435710293e-08
14,4444,303,52,8.152596171153273e-08,8.699376803883593e-08,5.077682704565357e-08
14,4444,303,53,6.918460013995795e-08,7.20046044256876e-08,4.407121011483307e-08
14,4444,303,54,6.734198100261155e-08,5.892107661884737e-08,4.2693478662384513e-08
14,4444,303,55,3.767575677001902e-08,4.239979136789112e-08,3.2350490308777264e-08
14,4444,303,56,3.312895050050192e-08,3.7407468503521716e-08,2.7982784072169835e-08
14,4444,303,57,2.3743271740514623e-08,3.206163737987787e-08,2.2330156734585775e-08
14,4444,303,58,2.2964869884956772e-08,2.854991881411355e-08,1.8452157345841854e-08
14,4444,303,59,2.1129222802874865e-08,2.6094128137913666e-08,1.6457836096993317e-08
14,4444,303,60,1.921373129185862e-08,2.169530330944388e-08,1.0877302847486074e-08
14,4444,303,61,1.676866988343339e-08,1.9809181410628332e-08,1.0072486939754862e-08
14,4444,303,62,1.5078999842383135e-08,1.752484886894815e-08,9.347069347190076e-09
14,4444,303,63,1.2643906196294087e-08,1.6321592243588856e-08,8.110998656939762e-09
14,4444,303,64,1.0947578844822323e-08,1.0959675643786454e-08,5.761793106812635e-09
14,4444,303,65,1.0450877491029947e-08,1.0933076395205483e-08,5.487185479897688e-09
14,4444,303,66,1.0353707422303847e-08,9.523924033107846e-09,4.733790596024118e-09
14,4444,303,67,7.0192851812564246e-09,9.032912512834438e-09,3.566075010213528e-09
14,4444,303,68,6.5001108176879025e-09,7.783836295470133e-09,3.4969355206556536e-09
14,4444,303,69,5.503576867406417e-09,6.384880090493445e-09,3.2661186822088657e-09
14,4444,303,70,4.949153028963807e-09,5.830701893300609e-09,2.862839286908232e-09
14,4444,303,71,4.575988285146382e-09,4.961929138597048e-09,2.329057136491251e-09
14,4444,303,72,3.484057203246635e-09,3.8952977839812695e-09,2.146682924947126e-09
14,4444,303,73,2.8919336017309832e-09,3.625845383148598e-09,1.5569174439790032e-09
14,4444,303,74,1.9877784377102938e-09,3.2234636215076863e-09,1.2096782391594603e-09
14,4444,303,75,1.7450573036034456e-09,2.7456731238037494e-09,1.0654256284153925e-09
14,4444,303,76,1.5112415352635325e-09,2.193261815338148e-09,9.854102855454732e-10
14,4444,303,77,1.2668046389785269e-09,1.5914957017102185e-09,7.580393451996951e-10
14,4444,303,78,1.1399368972705312e-09,1.3547957087950754e-09,6.566350763246605e-10
14,4444,303,79,1.0544168955048276e-09,1.1144079112907255e-09,6.508325765407714e-10
14,4444,303,80,9.500148864764335e-10,1.031436618124512e-09,5.701831103296197e-10
14,4444,303,81,7.469386693149696e-10,9.119435246725552e-10,4.690715226822674e-10
14,4444,303,82,6.560897408469241e-10,8.430516577551733e-10,3.980712910080233e-10
14,4444,303,83,6.050874940373053e-10,7.326886774493083e-10,3.394871626707089e-10
14,4444,303,84,3.844403922283679e-10,7.265748854421331e-10,2.6884390786003704e-10
14,4444,303,85,3.0659757891445783e-10,4.755116982228291e-10,2.458998211538216e-10
14,4444,303,86,2.7701009495217616e-10,4.2881847943556966e-10,2.031771073726141e-10
14,4444,303,87,2.4444515862100086e-10,3.621751690040702e-10,1.8590479572951008e-10
14,4444,303,88,2.3683388980326937e-10,2.8573544278284014e-10,1.3472368412019284e-10
14,4444,303,89,2.1644062054211112e-10,2.352353124983447e-10,1.2502592055204166e-10
14,4444,303,90,1.4281965504444702e-10,2.1518757280622324e-10,1.007886483091629e-10
14,4444,303,91,1.3228801748828244e-10,2.0961766602866887e-10,8.603407473839059e-11
14,4444,303,92,9.298397146079601e-11,1.8356525194392855e-10,8.042175498462246e-11
14,4444,303,93,9.061643671427632e-11,1.5458579331395963e-10,4.93823815559981e-11
14,4444,303,94,8.934393177052123e-11,9.458365951284956e-11,4.652112221593423e-11
14,4444,303,95,6.657613395395956e-11,8.247005173338336e-11,4.612047938558445e-11
14,4444,303,96,5.1441028765092776e-11,7.647853255717114e-11,4.023168476534711e-11
14,4444,303,97,4.5858616995682376e-11,5.7899309825673926e-11,2.3160182394352967e-11
14,4444,303,98,3.529623349620437e-11,5.5884475570273743e-11,2.1668932061313963e-11
14,4444,303,99,3.486747507206739e-11,4.567350279420922e-11,1.6735943492963946e-11
14,4444,303,100,2.3895757221073534e-11,3.46884624852891e-11,1.157201129147247e-11
14,4444,303,101,2.2848456597630135e-11,2.746465811065396e-11,1.1347852195663993e-11
14,4444,303,102,1.8036258106461878e-11,2.2262797558548973e-11,9.125571371385623e-12
14,4444,303,103,1.3707212657544397e-11,2.0854254570011192e-11,8.067042188604884e-12
14,4444,303,104,1.1682440909535168e-11,1.500244670340274e-11,4.763469207092355e-12
14,4444,303,105,8.814300323036971e-12,1.4049490619970422e-11,4.1602254061173085e-12
14,4444,303,106,8.512425179698037e-12,1.3843292342015784e-11,3.392854481628055e-12
14,4444,303,107,7.235926596102778e-12,1.2204270370044688e-11,3.0210762570009273e-12
14,4444,303,108,6.4213813633694616e-12,7.355588722134068e-12,1.946375715891527e-12
14,4444,303,109,4.373327828829437e-12,5.150795935938856e-12,1.4708026871411972e-12
14,4444,303,110,3.7367311347599265e-12,4.900854072008614e-12,1.305658820370184e-12
14,4444,303,111,3.347353298820424e-12,3.0044624959187306e-12,9.497374101237697e-13
14,4444,303,112,2.7367186106072824e-12,1.8511507188403465e-12,7.437412539622652e-13
14,4444,303,113,2.4595475583185606e-12,1.3230287876279514e-12,5.194907079032464e-13
14,4444,303,114,1.1413612472320634e-12,1.0168543506405223e-12,4.134370526212199e-13
14,4444,303,115,7.15610670446734e-13,9.012892903865752e-13,3.949496578811293e-13
14,4444,303,116,5.949709478473598e-13,6.328723688758978e-13,2.3045272049631807e-13
14,4444,303,117,3.698033726867181e-13,5.074151208869222e-13,1.9082620599955167e-13
14,4444,303,118,3.1585944344564263e-13,3.304457096588599e-13,1.0782721642442502e-13
14,4444,303,119,2.1316394248125363e-13,2.700128261837237e-13,6.536248373541772e-14
14,4444,303,120,1.7750301945060625e-13,2.314007609443505e-13,4.207098286474289e-14
14,4444,303,121,1.4122799867310448e-13,1.0337189633163536e-13,2.5661570190877833e-14
14,4444,303,122,1.253306568937409e-13,6.657400173668618e-14,1.130145672347508e-14
14,4444,303,123,7.551143693807973e-14,4.4457666726478786e-14,8.449203414615921e-15
14,4444,303,124,2.896663140274328e-14,2.9203230044894595e-14,2.947769268376433e-15
14,4444,303,125,5.9333743796878844e-15,1.2281270050454707e-14,1.5535461612870243e-15
14,4444,303,126,2.8888358410329074e-15,8.74966710644358e-15,1.04528447244535e-15
14,4444,303,127,9.999999999999987e-16,9.999999999999985e-16,9.999999999999983e-16
14,4444,303,128,9.999999999999987e-16,9.999999999999985e-16,9.999999999999983e-16
14,4444,404,1,0.8833921558081883,0.8842340664427228,0.8830436860525854
14,4444,404,2,0.06645492461401688,0.0667752121642106,0.06698680842676667
14,4444,404,3,0.017059858556252295,0.01634579594562675,0.01733211838274475
14,4444,404,4,0.01243697772305804,0.012535625236052747,0.012486394851073748
14,4444,404,5,0.010762003420061166,0.010783799067447244,0.010797702898861826
14,4444,404,6,0.004246656150362347,0.0038662795358049883,0.00429594143219035
14,4444,404,7,0.0018861824271108572,0.0018862542364671132,0.001768381116146305
14,4444,404,8,0.0008418662146656559,0.0007943167128294634,0.0007280507223648661
14,4444,404,9,0.000718063385453283,0.0007346604581728311,0.0006694105048558139
14,4444,404,10,0.0005870080488357764,0.0005728830113192232,0.00048271377405282293
14,4444,404,11,0.0003098201063565217,0.0003303733502234137,0.0003126483780810144
14,4444,404,12,0.0002586305490452278,0.00022181439725083024,0.00021196204524996667
14,4444,404,13,0.00021632486859016176,0.00019340360659655053,0.00017546596296602043
14,4444,404,14,0.00018980143555750412,0.00017311457813662138,0.00016258513774547508
14,4444,404,15,0.00013958659949441456,0.00011894730600508116,0.00013758967493816227
14,4444,404,16,0.00011987327632761862,9.94162374030154e-05,0.00010433694176580401
14,4444,404,17,0.00010227159389536012,8.707075926679579e-05,8.046095804390664e-05
14,4444,404,18,5.635783194232789e-05,5.22319364947949e-05,5.064550965918266e-05
14,4444,404,19,4.39834035095461e-05,3.8765196629815544e-05,4.05621692047229e-05
14,4444,404,20,3.096159974272309e-05,3.113706712474476e-05,2.416924421441588e-05
14,4444,404,21,2.7372488912530132e-05,2.3501189556738186e-05,2.1570010439596292e-05
14,4444,404,22,2.4943163760118033e-05,1.9933083909491633e-05,1.9829267133451382e-05
14,4444,404,23,1.5631858842493305e-05,1.67445176826383e-05,1.4843613843281862e-05
14,4444,404,24,1.5300810576649932e-05,1.190978491402262e-05,9.427809292039743e-06
14,4444,404,25,1.1650684491173498e-05,1.1865244533690284e-05,8.83858154867098e-06
14,4444,404,26,9.83341868326103e-06,9.102628421231116e-06,5.901313179818541e-06
14,4444,404,27,8.95678975622225e-06,6.423106522832323e-06,5.731183457217927e-06
14,4444,404,28,6.11181142266316e-06,5.728453912155705e-06,3.529401434000714e-06
14,4444,404,29,4.199821390356805e-06,2.6639152933272045e-06,2.7426091893200603e-06
14,4444,404,30,3.3303296125397857e-06,2.2918055842918166e-06,2.128863731702e-06
14,4444,404,31,3.13385381064343e-06,1.8595586320383577e-06,1.8754484835392829e-06
14,4444,404,32,2.5874551564134298e-06,1.717031515024654e-06,1.7356585178669638e-06
14,4444,404,33,1.910742134881565e-06,1.655542754143559e-06,1.484314814955207e-06
14,4444,404,34,1.6614006788471842e-06,1.4254451430723215e-06,1.4545731540127968e-06
14,4444,404,35,1.5457097128146415e-06,1.085125320387331e-06,1.1776956188838024e-06
14,4444,404,36,1.1924224738716648e-06,9.435169343181255e-07,1.0635127174445747e-06
14,4444,404,37,1.0879445960968398e-06,8.471477411157287e-07,7.472121748205482e-07
14,4444,404,38,1.0190853268970156e-06,7.146628600959753e-07,6.606874203612078e-07
14,4444,404,39,8.302880019948384e-07,5.720203202008259e-07,5.479718517763604e-07
14,4444,404,40,7.168628215398236e-07,5.077236926639488e-07,4.7498107637268044e-07
14,4444,404,41,6.318427285506395e-07,4.3904986018135195e-07,3.9807293989558555e-07
14,4444,404,42,5.240068267832248e-07,4.181111872557825e-07,3.1092492391309135e-07
14,4444,404,43,4.283632012620935e-07,3.6333149393037885e-07,3.073055572324807e-07
14,4444,404,44,3.4385295097071173e-07,3.3395952044935544e-07,2.466618789015605e-07
14,4444,404,45,2.854587579897762e-07,2.7809638957318874e-07,2.1503987103576018e-07
14,4444,404,46,2.4829294952925664e-07,2.316432386372549e-07,1.9465346943551472e-07
14,4444,404,47,2.472475586020076e-07,1.944198365018014e-07,1.5089734774901161e-07
14,4444,404,48,1.4658154859595564e-07,1.7184749793443946e-07,1.1494933222912086e-07
14,4444,404,49,1.14779878236837e-07,1.45287138373818e-07,1.0578627207975469e-07
14,4444,404,50,1.1132646573251927e-07,1.3369253042316434e-07,9.718695735501146e-08
14,4444,404,51,9.236337129934105e-08,1.179915768801278e-07,7.641534282273844e-08
14,4444,404,52,8.152596171153273e-08,8.10742044005589e-08,5.776123739595449e-08
14,4444,404,53,6.918460013995795e-08,6.04594956411799e-08,4.5125894950450657e-08
14,4444,404,54,6.734198100261155e-08,5.912413417180879e-08,4.3358274819963447e-08
14,4444,404,55,3.767575677001902e-08,5.581825961916833e-08,3.3797982156189617e-08
14,4444,404,56,3.312895050050192e-08,3.866304152571374e-08,3.09638751647652e-08
14,4444,404,57,2.3743271740514623e-08,2.9472484960947284e-08,3.040790903657281e-08
14,4444,404,58,2.2964869884956772e-08,2.787618880814903e-08,2.535331529276549e-08
14,4444,404,59,2.1129222802874865e-08,2.43106076509225e-08,1.8828219310099985e-08
14,4444,404,60,1.921373129185862e-08,1.759377102521349e-08,1.556294337865486e-08
14,4444,404,61,1.676866988343339e-08,1.4181571404428252e-08,1.247210504034566e-08
14,4444,404,62,1.5078999842383135e-08,1.3336301429286154e-08,1.0706725432961807e-08
14,4444,404,63,1.2643906196294087e-08,1.2063655937278741e-08,8.833746817000208e-09
14,4444,404,64,1.0947578844822323e-08,1.1399245372096838e-08,8.574013719702634e-09
14,4444,404,65,1.0450877491029947e-08,9.56101253317351e-09,5.970798773956401e-09
14,4444,404,66,1.0353707422303847e-08,8.66807256392623e-09,4.907424932249426e-09
14,4444,404,67,7.0192851812564246e-09,6.991311285089465e-09,4.198158634851858e-09
14,4444,404,68,6.5001108176879025e-09,5.817813517184143e-09,3.870581552511112e-09
14,4444,404,69,5.503576867406417e-09,5.374707473735693e-09,3.280734728899098e-09
14,4444,404,70,4.949153028963807e-09,3.743609852378367e-09,2.7749356455996582e-09
14,4444,404,71,4.575988285146382e-09,3.4380632925834302e-09,2.1912741248692266e-09
14,4444,404,72,3.484057203246635e-09,3.388731999348428e-09,2.1397995144029766e-09
14,4444,404,73,2.8919336017309832e-09,2.9132243029284242e-09,1.899225265823197e-09
14,4444,404,74,1.9877784377102938e-09,2.8386946265650973e-09,1.5707732540436616e-09
14,4444,404,75,1.7450573036034456e-09,2.6697728481880216e-09,1.2068939949276648e-09
14,4444,404,76,1.5112415352635325e-09,1.856761780352334e-09,1.1494912127775395e-09
14,4444,404,77,1.2668046389785269e-09,1.7768453478661566e-09,9.37718955108261e-10
14,4444,404,78,1.1399368972705312e-09,1.500556067277141e-09,8.648438630573657e-10
14,4444,404,79,1.0544168955048276e-09,1.1954998812768413e-09,7.977327012509832e-10
14,4444,404,80,9.500148864764335e-10,1.0574605200834907e-09,5.4822930742054e-10
14,4444,404,81,7.469386693149696e-10,9.930007747962168e-10,4.810348746435518e-10
14,4444,404,82,6.560897408469241e-10,7.57127775401187e-10,4.1115815528229095e-10
14,4444,404,83,6.050874940373053e-10,7.178859761642914e-10,3.7116471784272395e-10
14,4444,404,84,3.844403922283679e-10,5.942574084450147e-10,3.2786175215210535e-10
14,4444,404,85,3.0659757891445783e-10,3.888726925594917e-10,2.903025559303542e-10
14,4444,404,86,2.7701009495217616e-10,3.223731027960046e-10,2.165562064595985e-10
14,4444,404,87,2.4444515862100086e-10,3.05669646197505e-10,2.060441094449106e-10
14,4444,404,88,2.3683388980326937e-10,2.490702407958696e-10,1.3379930292617293e-10
14,4444,404,89,2.1644062054211112e-10,1.7503028486830423e-10,1.1768497026160837e-10
14,4444,404,90,1.4281965504444702e-10,1.6887561869402667e-10,1.0410179090265788e-10
14,4444,404,91,1.3228801748828244e-10,1.5297629187844346e-10,8.987259262471802e-11
14,4444,404,92,9.298397146079601e-11,1.2467486990997372e-10,8.138658246295401e-11
14,4444,404,93,9.061643671427632e-11,1.183592421104263e-10,5.899136618449375e-11
14,4444,404,94,8.934393177052123e-11,9.558642685709801e-11,5.793724534512065e-11
14,4444,404,95,6.657613395395956e-11,9.380809230100325e-11,4.9164181322119884e-11
14,4444,404,96,5.1441028765092776e-11,8.053160781246319e-11,2.8526897733920738e-11
14,4444,404,97,4.5858616995682376e-11,5.991753394002201e-11,2.7516322644761934e-11
14,4444,404,98,3.529623349620437e-11,5.853385847166886e-11,2.463248630468301e-11
14,4444,404,99,3.486747507206739e-11,3.65628009516476e-11,1.667205245290474e-11
14,4444,404,100,2.3895757221073534e-11,2.949480953507458e-11,1.4541679149140883e-11
14,4444,404,101,2.2848456597630135e-11,2.8157386242597798e-11,8.778377692980838e-12
14,4444,404,102,1.8036258106461878e-11,1.938447225631324e-11,7.312488925491461e-12
14,4444,404,103,1.3707212657544397e-11,1.6581373491425272e-11,6.96823950350963e-12
14,4444,404,104,1.1682440909535168e-11,1.6085462487055706e-11,5.4576143800334464e-12
14,4444,404,105,8.814300323036971e-12,9.55351230203828e-12,4.546610192955328e-12
14,4444,404,106,8.512425179698037e-12,9.412742395450595e-12,3.5101332536085362e-12
14,4444,404,107,7.235926596102778e-12,7.318566771628224e-12,2.757458084433063e-12
14,4444,404,108,6.4213813633694616e-12,5.4880136131920305e-12,2.5856754992347398e-12
14,4444,404,109,4.373327828829437e-12,4.981633096617999e-12,1.7567519516015684e-12
14,4444,404,110,3.7367311347599265e-12,3.674357164609161e-12,1.5491894515556497e-12
14,4444,404,111,3.347353298820424e-12,3.2321220562451156e-12,1.1884692580555635e-12
14,4444,404,112,2.7367186106072824e-12,2.2944474670466244e-12,7.583783139467205e-13
14,4444,404,113,2.4595475583185606e-12,1.5533122749378472e-12,6.232645817216936e-13
14,4444,404,114,1.1413612472320634e-12,1.3295885799214007e-12,5.877925134342268e-13
14,4444,404,115,7.15610670446734e-13,6.729158837275674e-13,4.738421264619509e-13
14,4444,404,116,5.949709478473598e-13,4.0812472734795205e-13,2.3273185687128733e-13
14,4444,404,117,3.698033726867181e-13,3.1224837284625557e-13,2.0727070182433347e-13
14,4444,404,118,3.1585944344564263e-13,2.0120619916602747e-13,1.6026318294753258e-13
14,4444,404,119,2.1316394248125363e-13,1.396101911572183e-13,1.0692867486731217e-13
14,4444,404,120,1.7750301945060625e-13,6.769728398007953e-14,7.601969060448795e-14
14,4444,404,121,1.4122799867310448e-13,6.433836879381068e-14,2.6272913007742828e-14
14,4444,404,122,1.253306568937409e-13,2.958046987182021e-14,2.2549175369874635e-14
14,4444,404,123,7.551143693807973e-14,2.1435825374911426e-14,7.731561975299645e-15
14,4444,404,124,2.896663140274328e-14,1.5179341540642142e-14,6.375486942224582e-15
14,4444,404,125,5.9333743796878844e-15,6.15615651828428e-15,3.4455680042729653e-15
14,4444,404,126,2.8888358410329074e-15,4.374567335334992e-15,2.2599214028740838e-15
14,4444,404,127,9.999999999999987e-16,9.999999999999999e-16,9.999999999999983e-16
14,4444,404,128,9.999999999999987e-16,9.999999999999999e-16,9.999999999999983e-16
14,4444,505,1,0.8833921558081883,0.8837333455964422,0.8838610168400278
14,4444,505,2,0.06645492461401688,0.06657267539704133,0.06650001035696904
14,4444,505,3,0.017059858556252295,0.016741068745644225,0.017003426146975028
14,4444,505,4,0.01243697772305804,0.01252925285956316,0.012479328901774212
14,4444,505,5,0.010762003420061166,0.010697358649173924,0.010785175340745343
14,4444,505,6,0.004246656150362347,0.004160175549614244,0.004254563968666559
14,4444,505,7,0.0018861824271108572,0.0018316799240106836,0.0017182277664648362
14,4444,505,8,0.0008418662146656559,0.0008109214494316999,0.0007571272040418834
14,4444,505,9,0.000718063385453283,0.0007627840079768164,0.0007417091669119557
14,4444,505,10,0.0005870080488357764,0.0005544833408399382,0.0004997504319451312
14,4444,505,11,0.0003098201063565217,0.0003163017814061504,0.00031473518809784233
14,4444,505,12,0.0002586305490452278,0.00028168497033689225,0.0002273141733483252
14,4444,505,13,0.00021632486859016176,0.00021660979785900457,0.0001744676636213964
14,4444,505,14,0.00018980143555750412,0.00016510445131261346,0.00014248314692519412
14,4444,505,15,0.00013958659949441456,0.00015104182112893265,0.00013415965362609155
14,4444,505,16,0.00011987327632761862,0.0001100171282124774,0.00010891305735495949
14,4444,505,17,0.00010227159389536012,9.969299259487501e-05,7.62813794616926e-05
14,4444,505,18,5.635783194232789e-05,6.344172307102773e-05,4.5459169075266326e-05
14,4444,505,19,4.39834035095461e-05,4.323708665377857e-05,3.922948639305706e-05
14,4444,505,20,3.096159974272309e-05,3.148470441380338e-05,2.7098021555100448e-05
14,4444,505,21,2.7372488912530132e-05,2.288550944030348e-05,2.1900897083469616e-05
14,4444,505,22,2.4943163760118033e-05,1.8942422133392456e-05,1.9983647130851925e-05
14,4444,505,23,1.5631858842493305e-05,1.4950136322221453e-05,1.2470698656636678e-05
14,4444,505,24,1.5300810576649932e-05,1.413523173276263e-05,1.095152162173202e-05
14,4444,505,25,1.1650684491173498e-05,1.02583058869561e-05,8.919033194489516e-06
14,4444,505,26,9.83341868326103e-06,8.968723182854915e-06,7.484871568845393e-06
14,4444,505,27,8.95678975622225e-06,5.9546035228774e-06,5.957703314946578e-06
14,4444,505,28,6.11181142266316e-06,5.3387117482751376e-06,3.690641064109645e-06
14,4444,505,29,4.199821390356805e-06,3.836658196338473e-06,3.1257695973004235e-06
14,4444,505,30,3.3303296125397857e-06,3.222448429145363e-06,2.08764395627685e-06
14,4444,505,31,3.13385381064343e-06,2.6950885743525534e-06,1.929821143251831e-06
14,4444,505,32,2.5874551564134298e-06,2.3892362970818697e-06,1.804438010091094e-06
14,4444,505,33,1.910742134881565e-06,1.9256446266510513e-06,1.6416357617845358e-06
14,4444,505,34,1.6614006788471842e-06,1.7508538088376738e-06,1.2014396303827624e-06
14,4444,505,35,1.5457097128146415e-06,1.6593720676930512e-06,9.669625525991578e-07
14,4444,505,36,1.1924224738716648e-06,1.4237531791140802e-06,7.738978589982042e-07
14,4444,505,37,1.0879445960968398e-06,1.252273508337823e-06,6.91743837467513e-07
14,4444,505,38,1.0190853268970156e-06,9.129542989864499e-07,6.156998970281449e-07
14,4444,505,39,8.302880019948384e-07,7.497778040543631e-07,4.984955012838668e-07
14,4444,505,40,7.168628215398236e-07,6.652631939670244e-07,4.369864102565328e-07
14,4444,505,41,6.318427285506395e-07,5.720779069261339e-07,3.370873319233028e-07
14,4444,505,42,5.240068267832248e-07,4.580165570260383e-07,2.8912359521873837e-07
14,4444,505,43,4.283632012620935e-07,4.183696242247814e-07,2.7411885845008806e-07
14,4444,505,44,3.4385295097071173e-07,4.0030749882918447e-07,2.2620405713481435e-07
14,4444,505,45,2.854587579897762e-07,3.1536774749172547e-07,2.1270978971630046e-07
14,4444,505,46,2.4829294952925664e-07,2.4349943339156346e-07,1.8121134911184188e-07
14,4444,505,47,2.472475586020076e-07,1.6314912661629827e-07,1.5732532881463342e-07
14,4444,505,48,1.4658154859595564e-07,1.569167461025005e-07,1.2420007755992195e-07
14,4444,505,49,1.14779878236837e-07,1.387323512061831e-07,1.08224306211799e-07
14,4444,505,50,1.1132646573251927e-07,1.132649390341405e-07,6.738723116922447e-08
14,4444,505,51,9.236337129934105e-08,1.1212636586546554e-07,6.316542162961444e-08
14,4444,505,52,8.152596171153273e-08,9.583721179287186e-08,6.103352460823417e-08
14,4444,505,53,6.918460013995795e-08,8.00448043589692e-08,4.615981251281703e-08
14,4444,505,54,6.734198100261155e-08,5.615340309337759e-08,3.916783213133381e-08
14,4444,505,55,3.767575677001902e-08,4.864754259547629e-08,3.182402984437711e-08
14,4444,505,56,3.312895050050192e-08,4.412012898772554e-08,2.8526481611939437e-08
14,4444,505,57,2.3743271740514623e-08,4.354069318307149e-08,1.9917292782001565e-08
14,4444,505,58,2.2964869884956772e-08,3.872024033092302e-08,1.6827440191979737e-08
14,4444,505,59,2.1129222802874865e-08,3.048052757994045e-08,1.6462080148462136e-08
14,4444,505,60,1.921373129185862e-08,2.4510807578742297e-08,1.2869472232761382e-08
14,4444,505,61,1.676866988343339e-08,2.2526670638578527e-08,1.2529499322589015e-08
14,4444,505,62,1.5078999842383135e-08,1.8416846238784083e-08,9.161617812731529e-09
14,4444,505,63,1.2643906196294087e-08,1.7561636723355716e-08,8.012642377866411e-09
14,4444,505,64,1.0947578844822323e-08,1.6033741914012478e-08,6.5572726522089904e-09
14,4444,505,65,1.0450877491029947e-08,1.3381346054486606e-08,5.445676634545534e-09
14,4444,505,66,1.0353707422303847e-08,1.2025060516829861e-08,4.281654321177697e-09
14,4444,505,67,7.0192851812564246e-09,1.0976003876891732e-08,3.806217838520154e-09
14,4444,505,68,6.5001108176879025e-09,8.390889455262985e-09,3.377388764118509e-09
14,4444,505,69,5.503576867406417e-09,7.257151764117889e-09,3.104438157321867e-09
14,4444,505,70,4.949153028963807e-09,5.302076367439972e-09,2.7595194417066816e-09
14,4444,505,71,4.575988285146382e-09,4.592281376998305e-09,2.6745873560081833e-09
14,4444,505,72,3.484057203246635e-09,4.485344742385163e-09,2.0211707705986263e-09
14,4444,505,73,2.8919336017309832e-09,4.0856196684384825e-09,1.6023218755384004e-09
14,4444,505,74,1.9877784377102938e-09,3.5636932121831387e-09,1.5426288490526846e-09
14,4444,505,75,1.7450573036034456e-09,2.9422841134910965e-09,1.5062155518110797e-09
14,4444,505,76,1.5112415352635325e-09,2.7529193984776993e-09,1.1375496228382184e-09
14,4444,505,77,1.2668046389785269e-09,2.0053619748287864e-09,9.156672401788693e-10
14,4444,505,78,1.1399368972705312e-09,1.9521486358586883e-09,8.252132642894174e-10
14,4444,505,79,1.0544168955048276e-09,1.3638973675638773e-09,7.233041843007843e-10
14,4444,505,80,9.500148864764335e-10,1.1712614950382206e-09,6.219343434413033e-10
14,4444,505,81,7.469386693149696e-10,9.16070482719701e-10,5.306736273017339e-10
14,4444,505,82,6.560897408469241e-10,8.815229652734345e-10,4.413029937747014e-10
14,4444,505,83,6.050874940373053e-10,7.431632126923187e-10,4.1193018126653663e-10
14,4444,505,84,3.844403922283679e-10,5.885745583894541e-10,3.1651803614032725e-10
14,4444,505,85,3.0659757891445783e-10,5.222839134138798e-10,3.1013013091378953e-10
14,4444,505,86,2.7701009495217616e-10,5.115325666228293e-10,2.4393894864508515e-10
14,4444,505,87,2.4444515862100086e-10,4.2767646525421306e-10,1.817057050901889e-10
14,4444,505,88,2.3683388980326937e-10,2.6153663766165355e-10,1.2869389546105727e-10
14,4444,505,89,2.1644062054211112e-10,2.524423096937698e-10,1.0454972239285847e-10
14,4444,505,90,1.4281965504444702e-10,1.788076723378165e-10,9.976500920127551e-11
14,4444,505,91,1.3228801748828244e-10,1.6610796229531646e-10,7.59164537682031e-11
14,4444,505,92,9.298397146079601e-11,1.6016935972199291e-10,7.166401174871598e-11
14,4444,505,93,9.061643671427632e-11,1.2142519890267992e-10,5.8155229214104575e-11
14,4444,505,94,8.934393177052123e-11,1.0030533914655565e-10,4.994796348479677e-11
14,4444,505,95,6.657613395395956e-11,8.611846522570635e-11,4.859378564400706e-11
14,4444,505,96,5.1441028765092776e-11,8.311208273410723e-11,3.364371575211026e-11
14,4444,505,97,4.5858616995682376e-11,6.459256952739335e-11,2.503448597978894e-11
14,4444,505,98,3.529623349620437e-11,6.196594851476775e-11,2.2351661332919144e-11
14,4444,505,99,3.486747507206739e-11,5.028687973858108e-11,1.4686425590601016e-11
14,4444,505,100,2.3895757221073534e-11,4.323805088712286e-11,1.3870824251701442e-11
14,4444,505,101,2.2848456597630135e-11,3.151030400775004e-11,1.1060553808960759e-11
14,4444,505,102,1.8036258106461878e-11,2.5789668248299336e-11,7.908100319494247e-12
14,4444,505,103,1.3707212657544397e-11,2.401793860479386e-11,6.968045689777078e-12
14,4444,505,104,1.1682440909535168e-11,1.8873531042753287e-11,5.675540920494974e-12
14,4444,505,105,8.814300323036971e-12,1.489366708704383e-11,4.470320975647512e-12
14,4444,505,106,8.512425179698037e-12,9.49167626196457e-12,4.014748023861239e-12
14,4444,505,107,7.235926596102778e-12,9.140761437029721e-12,3.237083793565324e-12
14,4444,505,108,6.4213813633694616e-12,6.8135779682959655e-12,2.38856036997606e-12
14,4444,505,109,4.373327828829437e-12,6.043514411537032e-12,1.834938877435863e-12
14,4444,505,110,3.7367311347599265e-12,4.391729016368289e-12,1.3861114107608124e-12
14,4444,505,111,3.347353298820424e-12,3.0819212003819455e-12,1.1596151865704167e-12
14,4444,505,112,2.7367186106072824e-12,3.0084443729898547e-12,9.778847723467055e-13
14,4444,505,113,2.4595475583185606e-12,2.2612329746971604e-12,6.564252775900443e-13
14,4444,505,114,1.1413612472320634e-12,1.448776171861137e-12,5.25846709396159e-13
14,4444,505,115,7.15610670446734e-13,1.121935859889489e-12,3.1229775979058935e-13
14,4444,505,116,5.949709478473598e-13,7.059008064555109e-13,2.619498790519191e-13
14,4444,505,117,3.698033726867181e-13,6.915043837067356e-13,1.9199411623726908e-13
14,4444,505,118,3.1585944344564263e-13,4.4924517036085495e-13,1.2644804266445365e-13
14,4444,505,119,2.1316394248125363e-13,3.3621289352508315e-13,7.387812069504516e-14
14,4444,505,120,1.7750301945060625e-13,1.6465523769990965e-13,3.3277104623310665e-14
14,4444,505,121,1.4122799867310448e-13,8.113602385332072e-14,2.2506734655604572e-14
14,4444,505,122,1.253306568937409e-13,5.793431016606233e-14,1.662944185540724e-14
14,4444,505,123,7.551143693807973e-14,5.365120657666337e-14,9.030579237157562e-15
14,4444,505,124,2.896663140274328e-14,3.1959204800684954e-14,3.549328732963619e-15
14,4444,505,125,5.9333743796878844e-15,1.986233812539395e-14,2.841548847775931e-15
14,4444,505,126,2.8888358410329074e-15,1.0991824308833949e-14,9.999999999999981e-16
14,4444,505,127,9.999999999999987e-16,9.99999999999999e-16,9.999999999999981e-16
14,4444,505,128,9.999999999999987e-16,9.99999999999999e-16,9.999999999999981e-16
14,5678,101,1,0.8799546589326628,0.8810056627878754,0.8800800450185264
14,5678,101,2,0.06039911364489689,0.05941711661665584,0.06040574444374203
14,5678,101,3,0.029791402478690176,0.029719322420369888,0.030346460262814207
14,5678,101,4,0.014779378760118596,0.014970159568300313,0.014824289258800067
14,5678,101,5,0.00573723612446272,0.005763282476164052,0.005760847281836048
14,5678,101,6,0.0030611625733051387,0.0030384651902464785,0.003021758657016739
14,5678,101,7,0.001850498346694316,0.0017689473123752917,0.0016061279462747805
14,5678,101,8,0.0011952143426533003,0.0011718672751250057,0.0012140540185674412
14,5678,101,9,0.0011661007448972808,0.0011465284468427993,0.001035267279660656
14,5678,101,10,0.0005563496344332643,0.0005414176049016073,0.0004751479932261231
14,5678,101,11,0.0005072832050894304,0.0005196811306417199,0.00039912864951407675
14,5678,101,12,0.00023266351070324226,0.00020824461577778597,0.00021338053754694244
14,5678,101,13,0.00017780615374707925,0.0001531318241929217,0.00013850465122713668
14,5678,101,14,0.00013641178042205445,0.00012719231279279355,0.00010542246329498631
14,5678,101,15,0.000109427518861189,0.00010345925120615733,8.939400445838183e-05
14,5678,101,16,7.478293683520212e-05,8.106894673194565e-05,6.644839268583482e-05
14,5678,101,17,5.053225189327309e-05,4.8645306379142555e-05,4.76464912758208e-05
14,5678,101,18,3.973762181004159e-05,3.307457306417112e-05,3.723226268432239e-05
14,5678,101,19,3.346254359796389e-05,2.8437151404561244e-05,2.1092968387502708e-05
14,5678,101,20,2.4610997813535603e-05,2.6805459212479693e-05,1.8645903269444e-05
14,5678,101,21,2.013845136969121e-05,2.6695780103991903e-05,1.7498547306733033e-05
14,5678,101,22,1.5208286556878967e-05,1.4786440174892709e-05,1.2533289143137396e-05
14,5678,101,23,1.3446931921071728e-05,1.4282053637677729e-05,1.123771852076807e-05
14,5678,101,24,1.3372511773060387e-05,1.2867142818494336e-05,9.845016252515436e-06
14,5678,101,25,1.0831190162560217e-05,9.450503428395895e-06,8.081650026512163e-06
14,5678,101,26,8.136641574505173e-06,9.075048231322126e-06,7.194721764718331e-06
14,5678,101,27,7.992971257845996e-06,7.608360761639056e-06,4.430875615818333e-06
14,5678,101,28,5.365274475027694e-06,5.745765107411702e-06,3.772451644774691e-06
14,5678,101,29,4.292995405024899e-06,4.636099680890097e-06,3.206543908446755e-06
14,5678,101,30,4.0478556373292075e-06,3.712205473699576e-06,2.7382989673517506e-06
14,5678,101,31,3.600086716679734e-06,3.046737373366723e-06,2.3966074446871783e-06
14,5678,101,32,3.5404794706545097e-06,2.855487210155567e-06,1.7647255403932064e-06
14,5678,101,33,1.819476283808829e-06,2.397430469445562e-06,1.4975211685134519e-06
14,5678,101,34,1.489053176150218e-06,2.2526500690673333e-06,1.092970012937901e-06
14,5678,101,35,1.337227740842743e-06,1.336011835991771e-06,1.01956386384279e-06
14,5678,101,36,1.067573277628495e-06,1.0060733123236917e-06,8.412871918954794e-07
14,5678,101,37,9.346292049217715e-07,7.848540414883457e-07,7.129125196581802e-07
14,5678,101,38,8.113464402626703e-07,6.399905480289787e-07,5.56684057784897e-07
14,5678,101,39,6.865395032536359e-07,6.343311741885787e-07,4.5334970570979684e-07
14,5678,101,40,5.995667043573481e-07,5.772708761787002e-07,3.716757408014527e-07
14,5678,101,41,4.6896189677153275e-07,4.0462999957848453e-07,3.2257552018193275e-07
14,5678,101,42,4.288390958016277e-07,3.650082684427294e-07,2.699215704222377e-07
14,5678,101,43,3.66653972578167e-07,3.3549512938563035e-07,2.538613531496006e-07
14,5678,101,44,3.186596925979822e-07,2.6709812061790345e-07,1.7524025166946245e-07
14,5678,101,45,2.64631648403256e-07,2.489477326741265e-07,1.5214743639284124e-07
14,5678,101,46,2.1723251230210656e-07,1.758244663094608e-07,1.375988820613505e-07
14,5678,101,47,2.0487413672757515e-07,1.7258678475232605e-07,1.3027199189407428e-07
14,5678,101,48,1.8138068758728424e-07,1.5546952037469176e-07,9.505088039820288e-08
14,5678,101,49,1.746672468709787e-07,1.371585941326775e-07,8.839881522701398e-08
14,5678,101,50,1.440806307185284e-07,1.1992879995397446e-07,7.812012449445986e-08
14,5678,101,51,1.1159825831045403e-07,1.0823521181281144e-07,5.8825067805627976e-08
14,5678,101,52,8.686848427784714e-08,9.462348064494016e-08,5.240978986843087e-08
14,5678,101,53,6.832875896890227e-08,7.822544264833116e-08,4.605438404056424e-08
14,5678,101,54,5.8463781449705124e-08,7.025508685721931e-08,3.854141063810536e-08
14,5678,101,55,5.1188818209188846e-08,5.5274433880426895e-08,3.136680737135671e-08
14,5678,101,56,4.5586708254130944e-08,4.2859814937402226e-08,2.7510450921780575e-08
14,5678,101,57,3.998870924204067e-08,4.173976115088066e-08,2.6903405069692666e-08
14,5678,101,58,3.448310627347358e-08,3.782260933009986e-08,2.5384026889974592e-08
14,5678,101,59,2.385940404960962e-08,3.5124405916446315e-08,2.2275333034054562e-08
14,5678,101,60,2.252245599622113e-08,2.073945456510509e-08,1.3134318384775882e-08
14,5678,101,61,2.1449865653100277e-08,1.837652129622286e-08,1.0861786095504447e-08
14,5678,101,62,1.7858449673682226e-08,1.7261572965479198e-08,1.0184260812234578e-08
14,5678,101,63,1.7671018027835884e-08,1.252269409819714e-08,8.613813868228284e-09
14,5678,101,64,1.1281282060754182e-08,1.1500142960546224e-08,5.9235750807212415e-09
14,5678,101,65,8.426887280074439e-09,1.0650858054244913e-08,5.117145856912261e-09
14,5678,101,66,8.048373497697546e-09,8.377646634797413e-09,4.6243358884412405e-09
14,5678,101,67,6.856737011243625e-09,7.242658896867125e-09,3.6187245193083177e-09
14,5678,101,68,5.718015741234013e-09,6.634427138434294e-09,3.0386545400495353e-09
14,5678,101,69,5.121849687980039e-09,5.2511397009120676e-09,2.7361296852771513e-09
14,5678,101,70,4.5512156251550345e-09,4.674594210056152e-09,2.2104114378538834e-09
14,5678,101,71,3.7695380463739884e-09,4.552869719633798e-09,2.111507653072036e-09
14,5678,101,72,3.656852468250477e-09,3.8135348806448224e-09,1.625093489202494e-09
14,5678,101,73,3.2415764183406716e-09,3.1087138968460332e-09,1.1650526255109884e-09
14,5678,101,74,2.9046300714142388e-09,2.790795130480286e-09,9.296297904235163e-10
14,5678,101,75,1.9955910622252928e-09,2.2615141174211082e-09,8.992635932868663e-10
14,5678,101,76,1.8049419028546886e-09,2.012679008081363e-09,8.487872537637048e-10
14,5678,101,77,1.6088385836953623e-09,1.5865356394414126e-09,7.197144390758943e-10
14,5678,101,78,1.0217996778055597e-09,1.393216444781812e-09,6.426977284893155e-10
14,5678,101,79,9.474171036111884e-10,1.3259980604285745e-09,5.531375654529899e-10
14,5678,101,80,8.818146131668127e-10,1.1536412618199483e-09,4.6486797478927263e-10
14,5678,101,81,8.279328756012845e-10,8.413110414624899e-10,3.7373427162379024e-10
14,5678,101,82,7.666350566502888e-10,8.37116509786177e-10,3.3081342649687325e-10
14,5678,101,83,6.253006027277018e-10,6.390110075869053e-10,3.053400425394293e-10
14,5678,101,84,5.226482096278794e-10,5.588821869410313e-10,2.94038367506611e-10
14,5678,101,85,4.093148300642065e-10,4.0630820494149763e-10,2.2968778785615091e-10
14,5678,101,86,3.416573303828859e-10,3.7427293198672184e-10,1.746575966908185e-10
14,5678,101,87,3.2581682119630305e-10,3.6055675643454926e-10,1.554900668857096e-10
14,5678,101,88,2.368989533842165e-10,3.2913081585822025e-10,1.3089296251011672e-10
14,5678,101,89,1.7839740273714085e-10,3.0424111596875395e-10,9.706341099392872e-11
14,5678,101,90,1.460035739069061e-10,2.488666856648001e-10,9.200055427556428e-11
14,5678,101,91,1.23679903869503e-10,1.6605117179633329e-10,7.523080727806607e-11
14,5678,101,92,1.2294812048081225e-10,1.4784394534950805e-10,7.085240642437863e-11
14,5678,101,93,9.261318147379013e-11,1.3798529501646825e-10,5.500248140135436e-11
14,5678,101,94,9.181276106728464e-11,1.1572830936092013e-10,4.651418766067702e-11
14,5678,101,95,5.979317317908835e-11,9.467646838591537e-11,4.196186615561358e-11
14,5678,101,96,5.569769986407571e-11,7.275943681061715e-11,3.2188232021212983e-11
14,5678,101,97,4.3485290581665786e-11,5.2472386059553775e-11,2.2931205347030714e-11
14,5678,101,98,2.8257369942769524e-11,4.023701303637756e-11,2.0721029812739374e-11
14,5678,101,99,2.7681395320766233e-11,3.928216818606615e-11,1.2900525994582644e-11
14,5678,101,100,2.0982220799538583e-11,3.4885684099853125e-11,1.171654959102834e-11
14,5678,101,101,2.0845350090754485e-11,2.74903007715832e-11,1.0107059575020903e-11
14,5678,101,102,1.5692030777062872e-11,2.2157603016079212e-11,8.338327095908312e-12
14,5678,101,103,7.374984248698686e-12,2.05787091755405e-11,6.748585249980402e-12
14,5678,101,104,7.143036421095706e-12,1.9864338377208615e-11,5.2206385393903555e-12
14,5678,101,105,5.0589980402915046e-12,1.6690073482333057e-11,4.7281303323611055e-12
14,5678,101,106,3.660763038892436e-12,1.152734867096998e-11,4.150716606644056e-12
14,5678,101,107,3.50722580807054e-12,1.1242649515333382e-11,2.587573021967964e-12
14,5678,101,108,2.122659994644335e-12,5.524589874387659e-12,2.2360420668412557e-12
14,5678,101,109,1.5897685914347657e-12,4.4687791881558236e-12,1.820598454474029e-12
14,5678,101,110,1.5266223378836136e-12,3.8686798795702496e-12,1.174599560972747e-12
14,5678,101,111,1.4086597002531447e-12,2.5779330140067764e-12,8.492382543305498e-13
14,5678,101,112,1.0306325048465377e-12,2.2926776057309328e-12,7.88523221304054e-13
14,5678,101,113,7.865496079025082e-13,1.1696698964670368e-12,6.165448133422079e-13
14,5678,101,114,5.68028972000325e-13,9.474781915904274e-13,3.512193113826196e-13
14,5678,101,115,4.0912693748142695e-13,8.995455918267565e-13,3.2307658719346746e-13
14,5678,101,116,2.998724328842577e-13,5.730470376187173e-13,2.3431342668354544e-13
14,5678,101,117,1.7193604345367732e-13,4.915468356430227e-13,1.4333411270054304e-13
14,5678,101,118,9.816678674343785e-14,2.2036812981653142e-13,9.09083675103796e-14
14,5678,101,119,9.44298212274328e-14,9.042484578662317e-14,6.156705761148172e-14
14,5678,101,120,5.3823225244131685e-14,7.343019977768535e-14,2.9309215484904285e-14
14,5678,101,121,3.076472295968052e-14,7.147216726002677e-14,1.900140401633801e-14
14,5678,101,122,1.3710873639273435e-14,5.353815413008488e-14,1.582450183293486e-14
14,5678,101,123,9.935371361598281e-15,3.139489885412068e-14,6.065808449236303e-15
14,5678,101,124,3.725228823994026e-15,5.233552531802238e-15,1.3170201517801534e-15
14,5678,101,125,9.99999999999999e-16,4.123884945648797e-15,9.99999999999998e-16
14,5678,101,126,9.99999999999999e-16,2.7435053737281688e-15,9.99999999999998e-16
14,5678,101,127,9.99999999999999e-16,9.999999999999971e-16,9.99999999999998e-16
14,5678,101,128,9.99999999999999e-16,9.999999999999971e-16,9.99999999999998e-16
14,5678,202,1,0.8799546589326628,0.8806042676984341,0.8798540062288314
14,5678,202,2,0.06039911364489689,0.060085118007029065,0.06100436386125817
14,5678,202,3,0.029791402478690176,0.029623819868568334,0.029821292612349153
14,5678,202,4,0.014779378760118596,0.014786614763496058,0.014876231040688779
14,5678,202,5,0.00573723612446272,0.005748138574730741,0.005745439645011741
14,5678,202,6,0.0030611625733051387,0.003057688338906655,0.0030904526332540283
14,5678,202,7,0.001850498346694316,0.0017774944308741152,0.0017535406831361456
14,5678,202,8,0.0011952143426533003,0.0011927856459571391,0.0011501305245402553
14,5678,202,9,0.0011661007448972808,0.0010420827048949804,0.0009673290161582615
14,5678,202,10,0.0005563496344332643,0.0006294462517430895,0.00047861484842381605
14,5678,202,11,0.0005072832050894304,0.00047747889323034514,0.000431257304508097
14,5678,202,12,0.00023266351070324226,0.0002214199769904951,0.0002082980231011607
14,5678,202,13,0.00017780615374707925,0.00017369362826210824,0.0001322100974331002
14,5678,202,14,0.00013641178042205445,0.00012332518880894643,0.00010594371442181325
14,5678,202,15,0.000109427518861189,0.00010928080890012396,9.358638530115962e-05
14,5678,202,16,7.478293683520212e-05,7.016198718063762e-05,6.578434613549657e-05
14,5678,202,17,5.053225189327309e-05,4.380657368512056e-05,4.488929591433382e-05
14,5678,202,18,3.973762181004159e-05,4.036803369298122e-05,3.3746332910239176e-05
14,5678,202,19,3.346254359796389e-05,3.328686127586939e-05,2.397199899641529e-05
14,5678,202,20,2.4610997813535603e-05,2.8835508988987054e-05,1.9696176481162853e-05
14,5678,202,21,2.013845136969121e-05,2.811743562324263e-05,1.945793456052734e-05
14,5678,202,22,1.5208286556878967e-05,2.0587279255636774e-05,1.5100476448960937e-05
14,5678,202,23,1.3446931921071728e-05,1.200281312114073e-05,1.0911726803060374e-05
14,5678,202,24,1.3372511773060387e-05,1.1861499908299466e-05,9.832368388432267e-06
14,5678,202,25,1.0831190162560217e-05,9.263418312922486e-06,8.18142856640437e-06
14,5678,202,26,8.136641574505173e-06,8.285501397596537e-06,6.1972248040338766e-06
14,5678,202,27,7.992971257845996e-06,6.098306444142774e-06,5.461309102292552e-06
14,5678,202,28,5.365274475027694e-06,4.663523695695756e-06,4.63605013468469e-06
14,5678,202,29,4.292995405024899e-06,4.429062260125285e-06,3.682445606884787e-06
14,5678,202,30,4.0478556373292075e-06,4.248939838809671e-06,3.2529955913297218e-06
14,5678,202,31,3.600086716679734e-06,3.4424918258919235e-06,2.533928427453931e-06
14,5678,202,32,3.5404794706545097e-06,3.335828902870715e-06,1.789674684503443e-06
14,5678,202,33,1.819476283808829e-06,2.674542477318945e-06,1.2256534532017361e-06
14,5678,202,34,1.489053176150218e-06,2.3425001731164197e-06,9.118374980813668e-07
14,5678,202,35,1.337227740842743e-06,1.5168516676425835e-06,8.888375392304906e-07
14,5678,202,36,1.067573277628495e-06,9.995427067189637e-07,7.8123964547315e-07
14,5678,202,37,9.346292049217715e-07,9.132822677028376e-07,7.128090279995016e-07
14,5678,202,38,8.113464402626703e-07,8.409790462631133e-07,5.900639954074039e-07
14,5678,202,39,6.865395032536359e-07,7.211441335257776e-07,4.782134178140718e-07
14,5678,202,40,5.995667043573481e-07,6.794304849796941e-07,4.2221648446137555e-07
14,5678,202,41,4.6896189677153275e-07,5.440573217345204e-07,3.329155336084781e-07
14,5678,202,42,4.288390958016277e-07,4.618183447250819e-07,2.8713091489221256e-07
14,5678,202,43,3.66653972578167e-07,4.2930446807921613e-07,2.122048425486568e-07
14,5678,202,44,3.186596925979822e-07,3.2087495797551066e-07,1.9018323962305485e-07
14,5678,202,45,2.64631648403256e-07,2.7124463016821307e-07,1.6447557796089297e-07
14,5678,202,46,2.1723251230210656e-07,2.584014002427745e-07,1.3796404711056714e-07
14,5678,202,47,2.0487413672757515e-07,2.3123217261418566e-07,1.0854102984634172e-07
14,5678,202,48,1.8138068758728424e-07,2.035808747623441e-07,1.0735612346816884e-07
14,5678,202,49,1.746672468709787e-07,1.5738036054209265e-07,9.978767646890723e-08
14,5678,202,50,1.440806307185284e-07,1.2676933432612747e-07,7.659954360415088e-08
14,5678,202,51,1.1159825831045403e-07,1.1468933636644356e-07,6.734645799280475e-08
14,5678,202,52,8.686848427784714e-08,1.0314048742361067e-07,5.521053374143001e-08
14,5678,202,53,6.832875896890227e-08,8.810903084800116e-08,5.215779972350177e-08
14,5678,202,54,5.8463781449705124e-08,8.128515400804351e-08,4.689160799656605e-08
14,5678,202,55,5.1188818209188846e-08,6.69418942645373e-08,3.5490353112871374e-08
14,5678,202,56,4.5586708254130944e-08,6.158088485810143e-08,3.4339564253644666e-08
14,5678,202,57,3.998870924204067e-08,4.906862455606336e-08,2.636988683849485e-08
14,5678,202,58,3.448310627347358e-08,4.385498696383135e-08,2.2962785218743952e-08
14,5678,202,59,2.385940404960962e-08,3.581766431947559e-08,1.6938890695217073e-08
14,5678,202,60,2.252245599622113e-08,3.4747624230157745e-08,1.4110665550836385e-08
14,5678,202,61,2.1449865653100277e-08,3.136629903641487e-08,1.29256074512435e-08
14,5678,202,62,1.7858449673682226e-08,2.8113389972196544e-08,1.0354756776031781e-08
14,5678,202,63,1.7671018027835884e-08,2.1779826948744278e-08,8.378225183149436e-09
14,5678,202,64,1.1281282060754182e-08,1.616694874631114e-08,7.661764615375531e-09
14,5678,202,65,8.426887280074439e-09,1.562934958691588e-08,5.776280740653562e-09
14,5678,202,66,8.048373497697546e-09,1.12905772931605e-08,5.655456167915349e-09
14,5678,202,67,6.856737011243625e-09,8.449285388588557e-09,3.6269350583660972e-09
14,5678,202,68,5.718015741234013e-09,6.133660154509042e-09,3.516047664087427e-09
14,5678,202,69,5.121849687980039e-09,5.538344073887735e-09,2.750801180688641e-09
14,5678,202,70,4.5512156251550345e-09,4.701080786514657e-09,2.241977781519744e-09
14,5678,202,71,3.7695380463739884e-09,3.3069662596148205e-09,2.153095056837411e-09
14,5678,202,72,3.656852468250477e-09,3.2404654097903222e-09,1.829641983844049e-09
14,5678,202,73,3.2415764183406716e-09,3.0031694694042343e-09,1.6831567658089685e-09
14,5678,202,74,2.9046300714142388e-09,2.4709429188500055e-09,1.4589636745158725e-09
14,5678,202,75,1.9955910622252928e-09,2.050045963182728e-09,1.0943077888601203e-09
14,5678,202,76,1.8049419028546886e-09,1.9188550252615183e-09,1.0413300254698082e-09
14,5678,202,77,1.6088385836953623e-09,1.7184958456257566e-09,9.7563966008435e-10
14,5678,202,78,1.0217996778055597e-09,1.4842412506892073e-09,7.087120026774629e-10
14,5678,202,79,9.474171036111884e-10,1.469577901959121e-09,6.832773130823945e-10
14,5678,202,80,8.818146131668127e-10,1.220606328915053e-09,4.3713863988427965e-10
14,5678,202,81,8.279328756012845e-10,1.2035835960348866e-09,3.7647136796265503e-10
14,5678,202,82,7.666350566502888e-10,9.172978417396748e-10,3.5159665496311317e-10
14,5678,202,83,6.253006027277018e-10,8.090050402940215e-10,3.3125395669346733e-10
14,5678,202,84,5.226482096278794e-10,6.600051046472715e-10,2.5594610767877396e-10
14,5678,202,85,4.093148300642065e-10,5.838163320987118e-10,2.466777561802861e-10
14,5678,202,86,3.416573303828859e-10,4.243541441973031e-10,2.234321949206041e-10
14,5678,202,87,3.2581682119630305e-10,3.6616087791251796e-10,2.075162527193034e-10
14,5678,202,88,2.368989533842165e-10,3.45137047485108e-10,1.6744616852793095e-10
14,5678,202,89,1.7839740273714085e-10,2.4698466493411316e-10,1.326995363807883e-10
14,5678,202,90,1.460035739069061e-10,2.2508394018298526e-10,9.598260647077384e-11
14,5678,202,91,1.23679903869503e-10,1.8488354846888492e-10,9.229636321009211e-11
14,5678,202,92,1.2294812048081225e-10,1.7456030764881728e-10,9.03778366807796e-11
14,5678,202,93,9.261318147379013e-11,1.3429236984388263e-10,5.434217931037721e-11
14,5678,202,94,9.181276106728464e-11,1.3225420919350895e-10,4.598484269450181e-11
14,5678,202,95,5.979317317908835e-11,8.616203310911578e-11,3.794041443209575e-11
14,5678,202,96,5.569769986407571e-11,8.388721040098537e-11,3.5776448055513554e-11
14,5678,202,97,4.3485290581665786e-11,7.148438633751253e-11,2.3721263798142578e-11
14,5678,202,98,2.8257369942769524e-11,5.712606155386111e-11,2.1076134212545575e-11
14,5678,202,99,2.7681395320766233e-11,4.7133353398171485e-11,1.5480572372681335e-11
14,5678,202,100,2.0982220799538583e-11,4.178823271807336e-11,1.0435948455397638e-11
14,5678,202,101,2.0845350090754485e-11,2.675505117976618e-11,9.828325068727472e-12
14,5678,202,102,1.5692030777062872e-11,1.8314570964471098e-11,7.716152552278082e-12
14,5678,202,103,7.374984248698686e-12,1.4524819710063788e-11,6.237534119467537e-12
14,5678,202,104,7.143036421095706e-12,1.3317945849937516e-11,5.606825740503625e-12
14,5678,202,105,5.0589980402915046e-12,1.118642744181666e-11,4.578414107055624e-12
14,5678,202,106,3.660763038892436e-12,9.757515064883141e-12,3.3650339599401964e-12
14,5678,202,107,3.50722580807054e-12,8.733063923988918e-12,3.019326148402538e-12
14,5678,202,108,2.122659994644335e-12,7.752640628305841e-12,2.3387430479439064e-12
14,5678,202,109,1.5897685914347657e-12,7.236937078545334e-12,1.7002505010695888e-12
14,5678,202,110,1.5266223378836136e-12,5.254548172976914e-12,1.5011830871289106e-12
14,5678,202,111,1.4086597002531447e-12,2.795076202152831e-12,1.156404359265067e-12
14,5678,202,112,1.0306325048465377e-12,2.1055853080543382e-12,8.701787135012415e-13
14,5678,202,113,7.865496079025082e-13,1.9817108521140896e-12,7.926532452596541e-13
14,5678,202,114,5.68028972000325e-13,9.995080404671279e-13,5.202380682638304e-13
14,5678,202,115,4.0912693748142695e-13,8.031972246470397e-13,4.0093585183651386e-13
14,5678,202,116,2.998724328842577e-13,7.478360627197435e-13,2.765969216028066e-13
14,5678,202,117,1.7193604345367732e-13,5.813854768556571e-13,1.480263719519162e-13
14,5678,202,118,9.816678674343785e-14,4.247211234014464e-13,1.0271588665825189e-13
14,5678,202,119,9.44298212274328e-14,3.828157613850695e-13,6.655813089153329e-14
14,5678,202,120,5.3823225244131685e-14,1.8480215296614226e-13,4.272344104885057e-14
14,5678,202,121,3.076472295968052e-14,1.1277506626335599e-13,1.693687615638052e-14
14,5678,202,122,1.3710873639273435e-14,8.78718334372565e-14,1.49608820728819e-14
14,5678,202,123,9.935371361598281e-15,4.0403923492001506e-14,8.384049206157643e-15
14,5678,202,124,3.725228823994026e-15,2.801546252380026e-14,4.49600078225277e-15
14,5678,202,125,9.99999999999999e-16,1.1604818801133108e-14,3.704224315864059e-15
14,5678,202,126,9.99999999999999e-16,1.9757311797475153e-15,1.4775079341086647e-15
14,5678,202,127,9.99999999999999e-16,9.999999999999987e-16,9.999999999999985e-16
14,5678,202,128,9.99999999999999e-16,9.999999999999987e-16,9.999999999999985e-16
14,5678,303,1,0.8799546589326628,0.8815052535397947,0.8796145847538045
14,5678,303,2,0.06039911364489689,0.059708128832677204,0.06107684425578237
14,5678,303,3,0.029791402478690176,0.029170010013172824,0.030119287909529547
14,5678,303,4,0.014779378760118596,0.014911720089271567,0.014796645391926575
14,5678,303,5,0.00573723612446272,0.005837048139422137,0.005696971789125821
14,5678,303,6,0.0030611625733051387,0.00307793309817082,0.0031062007433875737
14,5678,303,7,0.001850498346694316,0.0017452589667818295,0.0015396513895151165
14,5678,303,8,0.0011952143426533003,0.001134492284711362,0.0011619204646108883
14,5678,303,9,0.0011661007448972808,0.0010262329254535564,0.0010863240489741525
14,5678,303,10,0.0005563496344332643,0.000467031362744653,0.0004901181349059851
14,5678,303,11,0.0005072832050894304,0.00043282509154642557,0.00044401688008726585
14,5678,303,12,0.00023266351070324226,0.0002602753073151112,0.00021231314927580894
14,5678,303,13,0.00017780615374707925,0.00015926953889065196,0.00016392034749768247
14,5678,303,14,0.00013641178042205445,0.00013361536622151268,0.00010591324917985511
14,5678,303,15,0.000109427518861189,0.00010205783138102472,9.709138037887308e-05
14,5678,303,16,7.478293683520212e-05,6.832867912545605e-05,6.267812023487639e-05
14,5678,303,17,5.053225189327309e-05,5.646223908204814e-05,4.2322186138275385e-05
14,5678,303,18,3.973762181004159e-05,3.497333296786691e-05,3.4599110240662524e-05
14,5678,303,19,3.346254359796389e-05,3.171457744247389e-05,2.5745060678373487e-05
14,5678,303,20,2.4610997813535603e-05,2.8302858370556933e-05,2.171028778922106e-05
14,5678,303,21,2.013845136969121e-05,2.063763688533718e-05,1.7756012827946622e-05
14,5678,303,22,1.5208286556878967e-05,1.5559946610957444e-05,1.7459142237632137e-05
14,5678,303,23,1.3446931921071728e-05,1.2795526800506131e-05,1.1771853792254865e-05
14,5678,303,24,1.3372511773060387e-05,9.26973499490133e-06,8.810172750348992e-06
14,5678,303,25,1.0831190162560217e-05,8.765460146517198e-06,7.28673171402094e-06
14,5678,303,26,8.136641574505173e-06,7.774262910014333e-06,6.136548291680552e-06
14,5678,303,27,7.992971257845996e-06,6.818105560371358e-06,5.247306945701692e-06
14,5678,303,28,5.365274475027694e-06,3.5319258382503854e-06,5.164928198396364e-06
14,5678,303,29,4.292995405024899e-06,3.243333597262732e-06,3.819353745177734e-06
14,5678,303,30,4.0478556373292075e-06,2.916939955229232e-06,2.7955020998465195e-06
14,5678,303,31,3.600086716679734e-06,2.861486723689326e-06,2.7492508573933384e-06
14,5678,303,32,3.5404794706545097e-06,1.8942375019260433e-06,2.1129925831305386e-06
14,5678,303,33,1.819476283808829e-06,1.8903371970325914e-06,1.4825271465436823e-06
14,5678,303,34,1.489053176150218e-06,1.7272299578371535e-06,1.4580628246290534e-06
14,5678,303,35,1.337227740842743e-06,1.5984637304864796e-06,1.0778050296738706e-06
14,5678,303,36,1.067573277628495e-06,1.2265522620225403e-06,9.65316460803581e-07
14,5678,303,37,9.346292049217715e-07,8.762402031681965e-07,8.605080083665308e-07
14,5678,303,38,8.113464402626703e-07,7.78024831135579e-07,7.407455980184707e-07
14,5678,303,39,6.865395032536359e-07,7.628090069857798e-07,5.195888786708318e-07
14,5678,303,40,5.995667043573481e-07,6.212543596742966e-07,4.961997719579404e-07
14,5678,303,41,4.6896189677153275e-07,4.697402782276954e-07,3.5943376127211947e-07
14,5678,303,42,4.288390958016277e-07,4.575047443794127e-07,2.9220524859197403e-07
14,5678,303,43,3.66653972578167e-07,4.2163659358589003e-07,2.7682441511198807e-07
14,5678,303,44,3.186596925979822e-07,3.991129739087427e-07,2.471265015338671e-07
14,5678,303,45,2.64631648403256e-07,2.9545797575283255e-07,1.716854629352624e-07
14,5678,303,46,2.1723251230210656e-07,2.2800214361190422e-07,1.5538508639275005e-07
14,5678,303,47,2.0487413672757515e-07,1.9438737196145985e-07,1.4622831448620483e-07
14,5678,303,48,1.8138068758728424e-07,1.723668806885748e-07,1.1928449424714247e-07
14,5678,303,49,1.746672468709787e-07,1.4477719603417754e-07,9.247647251959397e-08
14,5678,303,50,1.440806307185284e-07,9.481536194903626e-08,9.147112488609718e-08
14,5678,303,51,1.1159825831045403e-07,8.590804100304068e-08,7.13556851933571e-08
14,5678,303,52,8.686848427784714e-08,8.427380018522421e-08,6.1929454092767e-08
14,5678,303,53,6.832875896890227e-08,7.747395341026255e-08,6.146389377453681e-08
14,5678,303,54,5.8463781449705124e-08,5.751518105710658e-08,3.96140857305871e-08
14,5678,303,55,5.1188818209188846e-08,5.489305895685095e-08,3.823274794301443e-08
14,5678,303,56,4.5586708254130944e-08,3.961121548198371e-08,3.041631598431446e-08
14,5678,303,57,3.998870924204067e-08,3.104111449235594e-08,2.797019731385486e-08
14,5678,303,58,3.448310627347358e-08,2.783770873090411e-08,2.5644915380694556e-08
14,5678,303,59,2.385940404960962e-08,2.7554433471058394e-08,1.877967590762183e-08
14,5678,303,60,2.252245599622113e-08,2.000016534598162e-08,1.6768252122853913e-08
14,5678,303,61,2.1449865653100277e-08,1.801641944787249e-08,1.4127588133950325e-08
14,5678,303,62,1.7858449673682226e-08,1.721367111848998e-08,1.2369271157211605e-08
14,5678,303,63,1.7671018027835884e-08,1.4163914737971165e-08,9.733737786656975e-09
14,5678,303,64,1.1281282060754182e-08,1.2712578822225366e-08,8.112777293767813e-09
14,5678,303,65,8.426887280074439e-09,9.261485147890793e-09,6.5431607444936094e-09
14,5678,303,66,8.048373497697546e-09,8.552455373908972e-09,6.445359247643935e-09
14,5678,303,67,6.856737011243625e-09,7.823282357781546e-09,3.791126843907234e-09
14,5678,303,68,5.718015741234013e-09,7.572686348798784e-09,3.6009286998247604e-09
14,5678,303,69,5.121849687980039e-09,4.790782581480075e-09,3.2740410792646367e-09
14,5678,303,70,4.5512156251550345e-09,4.629129932471328e-09,2.9503800727290603e-09
14,5678,303,71,3.7695380463739884e-09,4.364334291003402e-09,2.27258585724004e-09
14,5678,303,72,3.656852468250477e-09,2.9843662182985662e-09,1.855282727012586e-09
14,5678,303,73,3.2415764183406716e-09,2.6153782300753056e-09,1.8034844348916795e-09
14,5678,303,74,2.9046300714142388e-09,2.525213039178533e-09,1.7051066883964153e-09
14,5678,303,75,1.9955910622252928e-09,2.406307672943405e-09,1.3463544943228384e-09
14,5678,303,76,1.8049419028546886e-09,2.261112688374198e-09,9.68577776042439e-10
14,5678,303,77,1.6088385836953623e-09,1.698247948594838e-09,7.233153380691844e-10
14,5678,303,78,1.0217996778055597e-09,1.5107928022334193e-09,6.972730392668246e-10
14,5678,303,79,9.474171036111884e-10,1.1717138289446265e-09,6.706238943477553e-10
14,5678,303,80,8.818146131668127e-10,8.700067277139173e-10,5.757313734520033e-10
14,5678,303,81,8.279328756012845e-10,7.872564637436235e-10,5.561986619755891e-10
14,5678,303,82,7.666350566502888e-10,7.497255017066571e-10,4.082434620728028e-10
14,5678,303,83,6.253006027277018e-10,6.475952798007982e-10,3.1297789528789656e-10
14,5678,303,84,5.226482096278794e-10,5.810780322129482e-10,2.8747440213197924e-10
14,5678,303,85,4.093148300642065e-10,5.389935893978105e-10,2.388205721903982e-10
14,5678,303,86,3.416573303828859e-10,3.0844419261967834e-10,1.8613781964906932e-10
14,5678,303,87,3.2581682119630305e-10,2.771472095929142e-10,1.6102459733151588e-10
14,5678,303,88,2.368989533842165e-10,2.5528435594145705e-10,1.4897170703306004e-10
14,5678,303,89,1.7839740273714085e-10,1.9723181182147022e-10,1.1711051445882408e-10
14,5678,303,90,1.460035739069061e-10,1.8771796733957147e-10,1.0070925591098228e-10
14,5678,303,91,1.23679903869503e-10,1.4495853626414306e-10,7.431775693529756e-11
14,5678,303,92,1.2294812048081225e-10,1.2962007280521305e-10,6.650697029411964e-11
14,5678,303,93,9.261318147379013e-11,1.0768350537018695e-10,5.926913306052355e-11
14,5678,303,94,9.181276106728464e-11,7.74629438012613e-11,4.593612329596982e-11
14,5678,303,95,5.979317317908835e-11,7.488585979472527e-11,3.428007730351211e-11
14,5678,303,96,5.569769986407571e-11,5.499488535631212e-11,2.7033773566973118e-11
14,5678,303,97,4.3485290581665786e-11,4.570089213356523e-11,2.0982503229577845e-11
14,5678,303,98,2.8257369942769524e-11,3.636352212351068e-11,1.804741352793792e-11
14,5678,303,99,2.7681395320766233e-11,2.835730615498261e-11,1.338392246745825e-11
14,5678,303,100,2.0982220799538583e-11,2.4413940229670192e-11,1.0888049556988637e-11
14,5678,303,101,2.0845350090754485e-11,2.374510546446639e-11,9.45002536199146e-12
14,5678,303,102,1.5692030777062872e-11,1.784581082769577e-11,7.571261755578001e-12
14,5678,303,103,7.374984248698686e-12,1.0104755785881142e-11,5.721885990587789e-12
14,5678,303,104,7.143036421095706e-12,9.394831707546377e-12,4.9727216250044525e-12
14,5678,303,105,5.0589980402915046e-12,8.982692418727053e-12,4.329198372119392e-12
14,5678,303,106,3.660763038892436e-12,8.05824558241564e-12,3.499429739632046e-12
14,5678,303,107,3.50722580807054e-12,6.6365048273744714e-12,2.7006019492872667e-12
14,5678,303,108,2.122659994644335e-12,4.949307524969403e-12,1.6883371707462451e-12
14,5678,303,109,1.5897685914347657e-12,4.6676473608290575e-12,1.2769763221195503e-12
14,5678,303,110,1.5266223378836136e-12,3.3187776824066536e-12,1.1952086497088913e-12
14,5678,303,111,1.4086597002531447e-12,2.2932365351587574e-12,1.0104783255498927e-12
14,5678,303,112,1.0306325048465377e-12,2.2115466953097538e-12,8.026106307737762e-13
14,5678,303,113,7.865496079025082e-13,1.4702383815608726e-12,6.368860747610622e-13
14,5678,303,114,5.68028972000325e-13,1.2845213300867096e-12,3.539549298817788e-13
14,5678,303,115,4.0912693748142695e-13,9.567341938196446e-13,2.4825933205296575e-13
14,5678,303,116,2.998724328842577e-13,5.42717286372956e-13,2.0193143506348097e-13
14,5678,303,117,1.7193604345367732e-13,2.38587774907777e-13,1.2978892412086817e-13
14,5678,303,118,9.816678674343785e-14,2.261078740292117e-13,9.655216431549447e-14
14,5678,303,119,9.44298212274328e-14,1.6505178710556244e-13,5.528441659779935e-14
14,5678,303,120,5.3823225244131685e-14,1.4126496867925825e-13,4.6415317364643636e-14
14,5678,303,121,3.076472295968052e-14,7.91396468295842e-14,3.036260541296826e-14
14,5678,303,122,1.3710873639273435e-14,3.889473177569833e-14,1.1357205600177749e-14
14,5678,303,123,9.935371361598281e-15,2.3567743026190318e-14,1.0635189520650101e-14
14,5678,303,124,3.725228823994026e-15,9.618672520434106e-15,2.475369339322382e-15
14,5678,303,125,9.99999999999999e-16,6.644957178684257e-15,2.0221822468804145e-15
14,5678,303,126,9.99999999999999e-16,2.0752101043538693e-15,9.99999999999998e-16
14,5678,303,127,9.99999999999999e-16,9.999999999999995e-16,9.99999999999998e-16
14,5678,303,128,9.99999999999999e-16,9.999999999999995e-16,9.99999999999998e-16
14,5678,404,1,0.8799546589326628,0.8804580990275523,0.8798666873985695
14,5678,404,2,0.06039911364489689,0.06024135665407493,0.06058828546885913
14,5678,404,3,0.029791402478690176,0.029681987650740396,0.030231093341335353
14,5678,404,4,0.014779378760118596,0.01481629304466942,0.014959979749301059
14,5678,404,5,0.00573723612446272,0.005699050225009092,0.005654489808679864
14,5678,404,6,0.0030611625733051387,0.003034047312732013,0.003065417270751796
14,5678,404,7,0.001850498346694316,0.0018478469331080353,0.001668616931705436
14,5678,404,8,0.0011952143426533003,0.0011292482113128904,0.0012166971505997142
14,5678,404,9,0.0011661007448972808,0.0011198409280358782,0.001034106748371007
14,5678,404,10,0.0005563496344332643,0.0005463455457810663,0.0004787887495420232
14,5678,404,11,0.0005072832050894304,0.00043143541866398616,0.0003984619585701882
14,5678,404,12,0.00023266351070324226,0.00022092424287035577,0.00019244266291819885
14,5678,404,13,0.00017780615374707925,0.00017482937571126463,0.00014677815416103352
14,5678,404,14,0.00013641178042205445,0.0001439297742162081,0.00010689416689477614
14,5678,404,15,0.000109427518861189,0.00010749753114300614,9.60089505352069e-05
14,5678,404,16,7.478293683520212e-05,7.78187586190775e-05,7.645606948474986e-05
14,5678,404,17,5.053225189327309e-05,5.0286343863224745e-05,4.4100246136937846e-05
14,5678,404,18,3.973762181004159e-05,4.292338247340045e-05,3.5221965936214275e-05
14,5678,404,19,3.346254359796389e-05,3.558885002136058e-05,2.367899144620525e-05
14,5678,404,20,2.4610997813535603e-05,2.414415213061514e-05,2.066524660363726e-05
14,5678,404,21,2.013845136969121e-05,1.8702186606138878e-05,1.903915793985669e-05
14,5678,404,22,1.5208286556878967e-05,1.5298165747020897e-05,1.516698005661597e-05
14,5678,404,23,1.3446931921071728e-05,1.3940067340916528e-05,9.331207337678723e-06
14,5678,404,24,1.3372511773060387e-05,1.158712077305883e-05,9.041267286823812e-06
14,5678,404,25,1.0831190162560217e-05,9.626611114399311e-06,8.337891065588892e-06
14,5678,404,26,8.136641574505173e-06,7.4894099538548034e-06,6.770298866809021e-06
14,5678,404,27,7.992971257845996e-06,7.3835185138171905e-06,5.257822194353166e-06
14,5678,404,28,5.365274475027694e-06,5.433387384435782e-06,3.6609912840098924e-06
14,5678,404,29,4.292995405024899e-06,5.371105104604214e-06,2.798698804871213e-06
14,5678,404,30,4.0478556373292075e-06,4.733510903733152e-06,2.572063236185857e-06
14,5678,404,31,3.600086716679734e-06,2.989782714546469e-06,2.2877092917074026e-06
14,5678,404,32,3.5404794706545097e-06,2.163828663121711e-06,1.9155408956351925e-06
14,5678,404,33,1.819476283808829e-06,1.6888433410806814e-06,1.744374837665923e-06
14,5678,404,34,1.489053176150218e-06,1.6236567299014494e-06,1.1569458913079496e-06
14,5678,404,35,1.337227740842743e-06,1.4465669989579333e-06,1.010774720608646e-06
14,5678,404,36,1.067573277628495e-06,1.0674701985195743e-06,7.755530581397712e-07
14,5678,404,37,9.346292049217715e-07,9.462236404493365e-07,6.874666418005108e-07
14,5678,404,38,8.113464402626703e-07,7.006934547003454e-07,6.720592125481595e-07
14,5678,404,39,6.865395032536359e-07,6.038848348505742e-07,4.873468180424855e-07
14,5678,404,40,5.995667043573481e-07,5.023072256145634e-07,4.648226994358062e-07
14,5678,404,41,4.6896189677153275e-07,4.972254177426023e-07,2.9724685526414094e-07
14,5678,404,42,4.288390958016277e-07,3.796219955517006e-07,2.8593833709820816e-07
14,5678,404,43,3.66653972578167e-07,3.1402779952906347e-07,1.9574413853268722e-07
14,5678,404,44,3.186596925979822e-07,2.581218039027353e-07,1.7540161455952201e-07
14,5678,404,45,2.64631648403256e-07,2.0185147120938103e-07,1.657460492251057e-07
14,5678,404,46,2.1723251230210656e-07,1.8733151504279805e-07,1.1853881128414546e-07
14,5678,404,47,2.0487413672757515e-07,1.8234806448784268e-07,9.899416739402599e-08
14,5678,404,48,1.8138068758728424e-07,1.6642304521768714e-07,9.35263055829579e-08
14,5678,404,49,1.746672468709787e-07,1.4617556195051297e-07,7.766025317830619e-08
14,5678,404,50,1.440806307185284e-07,1.4106742131617635e-07,7.091637928537126e-08
14,5678,404,51,1.1159825831045403e-07,1.1912206152438098e-07,5.2801563746143893e-08
14,5678,404,52,8.686848427784714e-08,9.720123057259861e-08,4.9550004895596316e-08
14,5678,404,53,6.832875896890227e-08,8.237078449314674e-08,3.663655033896719e-08
14,5678,404,54,5.8463781449705124e-08,6.487310032395128e-08,3.163521845181784e-08
14,5678,404,55,5.1188818209188846e-08,6.095491622936189e-08,2.9249977644571664e-08
14,5678,404,56,4.5586708254130944e-08,5.7340375632259584e-08,2.6700510442620572e-08
14,5678,404,57,3.998870924204067e-08,4.217019444181426e-08,2.0138926455310665e-08
14,5678,404,58,3.448310627347358e-08,3.011404570397257e-08,1.895158248115546e-08
14,5678,404,59,2.385940404960962e-08,2.777201785932212e-08,1.6489824820693006e-08
14,5678,404,60,2.252245599622113e-08,2.056572558753777e-08,1.4850277004571898e-08
14,5678,404,61,2.1449865653100277e-08,1.8692175189592194e-08,1.3862403294091293e-08
14,5678,404,62,1.7858449673682226e-08,1.6272235393511083e-08,8.620068618688765e-09
14,5678,404,63,1.7671018027835884e-08,1.5311861111801398e-08,8.363538072000606e-09
14,5678,404,64,1.1281282060754182e-08,1.3505829160245821e-08,7.1520076423511495e-09
14,5678,404,65,8.426887280074439e-09,8.886404790781217e-09,6.7095471848527065e-09
14,5678,404,66,8.048373497697546e-09,8.41625851572659e-09,4.7204556433956054e-09
14,5678,404,67,6.856737011243625e-09,7.284779581592919e-09,3.401430711727791e-09
14,5678,404,68,5.718015741234013e-09,6.555491174817086e-09,2.8360148737972222e-09
14,5678,404,69,5.121849687980039e-09,5.0592399309393396e-09,2.7139597444031615e-09
14,5678,404,70,4.5512156251550345e-09,3.6981528695126953e-09,2.408025324362671e-09
14,5678,404,71,3.7695380463739884e-09,3.4809594207901385e-09,2.148341534043994e-09
14,5678,404,72,3.656852468250477e-09,3.0066352566663987e-09,1.7565010090977637e-09
14,5678,404,73,3.2415764183406716e-09,2.9627653211840283e-09,1.4777149553400902e-09
14,5678,404,74,2.9046300714142388e-09,2.694287721251118e-09,1.0807242101342486e-09
14,5678,404,75,1.9955910622252928e-09,2.39529488051208e-09,9.195900419032667e-10
14,5678,404,76,1.8049419028546886e-09,2.1559123419572234e-09,8.954946257952526e-10
14,5678,404,77,1.6088385836953623e-09,1.5638909198677504e-09,7.389007404969404e-10
14,5678,404,78,1.0217996778055597e-09,1.4732061820306739e-09,5.661798838466461e-10
14,5678,404,79,9.474171036111884e-10,1.2928852302612068e-09,4.3369434479995236e-10
14,5678,404,80,8.818146131668127e-10,1.2346040909066345e-09,3.6881113927682825e-10
14,5678,404,81,8.279328756012845e-10,8.82126214504725e-10,3.223095225667132e-10
14,5678,404,82,7.666350566502888e-10,8.677048732652751e-10,2.667541724911862e-10
14,5678,404,83,6.253006027277018e-10,6.461831578061057e-10,2.407840080471927e-10
14,5678,404,84,5.226482096278794e-10,5.495056779359936e-10,2.013859767267422e-10
14,5678,404,85,4.093148300642065e-10,4.135362982656874e-10,1.7490531393091053e-10
14,5678,404,86,3.416573303828859e-10,3.3180984978472213e-10,1.4635927314716048e-10
14,5678,404,87,3.2581682119630305e-10,2.7328166671821526e-10,1.061029091763297e-10
14,5678,404,88,2.368989533842165e-10,2.638720505741675e-10,9.704134717082996e-11
14,5678,404,89,1.7839740273714085e-10,2.287741648417044e-10,9.291152584148796e-11
14,5678,404,90,1.460035739069061e-10,2.0154302592020192e-10,6.720092248024913e-11
14,5678,404,91,1.23679903869503e-10,1.6387148600883948e-10,6.067368429564816e-11
14,5678,404,92,1.2294812048081225e-10,1.5761704501173833e-10,5.609326512528854e-11
14,5678,404,93,9.261318147379013e-11,1.2501233683873275e-10,4.945776272463675e-11
14,5678,404,94,9.181276106728464e-11,1.2235431525388555e-10,4.0596999007430266e-11
14,5678,404,95,5.979317317908835e-11,8.155934996345339e-11,3.7564749902383795e-11
14,5678,404,96,5.569769986407571e-11,7.807301830538074e-11,3.4509728869279566e-11
14,5678,404,97,4.3485290581665786e-11,6.401971348011482e-11,2.4918433791941975e-11
14,5678,404,98,2.8257369942769524e-11,4.1176840291546494e-11,1.88661457274348e-11
14,5678,404,99,2.7681395320766233e-11,3.696616968996185e-11,1.4218109268841372e-11
14,5678,404,100,2.0982220799538583e-11,3.423364989179152e-11,1.0937762880087066e-11
14,5678,404,101,2.0845350090754485e-11,2.6085893789142077e-11,7.78860964226859e-12
14,5678,404,102,1.5692030777062872e-11,1.5228461398208487e-11,6.427775021981893e-12
14,5678,404,103,7.374984248698686e-12,1.3654576968663279e-11,5.9129919596137295e-12
14,5678,404,104,7.143036421095706e-12,1.1938781049255253e-11,5.0411309543673736e-12
14,5678,404,105,5.0589980402915046e-12,8.434336280311584e-12,4.724781627625859e-12
14,5678,404,106,3.660763038892436e-12,8.210712096014591e-12,3.704506035773921e-12
14,5678,404,107,3.50722580807054e-12,6.401734317250231e-12,2.4233237551999214e-12
14,5678,404,108,2.122659994644335e-12,5.7037056651741805e-12,2.113457788390881e-12
14,5678,404,109,1.5897685914347657e-12,4.032268499431648e-12,1.2416831047898548e-12
14,5678,404,110,1.5266223378836136e-12,3.058274983469389e-12,8.849383424118035e-13
14,5678,404,111,1.4086597002531447e-12,2.242518804182432e-12,8.51159294050073e-13
14,5678,404,112,1.0306325048465377e-12,1.7071296178492494e-12,4.855252943328142e-13
14,5678,404,113,7.865496079025082e-13,1.3348599305403776e-12,4.155401433793161e-13
14,5678,404,114,5.68028972000325e-13,1.2866971487455195e-12,3.458321380670527e-13
14,5678,404,115,4.0912693748142695e-13,5.338769350922837e-13,2.1921971252312454e-13
14,5678,404,116,2.998724328842577e-13,5.253923219248978e-13,1.6499107235906653e-13
14,5678,404,117,1.7193604345367732e-13,3.6583034589392504e-13,1.400452473339825e-13
14,5678,404,118,9.816678674343785e-14,2.3530361612298897e-13,8.403951509961004e-14
14,5678,404,119,9.44298212274328e-14,1.729614910062432e-13,7.743249737272238e-14
14,5678,404,120,5.3823225244131685e-14,8.045131168215684e-14,2.6792071012479484e-14
14,5678,404,121,3.076472295968052e-14,6.545382233168003e-14,1.328175220749993e-14
14,5678,404,122,1.3710873639273435e-14,4.432475579094452e-14,9.886824707297164e-15
14,5678,404,123,9.935371361598281e-15,2.930610788481878e-14,6.5667000986278064e-15
14,5678,404,124,3.725228823994026e-15,9.61441728395221e-15,5.744354094990758e-15
14,5678,404,125,9.99999999999999e-16,2.6081234107900277e-15,1.9561731900337745e-15
14,5678,404,126,9.99999999999999e-16,2.3522612995227493e-15,1.9319574923648508e-15
14,5678,404,127,9.99999999999999e-16,9.99999999999998e-16,9.99999999999998e-16
14,5678,404,128,9.99999999999999e-16,9.99999999999998e-16,9.99999999999998e-16
14,5678,505,1,0.8799546589326628,0.8812427911241568,0.8801243824090567
14,5678,505,2,0.06039911364489689,0.05961536067442424,0.060541877924506236
14,5678,505,3,0.029791402478690176,0.02939497647313065,0.030047507175583306
14,5678,505,4,0.014779378760118596,0.01510384872858164,0.014880872497134245
14,5678,505,5,0.00573723612446272,0.005846621941336158,0.005683960233291495
14,5678,505,6,0.0030611625733051387,0.002954188418051592,0.0030242032334813007
14,5678,505,7,0.001850498346694316,0.0017672375893097536,0.0017119928161453176
14,5678,505,8,0.0011952143426533003,0.0011442791220481982,0.0011786371053890848
14,5678,505,9,0.0011661007448972808,0.001087065590110246,0.0010353545640429825
14,5678,505,10,0.0005563496344332643,0.0005515066718794485,0.0004926368962663096
14,5678,505,11,0.0005072832050894304,0.0004349820160835499,0.0004715860545445264
14,5678,505,12,0.00023266351070324226,0.00018723595028976453,0.0001926078840856702
14,5678,505,13,0.00017780615374707925,0.00018117854273995827,0.00013675784057063376
14,5678,505,14,0.00013641178042205445,0.00010223503983127946,0.00011461119931775026
14,5678,505,15,0.000109427518861189,7.844290044282533e-05,7.504484418874795e-05
14,5678,505,16,7.478293683520212e-05,5.56188690564429e-05,6.568168507554262e-05
14,5678,505,17,5.053225189327309e-05,4.584806068555446e-05,4.353944017525847e-05
14,5678,505,18,3.973762181004159e-05,3.3697247051493195e-05,3.4575754394281094e-05
14,5678,505,19,3.346254359796389e-05,3.0598721420759544e-05,2.486892704319832e-05
14,5678,505,20,2.4610997813535603e-05,2.4620127313532866e-05,1.978429975632549e-05
14,5678,505,21,2.013845136969121e-05,1.9106523637687792e-05,1.7011233374043526e-05
14,5678,505,22,1.5208286556878967e-05,1.8330577685628045e-05,1.5512344253999977e-05
14,5678,505,23,1.3446931921071728e-05,1.3755074008001014e-05,1.1628637056589765e-05
14,5678,505,24,1.3372511773060387e-05,1.3443518286400896e-05,9.435667039921088e-06
14,5678,505,25,1.0831190162560217e-05,1.14939852765468e-05,8.196823207001775e-06
14,5678,505,26,8.136641574505173e-06,1.0221679261458703e-05,7.303760303126941e-06
14,5678,505,27,7.992971257845996e-06,4.965271508822045e-06,6.567865082809353e-06
14,5678,505,28,5.365274475027694e-06,4.6624582834758625e-06,4.4850342488534644e-06
14,5678,505,29,4.292995405024899e-06,4.443598841422747e-06,3.7355623689184316e-06
14,5678,505,30,4.0478556373292075e-06,2.9316932341635354e-06,2.8984760221952613e-06
14,5678,505,31,3.600086716679734e-06,2.737726553702278e-06,2.477905726680112e-06
14,5678,505,32,3.5404794706545097e-06,2.6856961032158514e-06,2.1206704794040894e-06
14,5678,505,33,1.819476283808829e-06,1.2706623555797128e-06,1.442261361636281e-06
14,5678,505,34,1.489053176150218e-06,9.134878136144635e-07,1.1506169149756356e-06
14,5678,505,35,1.337227740842743e-06,8.99132163159484e-07,8.975650621482964e-07
14,5678,505,36,1.067573277628495e-06,8.455140472972256e-07,6.187350943194419e-07
14,5678,505,37,9.346292049217715e-07,6.356902885587305e-07,5.176765939448713e-07
14,5678,505,38,8.113464402626703e-07,5.931376426292706e-07,5.111059420353697e-07
14,5678,505,39,6.865395032536359e-07,5.39114328678785e-07,4.6882967425430145e-07
14,5678,505,40,5.995667043573481e-07,4.784415041692627e-07,3.5936753553481276e-07
14,5678,505,41,4.6896189677153275e-07,4.297455894927231e-07,2.9162520070369584e-07
14,5678,505,42,4.288390958016277e-07,3.065575207173032e-07,2.8447505481044596e-07
14,5678,505,43,3.66653972578167e-07,2.868826068889681e-07,2.408084053930522e-07
14,5678,505,44,3.186596925979822e-07,2.501634879907652e-07,2.0516048903514307e-07
14,5678,505,45,2.64631648403256e-07,2.3101496736507186e-07,1.8222672060146504e-07
14,5678,505,46,2.1723251230210656e-07,2.105303548132214e-07,1.4220602010786715e-07
14,5678,505,47,2.0487413672757515e-07,1.3539225938277973e-07,1.1105917542636186e-07
14,5678,505,48,1.8138068758728424e-07,1.201001396726906e-07,1.0957757434390381e-07
14,5678,505,49,1.746672468709787e-07,1.1917084995484741e-07,1.0292832699769021e-07
14,5678,505,50,1.440806307185284e-07,9.699281871279665e-08,8.665438022112054e-08
14,5678,505,51,1.1159825831045403e-07,7.349660300962353e-08,6.60226002820574e-08
14,5678,505,52,8.686848427784714e-08,7.049088604600085e-08,5.569885573067977e-08
14,5678,505,53,6.832875896890227e-08,5.979163326779541e-08,4.598312773169309e-08
14,5678,505,54,5.8463781449705124e-08,5.149538086627809e-08,3.7076030683817405e-08
14,5678,505,55,5.1188818209188846e-08,4.932762604376883e-08,3.5987907505418165e-08
14,5678,505,56,4.5586708254130944e-08,3.380610053018886e-08,2.635725605774396e-08
14,5678,505,57,3.998870924204067e-08,3.180930370786901e-08,2.5329432350800618e-08
14,5678,505,58,3.448310627347358e-08,2.4434686429253073e-08,2.2186349750511048e-08
14,5678,505,59,2.385940404960962e-08,1.6726125158902402e-08,1.6790030310787704e-08
14,5678,505,60,2.252245599622113e-08,1.5861808045464548e-08,1.2201224324596179e-08
14,5678,505,61,2.1449865653100277e-08,1.2749513304883681e-08,1.1441113661211886e-08
14,5678,505,62,1.7858449673682226e-08,1.2612880329957267e-08,1.060460589049615e-08
14,5678,505,63,1.7671018027835884e-08,1.0668673405205057e-08,8.14649077385731e-09
14,5678,505,64,1.1281282060754182e-08,9.974627683795977e-09,7.911389117726612e-09
14,5678,505,65,8.426887280074439e-09,7.514040337117295e-09,6.035110002484036e-09
14,5678,505,66,8.048373497697546e-09,5.08723550968672e-09,5.680867603885112e-09
14,5678,505,67,6.856737011243625e-09,4.918008738464583e-09,4.157006354975538e-09
14,5678,505,68,5.718015741234013e-09,4.779175785995204e-09,3.684990456458774e-09
14,5678,505,69,5.121849687980039e-09,4.1715710823340516e-09,3.0304592054107473e-09
14,5678,505,70,4.5512156251550345e-09,3.4969127120598344e-09,2.7041725971666216e-09
14,5678,505,71,3.7695380463739884e-09,3.069966212103884e-09,1.8484042446736795e-09
14,5678,505,72,3.656852468250477e-09,2.8248829244043683e-09,1.7542726059399614e-09
14,5678,505,73,3.2415764183406716e-09,2.6205089105119086e-09,1.7026493877505368e-09
14,5678,505,74,2.9046300714142388e-09,2.0733107303803586e-09,1.1301952387968484e-09
14,5678,505,75,1.9955910622252928e-09,1.773512657527019e-09,1.0225365903270856e-09
14,5678,505,76,1.8049419028546886e-09,1.6923480380261922e-09,9.2615420212265e-10
14,5678,505,77,1.6088385836953623e-09,1.3625924414254949e-09,7.323622428109544e-10
14,5678,505,78,1.0217996778055597e-09,1.2607718374108706e-09,6.478218221576635e-10
14,5678,505,79,9.474171036111884e-10,1.0166832119036436e-09,5.517647875045267e-10
14,5678,505,80,8.818146131668127e-10,8.28942862602365e-10,4.3109922297280014e-10
14,5678,505,81,8.279328756012845e-10,6.991415080877327e-10,4.1791860964113555e-10
14,5678,505,82,7.666350566502888e-10,6.281471632437765e-10,3.4052536281511816e-10
14,5678,505,83,6.253006027277018e-10,5.752847382241774e-10,3.1325098795816643e-10
14,5678,505,84,5.226482096278794e-10,4.3318059735943836e-10,2.211338235228199e-10
14,5678,505,85,4.093148300642065e-10,4.0645561245290805e-10,2.1384685608619135e-10
14,5678,505,86,3.416573303828859e-10,3.027014321959297e-10,1.6663639593871452e-10
14,5678,505,87,3.2581682119630305e-10,2.82443763570745e-10,1.4216175429260487e-10
14,5678,505,88,2.368989533842165e-10,2.5824318968717774e-10,1.2480430798465529e-10
14,5678,505,89,1.7839740273714085e-10,2.2789735263152177e-10,1.1262897485680688e-10
14,5678,505,90,1.460035739069061e-10,2.2746156598856208e-10,8.989533470816619e-11
14,5678,505,91,1.23679903869503e-10,1.8511913535875283e-10,7.283999225239589e-11
14,5678,505,92,1.2294812048081225e-10,1.5557952867832417e-10,6.46868395727654e-11
14,5678,505,93,9.261318147379013e-11,1.1485229109878827e-10,5.1771972633095923e-11
14,5678,505,94,9.181276106728464e-11,9.607379538388857e-11,4.899388251857888e-11
14,5678,505,95,5.979317317908835e-11,6.185542435898906e-11,4.456090227762544e-11
14,5678,505,96,5.569769986407571e-11,5.107781434160291e-11,3.0794160554064614e-11
14,5678,505,97,4.3485290581665786e-11,4.2994395281047934e-11,2.3405063342014852e-11
14,5678,505,98,2.8257369942769524e-11,4.0119740388901697e-11,2.137818564731412e-11
14,5678,505,99,2.7681395320766233e-11,2.7404549769759275e-11,1.4242230811772576e-11
14,5678,505,100,2.0982220799538583e-11,1.6170351181714785e-11,1.3519069025420877e-11
14,5678,505,101,2.0845350090754485e-11,1.4979931847473003e-11,1.1157179906206936e-11
14,5678,505,102,1.5692030777062872e-11,1.2492978080815848e-11,1.0808354098660771e-11
14,5678,505,103,7.374984248698686e-12,1.234681871455065e-11,6.0793495268211416e-12
14,5678,505,104,7.143036421095706e-12,1.0762668510475898e-11,5.188564003891023e-12
14,5678,505,105,5.0589980402915046e-12,7.930603478852581e-12,4.088270428025977e-12
14,5678,505,106,3.660763038892436e-12,5.59843795824129e-12,3.1518827554316335e-12
14,5678,505,107,3.50722580807054e-12,5.30520555811991e-12,2.255741074365615e-12
14,5678,505,108,2.122659994644335e-12,4.7791949537972106e-12,1.8615052930673305e-12
14,5678,505,109,1.5897685914347657e-12,3.5302406312679915e-12,1.7323524616811907e-12
14,5678,505,110,1.5266223378836136e-12,3.1840272425017913e-12,1.6289623532055635e-12
14,5678,505,111,1.4086597002531447e-12,2.1417493375823916e-12,1.2960928291649556e-12
14,5678,505,112,1.0306325048465377e-12,1.955670720916619e-12,7.911718518873383e-13
14,5678,505,113,7.865496079025082e-13,1.5600300695817079e-12,5.193258159973438e-13
14,5678,505,114,5.68028972000325e-13,1.140873777407822e-12,4.2731124131200807e-13
14,5678,505,115,4.0912693748142695e-13,6.778079126601526e-13,3.095020615317126e-13
14,5678,505,116,2.998724328842577e-13,5.141349565895117e-13,2.1093271220802798e-13
14,5678,505,117,1.7193604345367732e-13,4.559329266937907e-13,1.6248266949484538e-13
14,5678,505,118,9.816678674343785e-14,2.3069478411898703e-13,9.491829665373354e-14
14,5678,505,119,9.44298212274328e-14,2.109445365536061e-13,8.450526348066821e-14
14,5678,505,120,5.3823225244131685e-14,1.6861295463135902e-13,6.624871923474918e-14
14,5678,505,121,3.076472295968052e-14,9.300530843925702e-14,3.2237339568178414e-14
14,5678,505,122,1.3710873639273435e-14,3.6774286684044486e-14,1.7400477666350544e-14
14,5678,505,123,9.935371361598281e-15,1.3851328348690402e-14,9.511765743452206e-15
14,5678,505,124,3.725228823994026e-15,5.194127515781433e-15,4.454863357708601e-15
14,5678,505,125,9.99999999999999e-16,2.7790593268917653e-15,3.325282649785097e-15
14,5678,505,126,9.99999999999999e-16,9.999999999999983e-16,2.2536873725096914e-15
14,5678,505,127,9.99999999999999e-16,9.999999999999983e-16,9.999999999999983e-16
14,5678,505,128,9.99999999999999e-16,9.999999999999983e-16,9.999999999999983e-16
14,6666,101,1,0.855740768523122,0.857343296897487,0.856134792469433
14,6666,101,2,0.0837856863463548,0.08316897642818764,0.08381838558055676
14,6666,101,3,0.02553612684662728,0.025605721793015335,0.02569560581094045
14,6666,101,4,0.01764601532669152,0.017183237371598388,0.017752200115879725
14,6666,101,5,0.005392225057228626,0.0051367674103660116,0.005394008495595575
14,6666,101,6,0.003766884600188181,0.00392339413975807,0.003683845049186182
14,6666,101,7,0.002354800347831296,0.0021165466327880203,0.0023230019300122134
14,6666,101,8,0.0014877955044028445,0.001437154400030439,0.0011983535870339658
14,6666,101,9,0.0011243856653206628,0.0011065104323354628,0.0011460300739825346
14,6666,101,10,0.0007758121599938067,0.0006745936653729931,0.0007289920696106011
14,6666,101,11,0.0005773691114636645,0.0006486836800626894,0.0005665093267990547
14,6666,101,12,0.0004309392920712557,0.0003648336297006964,0.00035670258635355385
14,6666,101,13,0.00038767567090832697,0.0003399689129068181,0.0003240748825076
14,6666,101,14,0.00025476587209171303,0.00024150848397088204,0.00025840426470407024
14,6666,101,15,0.000193436842297444,0.0002045738193928924,0.00016924737048913826
14,6666,101,16,0.00011884479275530104,0.00011463166114158239,8.91043476848627e-05
14,6666,101,17,8.418435559069592e-05,7.545349422138456e-05,7.336336650421087e-05
14,6666,101,18,7.296669169008271e-05,6.400157801204202e-05,6.207445082230553e-05
14,6666,101,19,3.80634243849604e-05,4.0798084383007436e-05,3.7660086039746917e-05
14,6666,101,20,3.479150773599698e-05,2.9602549840780896e-05,3.4212221646617066e-05
14,6666,101,21,3.382272931518938e-05,2.875248807849929e-05,3.022131929304675e-05
14,6666,101,22,2.641898251975701e-05,2.5656555468815753e-05,1.98443550363145e-05
14,6666,101,23,2.6141975177210097e-05,2.3706841210690488e-05,1.8292859224037687e-05
14,6666,101,24,1.9651225132109697e-05,1.7601050113915252e-05,1.745381933817589e-05
14,6666,101,25,1.5263302498995236e-05,1.6895032521495367e-05,1.400865384707253e-05
14,6666,101,26,1.2568849615991534e-05,1.1937407943343129e-05,9.448335156262617e-06
14,6666,101,27,1.1207514667400467e-05,1.1705965592648244e-05,7.971522726541548e-06
14,6666,101,28,9.774869194873245e-06,7.751212502595154e-06,7.162416256861596e-06
14,6666,101,29,6.436650425993022e-06,7.017771835078955e-06,4.910868857315591e-06
14,6666,101,30,6.181600177844582e-06,4.443541088826884e-06,3.9794161242867164e-06
14,6666,101,31,4.636052748193045e-06,3.947988283919639e-06,3.660934435517012e-06
14,6666,101,32,3.9560938399454145e-06,2.5758600593246443e-06,2.549616482676225e-06
14,6666,101,33,3.908320535376742e-06,2.046447038331413e-06,2.5105481390224525e-06
14,6666,101,34,2.555428018882146e-06,1.9512802017991353e-06,1.9468193981507854e-06
14,6666,101,35,2.2423660065251135e-06,1.8900332531708679e-06,1.377569321710457e-06
14,6666,101,36,1.8964439410950498e-06,1.8106733214256709e-06,1.1517371403036877e-06
14,6666,101,37,1.6353648911593968e-06,1.7098174623878568e-06,1.0823518067358674e-06
14,6666,101,38,1.1694099442803732e-06,1.2937441443003511e-06,7.351893912840764e-07
14,6666,101,39,9.774963161576046e-07,9.84185303672282e-07,6.668668090037165e-07
14,6666,101,40,8.562578159291057e-07,8.394573858588735e-07,6.135527778163084e-07
14,6666,101,41,7.592983477476507e-07,7.854133281333449e-07,5.453958772721501e-07
14,6666,101,42,6.760259114247736e-07,7.511801916245229e-07,5.252097495902469e-07
14,6666,101,43,4.913035725733437e-07,5.83953333243658e-07,4.0961476887404897e-07
14,6666,101,44,3.9103272347293725e-07,5.662688484534945e-07,3.519881815252781e-07
14,6666,101,45,3.506488722691538e-07,3.6678198440563127e-07,3.0357244163744e-07
14,6666,101,46,3.210423343442183e-07,2.939610191455881e-07,2.434323820011335e-07
14,6666,101,47,3.1715295703555853e-07,2.7574045775749036e-07,2.0386525105743012e-07
14,6666,101,48,3.0466602765576e-07,2.2674175324284266e-07,1.9812658057040869e-07
14,6666,101,49,2.2155901213670254e-07,1.9759793419954116e-07,1.542837527668914e-07
14,6666,101,50,1.7770221895195577e-07,1.5609264986899544e-07,1.500080298735312e-07
14,6666,101,51,1.6458830326105522e-07,1.3448335378604087e-07,1.0539334441637583e-07
14,6666,101,52,1.5344113932831e-07,1.1515958124323148e-07,8.792893051563425e-08
14,6666,101,53,1.4675615804623681e-07,1.1217505272889423e-07,8.156801847147803e-08
14,6666,101,54,9.066589920536661e-08,9.287930232633933e-08,7.50283908060708e-08
14,6666,101,55,8.516674904987657e-08,7.89214194536399e-08,5.7486590747006786e-08
14,6666,101,56,7.44339123085495e-08,5.767473749895193e-08,5.314222314106621e-08
14,6666,101,57,6.945510642361111e-08,5.4836652857103644e-08,3.566907791216032e-08
14,6666,101,58,5.6194430265771534e-08,5.2662637447682006e-08,3.511326856195397e-08
14,6666,101,59,4.908863771185326e-08,4.9385313015803927e-08,3.383926424782596e-08
14,6666,101,60,3.7933638014982925e-08,3.924815566809833e-08,3.13922469434168e-08
14,6666,101,61,3.157288417060638e-08,3.4417092642700753e-08,2.5649228138701136e-08
14,6666,101,62,2.4208864527630274e-08,3.321105117300129e-08,1.967009384126566e-08
14,6666,101,63,2.3340241269745613e-08,2.5390950801433927e-08,1.8289199007971278e-08
14,6666,101,64,2.325233349311455e-08,1.627681047578976e-08,1.5272869280387637e-08
14,6666,101,65,1.6321800718758742e-08,1.5241981200158063e-08,1.3845271086279037e-08
14,6666,101,66,1.3698205083205145e-08,1.4242336228598348e-08,1.0600072754168347e-08
14,6666,101,67,1.3239718088731654e-08,1.2750121086364252e-08,8.672243532069324e-09
14,6666,101,68,1.1855094687891507e-08,1.152673123954297e-08,7.976905416682577e-09
14,6666,101,69,9.526664502392518e-09,1.0117404788375932e-08,6.2760985431328585e-09
14,6666,101,70,7.10391112286454e-09,8.789162371347324e-09,4.840689762493723e-09
14,6666,101,71,6.751302533430909e-09,8.620162639180087e-09,4.337660412908387e-09
14,6666,101,72,6.748053970557609e-09,7.510133262321731e-09,3.615132073777599e-09
14,6666,101,73,5.2854237982253064e-09,6.673607189980518e-09,3.0432593774193204e-09
14,6666,101,74,4.498777374190921e-09,4.824170508625476e-09,2.8545177006653624e-09
14,6666,101,75,3.5193088493675666e-09,3.923604321162334e-09,2.6508990244267805e-09
14,6666,101,76,2.8131796253377758e-09,3.5294706182058846e-09,2.229377031972233e-09
14,6666,101,77,2.68846622281311e-09,2.9036676836116e-09,1.6850679689346955e-09
14,6666,101,78,2.4690348055081626e-09,2.525034521173802e-09,1.3819315992414316e-09
14,6666,101,79,2.0300769037073945e-09,2.46205877668118e-09,1.1546861659033779e-09
14,6666,101,80,1.771677492619143e-09,1.5768286910373622e-09,1.0777801487223805e-09
14,6666,101,81,1.703711547106255e-09,1.4515394259309617e-09,9.099399016895903e-10
14,6666,101,82,1.3661707962245846e-09,1.4130112575850279e-09,7.534542228400903e-10
14,6666,101,83,1.1994472761572867e-09,1.2132415002118274e-09,7.234566409477414e-10
14,6666,101,84,1.0890669837609132e-09,9.00820391923333e-10,5.465219027900186e-10
14,6666,101,85,8.675609581542181e-10,7.408616282397364e-10,5.090379606565839e-10
14,6666,101,86,5.734429808110887e-10,6.363995006616279e-10,3.7688863212969677e-10
14,6666,101,87,4.983757434792545e-10,5.810069252983517e-10,3.2117770290346176e-10
14,6666,101,88,4.4823714492103206e-10,4.286110685940395e-10,2.728022707269173e-10
14,6666,101,89,4.139488121146215e-10,3.958547015695196e-10,2.2581860514257155e-10
14,6666,101,90,3.371367679559796e-10,3.631007384384165e-10,2.1526066136114158e-10
14,6666,101,91,3.0788588931467694e-10,3.135197602747343e-10,1.8042311640849327e-10
14,6666,101,92,2.729457885591799e-10,2.2591235844511217e-10,1.44116414492468e-10
14,6666,101,93,2.4178672259876565e-10,1.8224944515851743e-10,1.3560270077544156e-10
14,6666,101,94,1.52997992249176e-10,1.6108662833898283e-10,1.1503719177482743e-10
14,6666,101,95,1.3416020704847005e-10,1.4822265237897475e-10,1.0569577652981093e-10
14,6666,101,96,1.3223348636677835e-10,1.366610701341499e-10,7.29770970094684e-11
14,6666,101,97,8.228420840564533e-11,1.0515178873041036e-10,7.24036926546834e-11
14,6666,101,98,8.168027819254692e-11,9.11688405635681e-11,5.785332247708228e-11
14,6666,101,99,6.741749940097266e-11,9.005151598696406e-11,4.848445428874164e-11
14,6666,101,100,6.30383408606966e-11,7.370547456012244e-11,4.433260188610102e-11
14,6666,101,101,4.676598972839088e-11,4.745892911121627e-11,2.887008607405721e-11
14,6666,101,102,4.532894684774539e-11,4.696419808199611e-11,2.2631086630337386e-11
14,6666,101,103,3.688966049712985e-11,3.870413062672734e-11,2.1449974050374132e-11
14,6666,101,104,2.969307622765452e-11,2.5539020679497782e-11,1.7701383325408873e-11
14,6666,101,105,2.528348229749404e-11,2.0863739191653515e-11,1.2325257170258802e-11
14,6666,101,106,1.4004321155204803e-11,1.987122938315805e-11,1.058317353627402e-11
14,6666,101,107,1.1582087920801948e-11,1.4122035719125438e-11,9.407430372515411e-12
14,6666,101,108,7.949361137815179e-12,1.1517109306761477e-11,8.232011273032815e-12
14,6666,101,109,6.531879577111157e-12,9.510669234750402e-12,5.292597713698527e-12
14,6666,101,110,4.6321654521573345e-12,8.400064506493712e-12,3.6849363449276244e-12
14,6666,101,111,3.503842654911294e-12,4.207454950215616e-12,2.0960423169708395e-12
14,6666,101,112,3.4871694887295443e-12,2.7378654647374873e-12,1.891261687903763e-12
14,6666,101,113,2.4650531613682223e-12,2.5344309731904894e-12,1.6097519032451218e-12
14,6666,101,114,2.3927964806127166e-12,1.7746022280956934e-12,1.4416380878271802e-12
14,6666,101,115,9.5798682483215e-13,1.6665953141658324e-12,7.825718653013845e-13
14,6666,101,116,6.568851865110825e-13,1.4304139299459593e-12,6.379930868667451e-13
14,6666,101,117,5.926126802366299e-13,1.0575177826445605e-12,4.695495371272881e-13
14,6666,101,118,4.751023219170887e-13,7.013991862201893e-13,2.96161680726605e-13
14,6666,101,119,2.790855485679165e-13,6.726014798430694e-13,2.6412231091953756e-13
14,6666,101,120,1.4432524054379517e-13,2.245584958498388e-13,1.3918519581506833e-13
14,6666,101,121,1.3143342674241015e-13,1.3777879227105537e-13,8.89733998364255e-14
14,6666,101,122,8.96167219560552e-14,1.0753068077205219e-13,7.601219387864015e-14
14,6666,101,123,6.835280134153306e-14,9.84097815280619e-14,2.343133150015837e-14
14,6666,101,124,4.059774017481757e-14,4.176059737581826e-14,1.185183461744543e-14
14,6666,101,125,1.522764643275368e-14,4.43441613148275e-15,5.541454912560417e-15
14,6666,101,126,3.6852336275048135e-15,4.20586243985155e-15,2.8937738325686323e-15
14,6666,101,127,9.999999999999987e-16,9.99999999999999e-16,9.999999999999977e-16
14,6666,101,128,9.999999999999987e-16,9.99999999999999e-16,9.999999999999977e-16
14,6666,202,1,0.855740768523122,0.8557910468194836,0.8556877648721286
14,6666,202,2,0.0837856863463548,0.08326019734508197,0.08447342341497274
14,6666,202,3,0.02553612684662728,0.026224317478508126,0.02545679235691685
14,6666,202,4,0.01764601532669152,0.017364991168926786,0.017849443526586246
14,6666,202,5,0.005392225057228626,0.005270026341171395,0.00532459921649475
14,6666,202,6,0.003766884600188181,0.003825110926977896,0.003725699006188014
14,6666,202,7,0.002354800347831296,0.0025282162117577864,0.0020589291777940513
14,6666,202,8,0.0014877955044028445,0.0014348401661329398,0.0013595119920182114
14,6666,202,9,0.0011243856653206628,0.001148951644050543,0.001133918551023128
14,6666,202,10,0.0007758121599938067,0.0008451640259692182,0.0007977893664438013
14,6666,202,11,0.0005773691114636645,0.000586115336692833,0.0005716285625540172
14,6666,202,12,0.0004309392920712557,0.0004420258191960526,0.0003988732105014419
14,6666,202,13,0.00038767567090832697,0.0003347952923438134,0.0003083520727663171
14,6666,202,14,0.00025476587209171303,0.0002144345918473297,0.00023584052385148104
14,6666,202,15,0.000193436842297444,0.00016717170696667848,0.00016531047565492772
14,6666,202,16,0.00011884479275530104,0.00012676969514156198,8.968731657286532e-05
14,6666,202,17,8.418435559069592e-05,9.642653785911761e-05,7.835925658100891e-05
14,6666,202,18,7.296669169008271e-05,7.699326999305797e-05,6.401578688719123e-05
14,6666,202,19,3.80634243849604e-05,4.1572328004961734e-05,3.5105827255436926e-05
14,6666,202,20,3.479150773599698e-05,3.6414072983438345e-05,3.211496608115468e-05
14,6666,202,21,3.382272931518938e-05,3.3360296888296295e-05,2.4242697263705872e-05
14,6666,202,22,2.641898251975701e-05,2.7010594545862596e-05,2.262770041050371e-05
14,6666,202,23,2.6141975177210097e-05,2.2745292534403124e-05,1.911040751570857e-05
14,6666,202,24,1.9651225132109697e-05,2.047506918876058e-05,1.7955651419549274e-05
14,6666,202,25,1.5263302498995236e-05,1.4789457032962255e-05,1.1495320668367627e-05
14,6666,202,26,1.2568849615991534e-05,1.1971785817644258e-05,1.1391223026557344e-05
14,6666,202,27,1.1207514667400467e-05,9.56926999215311e-06,9.315047853667528e-06
14,6666,202,28,9.774869194873245e-06,6.8829575521669775e-06,8.208523202382216e-06
14,6666,202,29,6.436650425993022e-06,5.645028646119363e-06,4.106631423048516e-06
14,6666,202,30,6.181600177844582e-06,5.172714767713586e-06,3.4436381315564366e-06
14,6666,202,31,4.636052748193045e-06,4.752769736692814e-06,2.979647733821159e-06
14,6666,202,32,3.9560938399454145e-06,3.528646669029042e-06,2.8524229285058487e-06
14,6666,202,33,3.908320535376742e-06,2.5835558590682173e-06,2.6502757138007466e-06
14,6666,202,34,2.555428018882146e-06,2.459812503599272e-06,2.116706624460839e-06
14,6666,202,35,2.2423660065251135e-06,2.0722796372171083e-06,1.5594259443087885e-06
14,6666,202,36,1.8964439410950498e-06,1.8942557322197317e-06,1.2802160829571692e-06
14,6666,202,37,1.6353648911593968e-06,1.5771801145178143e-06,1.0795444337605313e-06
14,6666,202,38,1.1694099442803732e-06,1.3510395586943559e-06,9.495148730390107e-07
14,6666,202,39,9.774963161576046e-07,1.156499896433376e-06,8.16348151345676e-07
14,6666,202,40,8.562578159291057e-07,9.979584920051635e-07,7.540642673412539e-07
14,6666,202,41,7.592983477476507e-07,6.384090238355493e-07,6.117018050374771e-07
14,6666,202,42,6.760259114247736e-07,6.165361465688965e-07,4.535973259130374e-07
14,6666,202,43,4.913035725733437e-07,4.2500563847624975e-07,4.420017789270468e-07
14,6666,202,44,3.9103272347293725e-07,4.1654540280594074e-07,3.4906725033916424e-07
14,6666,202,45,3.506488722691538e-07,3.661168685912588e-07,2.8406406856308575e-07
14,6666,202,46,3.210423343442183e-07,2.8775384213865943e-07,2.506543564065622e-07
14,6666,202,47,3.1715295703555853e-07,2.195941065581118e-07,2.1081165199490057e-07
14,6666,202,48,3.0466602765576e-07,1.8829170490330393e-07,1.9379679746805064e-07
14,6666,202,49,2.2155901213670254e-07,1.814192055426144e-07,1.694912336124961e-07
14,6666,202,50,1.7770221895195577e-07,1.401116991397737e-07,1.4746229763738223e-07
14,6666,202,51,1.6458830326105522e-07,1.2270901284982046e-07,1.0661838317418584e-07
14,6666,202,52,1.5344113932831e-07,1.170087401718589e-07,9.993963527749304e-08
14,6666,202,53,1.4675615804623681e-07,1.053579209975473e-07,8.690941185977735e-08
14,6666,202,54,9.066589920536661e-08,7.295467787625128e-08,7.719621299153284e-08
14,6666,202,55,8.516674904987657e-08,6.469057884991034e-08,6.342462118559331e-08
14,6666,202,56,7.44339123085495e-08,6.015763880902768e-08,5.056825294684825e-08
14,6666,202,57,6.945510642361111e-08,5.2339365495406314e-08,4.337699752795088e-08
14,6666,202,58,5.6194430265771534e-08,4.4823702091676476e-08,3.900915754291877e-08
14,6666,202,59,4.908863771185326e-08,4.2608904186874074e-08,3.536351734956645e-08
14,6666,202,60,3.7933638014982925e-08,3.3815406714664454e-08,3.01418377587171e-08
14,6666,202,61,3.157288417060638e-08,2.574634604287794e-08,2.4505560387999588e-08
14,6666,202,62,2.4208864527630274e-08,2.4528596735060404e-08,1.8648827677508278e-08
14,6666,202,63,2.3340241269745613e-08,2.358957969476965e-08,1.5568115624596213e-08
14,6666,202,64,2.325233349311455e-08,1.749156770011833e-08,1.44143590667658e-08
14,6666,202,65,1.6321800718758742e-08,1.4909072431302054e-08,1.3270047485969992e-08
14,6666,202,66,1.3698205083205145e-08,1.4115891411894525e-08,1.0490911425269576e-08
14,6666,202,67,1.3239718088731654e-08,1.2493357064608574e-08,9.956705061507529e-09
14,6666,202,68,1.1855094687891507e-08,1.1795749102380185e-08,8.915966146597689e-09
14,6666,202,69,9.526664502392518e-09,9.824593363600729e-09,6.664997705617922e-09
14,6666,202,70,7.10391112286454e-09,8.835265620289986e-09,5.5077971030117334e-09
14,6666,202,71,6.751302533430909e-09,8.443296001815306e-09,5.177261098740002e-09
14,6666,202,72,6.748053970557609e-09,7.493332805926473e-09,3.6743644103220604e-09
14,6666,202,73,5.2854237982253064e-09,7.38832852257778e-09,3.4185546181810665e-09
14,6666,202,74,4.498777374190921e-09,5.8191162485626485e-09,2.6923406649792367e-09
14,6666,202,75,3.5193088493675666e-09,4.687349477857402e-09,2.2431579389087927e-09
14,6666,202,76,2.8131796253377758e-09,3.996508266025258e-09,1.8811003134381683e-09
14,6666,202,77,2.68846622281311e-09,3.79050399249478e-09,1.8166878967863605e-09
14,6666,202,78,2.4690348055081626e-09,3.221180809078485e-09,1.7511529567594937e-09
14,6666,202,79,2.0300769037073945e-09,2.60024346089748e-09,1.2662638809981231e-09
14,6666,202,80,1.771677492619143e-09,2.5096980859019075e-09,1.1607195600656254e-09
14,6666,202,81,1.703711547106255e-09,1.8805404986757206e-09,1.116512654189545e-09
14,6666,202,82,1.3661707962245846e-09,1.443353317998124e-09,9.937552929354398e-10
14,6666,202,83,1.1994472761572867e-09,1.4193561769575808e-09,8.11144511458261e-10
14,6666,202,84,1.0890669837609132e-09,1.376077370256142e-09,7.403311327049548e-10
14,6666,202,85,8.675609581542181e-10,1.1267051238671909e-09,5.5767802500675e-10
14,6666,202,86,5.734429808110887e-10,7.584785260122141e-10,5.465743751820481e-10
14,6666,202,87,4.983757434792545e-10,7.352694761468307e-10,4.113857903217477e-10
14,6666,202,88,4.4823714492103206e-10,6.505103655560906e-10,3.7475517338726475e-10
14,6666,202,89,4.139488121146215e-10,6.228877209561326e-10,3.0328901289441005e-10
14,6666,202,90,3.371367679559796e-10,5.694308378436428e-10,2.352959905404292e-10
14,6666,202,91,3.0788588931467694e-10,4.847735679235122e-10,2.1190102157632403e-10
14,6666,202,92,2.729457885591799e-10,3.8379198558020167e-10,1.7270384645891982e-10
14,6666,202,93,2.4178672259876565e-10,2.494167244157715e-10,1.2863632550796874e-10
14,6666,202,94,1.52997992249176e-10,2.380925080968136e-10,1.239968460375037e-10
14,6666,202,95,1.3416020704847005e-10,2.2080309388668173e-10,1.1636034234489598e-10
14,6666,202,96,1.3223348636677835e-10,1.9113812835430279e-10,9.116676311474267e-11
14,6666,202,97,8.228420840564533e-11,1.361454114971002e-10,8.794226062372322e-11
14,6666,202,98,8.168027819254692e-11,1.2017868510675428e-10,6.026055912560029e-11
14,6666,202,99,6.741749940097266e-11,1.178242219499991e-10,4.9773192089596075e-11
14,6666,202,100,6.30383408606966e-11,1.0869160797727185e-10,3.225301739614272e-11
14,6666,202,101,4.676598972839088e-11,8.736756814050628e-11,2.77770115707255e-11
14,6666,202,102,4.532894684774539e-11,7.640786713944443e-11,1.8981482568236163e-11
14,6666,202,103,3.688966049712985e-11,6.588622935083731e-11,1.5068162624415885e-11
14,6666,202,104,2.969307622765452e-11,4.122298172042636e-11,1.3604359420412966e-11
14,6666,202,105,2.528348229749404e-11,2.3811437989592933e-11,1.3223618404623633e-11
14,6666,202,106,1.4004321155204803e-11,1.9409943218888737e-11,1.0023017161436546e-11
14,6666,202,107,1.1582087920801948e-11,1.900724667177281e-11,6.107417811908367e-12
14,6666,202,108,7.949361137815179e-12,1.5866011305465432e-11,5.612173260815085e-12
14,6666,202,109,6.531879577111157e-12,1.2320949600609016e-11,4.115529072313414e-12
14,6666,202,110,4.6321654521573345e-12,8.656525755448705e-12,2.5782648160143567e-12
14,6666,202,111,3.503842654911294e-12,5.649586989739959e-12,2.167349729239252e-12
14,6666,202,112,3.4871694887295443e-12,4.136069601550557e-12,2.009098565449463e-12
14,6666,202,113,2.4650531613682223e-12,3.743947232849383e-12,1.306716494695771e-12
14,6666,202,114,2.3927964806127166e-12,3.033886725321144e-12,1.151466082699859e-12
14,6666,202,115,9.5798682483215e-13,1.933762005564171e-12,6.589798392350165e-13
14,6666,202,116,6.568851865110825e-13,1.4320952312450565e-12,4.226233835217586e-13
14,6666,202,117,5.926126802366299e-13,1.2877452969226776e-12,3.738850621556663e-13
14,6666,202,118,4.751023219170887e-13,7.447357581647167e-13,2.2948920239634537e-13
14,6666,202,119,2.790855485679165e-13,4.2122616857427857e-13,1.7738277821995789e-13
14,6666,202,120,1.4432524054379517e-13,3.576758511661199e-13,1.1273020727900297e-13
14,6666,202,121,1.3143342674241015e-13,1.406702854769771e-13,6.776910265132233e-14
14,6666,202,122,8.96167219560552e-14,1.2701234532468953e-13,4.154604682616755e-14
14,6666,202,123,6.835280134153306e-14,8.58671827062064e-14,2.2585414140743634e-14
14,6666,202,124,4.059774017481757e-14,2.1479250601815134e-14,1.2070556464027509e-14
14,6666,202,125,1.522764643275368e-14,1.853396410764735e-14,7.469745926370983e-15
14,6666,202,126,3.6852336275048135e-15,1.3574931825875631e-14,4.359098699660301e-15
14,6666,202,127,9.999999999999987e-16,7.458729471973617e-15,9.999999999999989e-16
14,6666,202,128,9.999999999999987e-16,4.460744432138563e-15,9.999999999999989e-16
14,6666,303,1,0.855740768523122,0.8578285207619132,0.8563768252765718
14,6666,303,2,0.0837856863463548,0.08376372137866844,0.08401925743006908
14,6666,303,3,0.02553612684662728,0.025546281006245845,0.025354827118470924
14,6666,303,4,0.01764601532669152,0.016390108070447135,0.017886988469100643
14,6666,303,5,0.005392225057228626,0.0051416150619371555,0.005358860825546986
14,6666,303,6,0.003766884600188181,0.003970676277510726,0.003708933412678688
14,6666,303,7,0.002354800347831296,0.002120697687544581,0.002095682341031677
14,6666,303,8,0.0014877955044028445,0.001310676058608619,0.0012543272784805997
14,6666,303,9,0.0011243856653206628,0.0010273491628211351,0.0011326358183477204
14,6666,303,10,0.0007758121599938067,0.0006342340470973465,0.0007349563519289459
14,6666,303,11,0.0005773691114636645,0.0005742367947169752,0.0005708252762707169
14,6666,303,12,0.0004309392920712557,0.0004040749660852521,0.0003503594522258342
14,6666,303,13,0.00038767567090832697,0.0003100907963350338,0.0003085870775530215
14,6666,303,14,0.00025476587209171303,0.00027928793873895676,0.0002441046858811381
14,6666,303,15,0.000193436842297444,0.00017767749809448688,0.00015965959053513176
14,6666,303,16,0.00011884479275530104,0.00012908621070177888,9.088760359067782e-05
14,6666,303,17,8.418435559069592e-05,8.90325282408208e-05,7.533901957440275e-05
14,6666,303,18,7.296669169008271e-05,6.743108944553941e-05,5.687439820599703e-05
14,6666,303,19,3.80634243849604e-05,4.433308349597642e-05,3.805771484957902e-05
14,6666,303,20,3.479150773599698e-05,2.8144189033663414e-05,2.9721826687299693e-05
14,6666,303,21,3.382272931518938e-05,2.4814173568634905e-05,2.6785173883967204e-05
14,6666,303,22,2.641898251975701e-05,2.2555518280699702e-05,2.499658788282845e-05
14,6666,303,23,2.6141975177210097e-05,2.002357228722499e-05,1.5755569576273096e-05
14,6666,303,24,1.9651225132109697e-05,1.620290099306449e-05,1.554646110976672e-05
14,6666,303,25,1.5263302498995236e-05,1.3896445156981142e-05,1.3175176396911765e-05
14,6666,303,26,1.2568849615991534e-05,9.775518896992725e-06,1.0840681947566896e-05
14,6666,303,27,1.1207514667400467e-05,9.323331265077142e-06,8.984133575472624e-06
14,6666,303,28,9.774869194873245e-06,8.494555846469328e-06,5.956411134797053e-06
14,6666,303,29,6.436650425993022e-06,6.787503428981168e-06,4.515734741035768e-06
14,6666,303,30,6.181600177844582e-06,4.711866720684164e-06,4.3974839644025716e-06
14,6666,303,31,4.636052748193045e-06,4.1710204041904506e-06,3.6068964506433115e-06
14,6666,303,32,3.9560938399454145e-06,3.446564000638056e-06,3.3044888936170852e-06
14,6666,303,33,3.908320535376742e-06,3.389112221131119e-06,2.393579671550084e-06
14,6666,303,34,2.555428018882146e-06,2.3412979939974975e-06,2.0017439814809966e-06
14,6666,303,35,2.2423660065251135e-06,1.9405999678860677e-06,1.4600137883651504e-06
14,6666,303,36,1.8964439410950498e-06,1.6941018989850713e-06,1.2881981909286886e-06
14,6666,303,37,1.6353648911593968e-06,1.4225794840796608e-06,1.1676421273390506e-06
14,6666,303,38,1.1694099442803732e-06,1.1368962240367362e-06,9.854430708650657e-07
14,6666,303,39,9.774963161576046e-07,9.745648582261876e-07,6.902202941404945e-07
14,6666,303,40,8.562578159291057e-07,8.47293966681722e-07,5.526313652130555e-07
14,6666,303,41,7.592983477476507e-07,6.878022656632288e-07,5.392889629533973e-07
14,6666,303,42,6.760259114247736e-07,6.653410705964587e-07,4.770171964558034e-07
14,6666,303,43,4.913035725733437e-07,5.23965370738835e-07,3.953908314088565e-07
14,6666,303,44,3.9103272347293725e-07,5.142808120503544e-07,3.151500234483545e-07
14,6666,303,45,3.506488722691538e-07,3.3759045408104485e-07,3.0382489139938115e-07
14,6666,303,46,3.210423343442183e-07,2.709004455149329e-07,2.8645622337565186e-07
14,6666,303,47,3.1715295703555853e-07,2.3535433088851235e-07,2.704513715222383e-07
14,6666,303,48,3.0466602765576e-07,1.9989611906852006e-07,1.8996233788690196e-07
14,6666,303,49,2.2155901213670254e-07,1.8209394918568608e-07,1.823615505350265e-07
14,6666,303,50,1.7770221895195577e-07,1.59332772177823e-07,1.695671916722245e-07
14,6666,303,51,1.6458830326105522e-07,1.3421004803942094e-07,1.1606393263372008e-07
14,6666,303,52,1.5344113932831e-07,1.256420517595275e-07,8.188828042953376e-08
14,6666,303,53,1.4675615804623681e-07,1.2011276855882754e-07,7.340351272554438e-08
14,6666,303,54,9.066589920536661e-08,7.671028692885955e-08,7.226238386903429e-08
14,6666,303,55,8.516674904987657e-08,6.805322104940999e-08,5.570158502875357e-08
14,6666,303,56,7.44339123085495e-08,6.350924004679479e-08,5.415126595986338e-08
14,6666,303,57,6.945510642361111e-08,5.356308900522962e-08,4.135692136769952e-08
14,6666,303,58,5.6194430265771534e-08,4.7269930957047396e-08,3.678090498266355e-08
14,6666,303,59,4.908863771185326e-08,3.852458626827638e-08,3.053996288147549e-08
14,6666,303,60,3.7933638014982925e-08,3.6286543709055134e-08,2.891215381330211e-08
14,6666,303,61,3.157288417060638e-08,3.455732116763835e-08,2.5026081042238656e-08
14,6666,303,62,2.4208864527630274e-08,2.996824713528934e-08,2.368549802839933e-08
14,6666,303,63,2.3340241269745613e-08,2.4209572045709758e-08,1.8568605470724332e-08
14,6666,303,64,2.325233349311455e-08,1.948726294012502e-08,1.639212183444991e-08
14,6666,303,65,1.6321800718758742e-08,1.6948377324073424e-08,1.2487031509694446e-08
14,6666,303,66,1.3698205083205145e-08,1.607660358759766e-08,8.947759305477007e-09
14,6666,303,67,1.3239718088731654e-08,1.2014249252635576e-08,8.14439964063505e-09
14,6666,303,68,1.1855094687891507e-08,1.1723331833395248e-08,6.5859065919957275e-09
14,6666,303,69,9.526664502392518e-09,1.0611287821985674e-08,5.983426883884821e-09
14,6666,303,70,7.10391112286454e-09,8.36928366920503e-09,5.555144466788547e-09
14,6666,303,71,6.751302533430909e-09,6.6308331792305715e-09,4.550191043960691e-09
14,6666,303,72,6.748053970557609e-09,5.117530662612364e-09,4.3054823734347615e-09
14,6666,303,73,5.2854237982253064e-09,4.969697042850139e-09,3.847739795728426e-09
14,6666,303,74,4.498777374190921e-09,4.5653661370530335e-09,3.2047148692636142e-09
14,6666,303,75,3.5193088493675666e-09,4.07022774193858e-09,2.4289143802676803e-09
14,6666,303,76,2.8131796253377758e-09,3.6517709499020903e-09,2.1313544380930364e-09
14,6666,303,77,2.68846622281311e-09,3.193939146955994e-09,1.9478207248890348e-09
14,6666,303,78,2.4690348055081626e-09,2.735271562499021e-09,1.5995450672158779e-09
14,6666,303,79,2.0300769037073945e-09,2.56625963806752e-09,1.380235150910692e-09
14,6666,303,80,1.771677492619143e-09,1.9904014968815917e-09,1.0741107740748357e-09
14,6666,303,81,1.703711547106255e-09,1.8692960309912457e-09,9.991353560014393e-10
14,6666,303,82,1.3661707962245846e-09,1.7745362305777971e-09,8.569775197535306e-10
14,6666,303,83,1.1994472761572867e-09,1.4049282645863111e-09,7.782273358257519e-10
14,6666,303,84,1.0890669837609132e-09,1.2389619173885376e-09,6.259769306024502e-10
14,6666,303,85,8.675609581542181e-10,1.038605022046268e-09,5.768820230238264e-10
14,6666,303,86,5.734429808110887e-10,7.464123278353456e-10,4.163663081262349e-10
14,6666,303,87,4.983757434792545e-10,5.824098333050094e-10,3.6216049992443604e-10
14,6666,303,88,4.4823714492103206e-10,4.814935651546139e-10,3.0521274210705073e-10
14,6666,303,89,4.139488121146215e-10,4.4007404748599707e-10,2.4922129501494283e-10
14,6666,303,90,3.371367679559796e-10,4.3291574884104017e-10,2.40787384854827e-10
14,6666,303,91,3.0788588931467694e-10,3.2544453290941376e-10,1.9197011227018358e-10
14,6666,303,92,2.729457885591799e-10,3.1906819186952633e-10,1.3532730322600189e-10
14,6666,303,93,2.4178672259876565e-10,2.5875419335643135e-10,1.134939866322614e-10
14,6666,303,94,1.52997992249176e-10,2.2188745897854473e-10,9.259639601943263e-11
14,6666,303,95,1.3416020704847005e-10,1.5900598679233493e-10,8.884134190818333e-11
14,6666,303,96,1.3223348636677835e-10,1.326758088948922e-10,5.897302686884351e-11
14,6666,303,97,8.228420840564533e-11,1.2215846436020824e-10,5.465716715946508e-11
14,6666,303,98,8.168027819254692e-11,9.153123747426035e-11,4.245343522966392e-11
14,6666,303,99,6.741749940097266e-11,7.84420282474133e-11,3.9821111055590304e-11
14,6666,303,100,6.30383408606966e-11,7.307108112901488e-11,3.356280704435944e-11
14,6666,303,101,4.676598972839088e-11,5.07921692634792e-11,2.7882906781621804e-11
14,6666,303,102,4.532894684774539e-11,4.9668561464897216e-11,1.9740342881322668e-11
14,6666,303,103,3.688966049712985e-11,3.983324224349527e-11,1.7685194493427944e-11
14,6666,303,104,2.969307622765452e-11,2.9737061246718594e-11,1.0770168859543625e-11
14,6666,303,105,2.528348229749404e-11,2.575246630911943e-11,9.597389729527225e-12
14,6666,303,106,1.4004321155204803e-11,1.724878830836512e-11,7.732004298544814e-12
14,6666,303,107,1.1582087920801948e-11,1.6012212188306214e-11,5.253412443135479e-12
14,6666,303,108,7.949361137815179e-12,1.4109756172827498e-11,4.629583155485465e-12
14,6666,303,109,6.531879577111157e-12,1.0140745012730667e-11,3.72775160587942e-12
14,6666,303,110,4.6321654521573345e-12,9.554587762806705e-12,3.591691654140684e-12
14,6666,303,111,3.503842654911294e-12,8.052952263321502e-12,3.0122676584328934e-12
14,6666,303,112,3.4871694887295443e-12,5.175036038077022e-12,1.4800826750995614e-12
14,6666,303,113,2.4650531613682223e-12,2.899990381478338e-12,1.2002117148181795e-12
14,6666,303,114,2.3927964806127166e-12,2.6782130955633565e-12,1.056390556921291e-12
14,6666,303,115,9.5798682483215e-13,1.6384618176766854e-12,8.960943461238879e-13
14,6666,303,116,6.568851865110825e-13,1.3865704097012706e-12,6.137393057286089e-13
14,6666,303,117,5.926126802366299e-13,7.361799047153246e-13,4.126677059509675e-13
14,6666,303,118,4.751023219170887e-13,6.523857502278845e-13,3.0568913634099313e-13
14,6666,303,119,2.790855485679165e-13,2.7381662145791165e-13,2.3554320104543013e-13
14,6666,303,120,1.4432524054379517e-13,2.185310692694668e-13,1.2750925976764554e-13
14,6666,303,121,1.3143342674241015e-13,1.1928483601077535e-13,7.742958807658076e-14
14,6666,303,122,8.96167219560552e-14,1.0757254322210445e-13,6.653146760924981e-14
14,6666,303,123,6.835280134153306e-14,8.717905851356125e-14,2.409044458441791e-14
14,6666,303,124,4.059774017481757e-14,7.063414856641721e-14,9.34214920080173e-15
14,6666,303,125,1.522764643275368e-14,2.935483110652127e-14,7.61193296222775e-15
14,6666,303,126,3.6852336275048135e-15,1.0884640268307967e-14,2.6686905161743976e-15
14,6666,303,127,9.999999999999987e-16,2.4576848120997723e-15,9.999999999999987e-16
14,6666,303,128,9.999999999999987e-16,9.99999999999999e-16,9.999999999999987e-16
14,6666,404,1,0.855740768523122,0.856728595405293,0.8558660268886303
14,6666,404,2,0.0837856863463548,0.0830466114116377,0.0839767521694582
14,6666,404,3,0.02553612684662728,0.02547888296667844,0.025652486146320583
14,6666,404,4,0.01764601532669152,0.01759176956479299,0.01770018948886299
14,6666,404,5,0.005392225057228626,0.005208954363554148,0.005350814349305568
14,6666,404,6,0.003766884600188181,0.00375587066820999,0.003775541388554788
14,6666,404,7,0.002354800347831296,0.002427070524012837,0.0022635228040727043
14,6666,404,8,0.0014877955044028445,0.0014984399769199866,0.001366911481095879
14,6666,404,9,0.0011243856653206628,0.0011274869666161769,0.001144671487259521
14,6666,404,10,0.0007758121599938067,0.0008117344326778145,0.0007135503484111385
14,6666,404,11,0.0005773691114636645,0.0005999935985845194,0.0005693889032116567
14,6666,404,12,0.0004309392920712557,0.00039771669296784614,0.000367395119639365
14,6666,404,13,0.00038767567090832697,0.0003606637241249055,0.0003457881139114446
14,6666,404,14,0.00025476587209171303,0.00023166401953130463,0.00026119796191646614
14,6666,404,15,0.000193436842297444,0.0002165403971299159,0.0001752175242305267
14,6666,404,16,0.00011884479275530104,0.00012294849343878563,0.000100706907084221
14,6666,404,17,8.418435559069592e-05,7.167593601564194e-05,8.49915621653321e-05
14,6666,404,18,7.296669169008271e-05,5.662496704228418e-05,5.584546414063948e-05
14,6666,404,19,3.80634243849604e-05,4.6199580512098396e-05,3.8403234937239766e-05
14,6666,404,20,3.479150773599698e-05,3.9652655818839914e-05,3.023576310609665e-05
14,6666,404,21,3.382272931518938e-05,2.883662994696847e-05,2.4167709993076037e-05
14,6666,404,22,2.641898251975701e-05,2.86846625531919e-05,2.232259319378261e-05
14,6666,404,23,2.6141975177210097e-05,2.2030458212656367e-05,2.111874601246828e-05
14,6666,404,24,1.9651225132109697e-05,1.8525280596164796e-05,1.8568814745007587e-05
14,6666,404,25,1.5263302498995236e-05,1.611289152290669e-05,1.2886889512232067e-05
14,6666,404,26,1.2568849615991534e-05,1.0989332354520345e-05,1.0987388723940759e-05
14,6666,404,27,1.1207514667400467e-05,1.0308365030285953e-05,9.448915830842491e-06
14,6666,404,28,9.774869194873245e-06,7.54709097945996e-06,7.46039722048967e-06
14,6666,404,29,6.436650425993022e-06,5.609679399535149e-06,5.165426195666478e-06
14,6666,404,30,6.181600177844582e-06,5.213409026687578e-06,4.452555331579763e-06
14,6666,404,31,4.636052748193045e-06,4.9461693151824246e-06,3.9866926355580956e-06
14,6666,404,32,3.9560938399454145e-06,3.583292740397646e-06,3.972132422017468e-06
14,6666,404,33,3.908320535376742e-06,2.3744615100859305e-06,2.812258125125807e-06
14,6666,404,34,2.555428018882146e-06,2.3671787266349343e-06,2.2675724753661824e-06
14,6666,404,35,2.2423660065251135e-06,2.115631687762046e-06,1.6969095527019603e-06
14,6666,404,36,1.8964439410950498e-06,1.8430326820502142e-06,1.4040473274438671e-06
14,6666,404,37,1.6353648911593968e-06,1.2940308763028829e-06,1.270294549928091e-06
14,6666,404,38,1.1694099442803732e-06,1.1528802614581985e-06,1.205306335580531e-06
14,6666,404,39,9.774963161576046e-07,1.1046620791257897e-06,8.593025535047636e-07
14,6666,404,40,8.562578159291057e-07,7.938293014647306e-07,7.0512126062205e-07
14,6666,404,41,7.592983477476507e-07,7.103717679198832e-07,5.304057899611221e-07
14,6666,404,42,6.760259114247736e-07,6.527266105815787e-07,4.0178625151483436e-07
14,6666,404,43,4.913035725733437e-07,5.956234037678657e-07,3.2737592639567747e-07
14,6666,404,44,3.9103272347293725e-07,5.650721565937506e-07,2.883782152788113e-07
14,6666,404,45,3.506488722691538e-07,4.4979171495994697e-07,2.5624669962339515e-07
14,6666,404,46,3.210423343442183e-07,4.1784796291772364e-07,2.2386735237857035e-07
14,6666,404,47,3.1715295703555853e-07,3.604364375566193e-07,2.2020057149846593e-07
14,6666,404,48,3.0466602765576e-07,2.5001899489069545e-07,1.8665146719077153e-07
14,6666,404,49,2.2155901213670254e-07,2.0860492813304996e-07,1.5414215190410515e-07
14,6666,404,50,1.7770221895195577e-07,1.9638390987759054e-07,1.4339692474709787e-07
14,6666,404,51,1.6458830326105522e-07,1.6459250033052706e-07,1.2664466571379494e-07
14,6666,404,52,1.5344113932831e-07,1.2699331515887075e-07,1.1107918395509147e-07
14,6666,404,53,1.4675615804623681e-07,1.2299962799408745e-07,1.1027768117907692e-07
14,6666,404,54,9.066589920536661e-08,7.659952245731393e-08,7.674449879028387e-08
14,6666,404,55,8.516674904987657e-08,7.118918408736626e-08,6.590496883368324e-08
14,6666,404,56,7.44339123085495e-08,7.022523133034188e-08,6.112305933839546e-08
14,6666,404,57,6.945510642361111e-08,5.982341180987875e-08,5.301965377188064e-08
14,6666,404,58,5.6194430265771534e-08,5.678621760585529e-08,3.783681923719619e-08
14,6666,404,59,4.908863771185326e-08,4.737547443639548e-08,3.5954807318248716e-08
14,6666,404,60,3.7933638014982925e-08,4.3527721960479774e-08,2.759769767055717e-08
14,6666,404,61,3.157288417060638e-08,3.5095913257585645e-08,2.7169531773746436e-08
14,6666,404,62,2.4208864527630274e-08,2.39969253127298e-08,2.288987776607926e-08
14,6666,404,63,2.3340241269745613e-08,2.0339038627171285e-08,1.546924658310184e-08
14,6666,404,64,2.325233349311455e-08,1.943200770966719e-08,1.4291669374605375e-08
14,6666,404,65,1.6321800718758742e-08,1.9228989984558116e-08,1.1386387074507992e-08
14,6666,404,66,1.3698205083205145e-08,1.5756758664704217e-08,1.1154199168614667e-08
14,6666,404,67,1.3239718088731654e-08,1.4491050018907876e-08,9.017620732500427e-09
14,6666,404,68,1.1855094687891507e-08,9.980074107247043e-09,8.802195315560565e-09
14,6666,404,69,9.526664502392518e-09,8.46249059286658e-09,7.057654498607601e-09
14,6666,404,70,7.10391112286454e-09,7.732401875919509e-09,5.927013030105998e-09
14,6666,404,71,6.751302533430909e-09,7.692400785165284e-09,5.240141436051175e-09
14,6666,404,72,6.748053970557609e-09,6.092475012450424e-09,3.5753122897338325e-09
14,6666,404,73,5.2854237982253064e-09,5.579552318872828e-09,3.5506836603023616e-09
14,6666,404,74,4.498777374190921e-09,5.251618811025951e-09,2.65172287951492e-09
14,6666,404,75,3.5193088493675666e-09,3.8656359575985335e-09,2.2726972395046792e-09
14,6666,404,76,2.8131796253377758e-09,3.696523816060858e-09,1.9576805131271557e-09
14,6666,404,77,2.68846622281311e-09,2.66607263947637e-09,1.9255093411156572e-09
14,6666,404,78,2.4690348055081626e-09,2.0089831814559437e-09,1.564322209000656e-09
14,6666,404,79,2.0300769037073945e-09,1.903882658410587e-09,1.2814264249441255e-09
14,6666,404,80,1.771677492619143e-09,1.410819556964396e-09,1.0104353455495984e-09
14,6666,404,81,1.703711547106255e-09,1.2497792817270713e-09,9.435831983727611e-10
14,6666,404,82,1.3661707962245846e-09,1.038534370470189e-09,9.167539524128781e-10
14,6666,404,83,1.1994472761572867e-09,9.427446364109224e-10,7.62133414858755e-10
14,6666,404,84,1.0890669837609132e-09,8.0461602072002e-10,6.293096979461617e-10
14,6666,404,85,8.675609581542181e-10,8.017959243365751e-10,5.814713479656117e-10
14,6666,404,86,5.734429808110887e-10,6.241452886322094e-10,4.687255246126207e-10
14,6666,404,87,4.983757434792545e-10,5.758685925550772e-10,4.499276386389385e-10
14,6666,404,88,4.4823714492103206e-10,3.777912875791847e-10,3.607507958864293e-10
14,6666,404,89,4.139488121146215e-10,3.4552751641192016e-10,3.0217729655289727e-10
14,6666,404,90,3.371367679559796e-10,3.287388572604936e-10,2.8867780384449597e-10
14,6666,404,91,3.0788588931467694e-10,2.936228689568234e-10,2.772117210612401e-10
14,6666,404,92,2.729457885591799e-10,2.7703643955447496e-10,1.8096374768632934e-10
14,6666,404,93,2.4178672259876565e-10,2.571104623847895e-10,1.555360745493921e-10
14,6666,404,94,1.52997992249176e-10,2.0674651626439586e-10,1.222353078829367e-10
14,6666,404,95,1.3416020704847005e-10,1.5544401123728901e-10,1.083903339784664e-10
14,6666,404,96,1.3223348636677835e-10,1.2435978600181144e-10,7.494350243984501e-11
14,6666,404,97,8.228420840564533e-11,1.1565209942605115e-10,6.982535074767211e-11
14,6666,404,98,8.168027819254692e-11,1.0472782979334813e-10,5.5038117546192545e-11
14,6666,404,99,6.741749940097266e-11,1.0373486237701229e-10,5.220118405052093e-11
14,6666,404,100,6.30383408606966e-11,4.867724564342966e-11,3.822020886252543e-11
14,6666,404,101,4.676598972839088e-11,4.389546009890675e-11,3.7109267445491566e-11
14,6666,404,102,4.532894684774539e-11,3.032138325866731e-11,2.861466361451866e-11
14,6666,404,103,3.688966049712985e-11,2.7346755319913674e-11,1.6566223489064668e-11
14,6666,404,104,2.969307622765452e-11,2.2289988797530812e-11,1.4061486352470043e-11
14,6666,404,105,2.528348229749404e-11,2.1778542513372906e-11,1.1499781316781372e-11
14,6666,404,106,1.4004321155204803e-11,2.0340191793700217e-11,1.0506621917103363e-11
14,6666,404,107,1.1582087920801948e-11,1.3919351267440855e-11,7.213238297544354e-12
14,6666,404,108,7.949361137815179e-12,1.310269292198967e-11,6.814143367165323e-12
14,6666,404,109,6.531879577111157e-12,1.0718030405367838e-11,6.63401868151568e-12
14,6666,404,110,4.6321654521573345e-12,8.410556544889479e-12,3.126581478670033e-12
14,6666,404,111,3.503842654911294e-12,6.273115506428246e-12,2.882275526503838e-12
14,6666,404,112,3.4871694887295443e-12,5.0910358035441584e-12,1.913241997098574e-12
14,6666,404,113,2.4650531613682223e-12,3.830160527354436e-12,1.19188979546406e-12
14,6666,404,114,2.3927964806127166e-12,2.505823139447285e-12,1.1494820003970578e-12
14,6666,404,115,9.5798682483215e-13,1.2610004305989592e-12,6.94867688699397e-13
14,6666,404,116,6.568851865110825e-13,1.1230054522310051e-12,6.801876255808978e-13
14,6666,404,117,5.926126802366299e-13,7.432272448773799e-13,4.510984083721321e-13
14,6666,404,118,4.751023219170887e-13,6.835188033139034e-13,3.233718450777176e-13
14,6666,404,119,2.790855485679165e-13,4.5254595379921426e-13,1.5197120401037348e-13
14,6666,404,120,1.4432524054379517e-13,4.3011791055548523e-13,1.4184404356913097e-13
14,6666,404,121,1.3143342674241015e-13,3.495529130670075e-13,7.000516472879006e-14
14,6666,404,122,8.96167219560552e-14,1.4498237296567296e-13,4.894952672659471e-14
14,6666,404,123,6.835280134153306e-14,1.1512544489266902e-13,2.0088556416841594e-14
14,6666,404,124,4.059774017481757e-14,1.0814199214122682e-13,1.7515416137199896e-14
14,6666,404,125,1.522764643275368e-14,2.1058526673432993e-14,1.1677044285538723e-14
14,6666,404,126,3.6852336275048135e-15,1.2949223985250742e-14,2.789663026653097e-15
14,6666,404,127,9.999999999999987e-16,5.454313403889133e-15,9.999999999999985e-16
14,6666,404,128,9.999999999999987e-16,1.0138927620069468e-15,9.999999999999985e-16
14,6666,505,1,0.855740768523122,0.8565492442812304,0.8561868083848374
14,6666,505,2,0.0837856863463548,0.08329006594265971,0.08382952976539187
14,6666,505,3,0.02553612684662728,0.025562004041061615,0.02564613839703329
14,6666,505,4,0.01764601532669152,0.0175713341772864,0.017776485104372332
14,6666,505,5,0.005392225057228626,0.00529415747767624,0.0053419434539358915
14,6666,505,6,0.003766884600188181,0.003826192022980895,0.0037765585796145735
14,6666,505,7,0.002354800347831296,0.0024110552180463597,0.002212860758212957
14,6666,505,8,0.0014877955044028445,0.0014193882528306997,0.0013039317908177714
14,6666,505,9,0.0011243856653206628,0.0011057876799373167,0.0010976031968903623
14,6666,505,10,0.0007758121599938067,0.0007290009185752925,0.000688158239045343
14,6666,505,11,0.0005773691114636645,0.0005794610255059618,0.0005713752865458831
14,6666,505,12,0.0004309392920712557,0.0004015135891931633,0.00037356587154750264
14,6666,505,13,0.00038767567090832697,0.0003361177028751761,0.0003319667342348198
14,6666,505,14,0.00025476587209171303,0.00026220878023012903,0.00023891679900484513
14,6666,505,15,0.000193436842297444,0.00017304250352568188,0.00016674319060182207
14,6666,505,16,0.00011884479275530104,9.573078293916992e-05,0.00010780351784436073
14,6666,505,17,8.418435559069592e-05,8.364464492631975e-05,7.435996680476795e-05
14,6666,505,18,7.296669169008271e-05,7.231267102833234e-05,6.232268764324743e-05
14,6666,505,19,3.80634243849604e-05,3.756590458225512e-05,3.236256389914368e-05
14,6666,505,20,3.479150773599698e-05,3.328897492314578e-05,3.183294297821259e-05
14,6666,505,21,3.382272931518938e-05,2.443069098345884e-05,2.6437373026654516e-05
14,6666,505,22,2.641898251975701e-05,2.4341019555456558e-05,2.0109221195142413e-05
14,6666,505,23,2.6141975177210097e-05,2.1422464727092247e-05,1.845183953063433e-05
14,6666,505,24,1.9651225132109697e-05,1.6385168286151405e-05,1.7932797154282414e-05
14,6666,505,25,1.5263302498995236e-05,1.3627318287960063e-05,1.1292236399102331e-05
14,6666,505,26,1.2568849615991534e-05,1.3097634210760008e-05,9.136381940481623e-06
14,6666,505,27,1.1207514667400467e-05,9.772718999377904e-06,8.844117073514502e-06
14,6666,505,28,9.774869194873245e-06,8.75685703301363e-06,7.2518092943369326e-06
14,6666,505,29,6.436650425993022e-06,5.494071271394976e-06,5.36197718638865e-06
14,6666,505,30,6.181600177844582e-06,4.866226519537724e-06,4.096733458624297e-06
14,6666,505,31,4.636052748193045e-06,3.665092881952805e-06,3.738379966739636e-06
14,6666,505,32,3.9560938399454145e-06,3.6398106643344793e-06,2.5165524922350857e-06
14,6666,505,33,3.908320535376742e-06,2.9059243279643824e-06,1.8098182800443011e-06
14,6666,505,34,2.555428018882146e-06,2.487513241589464e-06,1.771682876709988e-06
14,6666,505,35,2.2423660065251135e-06,2.086885688343983e-06,1.5485791011173943e-06
14,6666,505,36,1.8964439410950498e-06,1.76572683050268e-06,1.321391384412888e-06
14,6666,505,37,1.6353648911593968e-06,1.3452153694701454e-06,1.2505479151696139e-06
14,6666,505,38,1.1694099442803732e-06,1.1935192616644103e-06,8.514377898452649e-07
14,6666,505,39,9.774963161576046e-07,8.921489952962042e-07,7.000220764352713e-07
14,6666,505,40,8.562578159291057e-07,7.304409258301707e-07,6.139259083998084e-07
14,6666,505,41,7.592983477476507e-07,5.460502059568346e-07,5.012856699350775e-07
14,6666,505,42,6.760259114247736e-07,5.176455724943412e-07,4.73762261457145e-07
14,6666,505,43,4.913035725733437e-07,4.676647080057224e-07,4.417399488828951e-07
14,6666,505,44,3.9103272347293725e-07,3.34418459008779e-07,3.3004685057943695e-07
14,6666,505,45,3.506488722691538e-07,2.693898584433471e-07,2.9526674082950863e-07
14,6666,505,46,3.210423343442183e-07,2.4340930969884137e-07,2.370646362818794e-07
14,6666,505,47,3.1715295703555853e-07,2.0699584649961045e-07,2.207830907000455e-07
14,6666,505,48,3.0466602765576e-07,1.9240648441718931e-07,1.719563568639629e-07
14,6666,505,49,2.2155901213670254e-07,1.681534863228832e-07,1.6609909050968325e-07
14,6666,505,50,1.7770221895195577e-07,1.30140570438638e-07,1.2779526675348949e-07
14,6666,505,51,1.6458830326105522e-07,1.24090157333377e-07,1.1250860208103607e-07
14,6666,505,52,1.5344113932831e-07,9.971692189726261e-08,8.91645684662982e-08
14,6666,505,53,1.4675615804623681e-07,9.679052106316487e-08,7.873887584902998e-08
14,6666,505,54,9.066589920536661e-08,8.3859856071878e-08,6.911860673940085e-08
14,6666,505,55,8.516674904987657e-08,6.867109886461861e-08,5.745514294481779e-08
14,6666,505,56,7.44339123085495e-08,6.416425653845348e-08,4.9972427131263564e-08
14,6666,505,57,6.945510642361111e-08,5.356836301515884e-08,4.0738163585680335e-08
14,6666,505,58,5.6194430265771534e-08,4.3506091770472185e-08,3.508339984405991e-08
14,6666,505,59,4.908863771185326e-08,3.3322897704280576e-08,2.8505318583405505e-08
14,6666,505,60,3.7933638014982925e-08,3.161836522257543e-08,2.365583472603361e-08
14,6666,505,61,3.157288417060638e-08,2.8273774347309217e-08,1.9656096870904e-08
14,6666,505,62,2.4208864527630274e-08,2.8042313320174336e-08,1.7063595708947915e-08
14,6666,505,63,2.3340241269745613e-08,2.2110817703235466e-08,1.5296356710358376e-08
14,6666,505,64,2.325233349311455e-08,1.977653889427869e-08,1.3250447336613805e-08
14,6666,505,65,1.6321800718758742e-08,1.8373836442840793e-08,1.1810549919037331e-08
14,6666,505,66,1.3698205083205145e-08,1.3786134387818834e-08,1.0380148557416172e-08
14,6666,505,67,1.3239718088731654e-08,9.99477892527285e-09,9.405273345874368e-09
14,6666,505,68,1.1855094687891507e-08,7.1552338192142164e-09,8.264633183512001e-09
14,6666,505,69,9.526664502392518e-09,6.835114412170504e-09,5.722036562149323e-09
14,6666,505,70,7.10391112286454e-09,6.580187490565304e-09,4.970372036633299e-09
14,6666,505,71,6.751302533430909e-09,6.078717595701739e-09,4.890657583759741e-09
14,6666,505,72,6.748053970557609e-09,4.366017150958551e-09,3.22225587806139e-09
14,6666,505,73,5.2854237982253064e-09,3.937403348772441e-09,3.126340950704563e-09
14,6666,505,74,4.498777374190921e-09,3.522182056316698e-09,2.906760985128428e-09
14,6666,505,75,3.5193088493675666e-09,2.7136225522396353e-09,2.404577478279473e-09
14,6666,505,76,2.8131796253377758e-09,2.5901492186474754e-09,2.2496611850928465e-09
14,6666,505,77,2.68846622281311e-09,2.278652546159571e-09,1.8221551750426357e-09
14,6666,505,78,2.4690348055081626e-09,2.2183175476849054e-09,1.1136439294405612e-09
14,6666,505,79,2.0300769037073945e-09,1.8863451772639382e-09,9.896447371973e-10
14,6666,505,80,1.771677492619143e-09,1.7585666434808434e-09,8.709269349011104e-10
14,6666,505,81,1.703711547106255e-09,1.1764279533914858e-09,8.646236065475716e-10
14,6666,505,82,1.3661707962245846e-09,1.1008334159698207e-09,6.66415702047355e-10
14,6666,505,83,1.1994472761572867e-09,1.0431039751750458e-09,5.89666021114932e-10
14,6666,505,84,1.0890669837609132e-09,9.140666816903256e-10,4.967587343834438e-10
14,6666,505,85,8.675609581542181e-10,7.712233084835477e-10,4.499559440815302e-10
14,6666,505,86,5.734429808110887e-10,7.111782380417583e-10,3.948967453593359e-10
14,6666,505,87,4.983757434792545e-10,4.958318554308068e-10,3.5217538124221426e-10
14,6666,505,88,4.4823714492103206e-10,4.367186551592385e-10,3.4021675124684546e-10
14,6666,505,89,4.139488121146215e-10,3.849329386091694e-10,2.647793355973552e-10
14,6666,505,90,3.371367679559796e-10,3.4570864881973106e-10,2.4611350244622724e-10
14,6666,505,91,3.0788588931467694e-10,2.436882798038327e-10,2.0003235618473543e-10
14,6666,505,92,2.729457885591799e-10,2.2379987157352012e-10,1.55923783674294e-10
14,6666,505,93,2.4178672259876565e-10,1.898362272405003e-10,1.446232056093846e-10
14,6666,505,94,1.52997992249176e-10,1.5793362189313263e-10,9.341550711248254e-11
14,6666,505,95,1.3416020704847005e-10,1.5671955868720562e-10,8.19164771102475e-11
14,6666,505,96,1.3223348636677835e-10,1.5031409088662845e-10,7.905125576281275e-11
14,6666,505,97,8.228420840564533e-11,1.0398797201395653e-10,6.876203586053461e-11
14,6666,505,98,8.168027819254692e-11,1.0027190263667133e-10,5.4476857250179126e-11
14,6666,505,99,6.741749940097266e-11,8.778187772534462e-11,4.895738505986847e-11
14,6666,505,100,6.30383408606966e-11,6.455123324171124e-11,4.427236902193331e-11
14,6666,505,101,4.676598972839088e-11,4.845447032073126e-11,3.653177884549202e-11
14,6666,505,102,4.532894684774539e-11,3.853340177555075e-11,2.8118873143453004e-11
14,6666,505,103,3.688966049712985e-11,3.7374701973672324e-11,1.9549153062557487e-11
14,6666,505,104,2.969307622765452e-11,3.2845281969960146e-11,1.3703976909741732e-11
14,6666,505,105,2.528348229749404e-11,2.1323122776027673e-11,1.0915289322835934e-11
14,6666,505,106,1.4004321155204803e-11,1.3351324511212333e-11,1.0527546542694669e-11
14,6666,505,107,1.1582087920801948e-11,1.2860539533736677e-11,7.37333081284787e-12
14,6666,505,108,7.949361137815179e-12,1.086461201086253e-11,6.179152585571561e-12
14,6666,505,109,6.531879577111157e-12,5.357033351121996e-12,4.006649866541802e-12
14,6666,505,110,4.6321654521573345e-12,4.400116862734511e-12,3.686636827866742e-12
14,6666,505,111,3.503842654911294e-12,2.7266222873770838e-12,2.726322615086657e-12
14,6666,505,112,3.4871694887295443e-12,2.361138826500266e-12,1.8843036995157573e-12
14,6666,505,113,2.4650531613682223e-12,2.0414632107516503e-12,1.7030841443972004e-12
14,6666,505,114,2.3927964806127166e-12,1.6222501038835366e-12,1.5023422106874222e-12
14,6666,505,115,9.5798682483215e-13,1.131215972173374e-12,8.458625774728956e-13
14,6666,505,116,6.568851865110825e-13,1.105497227547751e-12,3.7334780596506386e-13
14,6666,505,117,5.926126802366299e-13,7.319194752051877e-13,3.059127628032494e-13
14,6666,505,118,4.751023219170887e-13,6.838961410234093e-13,2.6077183964238507e-13
14,6666,505,119,2.790855485679165e-13,5.049712291727269e-13,1.9777451202854002e-13
14,6666,505,120,1.4432524054379517e-13,4.436200975697544e-13,1.1576099065669585e-13
14,6666,505,121,1.3143342674241015e-13,2.8953319932127605e-13,5.69055186678419e-14
14,6666,505,122,8.96167219560552e-14,1.54461606487038e-13,4.925269816633111e-14
14,6666,505,123,6.835280134153306e-14,7.305899676340673e-14,2.5880922472510738e-14
14,6666,505,124,4.059774017481757e-14,3.3966006318237406e-14,1.3584146444112231e-14
14,6666,505,125,1.522764643275368e-14,5.016396793353769e-15,1.1281669739360755e-14
14,6666,505,126,3.6852336275048135e-15,4.7522486143077084e-15,5.854908431786481e-15
14,6666,505,127,9.999999999999987e-16,9.99999999999998e-16,9.999999999999997e-16
14,6666,505,128,9.999999999999987e-16,9.99999999999998e-16,9.999999999999997e-16
14,9012,101,1,0.8912205435381745,0.8914260293803821,0.8920166897164653
14,9012,101,2,0.07359427722853545,0.07380570827001891,0.0735397627039746
14,9012,101,3,0.014532473542684124,0.014710988275936934,0.014323208894454546
14,9012,101,4,0.009098444209976037,0.008939145326400675,0.009097207443494931
14,9012,101,5,0.0061155236927167,0.005935950617721187,0.006071364371289469
14,9012,101,6,0.001403485257709665,0.0012383226083075,0.0013115823919103067
14,9012,101,7,0.0012383441237006905,0.0011994627004106304,0.0011626968542631198
14,9012,101,8,0.0010741664138951695,0.0010986695672021362,0.0009651351049229586
14,9012,101,9,0.0006236448711203101,0.000610345303942046,0.0005452891483422561
14,9012,101,10,0.00043785080264147156,0.0003348972464052788,0.0003784860595869459
14,9012,101,11,0.0001677115181469844,0.00017480129406095623,0.00017279678179933219
14,9012,101,12,0.00010001586236972909,0.00011886925180020344,7.968859760741563e-05
14,9012,101,13,7.779143379275157e-05,0.00010863023098716056,6.306253723006107e-05
14,9012,101,14,6.365033898053608e-05,7.777435498273203e-05,5.398389424020964e-05
14,9012,101,15,5.974798254621842e-05,4.792436347758034e-05,5.033480990157319e-05
14,9012,101,16,5.149810048626704e-05,4.1850745075844156e-05,4.829313410768186e-05
14,9012,101,17,4.1625958106429543e-05,3.0935952212331934e-05,3.7661881551716876e-05
14,9012,101,18,3.02312583021979e-05,2.690931119789291e-05,2.3369688706598742e-05
14,9012,101,19,1.4757331991752153e-05,1.2648797990361459e-05,1.3132372626392792e-05
14,9012,101,20,9.475516952606029e-06,1.1005341536029486e-05,7.736491480417503e-06
14,9012,101,21,7.701503088892854e-06,1.07692991451735e-05,6.453750853551105e-06
14,9012,101,22,7.6281058967259895e-06,7.008000394435481e-06,6.084752646759843e-06
14,9012,101,23,6.47257918873292e-06,6.697821229497329e-06,5.6500779169266086e-06
14,9012,101,24,5.624982473062951e-06,6.526507887531733e-06,3.911553189324532e-06
14,9012,101,25,3.5684119967666575e-06,3.602357401233542e-06,3.2900850132971135e-06
14,9012,101,26,2.585334679096101e-06,2.7711210129704978e-06,2.716103408310048e-06
14,9012,101,27,2.0580102063265104e-06,1.932120743370739e-06,2.4622654156630355e-06
14,9012,101,28,1.6206095446221206e-06,1.84340773242736e-06,1.549520431388486e-06
14,9012,101,29,1.1342787868844184e-06,1.4723775918497312e-06,9.166571759641425e-07
14,9012,101,30,1.037486477097913e-06,1.3049056593264464e-06,8.902390237606335e-07
14,9012,101,31,1.020517633072996e-06,8.517295263036479e-07,7.088321330513719e-07
14,9012,101,32,6.755567570601934e-07,6.860487788085832e-07,6.746499441983685e-07
14,9012,101,33,6.395115910210217e-07,6.19092372795787e-07,5.557677655719001e-07
14,9012,101,34,5.639314648994552e-07,5.768016348221681e-07,4.134006270089648e-07
14,9012,101,35,4.4303559591816374e-07,5.243861448530176e-07,4.0018183080687066e-07
14,9012,101,36,3.228896152831613e-07,3.2351171151362646e-07,3.700434378607108e-07
14,9012,101,37,2.9690477125368924e-07,2.557917393392906e-07,2.8849479468139596e-07
14,9012,101,38,2.3200970868495557e-07,2.3408557945487755e-07,2.0631657596288882e-07
14,9012,101,39,1.9514294813880267e-07,1.753117099732164e-07,1.7636679760970846e-07
14,9012,101,40,1.6532581299748277e-07,1.5151002537252302e-07,1.54816213357169e-07
14,9012,101,41,1.5061895667954926e-07,1.2809658992166576e-07,1.0164931595025751e-07
14,9012,101,42,1.256739610782511e-07,1.0506595388999139e-07,7.940436216517929e-08
14,9012,101,43,8.742434620240098e-08,8.491410752461427e-08,7.257540010415383e-08
14,9012,101,44,7.09412149355939e-08,8.251566096789165e-08,6.909625686789395e-08
14,9012,101,45,4.865824793747024e-08,5.8057627079050276e-08,5.3276946427299836e-08
14,9012,101,46,3.764333423672392e-08,5.272128441984923e-08,3.859413002276553e-08
14,9012,101,47,3.276917579964658e-08,4.070174049624547e-08,3.313752022573203e-08
14,9012,101,48,3.1791744955562295e-08,3.593244815686091e-08,2.7592585697135185e-08
14,9012,101,49,2.707306018338567e-08,3.537921311837594e-08,2.455894520114213e-08
14,9012,101,50,2.1888880688561517e-08,2.996800967376481e-08,1.9992583635919632e-08
14,9012,101,51,1.820072650206746e-08,2.4669726428861024e-08,1.8237607873013514e-08
14,9012,101,52,1.4889308531330335e-08,2.0004090312768385e-08,1.7251346782783795e-08
14,9012,101,53,1.4285292768653735e-08,1.6813955810105907e-08,1.5808594854621736e-08
14,9012,101,54,1.2328556603904028e-08,1.5644051866640795e-08,1.1871206581681914e-08
14,9012,101,55,8.990169677619731e-09,1.2285552447144722e-08,1.0721188761547619e-08
14,9012,101,56,6.97691352601459e-09,8.355751551795225e-09,8.254463138862576e-09
14,9012,101,57,6.703966538545407e-09,8.213636247670648e-09,5.8602348029712e-09
14,9012,101,58,5.54151622115397e-09,6.320826415644937e-09,5.306752673603667e-09
14,9012,101,59,5.411531092532086e-09,5.808317413358828e-09,4.015405868401982e-09
14,9012,101,60,4.227557895150355e-09,4.163094452161879e-09,3.838643078347869e-09
14,9012,101,61,3.057106192064182e-09,3.908147887014543e-09,3.091697651398098e-09
14,9012,101,62,3.044921928802198e-09,3.414396846660874e-09,2.598570485753936e-09
14,9012,101,63,2.684206423104621e-09,3.20618175746068e-09,2.1839495765027315e-09
14,9012,101,64,2.067291970576547e-09,2.5541163491114748e-09,1.9679692893882703e-09
14,9012,101,65,1.8775919973390714e-09,2.2767164276577674e-09,1.696681523000542e-09
14,9012,101,66,1.5835239477031936e-09,1.8674306994645394e-09,1.5089688470881328e-09
14,9012,101,67,1.1864897649833592e-09,1.7836465176240864e-09,1.308839389053162e-09
14,9012,101,68,1.103479186018505e-09,1.2566682225912e-09,1.0933791222056523e-09
14,9012,101,69,1.057631322553167e-09,1.2194968542751717e-09,1.059048268377506e-09
14,9012,101,70,9.220659883455624e-10,1.1659708234671581e-09,9.274576865263678e-10
14,9012,101,71,7.362491497970312e-10,1.1056190321261288e-09,8.172772180497791e-10
14,9012,101,72,6.266305238900857e-10,1.042009939343824e-09,7.507823068081876e-10
14,9012,101,73,5.70400669235632e-10,6.17048177182707e-10,6.681797493781689e-10
14,9012,101,74,4.362497014579399e-10,5.276785587265071e-10,4.794942412805096e-10
14,9012,101,75,3.2360160650528747e-10,5.1478385842277e-10,3.3844675914127754e-10
14,9012,101,76,2.696413905649365e-10,4.2346764304084055e-10,2.7894371894678665e-10
14,9012,101,77,2.345409460882606e-10,3.523563350309888e-10,2.0723513353749429e-10
14,9012,101,78,1.8906829706057784e-10,3.2246597031827445e-10,1.8458936173631308e-10
14,9012,101,79,1.4434706945066664e-10,2.8241931441835957e-10,1.8046832560468118e-10
14,9012,101,80,1.278519210263615e-10,2.349953833219311e-10,1.506677942504015e-10
14,9012,101,81,1.1092158389715658e-10,2.2546764864737325e-10,1.338111610274461e-10
14,9012,101,82,7.64543177307516e-11,1.7841539375253143e-10,1.0560149711258022e-10
14,9012,101,83,6.315235634564186e-11,1.3365976869638439e-10,8.240789942869872e-11
14,9012,101,84,5.860485864202522e-11,1.1382000136222809e-10,5.893141116655298e-11
14,9012,101,85,5.357612531752685e-11,8.669348048819997e-11,5.684062223564899e-11
14,9012,101,86,4.263076796047601e-11,6.848278545545808e-11,5.212409156440987e-11
14,9012,101,87,3.746897585601811e-11,6.083616894080902e-11,3.695185680019545e-11
14,9012,101,88,3.215819881240211e-11,4.9106330780917144e-11,2.950442555820186e-11
14,9012,101,89,3.091616877609991e-11,4.1500621271609066e-11,2.523608428164163e-11
14,9012,101,90,1.9225830259023054e-11,3.602855765329493e-11,2.3382695011533198e-11
14,9012,101,91,1.4210482926994624e-11,2.6215245536210164e-11,2.1050480264758798e-11
14,9012,101,92,1.3430608995793997e-11,2.2179531447334602e-11,1.7784684794224168e-11
14,9012,101,93,9.608416758655324e-12,2.198918161186155e-11,1.3613569927387042e-11
14,9012,101,94,9.583092791162935e-12,2.024981492792543e-11,9.271634700469188e-12
14,9012,101,95,6.69124383855917e-12,1.4492294688752628e-11,8.131384690257447e-12
14,9012,101,96,5.7024537884993864e-12,1.3690803435482641e-11,6.910061939942297e-12
14,9012,101,97,5.476183275721642e-12,1.347621241337895e-11,5.5423100873070356e-12
14,9012,101,98,4.015746580747889e-12,8.164320705474303e-12,5.3614866496974556e-12
14,9012,101,99,2.707111812677057e-12,6.5201367572313755e-12,3.5327582978866317e-12
14,9012,101,100,2.5431537219907947e-12,4.081864127391008e-12,2.8700615042486255e-12
14,9012,101,101,1.9907121929290297e-12,3.7004265627017265e-12,2.3400245881696796e-12
14,9012,101,102,1.5256633226632894e-12,3.53154229331797e-12,1.910428961775934e-12
14,9012,101,103,1.3840048834529839e-12,2.2279787633642338e-12,1.7488016967885241e-12
14,9012,101,104,9.057020993049109e-13,1.8240760389851396e-12,1.2240968338781172e-12
14,9012,101,105,7.272509195862931e-13,1.531746851078594e-12,1.010894571020879e-12
14,9012,101,106,4.550707619378738e-13,1.496362498929682e-12,8.235867627304868e-13
14,9012,101,107,4.1912952975790374e-13,1.441517376339545e-12,6.491336431945472e-13
14,9012,101,108,2.831202652021988e-13,7.924150917721891e-13,5.683533528194797e-13
14,9012,101,109,1.940919631617681e-13,7.690443486032081e-13,4.2124602122489235e-13
14,9012,101,110,1.7570392780421618e-13,5.714837399068029e-13,3.078042117600335e-13
14,9012,101,111,1.3000925372150306e-13,4.390821796752426e-13,2.6194789622438267e-13
14,9012,101,112,1.1069429930759275e-13,2.977638533682834e-13,2.2347540036238924e-13
14,9012,101,113,7.763629285374273e-14,2.716270304351414e-13,1.1616773423404205e-13
14,9012,101,114,3.0185981510835834e-14,2.6044699938362726e-13,7.563056929851561e-14
14,9012,101,115,2.7722309433674555e-14,1.6250114409674414e-13,5.355909206694645e-14
14,9012,101,116,2.7245625343379183e-14,1.0988924222071276e-13,3.201391235922745e-14
14,9012,101,117,1.0135193480239037e-14,7.019880382005508e-14,2.8903071620264e-14
14,9012,101,118,1.0020983025811695e-14,3.426768129578044e-14,1.6724936907836637e-14
14,9012,101,119,9.169105197272403e-15,3.1257010025350423e-14,1.4160183978838531e-14
14,9012,101,120,2.566646690745322e-15,1.3357406839922688e-14,9.27780936117774e-15
14,9012,101,121,1.3157016466168225e-15,1.0276818693006131e-14,6.778028538376876e-15
14,9012,101,122,1.0462538932097718e-15,9.442754262348783e-15,1.9150278958898334e-15
14,9012,101,123,9.999999999999951e-16,3.1820733690275927e-15,1.7254159632232345e-15
14,9012,101,124,9.999999999999951e-16,1.3307020724541072e-15,9.999999999999963e-16
14,9012,101,125,9.999999999999951e-16,1.2246459621812576e-15,9.999999999999963e-16
14,9012,101,126,9.999999999999951e-16,9.99999999999998e-16,9.999999999999963e-16
14,9012,101,127,9.999999999999951e-16,9.99999999999998e-16,9.999999999999963e-16
14,9012,101,128,9.999999999999951e-16,9.99999999999998e-16,9.999999999999963e-16
14,9012,202,1,0.8912205435381745,0.8912476269237835,0.891220263792786
14,9012,202,2,0.07359427722853545,0.07364130198999147,0.07388580137158504
14,9012,202,3,0.014532473542684124,0.014510838490063772,0.014485669822813876
14,9012,202,4,0.009098444209976037,0.008983869544722842,0.009086718693315505
14,9012,202,5,0.0061155236927167,0.006150944685640137,0.006097607978214899
14,9012,202,6,0.001403485257709665,0.0013253480832173558,0.0013777299018444778
14,9012,202,7,0.0012383441237006905,0.0012319426751656265,0.0012245337297764134
14,9012,202,8,0.0010741664138951695,0.0011863494584360191,0.001035704324297443
14,9012,202,9,0.0006236448711203101,0.0006409032596345099,0.0006089496853905974
14,9012,202,10,0.00043785080264147156,0.0004369889745706777,0.0003932820065433662
14,9012,202,11,0.0001677115181469844,0.0001469820173106368,0.00014978604233623847
14,9012,202,12,0.00010001586236972909,9.94678781495814e-05,8.103667324445212e-05
14,9012,202,13,7.779143379275157e-05,8.992503706406138e-05,7.384421998013962e-05
14,9012,202,14,6.365033898053608e-05,8.127781235009881e-05,6.505873305244336e-05
14,9012,202,15,5.974798254621842e-05,5.4947853790726304e-05,5.039431058436118e-05
14,9012,202,16,5.149810048626704e-05,4.265719253934581e-05,4.395765721673065e-05
14,9012,202,17,4.1625958106429543e-05,3.5242333380696434e-05,3.315896976579412e-05
14,9012,202,18,3.02312583021979e-05,2.1734668081688663e-05,2.4486850104098687e-05
14,9012,202,19,1.4757331991752153e-05,1.2548568428366899e-05,1.2804297034274042e-05
14,9012,202,20,9.475516952606029e-06,1.1911228288470794e-05,8.511393099548657e-06
14,9012,202,21,7.701503088892854e-06,8.69668255669801e-06,7.705844678674612e-06
14,9012,202,22,7.6281058967259895e-06,7.556637576283445e-06,5.896988044800829e-06
14,9012,202,23,6.47257918873292e-06,7.015799843479527e-06,5.7042879518850035e-06
14,9012,202,24,5.624982473062951e-06,6.9709296019268384e-06,5.5767225431852415e-06
14,9012,202,25,3.5684119967666575e-06,3.6647336361954354e-06,3.2582675043032353e-06
14,9012,202,26,2.585334679096101e-06,2.0724513384297595e-06,2.7858831031797604e-06
14,9012,202,27,2.0580102063265104e-06,1.6337817338195989e-06,1.5993079834252463e-06
14,9012,202,28,1.6206095446221206e-06,1.5718299886550534e-06,1.53905811223129e-06
14,9012,202,29,1.1342787868844184e-06,1.5179147991021635e-06,1.1119280442827019e-06
14,9012,202,30,1.037486477097913e-06,1.0588495917142389e-06,9.64108692981141e-07
14,9012,202,31,1.020517633072996e-06,1.0315895495398326e-06,8.169429764455976e-07
14,9012,202,32,6.755567570601934e-07,6.504266490649749e-07,6.273846278876886e-07
14,9012,202,33,6.395115910210217e-07,6.099620061067931e-07,5.275441459272252e-07
14,9012,202,34,5.639314648994552e-07,5.701975810471136e-07,4.489089628264473e-07
14,9012,202,35,4.4303559591816374e-07,4.852051270039715e-07,3.6140662082144167e-07
14,9012,202,36,3.228896152831613e-07,3.89571946132479e-07,3.2207849371712755e-07
14,9012,202,37,2.9690477125368924e-07,2.529470933605911e-07,2.6352794249866156e-07
14,9012,202,38,2.3200970868495557e-07,1.9530542286501118e-07,2.2251683058215346e-07
14,9012,202,39,1.9514294813880267e-07,1.7271401260808952e-07,1.6737096175629178e-07
14,9012,202,40,1.6532581299748277e-07,1.5970861295067226e-07,1.4682880325234766e-07
14,9012,202,41,1.5061895667954926e-07,1.2996332430622416e-07,1.2125973262724401e-07
14,9012,202,42,1.256739610782511e-07,1.2542096366108954e-07,8.296400996791471e-08
14,9012,202,43,8.742434620240098e-08,1.14915745676468e-07,7.913375690667683e-08
14,9012,202,44,7.09412149355939e-08,9.68419028598192e-08,6.031279963914812e-08
14,9012,202,45,4.865824793747024e-08,9.052639449273933e-08,4.5027886580931804e-08
14,9012,202,46,3.764333423672392e-08,6.556864774829266e-08,3.6307565414399316e-08
14,9012,202,47,3.276917579964658e-08,4.5794724085598124e-08,3.212854415103179e-08
14,9012,202,48,3.1791744955562295e-08,4.086716030250268e-08,2.562606970343939e-08
14,9012,202,49,2.707306018338567e-08,3.634699962815192e-08,2.1980201814640482e-08
14,9012,202,50,2.1888880688561517e-08,2.6904630252124432e-08,2.0613942842768523e-08
14,9012,202,51,1.820072650206746e-08,1.845417730697757e-08,1.78808619195614e-08
14,9012,202,52,1.4889308531330335e-08,1.611872219223477e-08,1.7746409325205013e-08
14,9012,202,53,1.4285292768653735e-08,1.4416444428102903e-08,1.347631661054033e-08
14,9012,202,54,1.2328556603904028e-08,1.3069076848848469e-08,1.1051600078702462e-08
14,9012,202,55,8.990169677619731e-09,1.2850829555709976e-08,9.8286854526484e-09
14,9012,202,56,6.97691352601459e-09,8.287348662419878e-09,9.28338739616209e-09
14,9012,202,57,6.703966538545407e-09,6.8624085373360485e-09,7.735022964057515e-09
14,9012,202,58,5.54151622115397e-09,6.7152310866691855e-09,5.37701741728719e-09
14,9012,202,59,5.411531092532086e-09,5.640209167053279e-09,5.16393699607204e-09
14,9012,202,60,4.227557895150355e-09,5.3182972107318525e-09,4.211759362331069e-09
14,9012,202,61,3.057106192064182e-09,4.203843703162308e-09,3.732507505271153e-09
14,9012,202,62,3.044921928802198e-09,4.008549691990874e-09,2.974793000426775e-09
14,9012,202,63,2.684206423104621e-09,3.4526622110556562e-09,2.706597374533721e-09
14,9012,202,64,2.067291970576547e-09,3.146278359783106e-09,2.2200378599512767e-09
14,9012,202,65,1.8775919973390714e-09,2.311807085652482e-09,2.0513825182924106e-09
14,9012,202,66,1.5835239477031936e-09,2.272744060589611e-09,1.6752664443025915e-09
14,9012,202,67,1.1864897649833592e-09,2.007340364732532e-09,1.5795667089049835e-09
14,9012,202,68,1.103479186018505e-09,1.6061385254477927e-09,1.4133070213209966e-09
14,9012,202,69,1.057631322553167e-09,1.4867514685335264e-09,1.1027690541866614e-09
14,9012,202,70,9.220659883455624e-10,1.4204824461245203e-09,1.0651333153678834e-09
14,9012,202,71,7.362491497970312e-10,1.283154790714691e-09,9.282462180033793e-10
14,9012,202,72,6.266305238900857e-10,9.576046138338578e-10,7.130456225037141e-10
14,9012,202,73,5.70400669235632e-10,6.748386037366624e-10,6.011578454460366e-10
14,9012,202,74,4.362497014579399e-10,6.587745453533938e-10,5.256326702155739e-10
14,9012,202,75,3.2360160650528747e-10,5.160945250879013e-10,4.647801914139425e-10
14,9012,202,76,2.696413905649365e-10,4.674625300265816e-10,2.889066573832875e-10
14,9012,202,77,2.345409460882606e-10,4.257757989430897e-10,2.648043126412322e-10
14,9012,202,78,1.8906829706057784e-10,4.006196229778311e-10,2.3010666233832046e-10
14,9012,202,79,1.4434706945066664e-10,3.7827869836105536e-10,1.63220001412988e-10
14,9012,202,80,1.278519210263615e-10,2.548183545186633e-10,1.431217539794644e-10
14,9012,202,81,1.1092158389715658e-10,2.032636013313828e-10,1.2636024700138466e-10
14,9012,202,82,7.64543177307516e-11,1.6367943813322744e-10,9.902726920668593e-11
14,9012,202,83,6.315235634564186e-11,1.4606773866718126e-10,7.69858245957786e-11
14,9012,202,84,5.860485864202522e-11,1.2710020176979786e-10,5.784158587111866e-11
14,9012,202,85,5.357612531752685e-11,1.0148871581846693e-10,5.4180065572366325e-11
14,9012,202,86,4.263076796047601e-11,8.715872278732311e-11,3.77574951201367e-11
14,9012,202,87,3.746897585601811e-11,8.396132046427461e-11,3.679468267999001e-11
14,9012,202,88,3.215819881240211e-11,6.399228328132102e-11,3.1724053118975916e-11
14,9012,202,89,3.091616877609991e-11,5.718440535179215e-11,2.348660199809549e-11
14,9012,202,90,1.9225830259023054e-11,3.23869392519662e-11,2.0989565712672683e-11
14,9012,202,91,1.4210482926994624e-11,2.927168399733601e-11,1.8984725010765354e-11
14,9012,202,92,1.3430608995793997e-11,2.7856525937248168e-11,1.7660585667210543e-11
14,9012,202,93,9.608416758655324e-12,2.3143538919580345e-11,1.4402355936882565e-11
14,9012,202,94,9.583092791162935e-12,1.9876306410025947e-11,1.3857058352410001e-11
14,9012,202,95,6.69124383855917e-12,1.7183923628008567e-11,1.1980228164660167e-11
14,9012,202,96,5.7024537884993864e-12,1.4664843786896463e-11,7.369758376183755e-12
14,9012,202,97,5.476183275721642e-12,1.325706240557014e-11,6.867431350354889e-12
14,9012,202,98,4.015746580747889e-12,1.3211868609683708e-11,5.846501130685937e-12
14,9012,202,99,2.707111812677057e-12,9.537950402611588e-12,5.511277709472931e-12
14,9012,202,100,2.5431537219907947e-12,7.229818514574557e-12,4.063495183230092e-12
14,9012,202,101,1.9907121929290297e-12,6.642334043390419e-12,3.860991903761451e-12
14,9012,202,102,1.5256633226632894e-12,6.179148301845489e-12,2.4295240948743098e-12
14,9012,202,103,1.3840048834529839e-12,3.11666914637021e-12,2.3940655705161455e-12
14,9012,202,104,9.057020993049109e-13,2.6226071482349006e-12,1.3356302906359994e-12
14,9012,202,105,7.272509195862931e-13,1.9429963406868648e-12,9.084266926263396e-13
14,9012,202,106,4.550707619378738e-13,1.6111472731071182e-12,6.95281405318014e-13
14,9012,202,107,4.1912952975790374e-13,1.285926414373696e-12,6.766418360694549e-13
14,9012,202,108,2.831202652021988e-13,1.184586977141562e-12,5.161926769590838e-13
14,9012,202,109,1.940919631617681e-13,9.383221554153615e-13,4.584929447928898e-13
14,9012,202,110,1.7570392780421618e-13,5.160001243243161e-13,3.8410331374153084e-13
14,9012,202,111,1.3000925372150306e-13,4.966547462656373e-13,2.0525254160649287e-13
14,9012,202,112,1.1069429930759275e-13,4.4282362585978604e-13,1.3635944047035203e-13
14,9012,202,113,7.763629285374273e-14,2.538306692716555e-13,1.0922798685118785e-13
14,9012,202,114,3.0185981510835834e-14,1.7962772852976785e-13,1.0342382786664836e-13
14,9012,202,115,2.7722309433674555e-14,1.5880912803532886e-13,5.678534524254428e-14
14,9012,202,116,2.7245625343379183e-14,1.0360978504742746e-13,5.33839067767412e-14
14,9012,202,117,1.0135193480239037e-14,1.0116388178090701e-13,3.2971777044736894e-14
14,9012,202,118,1.0020983025811695e-14,5.981651372011778e-14,1.569261746563583e-14
14,9012,202,119,9.169105197272403e-15,3.7931206099074966e-14,1.2874894858605693e-14
14,9012,202,120,2.566646690745322e-15,2.4203893239016385e-14,8.560648974113768e-15
14,9012,202,121,1.3157016466168225e-15,2.123657140528303e-14,5.203615291430444e-15
14,9012,202,122,1.0462538932097718e-15,1.2418280047973085e-14,2.5442987832048643e-15
14,9012,202,123,9.999999999999951e-16,9.964964100659964e-15,2.3250591393473e-15
14,9012,202,124,9.999999999999951e-16,2.8461616901080824e-15,1.0051878688546371e-15
14,9012,202,125,9.999999999999951e-16,9.99999999999998e-16,9.999999999999965e-16
14,9012,202,126,9.999999999999951e-16,9.99999999999998e-16,9.999999999999965e-16
14,9012,202,127,9.999999999999951e-16,9.99999999999998e-16,9.999999999999965e-16
14,9012,202,128,9.999999999999951e-16,9.99999999999998e-16,9.999999999999965e-16
14,9012,303,1,0.8912205435381745,0.8954654727333317,0.8914369066209729
14,9012,303,2,0.07359427722853545,0.07103283407237462,0.07360974790489236
14,9012,303,3,0.014532473542684124,0.014765035340872232,0.014513118305422233
14,9012,303,4,0.009098444209976037,0.008735886340647158,0.009136424155517962
14,9012,303,5,0.0061155236927167,0.005757797676626532,0.006150185329999521
14,9012,303,6,0.001403485257709665,0.0010977476139300566,0.0013128438943810624
14,9012,303,7,0.0012383441237006905,0.0010569607446274988,0.0012312381914600693
14,9012,303,8,0.0010741664138951695,0.0006267526242494646,0.0010612789478922093
14,9012,303,9,0.0006236448711203101,0.0005434669114330117,0.000601591744912889
14,9012,303,10,0.00043785080264147156,0.00032779560537107974,0.000362081444142183
14,9012,303,11,0.0001677115181469844,0.00014774094150894485,0.0001705416018097819
14,9012,303,12,0.00010001586236972909,0.00012528510110482595,7.692403040361235e-05
14,9012,303,13,7.779143379275157e-05,8.738992718680837e-05,6.751540806272495e-05
14,9012,303,14,6.365033898053608e-05,4.9824512078419655e-05,6.499792595985288e-05
14,9012,303,15,5.974798254621842e-05,4.59701633700246e-05,4.539576052738829e-05
14,9012,303,16,5.149810048626704e-05,3.500890549202849e-05,4.346585576351671e-05
14,9012,303,17,4.1625958106429543e-05,3.0834939414630636e-05,3.093624858909872e-05
14,9012,303,18,3.02312583021979e-05,1.5031106754901752e-05,2.3614663989787887e-05
14,9012,303,19,1.4757331991752153e-05,1.0560776097845861e-05,1.392958018286544e-05
14,9012,303,20,9.475516952606029e-06,8.998779181522417e-06,8.051121204610977e-06
14,9012,303,21,7.701503088892854e-06,6.618885044064395e-06,7.293654880189661e-06
14,9012,303,22,7.6281058967259895e-06,4.415350528080392e-06,6.842903995369555e-06
14,9012,303,23,6.47257918873292e-06,4.172734923567207e-06,5.275370622162164e-06
14,9012,303,24,5.624982473062951e-06,3.8859194056710385e-06,4.433077422975252e-06
14,9012,303,25,3.5684119967666575e-06,3.688362556320446e-06,3.55427318726242e-06
14,9012,303,26,2.585334679096101e-06,2.03056246966199e-06,2.5251117556181093e-06
14,9012,303,27,2.0580102063265104e-06,1.9128218778701648e-06,1.6192967882620905e-06
14,9012,303,28,1.6206095446221206e-06,1.2550167235407546e-06,1.3244411524603871e-06
14,9012,303,29,1.1342787868844184e-06,1.1437217655379686e-06,1.040664505633616e-06
14,9012,303,30,1.037486477097913e-06,9.920705545981085e-07,9.901893395342692e-07
14,9012,303,31,1.020517633072996e-06,7.257467456096019e-07,7.38496463992799e-07
14,9012,303,32,6.755567570601934e-07,4.775793135267625e-07,5.487895675450619e-07
14,9012,303,33,6.395115910210217e-07,3.4441198294850854e-07,5.385768645599229e-07
14,9012,303,34,5.639314648994552e-07,3.393404100107469e-07,4.011087860262005e-07
14,9012,303,35,4.4303559591816374e-07,2.391588765944793e-07,3.2357209305913015e-07
14,9012,303,36,3.228896152831613e-07,1.9260426691000186e-07,2.9588103293460267e-07
14,9012,303,37,2.9690477125368924e-07,1.906771711630589e-07,2.542995177697179e-07
14,9012,303,38,2.3200970868495557e-07,1.634754070252552e-07,2.0545372657988216e-07
14,9012,303,39,1.9514294813880267e-07,1.3814133238942785e-07,1.839211460953033e-07
14,9012,303,40,1.6532581299748277e-07,1.0330483860616434e-07,1.519049940689982e-07
14,9012,303,41,1.5061895667954926e-07,8.667982035223889e-08,1.2934317846765275e-07
14,9012,303,42,1.256739610782511e-07,7.287825963295015e-08,1.0207188394818906e-07
14,9012,303,43,8.742434620240098e-08,7.032387066730389e-08,7.589460770564181e-08
14,9012,303,44,7.09412149355939e-08,5.277662610693844e-08,6.293076057798102e-08
14,9012,303,45,4.865824793747024e-08,4.899016085789385e-08,4.5311037032185415e-08
14,9012,303,46,3.764333423672392e-08,4.774930196388292e-08,4.0613265295531194e-08
14,9012,303,47,3.276917579964658e-08,4.296689385534529e-08,3.1219329196019225e-08
14,9012,303,48,3.1791744955562295e-08,2.4104350307768883e-08,2.8757573046995328e-08
14,9012,303,49,2.707306018338567e-08,2.102157560629271e-08,2.0098115512007193e-08
14,9012,303,50,2.1888880688561517e-08,2.054654881286438e-08,1.9308754666367294e-08
14,9012,303,51,1.820072650206746e-08,1.4946553158407438e-08,1.7147029981922816e-08
14,9012,303,52,1.4889308531330335e-08,1.1024264987852917e-08,1.377109421938401e-08
14,9012,303,53,1.4285292768653735e-08,1.080418203009736e-08,1.2072568867075115e-08
14,9012,303,54,1.2328556603904028e-08,1.0123326314342859e-08,1.003335272411463e-08
14,9012,303,55,8.990169677619731e-09,5.374767375028712e-09,9.113654993173638e-09
14,9012,303,56,6.97691352601459e-09,4.980913779677572e-09,8.47978939962476e-09
14,9012,303,57,6.703966538545407e-09,4.5524905418579785e-09,6.5123728396928295e-09
14,9012,303,58,5.54151622115397e-09,3.796761134663173e-09,5.273280642510492e-09
14,9012,303,59,5.411531092532086e-09,3.5276617054440548e-09,4.433542866782324e-09
14,9012,303,60,4.227557895150355e-09,3.3673450858879865e-09,4.309575032928803e-09
14,9012,303,61,3.057106192064182e-09,2.617097081267579e-09,3.4894742989778476e-09
14,9012,303,62,3.044921928802198e-09,1.9419579280196612e-09,3.1522437598024135e-09
14,9012,303,63,2.684206423104621e-09,1.548778822194043e-09,2.581958064480919e-09
14,9012,303,64,2.067291970576547e-09,1.4935021823014897e-09,2.4688012472787023e-09
14,9012,303,65,1.8775919973390714e-09,1.1172478990283535e-09,1.8507138129726567e-09
14,9012,303,66,1.5835239477031936e-09,1.0458417582812092e-09,1.480120984763251e-09
14,9012,303,67,1.1864897649833592e-09,6.970350344622514e-10,1.3772307971832855e-09
14,9012,303,68,1.103479186018505e-09,6.275585791509387e-10,1.1612513269588846e-09
14,9012,303,69,1.057631322553167e-09,5.4106257615132e-10,8.216359211258351e-10
14,9012,303,70,9.220659883455624e-10,5.22013541645868e-10,7.515609734062647e-10
14,9012,303,71,7.362491497970312e-10,4.603999152474506e-10,6.859880479023355e-10
14,9012,303,72,6.266305238900857e-10,3.1756282881333975e-10,5.582671556966394e-10
14,9012,303,73,5.70400669235632e-10,2.8273207813421407e-10,5.000812361051208e-10
14,9012,303,74,4.362497014579399e-10,1.8861081335579027e-10,4.2201889528601713e-10
14,9012,303,75,3.2360160650528747e-10,1.794134304503352e-10,3.673276424528761e-10
14,9012,303,76,2.696413905649365e-10,1.6414603660996576e-10,3.2369074351158233e-10
14,9012,303,77,2.345409460882606e-10,1.551873995837711e-10,2.9702287277226686e-10
14,9012,303,78,1.8906829706057784e-10,1.4146296892310275e-10,2.4462955586892764e-10
14,9012,303,79,1.4434706945066664e-10,1.0132478865222049e-10,1.8011699523870936e-10
14,9012,303,80,1.278519210263615e-10,9.034619353033709e-11,1.556530609939868e-10
14,9012,303,81,1.1092158389715658e-10,8.533698813079817e-11,1.366423597868034e-10
14,9012,303,82,7.64543177307516e-11,6.712757176960889e-11,8.743752320645249e-11
14,9012,303,83,6.315235634564186e-11,6.53153611214535e-11,8.098032771203404e-11
14,9012,303,84,5.860485864202522e-11,5.556454870738291e-11,6.383714612061952e-11
14,9012,303,85,5.357612531752685e-11,4.6692776865665936e-11,5.6713146094581477e-11
14,9012,303,86,4.263076796047601e-11,3.822758357211211e-11,5.0139357605580824e-11
14,9012,303,87,3.746897585601811e-11,2.6945109236595875e-11,4.6494602767563024e-11
14,9012,303,88,3.215819881240211e-11,2.5335183426930876e-11,3.313071573433682e-11
14,9012,303,89,3.091616877609991e-11,1.9373830932899766e-11,2.6760990734848903e-11
14,9012,303,90,1.9225830259023054e-11,1.8657964061833028e-11,2.3192360206943685e-11
14,9012,303,91,1.4210482926994624e-11,1.6609509942588085e-11,1.9614387410099478e-11
14,9012,303,92,1.3430608995793997e-11,1.3704497027200501e-11,1.5675129833139893e-11
14,9012,303,93,9.608416758655324e-12,1.2185650266261692e-11,1.3214694792325153e-11
14,9012,303,94,9.583092791162935e-12,6.9088929751504186e-12,1.1315816284161417e-11
14,9012,303,95,6.69124383855917e-12,5.647456410748352e-12,1.040322754836546e-11
14,9012,303,96,5.7024537884993864e-12,5.490170829986027e-12,7.0872540129607235e-12
14,9012,303,97,5.476183275721642e-12,3.693723880221705e-12,6.5364094334202076e-12
14,9012,303,98,4.015746580747889e-12,3.3067888243430942e-12,4.455831725992794e-12
14,9012,303,99,2.707111812677057e-12,2.397583359189022e-12,4.061205238856094e-12
14,9012,303,100,2.5431537219907947e-12,1.975523007254435e-12,2.614256263944713e-12
14,9012,303,101,1.9907121929290297e-12,1.8955530286391485e-12,2.2636659993459912e-12
14,9012,303,102,1.5256633226632894e-12,1.42997625865986e-12,1.6870514923945192e-12
14,9012,303,103,1.3840048834529839e-12,1.0826559662594943e-12,1.391298222440588e-12
14,9012,303,104,9.057020993049109e-13,9.139429276622221e-13,1.1965027656634498e-12
14,9012,303,105,7.272509195862931e-13,6.978083251722281e-13,9.121028956123602e-13
14,9012,303,106,4.550707619378738e-13,5.693913657154091e-13,8.001699348322419e-13
14,9012,303,107,4.1912952975790374e-13,4.078202549594796e-13,6.483899190220806e-13
14,9012,303,108,2.831202652021988e-13,3.741387347819403e-13,5.938832199696504e-13
14,9012,303,109,1.940919631617681e-13,2.5785535033600195e-13,4.968584217229426e-13
14,9012,303,110,1.7570392780421618e-13,2.4980085517945037e-13,3.5079252790497875e-13
14,9012,303,111,1.3000925372150306e-13,1.993270124081807e-13,2.603484842803509e-13
14,9012,303,112,1.1069429930759275e-13,1.5090569610162914e-13,1.8205117328841237e-13
14,9012,303,113,7.763629285374273e-14,1.3187533335722534e-13,1.3345964098943714e-13
14,9012,303,114,3.0185981510835834e-14,1.0304786520278393e-13,1.008614052227045e-13
14,9012,303,115,2.7722309433674555e-14,9.488215317125069e-14,5.338247252865486e-14
14,9012,303,116,2.7245625343379183e-14,5.6241078249952386e-14,4.680841939830178e-14
14,9012,303,117,1.0135193480239037e-14,4.022190297443625e-14,3.67879620936083e-14
14,9012,303,118,1.0020983025811695e-14,1.2542881854136292e-14,2.504082106400036e-14
14,9012,303,119,9.169105197272403e-15,1.0230346685894547e-14,1.0596566647603605e-14
14,9012,303,120,2.566646690745322e-15,8.138465108020537e-15,8.576669893002638e-15
14,9012,303,121,1.3157016466168225e-15,4.186477586820198e-15,3.881068116504743e-15
14,9012,303,122,1.0462538932097718e-15,3.663082798990705e-15,1.5571448881820342e-15
14,9012,303,123,9.999999999999951e-16,1.018278003810417e-15,1.190852408558436e-15
14,9012,303,124,9.999999999999951e-16,9.999999999999953e-16,9.999999999999961e-16
14,9012,303,125,9.999999999999951e-16,9.999999999999953e-16,9.999999999999961e-16
14,9012,303,126,9.999999999999951e-16,9.999999999999953e-16,9.999999999999961e-16
14,9012,303,127,9.999999999999951e-16,9.999999999999953e-16,9.999999999999961e-16
14,9012,303,128,9.999999999999951e-16,9.999999999999953e-16,9.999999999999961e-16
14,9012,404,1,0.8912205435381745,0.9016092601282207,0.8914972695922408
14,9012,404,2,0.07359427722853545,0.06642394039124697,0.07341618371017124
14,9012,404,3,0.014532473542684124,0.013988184767096441,0.014584103507759162
14,9012,404,4,0.009098444209976037,0.008591662020433469,0.009139843153514677
14,9012,404,5,0.0061155236927167,0.005530134429729022,0.006114137369004786
14,9012,404,6,0.001403485257709665,0.0010453746285250323,0.0013928608383098487
14,9012,404,7,0.0012383441237006905,0.0010140560209400214,0.0012576428981568312
14,9012,404,8,0.0010741664138951695,0.0004994751309755546,0.0011311672905152327
14,9012,404,9,0.0006236448711203101,0.0004461455479475424,0.0005031885702413062
14,9012,404,10,0.00043785080264147156,0.0003712710842917304,0.00037370686478219455
14,9012,404,11,0.0001677115181469844,0.00014540480155228062,0.00015153369831535717
14,9012,404,12,0.00010001586236972909,7.115649013999732e-05,8.792615776026152e-05
14,9012,404,13,7.779143379275157e-05,6.188260223375762e-05,6.791047494320589e-05
14,9012,404,14,6.365033898053608e-05,5.4562277421220155e-05,6.588896978592294e-05
14,9012,404,15,5.974798254621842e-05,4.30758816252417e-05,5.169807355489164e-05
14,9012,404,16,5.149810048626704e-05,2.4720911917290104e-05,4.451231396475989e-05
14,9012,404,17,4.1625958106429543e-05,1.796126812206481e-05,3.243194036866983e-05
14,9012,404,18,3.02312583021979e-05,1.7647986232636175e-05,2.462019401760379e-05
14,9012,404,19,1.4757331991752153e-05,8.934268383136423e-06,1.5952831528126295e-05
14,9012,404,20,9.475516952606029e-06,8.13916792242024e-06,8.561102274327485e-06
14,9012,404,21,7.701503088892854e-06,5.199994187995911e-06,7.075241682593427e-06
14,9012,404,22,7.6281058967259895e-06,4.7731061466122694e-06,6.414288434391744e-06
14,9012,404,23,6.47257918873292e-06,3.501691933610969e-06,5.3298798416168785e-06
14,9012,404,24,5.624982473062951e-06,3.390350615538478e-06,4.4926410770555686e-06
14,9012,404,25,3.5684119967666575e-06,2.3505321525460414e-06,3.2993779293901684e-06
14,9012,404,26,2.585334679096101e-06,1.4629574729318723e-06,2.7926104265600333e-06
14,9012,404,27,2.0580102063265104e-06,1.2556983141467886e-06,1.6790358915803412e-06
14,9012,404,28,1.6206095446221206e-06,9.220827067482091e-07,1.413640306464411e-06
14,9012,404,29,1.1342787868844184e-06,7.7865990550205e-07,1.0350821235093953e-06
14,9012,404,30,1.037486477097913e-06,5.456846061373151e-07,8.597539774786452e-07
14,9012,404,31,1.020517633072996e-06,5.121623984728851e-07,6.996034528340983e-07
14,9012,404,32,6.755567570601934e-07,4.902874630053052e-07,5.764661349930976e-07
14,9012,404,33,6.395115910210217e-07,3.957456994034125e-07,5.073984455931224e-07
14,9012,404,34,5.639314648994552e-07,2.1106438792545834e-07,4.193982186928721e-07
14,9012,404,35,4.4303559591816374e-07,2.0686789145027914e-07,3.856197714982083e-07
14,9012,404,36,3.228896152831613e-07,1.7520781360195566e-07,3.376113713764289e-07
14,9012,404,37,2.9690477125368924e-07,1.446212752409056e-07,2.625438485809289e-07
14,9012,404,38,2.3200970868495557e-07,1.2922922491179925e-07,2.1060608780577233e-07
14,9012,404,39,1.9514294813880267e-07,1.0960797914409848e-07,1.949895599768777e-07
14,9012,404,40,1.6532581299748277e-07,7.33745562117244e-08,1.5830030935751079e-07
14,9012,404,41,1.5061895667954926e-07,6.007620692763261e-08,1.3707392543432125e-07
14,9012,404,42,1.256739610782511e-07,5.354259997604795e-08,1.0643052469683802e-07
14,9012,404,43,8.742434620240098e-08,4.451323427009314e-08,9.432336079120048e-08
14,9012,404,44,7.09412149355939e-08,4.006742191517467e-08,6.474551399896412e-08
14,9012,404,45,4.865824793747024e-08,2.5657417804274883e-08,5.77593922782145e-08
14,9012,404,46,3.764333423672392e-08,2.185789433456619e-08,3.670932508012613e-08
14,9012,404,47,3.276917579964658e-08,1.825310953744758e-08,3.438572069449101e-08
14,9012,404,48,3.1791744955562295e-08,1.6133924316043576e-08,2.750737243997174e-08
14,9012,404,49,2.707306018338567e-08,1.5049113020428596e-08,2.538384656191387e-08
14,9012,404,50,2.1888880688561517e-08,1.2459565361164232e-08,2.1569067151694668e-08
14,9012,404,51,1.820072650206746e-08,1.1986331319675634e-08,1.6316556111400986e-08
14,9012,404,52,1.4889308531330335e-08,1.0633720607254637e-08,1.5012842208042243e-08
14,9012,404,53,1.4285292768653735e-08,8.61438426592109e-09,1.1966802947628319e-08
14,9012,404,54,1.2328556603904028e-08,6.986341864364509e-09,9.43274906383534e-09
14,9012,404,55,8.990169677619731e-09,5.603846118448311e-09,9.085291019153524e-09
14,9012,404,56,6.97691352601459e-09,4.175890529326333e-09,7.077775233303212e-09
14,9012,404,57,6.703966538545407e-09,3.949849609333661e-09,5.532230925868498e-09
14,9012,404,58,5.54151622115397e-09,3.90048186407935e-09,5.4541340105661836e-09
14,9012,404,59,5.411531092532086e-09,2.9446559569472844e-09,4.970032562514805e-09
14,9012,404,60,4.227557895150355e-09,2.0649333453229286e-09,3.3671097830942066e-09
14,9012,404,61,3.057106192064182e-09,1.9964209052336163e-09,3.1429864350288794e-09
14,9012,404,62,3.044921928802198e-09,1.9606710209474684e-09,2.7744292761639e-09
14,9012,404,63,2.684206423104621e-09,1.5082211140504997e-09,2.1230586834854676e-09
14,9012,404,64,2.067291970576547e-09,1.2333931437311333e-09,1.9305185759952468e-09
14,9012,404,65,1.8775919973390714e-09,9.40488139686807e-10,1.7511993409600484e-09
14,9012,404,66,1.5835239477031936e-09,6.462439104997022e-10,1.6225365029446492e-09
14,9012,404,67,1.1864897649833592e-09,6.027139150980412e-10,1.4897532167869e-09
14,9012,404,68,1.103479186018505e-09,5.583174715099156e-10,1.218175607520719e-09
14,9012,404,69,1.057631322553167e-09,4.4671150512832744e-10,8.625382833093696e-10
14,9012,404,70,9.220659883455624e-10,3.9231499626598357e-10,8.46631239484838e-10
14,9012,404,71,7.362491497970312e-10,3.5251993492288424e-10,7.849775701400372e-10
14,9012,404,72,6.266305238900857e-10,2.9879850135969135e-10,5.921819218365215e-10
14,9012,404,73,5.70400669235632e-10,2.868484097349023e-10,5.205988236110743e-10
14,9012,404,74,4.362497014579399e-10,2.318277295193214e-10,4.5935113226267925e-10
14,9012,404,75,3.2360160650528747e-10,2.1454558438735775e-10,3.6497010365107463e-10
14,9012,404,76,2.696413905649365e-10,1.9162594418702355e-10,3.2215957414156816e-10
14,9012,404,77,2.345409460882606e-10,1.5357589852675694e-10,2.3754546525106956e-10
14,9012,404,78,1.8906829706057784e-10,1.3784786175948903e-10,2.139601793232949e-10
14,9012,404,79,1.4434706945066664e-10,1.1389062718077159e-10,1.7903081196540116e-10
14,9012,404,80,1.278519210263615e-10,9.031017754493211e-11,1.359732762971925e-10
14,9012,404,81,1.1092158389715658e-10,8.485557960346907e-11,1.0808020878363967e-10
14,9012,404,82,7.64543177307516e-11,8.278423521816657e-11,8.906828267657396e-11
14,9012,404,83,6.315235634564186e-11,5.3677925441084097e-11,7.52437279407161e-11
14,9012,404,84,5.860485864202522e-11,3.765293524991266e-11,6.84310048542568e-11
14,9012,404,85,5.357612531752685e-11,2.971308779758228e-11,5.850173415992518e-11
14,9012,404,86,4.263076796047601e-11,2.7111867328647448e-11,4.835443879084816e-11
14,9012,404,87,3.746897585601811e-11,2.0707293194661008e-11,3.9460185132248275e-11
14,9012,404,88,3.215819881240211e-11,1.5389897471460647e-11,3.7919347001859374e-11
14,9012,404,89,3.091616877609991e-11,1.3799020139982285e-11,2.7858938522140664e-11
14,9012,404,90,1.9225830259023054e-11,1.232504196587911e-11,2.1034069282760406e-11
14,9012,404,91,1.4210482926994624e-11,1.0151963996266745e-11,1.8015642263606578e-11
14,9012,404,92,1.3430608995793997e-11,9.427943488750911e-12,1.6645576338983055e-11
14,9012,404,93,9.608416758655324e-12,7.631674062786424e-12,1.4802032135761768e-11
14,9012,404,94,9.583092791162935e-12,6.3918600593686e-12,1.1059282046010254e-11
14,9012,404,95,6.69124383855917e-12,5.9462523570651356e-12,7.991258035275835e-12
14,9012,404,96,5.7024537884993864e-12,4.798218213655654e-12,7.204437246144192e-12
14,9012,404,97,5.476183275721642e-12,3.7285910684511115e-12,6.855957468823001e-12
14,9012,404,98,4.015746580747889e-12,3.022349996009925e-12,5.309172706891485e-12
14,9012,404,99,2.707111812677057e-12,2.7060579078083514e-12,4.518820335451231e-12
14,9012,404,100,2.5431537219907947e-12,1.7755730488471702e-12,4.14247777341584e-12
14,9012,404,101,1.9907121929290297e-12,1.7213726589203516e-12,2.4018459292507034e-12
14,9012,404,102,1.5256633226632894e-12,1.0469640231653765e-12,2.0711086141218694e-12
14,9012,404,103,1.3840048834529839e-12,6.832224941208141e-13,1.7493185152303425e-12
14,9012,404,104,9.057020993049109e-13,6.610543888456887e-13,1.309776462150771e-12
14,9012,404,105,7.272509195862931e-13,5.501581354800429e-13,1.1717034093517204e-12
14,9012,404,106,4.550707619378738e-13,4.9987230021546e-13,9.185480969984466e-13
14,9012,404,107,4.1912952975790374e-13,2.9367730861240165e-13,7.590121383912133e-13
14,9012,404,108,2.831202652021988e-13,2.7144114300791696e-13,7.39418972175111e-13
14,9012,404,109,1.940919631617681e-13,1.7368651165191687e-13,5.863459082031403e-13
14,9012,404,110,1.7570392780421618e-13,1.3414379123276635e-13,4.5456517585280255e-13
14,9012,404,111,1.3000925372150306e-13,1.1707144046640473e-13,2.6335410519930294e-13
14,9012,404,112,1.1069429930759275e-13,8.905009169909271e-14,2.3284659147097324e-13
14,9012,404,113,7.763629285374273e-14,7.500977484571894e-14,1.9380179053092635e-13
14,9012,404,114,3.0185981510835834e-14,6.768489796251244e-14,1.4386288714598132e-13
14,9012,404,115,2.7722309433674555e-14,3.221123344160023e-14,9.196563517473383e-14
14,9012,404,116,2.7245625343379183e-14,3.107299810341682e-14,5.1489846979385675e-14
14,9012,404,117,1.0135193480239037e-14,1.8135735345435804e-14,4.3080244093107105e-14
14,9012,404,118,1.0020983025811695e-14,1.608975123622915e-14,2.3236112216967133e-14
14,9012,404,119,9.169105197272403e-15,6.909475221471247e-15,2.0006481384606702e-14
14,9012,404,120,2.566646690745322e-15,6.286096466019685e-15,9.933207578024369e-15
14,9012,404,121,1.3157016466168225e-15,2.668832863746804e-15,8.115359969574665e-15
14,9012,404,122,1.0462538932097718e-15,1.4871806731792251e-15,4.189615518734828e-15
14,9012,404,123,9.999999999999951e-16,1.049764146469272e-15,1.3292634707692638e-15
14,9012,404,124,9.999999999999951e-16,9.99999999999996e-16,9.99999999999997e-16
14,9012,404,125,9.999999999999951e-16,9.99999999999996e-16,9.99999999999997e-16
14,9012,404,126,9.999999999999951e-16,9.99999999999996e-16,9.99999999999997e-16
14,9012,404,127,9.999999999999951e-16,9.99999999999996e-16,9.99999999999997e-16
14,9012,404,128,9.999999999999951e-16,9.99999999999996e-16,9.99999999999997e-16
14,9012,505,1,0.8912205435381745,0.8913852501488052,0.891368883472581
14,9012,505,2,0.07359427722853545,0.07378669725833142,0.07373628973027385
14,9012,505,3,0.014532473542684124,0.014390710098168766,0.014501964652916383
14,9012,505,4,0.009098444209976037,0.009082629221850314,0.00910325473464048
14,9012,505,5,0.0061155236927167,0.006148393509504711,0.006078784935482706
14,9012,505,6,0.001403485257709665,0.0012800625981653202,0.0013576572281994445
14,9012,505,7,0.0012383441237006905,0.001178168052311786,0.001241818461793408
14,9012,505,8,0.0010741664138951695,0.001035530459394549,0.001059970834394012
14,9012,505,9,0.0006236448711203101,0.0006669617833886654,0.0005264375618069377
14,9012,505,10,0.00043785080264147156,0.00037461181361052743,0.0004092733060547922
14,9012,505,11,0.0001677115181469844,0.00017294705076924163,0.0001921607625452437
14,9012,505,12,0.00010001586236972909,0.00010540768579574368,8.375221090847857e-05
14,9012,505,13,7.779143379275157e-05,8.135937385216683e-05,6.910163521047327e-05
14,9012,505,14,6.365033898053608e-05,7.350044057277279e-05,5.769351382098961e-05
14,9012,505,15,5.974798254621842e-05,5.3515034428640764e-05,5.227871129871786e-05
14,9012,505,16,5.149810048626704e-05,5.0766004200967267e-05,4.605408120847494e-05
14,9012,505,17,4.1625958106429543e-05,3.460264528118022e-05,3.4362922900826495e-05
14,9012,505,18,3.02312583021979e-05,2.704815780425905e-05,1.9745960152239245e-05
14,9012,505,19,1.4757331991752153e-05,1.6674498042515727e-05,1.3589626825601876e-05
14,9012,505,20,9.475516952606029e-06,1.2052688278274971e-05,7.658756258685553e-06
14,9012,505,21,7.701503088892854e-06,7.763133459856229e-06,6.336291441523525e-06
14,9012,505,22,7.6281058967259895e-06,7.156084854806709e-06,6.261901652378348e-06
14,9012,505,23,6.47257918873292e-06,6.132424181027421e-06,5.448452659080791e-06
14,9012,505,24,5.624982473062951e-06,4.979313831377815e-06,4.268822198834582e-06
14,9012,505,25,3.5684119967666575e-06,3.1223935799082e-06,3.317858283877361e-06
14,9012,505,26,2.585334679096101e-06,2.929352890341158e-06,2.96564968412081e-06
14,9012,505,27,2.0580102063265104e-06,1.6772856289352544e-06,1.875230957725883e-06
14,9012,505,28,1.6206095446221206e-06,1.2376533156690503e-06,1.4269217873404456e-06
14,9012,505,29,1.1342787868844184e-06,1.1502424509082777e-06,1.2910884752978954e-06
14,9012,505,30,1.037486477097913e-06,1.0019859974235868e-06,1.019928767862743e-06
14,9012,505,31,1.020517633072996e-06,9.706341541626431e-07,9.710743475265594e-07
14,9012,505,32,6.755567570601934e-07,8.173404142023523e-07,6.422191320882952e-07
14,9012,505,33,6.395115910210217e-07,7.9011368426441e-07,5.801620362034305e-07
14,9012,505,34,5.639314648994552e-07,6.296439104889016e-07,5.190012564710561e-07
14,9012,505,35,4.4303559591816374e-07,5.344688810002919e-07,4.769764448235783e-07
14,9012,505,36,3.228896152831613e-07,4.2989395788072374e-07,3.295359229858549e-07
14,9012,505,37,2.9690477125368924e-07,3.1866129075068564e-07,2.7428861390063055e-07
14,9012,505,38,2.3200970868495557e-07,2.550342288303885e-07,1.9184555858245945e-07
14,9012,505,39,1.9514294813880267e-07,2.531463212589096e-07,1.7561210029328126e-07
14,9012,505,40,1.6532581299748277e-07,1.6269748818754703e-07,1.5259946214799943e-07
14,9012,505,41,1.5061895667954926e-07,1.2960372495414548e-07,1.439420506722579e-07
14,9012,505,42,1.256739610782511e-07,1.1388483844302433e-07,1.0898700547084873e-07
14,9012,505,43,8.742434620240098e-08,9.4869755891259e-08,1.0018502777925915e-07
14,9012,505,44,7.09412149355939e-08,7.104583764583167e-08,7.196261027990884e-08
14,9012,505,45,4.865824793747024e-08,5.01491031370096e-08,5.560932957046877e-08
14,9012,505,46,3.764333423672392e-08,4.305648039168313e-08,3.55291583019595e-08
14,9012,505,47,3.276917579964658e-08,4.024155790030166e-08,3.371296908868143e-08
14,9012,505,48,3.1791744955562295e-08,4.018115857140545e-08,2.8081724746555068e-08
14,9012,505,49,2.707306018338567e-08,3.244212277246088e-08,2.633381456070941e-08
14,9012,505,50,2.1888880688561517e-08,3.058929662763054e-08,2.034901923847579e-08
14,9012,505,51,1.820072650206746e-08,2.5519052178054305e-08,1.4783122101311692e-08
14,9012,505,52,1.4889308531330335e-08,1.8759788658221457e-08,1.3853165018616505e-08
14,9012,505,53,1.4285292768653735e-08,1.3698277363933314e-08,1.30788308580295e-08
14,9012,505,54,1.2328556603904028e-08,1.2331524174992773e-08,9.851358646246504e-09
14,9012,505,55,8.990169677619731e-09,1.0821659141859197e-08,9.740277975726368e-09
14,9012,505,56,6.97691352601459e-09,1.0256778961485223e-08,8.199098766014288e-09
14,9012,505,57,6.703966538545407e-09,9.067315393415031e-09,7.447555939309883e-09
14,9012,505,58,5.54151622115397e-09,8.335151694115254e-09,5.56044764779505e-09
14,9012,505,59,5.411531092532086e-09,7.108271824668892e-09,4.450939724772401e-09
14,9012,505,60,4.227557895150355e-09,5.10596432976162e-09,4.120379040146371e-09
14,9012,505,61,3.057106192064182e-09,4.442405367335966e-09,3.736261945278959e-09
14,9012,505,62,3.044921928802198e-09,4.058747061905651e-09,3.1465350977845657e-09
14,9012,505,63,2.684206423104621e-09,3.3421963296849454e-09,2.882081637144237e-09
14,9012,505,64,2.067291970576547e-09,2.84713807909799e-09,2.3158759743071304e-09
14,9012,505,65,1.8775919973390714e-09,2.580673312852223e-09,2.143200427524648e-09
14,9012,505,66,1.5835239477031936e-09,2.3240534881539993e-09,1.9815030786378055e-09
14,9012,505,67,1.1864897649833592e-09,2.1866239110273673e-09,1.5559673222131312e-09
14,9012,505,68,1.103479186018505e-09,1.6751702870021806e-09,1.2700059860215811e-09
14,9012,505,69,1.057631322553167e-09,1.4744565479482267e-09,1.1125911960453493e-09
14,9012,505,70,9.220659883455624e-10,1.1355174851784782e-09,9.734803774962393e-10
14,9012,505,71,7.362491497970312e-10,9.38762710687225e-10,7.196826145874959e-10
14,9012,505,72,6.266305238900857e-10,9.042489811164616e-10,6.461876713416156e-10
14,9012,505,73,5.70400669235632e-10,7.246045061430548e-10,4.894047196518674e-10
14,9012,505,74,4.362497014579399e-10,6.548892296128203e-10,4.6168179923949837e-10
14,9012,505,75,3.2360160650528747e-10,6.455197909234676e-10,4.00667165482496e-10
14,9012,505,76,2.696413905649365e-10,5.069869564572575e-10,2.6852394334870887e-10
14,9012,505,77,2.345409460882606e-10,4.2270184936613477e-10,2.543142836243982e-10
14,9012,505,78,1.8906829706057784e-10,3.856585029370061e-10,2.0970029928449056e-10
14,9012,505,79,1.4434706945066664e-10,3.3903395607990523e-10,1.7671673195403118e-10
14,9012,505,80,1.278519210263615e-10,2.436985079016082e-10,1.598664001476661e-10
14,9012,505,81,1.1092158389715658e-10,1.7962682288049576e-10,1.336150419352241e-10
14,9012,505,82,7.64543177307516e-11,1.587741791743207e-10,1.05457971903475e-10
14,9012,505,83,6.315235634564186e-11,1.2763597796886505e-10,8.969008279737568e-11
14,9012,505,84,5.860485864202522e-11,9.440247012510633e-11,7.155708104939779e-11
14,9012,505,85,5.357612531752685e-11,8.331419358761867e-11,6.254142667615435e-11
14,9012,505,86,4.263076796047601e-11,7.195134116000696e-11,5.4595765269413535e-11
14,9012,505,87,3.746897585601811e-11,6.002241533588879e-11,3.798244018579499e-11
14,9012,505,88,3.215819881240211e-11,5.1415198649107434e-11,3.233510583810849e-11
14,9012,505,89,3.091616877609991e-11,4.9164007141692014e-11,3.0241718390054194e-11
14,9012,505,90,1.9225830259023054e-11,3.72280287797165e-11,2.1871417949778907e-11
14,9012,505,91,1.4210482926994624e-11,2.0969165204995715e-11,2.1352119343566144e-11
14,9012,505,92,1.3430608995793997e-11,1.9482121183668763e-11,1.8187594299332993e-11
14,9012,505,93,9.608416758655324e-12,1.8871354678817393e-11,1.3181796963571294e-11
14,9012,505,94,9.583092791162935e-12,1.4994708674325902e-11,1.1649728975545701e-11
14,9012,505,95,6.69124383855917e-12,1.2284402691877066e-11,9.643395659631629e-12
14,9012,505,96,5.7024537884993864e-12,1.1806840060742746e-11,9.278436344395475e-12
14,9012,505,97,5.476183275721642e-12,1.0703063787426164e-11,7.574576960813997e-12
14,9012,505,98,4.015746580747889e-12,9.728062669915253e-12,6.17841910053445e-12
14,9012,505,99,2.707111812677057e-12,6.629893473573361e-12,4.340379603317173e-12
14,9012,505,100,2.5431537219907947e-12,6.197452425488647e-12,3.23385747231678e-12
14,9012,505,101,1.9907121929290297e-12,4.825718578863251e-12,3.0467972346147632e-12
14,9012,505,102,1.5256633226632894e-12,4.294552430818502e-12,1.837160196541525e-12
14,9012,505,103,1.3840048834529839e-12,4.211235356091326e-12,1.762771399200304e-12
14,9012,505,104,9.057020993049109e-13,3.564615220722045e-12,1.6084696641908367e-12
14,9012,505,105,7.272509195862931e-13,2.476860059625353e-12,1.0465414884586688e-12
14,9012,505,106,4.550707619378738e-13,1.8357906468972376e-12,8.767304235626487e-13
14,9012,505,107,4.1912952975790374e-13,1.3062135301396376e-12,6.727948162480587e-13
14,9012,505,108,2.831202652021988e-13,1.081407076865434e-12,6.431947390595224e-13
14,9012,505,109,1.940919631617681e-13,9.387363282461853e-13,5.024331884777358e-13
14,9012,505,110,1.7570392780421618e-13,8.56323066675042e-13,4.397157195707333e-13
14,9012,505,111,1.3000925372150306e-13,3.8627148137035e-13,2.9181637307948336e-13
14,9012,505,112,1.1069429930759275e-13,3.841647257844843e-13,1.3921845464662211e-13
14,9012,505,113,7.763629285374273e-14,2.376145799299894e-13,1.2309828034650066e-13
14,9012,505,114,3.0185981510835834e-14,1.4596205844928823e-13,1.0364758792745747e-13
14,9012,505,115,2.7722309433674555e-14,1.2966022936740976e-13,6.708712931551214e-14
14,9012,505,116,2.7245625343379183e-14,9.712476234642777e-14,4.5134873311481595e-14
14,9012,505,117,1.0135193480239037e-14,5.861405299377542e-14,3.245050925053881e-14
14,9012,505,118,1.0020983025811695e-14,4.708588339964474e-14,2.528039977927228e-14
14,9012,505,119,9.169105197272403e-15,2.870452158127131e-14,1.2730561752631359e-14
14,9012,505,120,2.566646690745322e-15,2.75804202488056e-14,9.271186615213114e-15
14,9012,505,121,1.3157016466168225e-15,1.943885339167477e-14,5.169701272580636e-15
14,9012,505,122,1.0462538932097718e-15,6.74542342188073e-15,3.0606378719069406e-15
14,9012,505,123,9.999999999999951e-16,5.369693205126703e-15,2.313382444754496e-15
14,9012,505,124,9.999999999999951e-16,2.326917841137377e-15,9.999999999999961e-16
14,9012,505,125,9.999999999999951e-16,1.6876305691225446e-15,9.999999999999961e-16
14,9012,505,126,9.999999999999951e-16,1.2708507627513918e-15,9.999999999999961e-16
14,9012,505,127,9.999999999999951e-16,9.999999999999989e-16,9.999999999999961e-16
14,9012,505,128,9.999999999999951e-16,9.999999999999989e-16,9.999999999999961e-16
14,9999,101,1,0.8085698993717308,0.8096423189416642,0.808865187526641
14,9999,101,2,0.11747771691902395,0.11643289439773126,0.11727331519191585
14,9999,101,3,0.027054421100121163,0.026919497842249625,0.027508652316092643
14,9999,101,4,0.0228273814100148,0.02292541243385631,0.022887116415899127
14,9999,101,5,0.007366303784670348,0.007258450878941053,0.007414674194289639
14,9999,101,6,0.004834933208027369,0.004781782822619448,0.0048339784553298945
14,9999,101,7,0.004510730829989164,0.004711919163103404,0.0044659747645918076
14,9999,101,8,0.0019653464913073995,0.0019865519265082126,0.001954207466435562
14,9999,101,9,0.0013653809268245544,0.001339124545291973,0.0013372412275007178
14,9999,101,10,0.0010176926019243408,0.0010178010829845034,0.0008416621206097149
14,9999,101,11,0.0006504476743045053,0.0006852667230175594,0.0005772895428622654
14,9999,101,12,0.0005438314585675933,0.0005573542691063507,0.0004894964935316205
14,9999,101,13,0.0003988502430152575,0.00034807105918207665,0.00037102067487050926
14,9999,101,14,0.00036560746916868226,0.0003329601443986246,0.0003242590460383338
14,9999,101,15,0.000223905255473263,0.00020606205921735215,0.00019354652266236546
14,9999,101,16,0.00017369741946645232,0.00018139895097254646,0.0001422440822474297
14,9999,101,17,0.00015998211309045633,0.0001646310864724293,0.00011980741862536076
14,9999,101,18,8.286474714341789e-05,7.339914292071497e-05,8.147693312607564e-05
14,9999,101,19,6.835172330532404e-05,7.080722169242629e-05,5.680035817214425e-05
14,9999,101,20,5.8491788648977435e-05,5.590200625513833e-05,4.631386885081672e-05
14,9999,101,21,5.0302835618941e-05,5.194737759767852e-05,4.16627198592819e-05
14,9999,101,22,4.527581086790784e-05,5.113647725181022e-05,3.415397298056402e-05
14,9999,101,23,3.56404341259794e-05,3.943683205133098e-05,2.851300372629884e-05
14,9999,101,24,2.4736644173161493e-05,2.953600890476295e-05,2.1058194148004572e-05
14,9999,101,25,2.209915649849058e-05,2.344346849199391e-05,1.5227922756892511e-05
14,9999,101,26,1.841655532968754e-05,2.1104864765388702e-05,1.4395909256877609e-05
14,9999,101,27,1.5106577158640707e-05,1.8066742568240587e-05,1.0579110945646015e-05
14,9999,101,28,1.0449438219610599e-05,1.0488881145936155e-05,8.00371414733388e-06
14,9999,101,29,8.211523783525861e-06,1.0162722095243145e-05,6.844486122768308e-06
14,9999,101,30,7.1075579459713754e-06,7.22455993779808e-06,5.3445323395882745e-06
14,9999,101,31,7.107066072837594e-06,6.505400277394239e-06,4.444875136374857e-06
14,9999,101,32,6.506538336481819e-06,6.492446374092041e-06,4.257831219737735e-06
14,9999,101,33,4.545659762584824e-06,4.3580677468907334e-06,3.570762282910522e-06
14,9999,101,34,4.4567401341444345e-06,3.940143090455919e-06,2.6750735638567784e-06
14,9999,101,35,3.86528257737249e-06,3.7766020304911363e-06,2.3173533461998286e-06
14,9999,101,36,3.822898532417384e-06,2.984703838227672e-06,2.0894779772777164e-06
14,9999,101,37,2.7628415270574123e-06,2.6283792507216204e-06,2.0063947430768145e-06
14,9999,101,38,1.9412420231865495e-06,2.305046789521268e-06,1.2555798926182409e-06
14,9999,101,39,1.645073506906946e-06,1.9688374245264724e-06,9.297225037236504e-07
14,9999,101,40,1.5991208872400357e-06,1.618084489439027e-06,8.5744582623107e-07
14,9999,101,41,1.3098732469390905e-06,1.322446424394672e-06,7.151568361277089e-07
14,9999,101,42,1.1428869079113773e-06,1.249602169657643e-06,7.024011821945343e-07
14,9999,101,43,9.981086057216657e-07,9.991885067307761e-07,6.313170651694297e-07
14,9999,101,44,8.110317262389182e-07,8.444918927078088e-07,5.14511394273013e-07
14,9999,101,45,6.331027351393452e-07,5.88732242661855e-07,4.884409441295447e-07
14,9999,101,46,5.834930597751821e-07,5.383316557055425e-07,3.702270777454931e-07
14,9999,101,47,4.489230041457672e-07,4.808248012155217e-07,3.404422507099629e-07
14,9999,101,48,3.622523882819511e-07,4.7429193107473235e-07,2.850575173094681e-07
14,9999,101,49,3.213128131883599e-07,3.86029625270873e-07,2.1133372091016948e-07
14,9999,101,50,3.049121255314848e-07,3.79768986555417e-07,1.9354547716371676e-07
14,9999,101,51,2.1264654119277333e-07,2.6254702466324864e-07,1.515207766256628e-07
14,9999,101,52,1.8981134488984155e-07,2.3882638499890663e-07,1.3382517087659893e-07
14,9999,101,53,1.634137937369727e-07,1.9894117925001114e-07,1.0917186000687467e-07
14,9999,101,54,1.320237915408312e-07,1.4702239533601438e-07,1.0717224165151567e-07
14,9999,101,55,1.0623235655391867e-07,1.386813006952773e-07,9.233152663507174e-08
14,9999,101,56,1.0338361027183444e-07,1.2741153819131747e-07,8.200396216609673e-08
14,9999,101,57,9.685701869772371e-08,1.1599747172142559e-07,6.597616494525071e-08
14,9999,101,58,8.366974538644881e-08,1.1175877994460064e-07,4.749246878022837e-08
14,9999,101,59,8.270839126041295e-08,9.43166768337712e-08,3.839972827529841e-08
14,9999,101,60,5.835144440311839e-08,6.822549339435716e-08,3.647614002456033e-08
14,9999,101,61,5.31688369514085e-08,5.911594113800426e-08,3.007985602008873e-08
14,9999,101,62,4.48879355789028e-08,5.4609340809234326e-08,2.6617566849951804e-08
14,9999,101,63,3.933084525833303e-08,4.472562393113373e-08,2.1278191797540572e-08
14,9999,101,64,3.661072312816999e-08,4.176177827891924e-08,1.9400201617103656e-08
14,9999,101,65,3.318872571032654e-08,3.664669799650906e-08,1.801937066639165e-08
14,9999,101,66,3.0928980831618806e-08,3.4844212934110984e-08,1.6959909634908e-08
14,9999,101,67,2.5177837116664988e-08,3.279764465606135e-08,1.5487975127768827e-08
14,9999,101,68,2.3806135789899567e-08,2.996470811518994e-08,1.2857231071198744e-08
14,9999,101,69,2.3726374684295796e-08,2.5538867056931942e-08,9.517170894363363e-09
14,9999,101,70,2.0017316320201673e-08,2.2031570691070194e-08,8.822560992317131e-09
14,9999,101,71,1.4742267831955542e-08,2.1685107827454055e-08,7.827503309433905e-09
14,9999,101,72,1.22709701585646e-08,1.5948138720670087e-08,7.07320259407694e-09
14,9999,101,73,1.1028078244084567e-08,1.1372876110961259e-08,5.741957588492308e-09
14,9999,101,74,1.0442144816568029e-08,1.123708762627077e-08,4.865823125601639e-09
14,9999,101,75,7.113548370330932e-09,8.900181291535592e-09,3.952730601214075e-09
14,9999,101,76,5.9970559042532315e-09,8.576016177083517e-09,3.668664291488367e-09
14,9999,101,77,4.908492838833333e-09,6.325221904509183e-09,2.9309233529915234e-09
14,9999,101,78,4.3035012453116866e-09,5.607802501384522e-09,2.8856491624445944e-09
14,9999,101,79,3.1726897835750316e-09,4.13259782864045e-09,1.9301762292436393e-09
14,9999,101,80,2.1014701625565283e-09,3.8343358602637846e-09,1.499515031740164e-09
14,9999,101,81,1.8355928726542473e-09,2.9628421745207604e-09,1.3613455471738116e-09
14,9999,101,82,1.5939521541893781e-09,2.722083267349452e-09,1.2075859561062472e-09
14,9999,101,83,1.204491103677566e-09,2.0423615252139073e-09,1.0277655721052538e-09
14,9999,101,84,1.1078712948197796e-09,1.8256489729188527e-09,8.299601158421389e-10
14,9999,101,85,9.898272483490214e-10,1.5189527930803278e-09,7.341505415093653e-10
14,9999,101,86,8.586023110675037e-10,1.4377092423404295e-09,6.07535224878926e-10
14,9999,101,87,7.573078402806621e-10,1.3420211133667271e-09,4.5501369245707426e-10
14,9999,101,88,6.018879208929102e-10,8.511063611653118e-10,4.425659137104864e-10
14,9999,101,89,5.97894880822179e-10,7.914014918467006e-10,3.815698366764319e-10
14,9999,101,90,4.2638998567024087e-10,7.703815399655815e-10,3.1578848446575685e-10
14,9999,101,91,3.964643741391551e-10,6.26784650632327e-10,2.706217303135022e-10
14,9999,101,92,3.650939028143351e-10,5.917189719509893e-10,2.4605460787090447e-10
14,9999,101,93,2.983333018799073e-10,5.908298379531981e-10,2.382528539396596e-10
14,9999,101,94,2.8870802979711647e-10,4.446768675146431e-10,1.7774227007107097e-10
14,9999,101,95,2.1502535961180648e-10,3.703836927412249e-10,1.289910326191329e-10
14,9999,101,96,1.563690235446134e-10,3.013440074348441e-10,1.2080532088878391e-10
14,9999,101,97,1.5018777148107616e-10,2.419183008833518e-10,8.573843564756645e-11
14,9999,101,98,1.3901586649935087e-10,1.898185259704525e-10,7.152209409191238e-11
14,9999,101,99,1.2222145881757034e-10,1.848708633004261e-10,6.941234771614729e-11
14,9999,101,100,1.1300711831107908e-10,1.3490670854165654e-10,5.403268408730943e-11
14,9999,101,101,8.626657026060582e-11,1.2211016684878604e-10,4.390565958530787e-11
14,9999,101,102,4.919893472143514e-11,9.31100505158473e-11,3.9290536843531776e-11
14,9999,101,103,4.154001450095842e-11,9.263861072102856e-11,3.381519282875649e-11
14,9999,101,104,2.8107664470375864e-11,7.251501765843031e-11,2.5887105899902858e-11
14,9999,101,105,2.581150265027815e-11,4.284082793558063e-11,2.5395450820597542e-11
14,9999,101,106,2.3173339970222572e-11,3.745695054307604e-11,1.8617924227719992e-11
14,9999,101,107,2.057749911298801e-11,3.30845086167487e-11,1.746227578689695e-11
14,9999,101,108,1.831942626839314e-11,2.8395555042094203e-11,1.1957744383175476e-11
14,9999,101,109,9.959778584093826e-12,2.0667069103136684e-11,9.969617515012155e-12
14,9999,101,110,7.175940991232958e-12,1.875606995058974e-11,7.712637731818447e-12
14,9999,101,111,6.114138307798678e-12,1.2719519902909553e-11,4.826673934112615e-12
14,9999,101,112,5.9308524887031e-12,1.2164019004275113e-11,3.3478664627076303e-12
14,9999,101,113,2.710834553678788e-12,1.1238272638801034e-11,2.5097275777821265e-12
14,9999,101,114,1.866194385372087e-12,7.446006873264373e-12,2.30350168971904e-12
14,9999,101,115,1.3718527332181854e-12,4.6133527060922295e-12,1.3333221936381562e-12
14,9999,101,116,9.22745472647896e-13,4.059307297093081e-12,8.246304103362347e-13
14,9999,101,117,3.427908801623904e-13,2.128213816197507e-12,4.0397801598421765e-13
14,9999,101,118,2.6966262192713927e-13,2.0192161520122337e-12,3.643002081108397e-13
14,9999,101,119,2.5406852835482116e-13,1.206965054156169e-12,2.7407935827756616e-13
14,9999,101,120,1.4762710163714082e-13,1.0263083463440365e-12,2.4715475475315376e-13
14,9999,101,121,8.435935464092522e-14,6.136380973450175e-13,1.4411498330757277e-13
14,9999,101,122,5.188582476127349e-14,3.8190015092034885e-13,1.0878997268405739e-13
14,9999,101,123,3.961533733339746e-14,1.5973639498743324e-13,5.6251502779518427e-14
14,9999,101,124,1.4647833177709765e-14,1.3289607504402927e-13,1.8493662965072188e-14
14,9999,101,125,1.1858665465132864e-14,1.2121228525077349e-13,8.833083485478155e-15
14,9999,101,126,8.86917694763799e-15,9.191470147068874e-14,3.948967426502648e-15
14,9999,101,127,9.999999999999987e-16,9.999999999999973e-16,9.999999999999985e-16
14,9999,101,128,9.999999999999987e-16,9.999999999999973e-16,9.999999999999985e-16
14,9999,202,1,0.8085698993717308,0.808827684513003,0.8088934434406383
14,9999,202,2,0.11747771691902395,0.11729411838636264,0.11744256862024353
14,9999,202,3,0.027054421100121163,0.02725062387745934,0.02709803166948216
14,9999,202,4,0.0228273814100148,0.022992306646446498,0.023050690926801384
14,9999,202,5,0.007366303784670348,0.007051675530903272,0.0074394080593305715
14,9999,202,6,0.004834933208027369,0.00469493215057516,0.004860713552285055
14,9999,202,7,0.004510730829989164,0.004571134574172762,0.004479883247564441
14,9999,202,8,0.0019653464913073995,0.001953743945655718,0.0019005582468179997
14,9999,202,9,0.0013653809268245544,0.0013775867304361533,0.0013045044723518084
14,9999,202,10,0.0010176926019243408,0.001070431860760126,0.0008923526212142612
14,9999,202,11,0.0006504476743045053,0.0006365799591254228,0.000591367910755436
14,9999,202,12,0.0005438314585675933,0.0005196675824709112,0.0004724474966740814
14,9999,202,13,0.0003988502430152575,0.00038758845255162,0.00038332707795946385
14,9999,202,14,0.00036560746916868226,0.00033572120009583604,0.0003117114373643166
14,9999,202,15,0.000223905255473263,0.0002566928095047469,0.00019092633127015376
14,9999,202,16,0.00017369741946645232,0.0001684217736050925,0.00015687994455298985
14,9999,202,17,0.00015998211309045633,0.00015329130557148194,0.00011583611276288846
14,9999,202,18,8.286474714341789e-05,8.53058770864506e-05,7.494791901181245e-05
14,9999,202,19,6.835172330532404e-05,7.337581808514038e-05,6.421947363480319e-05
14,9999,202,20,5.8491788648977435e-05,4.597815232973558e-05,5.0078166369194406e-05
14,9999,202,21,5.0302835618941e-05,4.284236789779241e-05,4.3358993926952115e-05
14,9999,202,22,4.527581086790784e-05,4.198181691956114e-05,3.850553322011771e-05
14,9999,202,23,3.56404341259794e-05,2.702812871252943e-05,2.6652397235404314e-05
14,9999,202,24,2.4736644173161493e-05,2.0155144448163404e-05,2.128942696627538e-05
14,9999,202,25,2.209915649849058e-05,1.9420761727729406e-05,1.5899310055455677e-05
14,9999,202,26,1.841655532968754e-05,1.8348779939034927e-05,1.447648213118959e-05
14,9999,202,27,1.5106577158640707e-05,1.612822399254668e-05,1.061259238224002e-05
14,9999,202,28,1.0449438219610599e-05,9.161603852395796e-06,7.755384363320686e-06
14,9999,202,29,8.211523783525861e-06,8.16677801031435e-06,7.02448580310889e-06
14,9999,202,30,7.1075579459713754e-06,6.776469908660766e-06,6.735190200086542e-06
14,9999,202,31,7.107066072837594e-06,6.1194772730442385e-06,4.905918781592269e-06
14,9999,202,32,6.506538336481819e-06,5.582250025319771e-06,4.606693775596352e-06
14,9999,202,33,4.545659762584824e-06,4.667464058844739e-06,4.00769214591984e-06
14,9999,202,34,4.4567401341444345e-06,4.6409273506546745e-06,3.721421865911573e-06
14,9999,202,35,3.86528257737249e-06,3.8561769937927994e-06,2.9602232721424245e-06
14,9999,202,36,3.822898532417384e-06,3.0276847365714134e-06,2.5385854248217454e-06
14,9999,202,37,2.7628415270574123e-06,2.5854030204560512e-06,1.8251538204041185e-06
14,9999,202,38,1.9412420231865495e-06,2.196983148219304e-06,1.3562317835355857e-06
14,9999,202,39,1.645073506906946e-06,1.7729838593041793e-06,1.1355092620850676e-06
14,9999,202,40,1.5991208872400357e-06,1.6010790541610488e-06,9.574464146596728e-07
14,9999,202,41,1.3098732469390905e-06,1.0151552671335676e-06,7.918809553387803e-07
14,9999,202,42,1.1428869079113773e-06,7.881987866294583e-07,7.760346954933849e-07
14,9999,202,43,9.981086057216657e-07,7.524600065134093e-07,6.316297384081804e-07
14,9999,202,44,8.110317262389182e-07,7.18816332732018e-07,5.519493010263083e-07
14,9999,202,45,6.331027351393452e-07,6.122843058129502e-07,4.3332375488636977e-07
14,9999,202,46,5.834930597751821e-07,4.1652482417433527e-07,3.503883736942336e-07
14,9999,202,47,4.489230041457672e-07,3.794002919442414e-07,3.288878364422079e-07
14,9999,202,48,3.622523882819511e-07,3.291772179251465e-07,2.2095467217278668e-07
14,9999,202,49,3.213128131883599e-07,2.4818502386971607e-07,2.1221867902628974e-07
14,9999,202,50,3.049121255314848e-07,2.3421957722217353e-07,2.0813663538012383e-07
14,9999,202,51,2.1264654119277333e-07,1.8147909353427005e-07,1.833895869019454e-07
14,9999,202,52,1.8981134488984155e-07,1.6403801596664917e-07,1.6003872341586856e-07
14,9999,202,53,1.634137937369727e-07,1.5601592972622574e-07,1.5669848294584918e-07
14,9999,202,54,1.320237915408312e-07,1.3353722076889746e-07,1.1241778439094174e-07
14,9999,202,55,1.0623235655391867e-07,1.2773572007567958e-07,8.866100103410125e-08
14,9999,202,56,1.0338361027183444e-07,1.0185337479267367e-07,8.119915471383274e-08
14,9999,202,57,9.685701869772371e-08,9.828600440585758e-08,6.918216799947257e-08
14,9999,202,58,8.366974538644881e-08,7.78646474758229e-08,5.337731910186566e-08
14,9999,202,59,8.270839126041295e-08,7.612338341727745e-08,4.862432935646073e-08
14,9999,202,60,5.835144440311839e-08,6.231041685131725e-08,4.1249879548719563e-08
14,9999,202,61,5.31688369514085e-08,5.7226775472811605e-08,3.773036738360997e-08
14,9999,202,62,4.48879355789028e-08,5.315902013714855e-08,3.281622524322347e-08
14,9999,202,63,3.933084525833303e-08,4.278228584414271e-08,2.339906909422624e-08
14,9999,202,64,3.661072312816999e-08,3.452035183100521e-08,2.2626035138109428e-08
14,9999,202,65,3.318872571032654e-08,2.9743523145187967e-08,2.121702557234646e-08
14,9999,202,66,3.0928980831618806e-08,2.3687650734696408e-08,1.9323433981294045e-08
14,9999,202,67,2.5177837116664988e-08,2.1921535284179895e-08,1.7657575151514658e-08
14,9999,202,68,2.3806135789899567e-08,2.0480376196650762e-08,1.6060926140202515e-08
14,9999,202,69,2.3726374684295796e-08,1.9382624214917218e-08,1.3337426792094935e-08
14,9999,202,70,2.0017316320201673e-08,1.5525969583685308e-08,1.1682549254536246e-08
14,9999,202,71,1.4742267831955542e-08,1.5031263907612762e-08,1.0737133845991768e-08
14,9999,202,72,1.22709701585646e-08,1.1809435890941709e-08,8.00161529258197e-09
14,9999,202,73,1.1028078244084567e-08,9.553128229695489e-09,6.962083968573569e-09
14,9999,202,74,1.0442144816568029e-08,7.607599648710687e-09,6.150882675807541e-09
14,9999,202,75,7.113548370330932e-09,5.955620122621279e-09,4.460549737722484e-09
14,9999,202,76,5.9970559042532315e-09,5.894109103952069e-09,4.043875073467797e-09
14,9999,202,77,4.908492838833333e-09,4.653621342281759e-09,3.7184671238841526e-09
14,9999,202,78,4.3035012453116866e-09,4.150595292345512e-09,3.1248040436523548e-09
14,9999,202,79,3.1726897835750316e-09,3.0872998626756047e-09,2.395507298724852e-09
14,9999,202,80,2.1014701625565283e-09,2.6760794022686987e-09,2.0716932177803156e-09
14,9999,202,81,1.8355928726542473e-09,2.107138277580781e-09,1.7447424602361302e-09
14,9999,202,82,1.5939521541893781e-09,2.055532557107662e-09,1.4984461937040235e-09
14,9999,202,83,1.204491103677566e-09,1.6363909185045041e-09,1.2585554687549194e-09
14,9999,202,84,1.1078712948197796e-09,1.230853935749391e-09,9.47926555562672e-10
14,9999,202,85,9.898272483490214e-10,1.119252808939257e-09,9.119551046059673e-10
14,9999,202,86,8.586023110675037e-10,1.0412438276263994e-09,7.506486741529914e-10
14,9999,202,87,7.573078402806621e-10,9.784930203780499e-10,5.489839687044768e-10
14,9999,202,88,6.018879208929102e-10,9.471386119073185e-10,4.810029861763324e-10
14,9999,202,89,5.97894880822179e-10,8.837247823074102e-10,3.895988432938108e-10
14,9999,202,90,4.2638998567024087e-10,6.253906430657145e-10,3.738425069044524e-10
14,9999,202,91,3.964643741391551e-10,4.925644465308793e-10,3.4931426210321234e-10
14,9999,202,92,3.650939028143351e-10,4.683336778105566e-10,2.492454385914343e-10
14,9999,202,93,2.983333018799073e-10,4.1272906820484113e-10,2.483434641146417e-10
14,9999,202,94,2.8870802979711647e-10,3.349544412760149e-10,1.950806837999389e-10
14,9999,202,95,2.1502535961180648e-10,2.5331661506439924e-10,1.7117676343544834e-10
14,9999,202,96,1.563690235446134e-10,1.76893032186896e-10,1.3221529014813398e-10
14,9999,202,97,1.5018777148107616e-10,1.6485200070574894e-10,1.0938811349435245e-10
14,9999,202,98,1.3901586649935087e-10,1.432352697152447e-10,8.084267293692623e-11
14,9999,202,99,1.2222145881757034e-10,1.2313685964183325e-10,7.186896846795822e-11
14,9999,202,100,1.1300711831107908e-10,1.1437019526796171e-10,6.149496883776494e-11
14,9999,202,101,8.626657026060582e-11,1.040462000593359e-10,6.008994200298509e-11
14,9999,202,102,4.919893472143514e-11,7.182212535151365e-11,4.0934144859935145e-11
14,9999,202,103,4.154001450095842e-11,6.753360979446738e-11,3.1684129553465455e-11
14,9999,202,104,2.8107664470375864e-11,5.948380054603067e-11,2.5708525393569013e-11
14,9999,202,105,2.581150265027815e-11,4.7499064766663265e-11,1.9498380541402783e-11
14,9999,202,106,2.3173339970222572e-11,4.23527594979432e-11,1.901678616855385e-11
14,9999,202,107,2.057749911298801e-11,2.950976285781496e-11,1.472036897176502e-11
14,9999,202,108,1.831942626839314e-11,2.3654740962782376e-11,1.0942294281421268e-11
14,9999,202,109,9.959778584093826e-12,1.8705200376521526e-11,9.776740527795105e-12
14,9999,202,110,7.175940991232958e-12,1.7959548817451407e-11,9.559088185182567e-12
14,9999,202,111,6.114138307798678e-12,1.2391777462578387e-11,5.424437539272406e-12
14,9999,202,112,5.9308524887031e-12,8.623933616267298e-12,4.850941928374156e-12
14,9999,202,113,2.710834553678788e-12,6.61890023538171e-12,4.7505022188362545e-12
14,9999,202,114,1.866194385372087e-12,5.0989157787803695e-12,2.565309773273227e-12
14,9999,202,115,1.3718527332181854e-12,3.1506540290303434e-12,1.9379651113272894e-12
14,9999,202,116,9.22745472647896e-13,2.391925524947472e-12,1.377648952791967e-12
14,9999,202,117,3.427908801623904e-13,1.4060816129834119e-12,8.230764125689715e-13
14,9999,202,118,2.6966262192713927e-13,7.861937916396897e-13,6.095140050699754e-13
14,9999,202,119,2.5406852835482116e-13,7.37705881345224e-13,2.9578603401602485e-13
14,9999,202,120,1.4762710163714082e-13,4.290206408731702e-13,2.2058895444177917e-13
14,9999,202,121,8.435935464092522e-14,3.3896759609693737e-13,1.1203851264889165e-13
14,9999,202,122,5.188582476127349e-14,1.8729245817385023e-13,1.0646453356437249e-13
14,9999,202,123,3.961533733339746e-14,1.199717061881385e-13,5.755249665686187e-14
14,9999,202,124,1.4647833177709765e-14,1.0866031795434418e-13,1.2567553497317359e-14
14,9999,202,125,1.1858665465132864e-14,3.363795596281299e-14,1.0098649697187876e-14
14,9999,202,126,8.86917694763799e-15,1.9316322889416187e-14,6.982663432307928e-15
14,9999,202,127,9.999999999999987e-16,6.220348215929222e-15,9.99999999999999e-16
14,9999,202,128,9.999999999999987e-16,2.5488014642594663e-15,9.99999999999999e-16
14,9999,303,1,0.8085698993717308,0.8086592948142883,0.8088990807711739
14,9999,303,2,0.11747771691902395,0.11747931413597593,0.11800032390655613
14,9999,303,3,0.027054421100121163,0.027445637782926455,0.026828387252642347
14,9999,303,4,0.0228273814100148,0.022929392539549485,0.02270930364469972
14,9999,303,5,0.007366303784670348,0.007070317954089666,0.007566340330768177
14,9999,303,6,0.004834933208027369,0.004587903170353835,0.004835623272818506
14,9999,303,7,0.004510730829989164,0.0045230160464073904,0.0043105421996979506
14,9999,303,8,0.0019653464913073995,0.002260132248180397,0.0019619315690067706
14,9999,303,9,0.0013653809268245544,0.0013258295466182003,0.001262729822672138
14,9999,303,10,0.0010176926019243408,0.0009412836379280838,0.0008884451050396377
14,9999,303,11,0.0006504476743045053,0.0006265452801807288,0.0006833741139015964
14,9999,303,12,0.0005438314585675933,0.0005035286154719947,0.0005018032350091447
14,9999,303,13,0.0003988502430152575,0.00038960009987387125,0.0003565512080511354
14,9999,303,14,0.00036560746916868226,0.0003694471013115304,0.00033850420230852355
14,9999,303,15,0.000223905255473263,0.0001923784747207174,0.00018261091224585385
14,9999,303,16,0.00017369741946645232,0.00012240902819411601,0.00013782588360413317
14,9999,303,17,0.00015998211309045633,0.00010339267244909787,0.00011967576769254467
14,9999,303,18,8.286474714341789e-05,8.843675505343123e-05,7.255192274795559e-05
14,9999,303,19,6.835172330532404e-05,7.263971780042163e-05,5.878860862253912e-05
14,9999,303,20,5.8491788648977435e-05,5.270051337766933e-05,4.999422803204568e-05
14,9999,303,21,5.0302835618941e-05,4.917577166535144e-05,3.9311181577219566e-05
14,9999,303,22,4.527581086790784e-05,3.8444244560834976e-05,3.6667456516636607e-05
14,9999,303,23,3.56404341259794e-05,2.7183481805026818e-05,2.6545954435266566e-05
14,9999,303,24,2.4736644173161493e-05,2.238520202117205e-05,2.2661449169291515e-05
14,9999,303,25,2.209915649849058e-05,1.8275741516791495e-05,1.9208549432397626e-05
14,9999,303,26,1.841655532968754e-05,1.7164206697739755e-05,1.7364662942368524e-05
14,9999,303,27,1.5106577158640707e-05,1.6167244499083414e-05,1.2202642430566582e-05
14,9999,303,28,1.0449438219610599e-05,1.1389120618255639e-05,1.0576077632771229e-05
14,9999,303,29,8.211523783525861e-06,9.93385508483889e-06,1.0538967962052009e-05
14,9999,303,30,7.1075579459713754e-06,6.57487504569438e-06,6.4423835802726045e-06
14,9999,303,31,7.107066072837594e-06,6.408302261194253e-06,6.173604744841747e-06
14,9999,303,32,6.506538336481819e-06,5.799151694905875e-06,4.3272317510647696e-06
14,9999,303,33,4.545659762584824e-06,5.535698672489854e-06,3.5471098747884796e-06
14,9999,303,34,4.4567401341444345e-06,3.5368251074756186e-06,3.27086210442732e-06
14,9999,303,35,3.86528257737249e-06,2.8982125793148884e-06,2.600118482040101e-06
14,9999,303,36,3.822898532417384e-06,2.6959855512038485e-06,2.5733899696103437e-06
14,9999,303,37,2.7628415270574123e-06,1.7478610795218206e-06,1.8111925986062718e-06
14,9999,303,38,1.9412420231865495e-06,1.6596205781231205e-06,1.4887421559419288e-06
14,9999,303,39,1.645073506906946e-06,1.4217958383888165e-06,1.1136425412509382e-06
14,9999,303,40,1.5991208872400357e-06,1.2302027697948386e-06,1.076600659704319e-06
14,9999,303,41,1.3098732469390905e-06,1.0146988622774631e-06,8.442535105998657e-07
14,9999,303,42,1.1428869079113773e-06,9.417558967358943e-07,7.085523109692319e-07
14,9999,303,43,9.981086057216657e-07,8.262729904742754e-07,6.815082580818879e-07
14,9999,303,44,8.110317262389182e-07,5.860046210889095e-07,5.310198904559625e-07
14,9999,303,45,6.331027351393452e-07,5.026740501879715e-07,4.806915821225485e-07
14,9999,303,46,5.834930597751821e-07,4.3187702886918243e-07,3.618001684038985e-07
14,9999,303,47,4.489230041457672e-07,3.2836108191988367e-07,3.13630545206479e-07
14,9999,303,48,3.622523882819511e-07,3.2433962273666594e-07,2.8357680543308875e-07
14,9999,303,49,3.213128131883599e-07,2.819851762911598e-07,2.5461463577085224e-07
14,9999,303,50,3.049121255314848e-07,2.465834422160532e-07,1.9183431802956654e-07
14,9999,303,51,2.1264654119277333e-07,2.4498129741546337e-07,1.8248242928182501e-07
14,9999,303,52,1.8981134488984155e-07,2.0487709539047098e-07,1.7159962708658482e-07
14,9999,303,53,1.634137937369727e-07,1.7679450012242493e-07,1.5273957584104484e-07
14,9999,303,54,1.320237915408312e-07,1.4876528396517018e-07,1.4954287560000677e-07
14,9999,303,55,1.0623235655391867e-07,1.2886822383590693e-07,1.2142325109914748e-07
14,9999,303,56,1.0338361027183444e-07,1.148995783673941e-07,1.1288112794370193e-07
14,9999,303,57,9.685701869772371e-08,1.1133745243021086e-07,8.851402648933894e-08
14,9999,303,58,8.366974538644881e-08,8.542594988523649e-08,6.508032378408496e-08
14,9999,303,59,8.270839126041295e-08,6.495622016443537e-08,5.770155536520759e-08
14,9999,303,60,5.835144440311839e-08,6.030792757721238e-08,5.158623962570001e-08
14,9999,303,61,5.31688369514085e-08,5.6466990763043875e-08,4.0711512834664636e-08
14,9999,303,62,4.48879355789028e-08,4.045758635265103e-08,3.893099835392292e-08
14,9999,303,63,3.933084525833303e-08,3.912729624630155e-08,3.1353068463819054e-08
14,9999,303,64,3.661072312816999e-08,3.1394128085774226e-08,2.9107543807221093e-08
14,9999,303,65,3.318872571032654e-08,2.5758363426150268e-08,2.412954891054799e-08
14,9999,303,66,3.0928980831618806e-08,1.8825751554098755e-08,1.910067672254108e-08
14,9999,303,67,2.5177837116664988e-08,1.7095353816299553e-08,1.6682552918002924e-08
14,9999,303,68,2.3806135789899567e-08,1.5378130510484654e-08,1.597623832897548e-08
14,9999,303,69,2.3726374684295796e-08,1.3747244083602768e-08,1.4771584616766066e-08
14,9999,303,70,2.0017316320201673e-08,1.2234399452762394e-08,1.0938468300182066e-08
14,9999,303,71,1.4742267831955542e-08,1.097091833068752e-08,9.046482108234289e-09
14,9999,303,72,1.22709701585646e-08,8.325693446821625e-09,7.799326249970253e-09
14,9999,303,73,1.1028078244084567e-08,8.074721458303086e-09,6.215457699528824e-09
14,9999,303,74,1.0442144816568029e-08,6.728657187900772e-09,5.930119478716617e-09
14,9999,303,75,7.113548370330932e-09,6.375506247547878e-09,4.920828062286477e-09
14,9999,303,76,5.9970559042532315e-09,5.854783537609525e-09,4.213639101376497e-09
14,9999,303,77,4.908492838833333e-09,4.417371531888508e-09,3.791944585873725e-09
14,9999,303,78,4.3035012453116866e-09,4.257499888583292e-09,3.1583176825990754e-09
14,9999,303,79,3.1726897835750316e-09,3.526824992892465e-09,2.9117512968948264e-09
14,9999,303,80,2.1014701625565283e-09,2.6571775405483967e-09,2.2651119416215943e-09
14,9999,303,81,1.8355928726542473e-09,2.1129035805832312e-09,1.7299115120185823e-09
14,9999,303,82,1.5939521541893781e-09,1.868569827436949e-09,1.653457597133427e-09
14,9999,303,83,1.204491103677566e-09,1.8475066053798267e-09,1.4355334886012764e-09
14,9999,303,84,1.1078712948197796e-09,1.302750857352034e-09,1.3351942029484895e-09
14,9999,303,85,9.898272483490214e-10,1.0517761490089628e-09,1.1408140709856058e-09
14,9999,303,86,8.586023110675037e-10,9.225814333262638e-10,9.567373924437658e-10
14,9999,303,87,7.573078402806621e-10,7.487285356872424e-10,8.024300782846273e-10
14,9999,303,88,6.018879208929102e-10,7.381670244355783e-10,7.554937645340005e-10
14,9999,303,89,5.97894880822179e-10,6.651498372013649e-10,6.590284736422736e-10
14,9999,303,90,4.2638998567024087e-10,4.988716906410718e-10,4.0120788004135466e-10
14,9999,303,91,3.964643741391551e-10,4.562047968772949e-10,3.80717091952517e-10
14,9999,303,92,3.650939028143351e-10,4.305285291279653e-10,3.1223901633872493e-10
14,9999,303,93,2.983333018799073e-10,3.8885568309082175e-10,2.742055764681496e-10
14,9999,303,94,2.8870802979711647e-10,3.596541469309949e-10,2.3893971875335025e-10
14,9999,303,95,2.1502535961180648e-10,3.145257305282974e-10,2.1163800638647673e-10
14,9999,303,96,1.563690235446134e-10,2.3085245589787365e-10,2.0352971989098965e-10
14,9999,303,97,1.5018777148107616e-10,1.7355799630506698e-10,1.3199585875030817e-10
14,9999,303,98,1.3901586649935087e-10,1.525604849437154e-10,1.0022551617198642e-10
14,9999,303,99,1.2222145881757034e-10,1.476195997517573e-10,8.619612263411595e-11
14,9999,303,100,1.1300711831107908e-10,1.4553157980236463e-10,7.250256061392492e-11
14,9999,303,101,8.626657026060582e-11,9.640960098669842e-11,5.588927981343777e-11
14,9999,303,102,4.919893472143514e-11,7.1491227663509e-11,5.060534966265941e-11
14,9999,303,103,4.154001450095842e-11,6.090325031811604e-11,4.8742230235875805e-11
14,9999,303,104,2.8107664470375864e-11,5.934084343664118e-11,4.201097182298704e-11
14,9999,303,105,2.581150265027815e-11,4.297291236747684e-11,3.203673869475505e-11
14,9999,303,106,2.3173339970222572e-11,3.3783901200104175e-11,2.6745618933280047e-11
14,9999,303,107,2.057749911298801e-11,2.0435187675134644e-11,2.4538587750039137e-11
14,9999,303,108,1.831942626839314e-11,1.9166848531572608e-11,1.4824085366529746e-11
14,9999,303,109,9.959778584093826e-12,1.6560261057096967e-11,1.349023638219227e-11
14,9999,303,110,7.175940991232958e-12,1.0906639148370536e-11,1.1342238890284652e-11
14,9999,303,111,6.114138307798678e-12,1.065426448771446e-11,9.519688742062819e-12
14,9999,303,112,5.9308524887031e-12,6.731560820837997e-12,6.604114401237119e-12
14,9999,303,113,2.710834553678788e-12,4.849023544996384e-12,3.929370465056625e-12
14,9999,303,114,1.866194385372087e-12,3.2510080059887985e-12,3.578776627406666e-12
14,9999,303,115,1.3718527332181854e-12,2.966775557759212e-12,2.4476317288529333e-12
14,9999,303,116,9.22745472647896e-13,2.6778343178371638e-12,1.8615068646103987e-12
14,9999,303,117,3.427908801623904e-13,2.069049047532501e-12,1.4109390707853632e-12
14,9999,303,118,2.6966262192713927e-13,1.1957882279110583e-12,9.083716933053282e-13
14,9999,303,119,2.5406852835482116e-13,7.817653191500848e-13,5.299618289386033e-13
14,9999,303,120,1.4762710163714082e-13,4.826967537128833e-13,4.2567871333088084e-13
14,9999,303,121,8.435935464092522e-14,1.472436566046329e-13,1.954298587282985e-13
14,9999,303,122,5.188582476127349e-14,1.299351542609924e-13,1.457422837008765e-13
14,9999,303,123,3.961533733339746e-14,4.936724845848291e-14,6.894970636247509e-14
14,9999,303,124,1.4647833177709765e-14,2.412353504744909e-14,5.131808485330486e-14
14,9999,303,125,1.1858665465132864e-14,1.4635986773897023e-14,1.0723012834096313e-14
14,9999,303,126,8.86917694763799e-15,6.47756540583526e-15,6.213288705378259e-15
14,9999,303,127,9.999999999999987e-16,9.999999999999987e-16,1.2809582616347633e-15
14,9999,303,128,9.999999999999987e-16,9.999999999999987e-16,9.99999999999999e-16
14,9999,404,1,0.8085698993717308,0.8101158912071478,0.8086664753555008
14,9999,404,2,0.11747771691902395,0.11581175667037834,0.11785378307875873
14,9999,404,3,0.027054421100121163,0.02727748811608229,0.02695989595579077
14,9999,404,4,0.0228273814100148,0.022994154463850697,0.02307027521230048
14,9999,404,5,0.007366303784670348,0.007044718373258141,0.007370760635834438
14,9999,404,6,0.004834933208027369,0.0049347995377409795,0.004785897921232111
14,9999,404,7,0.004510730829989164,0.004717849452610719,0.004670616963613534
14,9999,404,8,0.0019653464913073995,0.0019211634510521056,0.001777686163072486
14,9999,404,9,0.0013653809268245544,0.0013644035926248838,0.0012866911943422666
14,9999,404,10,0.0010176926019243408,0.0009728904118877498,0.0008584934105649764
14,9999,404,11,0.0006504476743045053,0.0006837541483023857,0.0006341018479765507
14,9999,404,12,0.0005438314585675933,0.0004732285634568738,0.00044535972289579134
14,9999,404,13,0.0003988502430152575,0.00037555213754004866,0.0004029421965202032
14,9999,404,14,0.00036560746916868226,0.0003379482382729638,0.0003388870559404187
14,9999,404,15,0.000223905255473263,0.00020280176575618574,0.00019488805565397846
14,9999,404,16,0.00017369741946645232,0.0001575967777870706,0.00014464135825576025
14,9999,404,17,0.00015998211309045633,0.0001267456118188814,0.00012175048738333682
14,9999,404,18,8.286474714341789e-05,8.451095610986373e-05,8.318067359958995e-05
14,9999,404,19,6.835172330532404e-05,8.06450894362125e-05,6.243447927509873e-05
14,9999,404,20,5.8491788648977435e-05,5.4179585033183794e-05,5.074162926684456e-05
14,9999,404,21,5.0302835618941e-05,4.8250207504966945e-05,3.966591928218614e-05
14,9999,404,22,4.527581086790784e-05,4.3211983275671215e-05,3.450619528266611e-05
14,9999,404,23,3.56404341259794e-05,3.963493313123054e-05,2.6988913551013137e-05
14,9999,404,24,2.4736644173161493e-05,2.184293407057227e-05,1.8692919366679733e-05
14,9999,404,25,2.209915649849058e-05,2.0242413124812084e-05,1.7363484572488194e-05
14,9999,404,26,1.841655532968754e-05,1.785383595887485e-05,1.483242808915872e-05
14,9999,404,27,1.5106577158640707e-05,1.2591036402766047e-05,1.1714963288969579e-05
14,9999,404,28,1.0449438219610599e-05,1.1405735984274674e-05,9.44827174767368e-06
14,9999,404,29,8.211523783525861e-06,7.49357170460344e-06,8.600087848078752e-06
14,9999,404,30,7.1075579459713754e-06,6.826853665799137e-06,6.045563255187789e-06
14,9999,404,31,7.107066072837594e-06,5.356613287830453e-06,5.205150640920249e-06
14,9999,404,32,6.506538336481819e-06,5.349658530027556e-06,4.236140556723294e-06
14,9999,404,33,4.545659762584824e-06,4.172938216546066e-06,3.950006766242411e-06
14,9999,404,34,4.4567401341444345e-06,3.6963478822948174e-06,3.1752869423534615e-06
14,9999,404,35,3.86528257737249e-06,2.9883364217088727e-06,2.7634577237861892e-06
14,9999,404,36,3.822898532417384e-06,2.6099638060518094e-06,2.433990858555828e-06
14,9999,404,37,2.7628415270574123e-06,2.5833904005610916e-06,1.8701848117172577e-06
14,9999,404,38,1.9412420231865495e-06,1.9852971785237315e-06,1.3794883460988659e-06
14,9999,404,39,1.645073506906946e-06,1.3280842103335969e-06,1.2101182266867482e-06
14,9999,404,40,1.5991208872400357e-06,1.1375293334825304e-06,9.055390646242501e-07
14,9999,404,41,1.3098732469390905e-06,9.556250191591217e-07,8.173752371552952e-07
14,9999,404,42,1.1428869079113773e-06,7.990176038108308e-07,6.924263501566976e-07
14,9999,404,43,9.981086057216657e-07,7.921255807549195e-07,5.2852301656202e-07
14,9999,404,44,8.110317262389182e-07,7.587999383649893e-07,4.6883640119038784e-07
14,9999,404,45,6.331027351393452e-07,6.975617901016051e-07,4.2980203592152846e-07
14,9999,404,46,5.834930597751821e-07,5.202108768799243e-07,3.354238995704538e-07
14,9999,404,47,4.489230041457672e-07,3.897553980501886e-07,2.930891517135801e-07
14,9999,404,48,3.622523882819511e-07,3.6542838322426893e-07,2.749242944265045e-07
14,9999,404,49,3.213128131883599e-07,3.2234536650067064e-07,2.503039716993922e-07
14,9999,404,50,3.049121255314848e-07,2.2668853503707173e-07,1.9082970678388782e-07
14,9999,404,51,2.1264654119277333e-07,2.0722354057937104e-07,1.6440132289351726e-07
14,9999,404,52,1.8981134488984155e-07,1.5555782380032976e-07,1.338934538526075e-07
14,9999,404,53,1.634137937369727e-07,1.4501033043246414e-07,1.3114309757809512e-07
14,9999,404,54,1.320237915408312e-07,1.346517460809686e-07,1.09955224719882e-07
14,9999,404,55,1.0623235655391867e-07,1.264096775423372e-07,9.11495842106347e-08
14,9999,404,56,1.0338361027183444e-07,1.0928118470204285e-07,8.761132474850319e-08
14,9999,404,57,9.685701869772371e-08,8.74352113293611e-08,7.520835993583548e-08
14,9999,404,58,8.366974538644881e-08,7.796874613138746e-08,6.306214084520574e-08
14,9999,404,59,8.270839126041295e-08,6.251195846480445e-08,6.146548734071974e-08
14,9999,404,60,5.835144440311839e-08,4.879854321204705e-08,4.935726067216406e-08
14,9999,404,61,5.31688369514085e-08,4.430125842285196e-08,3.711005141228543e-08
14,9999,404,62,4.48879355789028e-08,3.916314613232081e-08,3.2056580191453625e-08
14,9999,404,63,3.933084525833303e-08,3.6076178555752884e-08,3.1044372084487555e-08
14,9999,404,64,3.661072312816999e-08,3.4957253058390896e-08,2.102920675003491e-08
14,9999,404,65,3.318872571032654e-08,3.4136273470504865e-08,1.92124744358465e-08
14,9999,404,66,3.0928980831618806e-08,3.353193138887309e-08,1.562815425440802e-08
14,9999,404,67,2.5177837116664988e-08,2.334957497396324e-08,1.4834680421497576e-08
14,9999,404,68,2.3806135789899567e-08,2.2450663895033665e-08,1.2003675788632982e-08
14,9999,404,69,2.3726374684295796e-08,1.6988077424807714e-08,1.1006388931013892e-08
14,9999,404,70,2.0017316320201673e-08,1.5269853431059133e-08,9.191342482195373e-09
14,9999,404,71,1.4742267831955542e-08,1.2460564700905766e-08,8.60024261986235e-09
14,9999,404,72,1.22709701585646e-08,9.993270885060654e-09,6.652704457898057e-09
14,9999,404,73,1.1028078244084567e-08,8.743568682652893e-09,5.645764579000217e-09
14,9999,404,74,1.0442144816568029e-08,6.952833593053465e-09,5.379911254206463e-09
14,9999,404,75,7.113548370330932e-09,6.436521848915858e-09,4.660336184487241e-09
14,9999,404,76,5.9970559042532315e-09,5.466560167679811e-09,3.874072052933067e-09
14,9999,404,77,4.908492838833333e-09,4.799622366284737e-09,3.3805355172099863e-09
14,9999,404,78,4.3035012453116866e-09,4.256764875330806e-09,2.926965581150769e-09
14,9999,404,79,3.1726897835750316e-09,2.527387544522044e-09,2.7022814348978206e-09
14,9999,404,80,2.1014701625565283e-09,2.3966042703099756e-09,2.1686601613985194e-09
14,9999,404,81,1.8355928726542473e-09,2.315474423185631e-09,1.9274918147302778e-09
14,9999,404,82,1.5939521541893781e-09,1.6205249082259607e-09,1.5902315189021127e-09
14,9999,404,83,1.204491103677566e-09,1.3259953766018358e-09,1.071837167534949e-09
14,9999,404,84,1.1078712948197796e-09,1.2164835943983435e-09,8.981560292032478e-10
14,9999,404,85,9.898272483490214e-10,1.0211145370808879e-09,8.548920175371929e-10
14,9999,404,86,8.586023110675037e-10,7.878078403572272e-10,7.302481506390951e-10
14,9999,404,87,7.573078402806621e-10,7.409429957193992e-10,5.898955392573616e-10
14,9999,404,88,6.018879208929102e-10,6.906328482523817e-10,4.763626942013612e-10
14,9999,404,89,5.97894880822179e-10,5.544141151364343e-10,3.3223236448041895e-10
14,9999,404,90,4.2638998567024087e-10,5.307156852218054e-10,3.1491532176022894e-10
14,9999,404,91,3.964643741391551e-10,4.270167591882347e-10,2.9291691926704455e-10
14,9999,404,92,3.650939028143351e-10,3.804746938366063e-10,2.3828311551996697e-10
14,9999,404,93,2.983333018799073e-10,2.9055803757697285e-10,2.2107375103867531e-10
14,9999,404,94,2.8870802979711647e-10,2.777355349908578e-10,1.901133742120985e-10
14,9999,404,95,2.1502535961180648e-10,1.9905440597094228e-10,1.6505786764549136e-10
14,9999,404,96,1.563690235446134e-10,1.8113564736776642e-10,1.1816659257433876e-10
14,9999,404,97,1.5018777148107616e-10,1.748963541177195e-10,1.0211175069309746e-10
14,9999,404,98,1.3901586649935087e-10,1.6799618580382041e-10,8.527670463137296e-11
14,9999,404,99,1.2222145881757034e-10,1.3405220564338412e-10,7.172402915096175e-11
14,9999,404,100,1.1300711831107908e-10,1.0381823588014462e-10,6.085676138860055e-11
14,9999,404,101,8.626657026060582e-11,9.053424563273312e-11,5.620226850985883e-11
14,9999,404,102,4.919893472143514e-11,6.756046745830095e-11,4.764458877244383e-11
14,9999,404,103,4.154001450095842e-11,6.012354525986416e-11,3.451629731073103e-11
14,9999,404,104,2.8107664470375864e-11,3.1587628995554155e-11,2.6531511169589274e-11
14,9999,404,105,2.581150265027815e-11,2.5752196632512327e-11,2.4672215605272284e-11
14,9999,404,106,2.3173339970222572e-11,2.2378822080904112e-11,1.947426691089996e-11
14,9999,404,107,2.057749911298801e-11,1.9575507929891367e-11,1.5767907432463777e-11
14,9999,404,108,1.831942626839314e-11,1.708264549115321e-11,9.612061750550352e-12
14,9999,404,109,9.959778584093826e-12,1.1454299325835528e-11,7.763305470377036e-12
14,9999,404,110,7.175940991232958e-12,9.486617337469409e-12,6.975661887019522e-12
14,9999,404,111,6.114138307798678e-12,6.191477905964689e-12,5.947778501051936e-12
14,9999,404,112,5.9308524887031e-12,5.519347355209015e-12,4.128164484030435e-12
14,9999,404,113,2.710834553678788e-12,2.8161919201312705e-12,3.340583624853003e-12
14,9999,404,114,1.866194385372087e-12,2.4434103862679207e-12,3.0261353350406462e-12
14,9999,404,115,1.3718527332181854e-12,2.360333641351647e-12,1.6626630823499516e-12
14,9999,404,116,9.22745472647896e-13,1.6954045917960468e-12,1.0861721758313156e-12
14,9999,404,117,3.427908801623904e-13,9.108735690719952e-13,8.867675255070526e-13
14,9999,404,118,2.6966262192713927e-13,6.44490195779373e-13,4.154023305070679e-13
14,9999,404,119,2.5406852835482116e-13,5.36378182386441e-13,3.4710222936948064e-13
14,9999,404,120,1.4762710163714082e-13,4.912043122792113e-13,1.422932765442161e-13
14,9999,404,121,8.435935464092522e-14,2.7770411630299545e-13,1.1503421593106243e-13
14,9999,404,122,5.188582476127349e-14,1.642740187716133e-13,6.871505640076467e-14
14,9999,404,123,3.961533733339746e-14,9.424018610302878e-14,4.760389716144169e-14
14,9999,404,124,1.4647833177709765e-14,4.3926983545343326e-14,3.3267743726899695e-14
14,9999,404,125,1.1858665465132864e-14,1.8639626577459777e-14,1.3796088782703634e-14
14,9999,404,126,8.86917694763799e-15,7.230416410643012e-15,1.0307894895856254e-14
14,9999,404,127,9.999999999999987e-16,1.254940474973974e-15,1.1762695751601174e-15
14,9999,404,128,9.999999999999987e-16,9.999999999999995e-16,9.999999999999997e-16
14,9999,505,1,0.8085698993717308,0.8095627218746229,0.8086599396815483
14,9999,505,2,0.11747771691902395,0.11676161600186909,0.11773979515290754
14,9999,505,3,0.027054421100121163,0.027344550038534077,0.027107570572889563
14,9999,505,4,0.0228273814100148,0.022509033058664613,0.023011389076201486
14,9999,505,5,0.007366303784670348,0.007160823614068219,0.007360071420603399
14,9999,505,6,0.004834933208027369,0.004730686264201575,0.0048788524125823775
14,9999,505,7,0.004510730829989164,0.004623738563445953,0.004500763328558056
14,9999,505,8,0.0019653464913073995,0.002190516562081087,0.0018685253462934826
14,9999,505,9,0.0013653809268245544,0.0013420719713843213,0.001315257928086235
14,9999,505,10,0.0010176926019243408,0.0009877935087652747,0.0009500939536997891
14,9999,505,11,0.0006504476743045053,0.0006032407767880117,0.0005920336253049945
14,9999,505,12,0.0005438314585675933,0.0004912907600679675,0.00045938445836423873
14,9999,505,13,0.0003988502430152575,0.00035614494687571024,0.0003773217941844602
14,9999,505,14,0.00036560746916868226,0.0003231382891509311,0.000333519811469728
14,9999,505,15,0.000223905255473263,0.00022457669453516542,0.00017166441660937555
14,9999,505,16,0.00017369741946645232,0.0001576087485902307,0.00014269960610890258
14,9999,505,17,0.00015998211309045633,0.00015208402043609867,0.00013280934448552724
14,9999,505,18,8.286474714341789e-05,8.220341792601369e-05,7.81587096904455e-05
14,9999,505,19,6.835172330532404e-05,7.890822447075729e-05,5.673965262040485e-05
14,9999,505,20,5.8491788648977435e-05,5.601071945736174e-05,4.702520621595331e-05
14,9999,505,21,5.0302835618941e-05,4.7865646358367494e-05,3.954080351046057e-05
14,9999,505,22,4.527581086790784e-05,3.917979656756689e-05,3.1426779493662394e-05
14,9999,505,23,3.56404341259794e-05,3.032729895497278e-05,2.7722340567189657e-05
14,9999,505,24,2.4736644173161493e-05,2.4422293092935143e-05,1.8382022128378405e-05
14,9999,505,25,2.209915649849058e-05,2.1497554997365215e-05,1.776806632079416e-05
14,9999,505,26,1.841655532968754e-05,2.1440238626629305e-05,1.4997346354587664e-05
14,9999,505,27,1.5106577158640707e-05,1.3619080058449309e-05,1.0616011038502672e-05
14,9999,505,28,1.0449438219610599e-05,1.0119025583347795e-05,8.632642340337781e-06
14,9999,505,29,8.211523783525861e-06,7.50433938052198e-06,8.57463935951549e-06
14,9999,505,30,7.1075579459713754e-06,7.200027173445119e-06,6.815097135061497e-06
14,9999,505,31,7.107066072837594e-06,5.395973832762107e-06,5.2480080061424904e-06
14,9999,505,32,6.506538336481819e-06,4.965794927579373e-06,3.994585413395708e-06
14,9999,505,33,4.545659762584824e-06,4.083653372013644e-06,3.7854540132466183e-06
14,9999,505,34,4.4567401341444345e-06,3.428354994360174e-06,3.144563280172741e-06
14,9999,505,35,3.86528257737249e-06,3.0596776576423583e-06,2.749712182575904e-06
14,9999,505,36,3.822898532417384e-06,2.4974509463051554e-06,2.528977561560739e-06
14,9999,505,37,2.7628415270574123e-06,1.8921457539926497e-06,1.7004457443002812e-06
14,9999,505,38,1.9412420231865495e-06,1.715416885302498e-06,1.2854102991392503e-06
14,9999,505,39,1.645073506906946e-06,1.6722121917913352e-06,9.881913824939106e-07
14,9999,505,40,1.5991208872400357e-06,1.3601970317210184e-06,8.750692540746597e-07
14,9999,505,41,1.3098732469390905e-06,1.1956555338348261e-06,8.636427782295756e-07
14,9999,505,42,1.1428869079113773e-06,8.940710864531429e-07,7.241837579949805e-07
14,9999,505,43,9.981086057216657e-07,8.047540670707304e-07,5.592753943185905e-07
14,9999,505,44,8.110317262389182e-07,7.234712724916229e-07,5.22744716574323e-07
14,9999,505,45,6.331027351393452e-07,6.275517379587299e-07,3.790127548921302e-07
14,9999,505,46,5.834930597751821e-07,5.671799115229789e-07,3.219675091513258e-07
14,9999,505,47,4.489230041457672e-07,5.016768533100941e-07,3.148726028564704e-07
14,9999,505,48,3.622523882819511e-07,3.770643771504572e-07,2.9852555379697873e-07
14,9999,505,49,3.213128131883599e-07,3.494915101552988e-07,2.2988461131536682e-07
14,9999,505,50,3.049121255314848e-07,2.422620426310494e-07,2.1103125256589884e-07
14,9999,505,51,2.1264654119277333e-07,2.210982029546899e-07,1.7418587200275273e-07
14,9999,505,52,1.8981134488984155e-07,2.1763821789721494e-07,1.6189533162664762e-07
14,9999,505,53,1.634137937369727e-07,1.6742904534694942e-07,1.2666957678123035e-07
14,9999,505,54,1.320237915408312e-07,1.3498528975303651e-07,1.110019701632618e-07
14,9999,505,55,1.0623235655391867e-07,1.3294722983123834e-07,1.0113575660990729e-07
14,9999,505,56,1.0338361027183444e-07,1.2124906602962358e-07,7.557265568013318e-08
14,9999,505,57,9.685701869772371e-08,1.1045377209921782e-07,6.154654329154937e-08
14,9999,505,58,8.366974538644881e-08,8.049384821482527e-08,5.264299329242149e-08
14,9999,505,59,8.270839126041295e-08,6.323945146023052e-08,4.204404380574808e-08
14,9999,505,60,5.835144440311839e-08,6.242439876871462e-08,3.998987175471426e-08
14,9999,505,61,5.31688369514085e-08,4.750819542563023e-08,3.356011108381064e-08
14,9999,505,62,4.48879355789028e-08,4.732713345243211e-08,2.5050408014498352e-08
14,9999,505,63,3.933084525833303e-08,3.705893315207535e-08,2.2740497891645772e-08
14,9999,505,64,3.661072312816999e-08,3.668087018488953e-08,2.1349846457194934e-08
14,9999,505,65,3.318872571032654e-08,3.505839368330457e-08,1.8488078548740268e-08
14,9999,505,66,3.0928980831618806e-08,2.441598620247943e-08,1.7369137379168673e-08
14,9999,505,67,2.5177837116664988e-08,2.3756395405343055e-08,1.3719349703335974e-08
14,9999,505,68,2.3806135789899567e-08,2.2085326703902405e-08,1.2180089656754021e-08
14,9999,505,69,2.3726374684295796e-08,1.8467625310108192e-08,1.1421515238916979e-08
14,9999,505,70,2.0017316320201673e-08,1.6788053600607807e-08,7.827781444059721e-09
14,9999,505,71,1.4742267831955542e-08,1.4645070740179427e-08,6.77985100349785e-09
14,9999,505,72,1.22709701585646e-08,1.0147495942682019e-08,6.415998693834102e-09
14,9999,505,73,1.1028078244084567e-08,9.233937605918143e-09,5.65297586909301e-09
14,9999,505,74,1.0442144816568029e-08,8.758648075643312e-09,5.5969731277321425e-09
14,9999,505,75,7.113548370330932e-09,6.594303752529068e-09,4.135251139700295e-09
14,9999,505,76,5.9970559042532315e-09,6.251790316009872e-09,3.914481864167507e-09
14,9999,505,77,4.908492838833333e-09,5.4225140978332845e-09,3.6949466087665806e-09
14,9999,505,78,4.3035012453116866e-09,4.363244016065934e-09,2.941120357742603e-09
14,9999,505,79,3.1726897835750316e-09,3.65965160554212e-09,2.0762066412738393e-09
14,9999,505,80,2.1014701625565283e-09,2.9843586472167707e-09,2.0395555546489723e-09
14,9999,505,81,1.8355928726542473e-09,2.739304675613973e-09,1.605821754186277e-09
14,9999,505,82,1.5939521541893781e-09,2.343629423149936e-09,1.430812078397795e-09
14,9999,505,83,1.204491103677566e-09,2.1090242321863867e-09,1.126107601913402e-09
14,9999,505,84,1.1078712948197796e-09,1.8745366189129373e-09,8.235911555293764e-10
14,9999,505,85,9.898272483490214e-10,1.6118005653706248e-09,7.283732589584959e-10
14,9999,505,86,8.586023110675037e-10,1.2455761709554485e-09,5.890491921224855e-10
14,9999,505,87,7.573078402806621e-10,1.1137926829184606e-09,5.214541705829701e-10
14,9999,505,88,6.018879208929102e-10,1.0586651051012265e-09,4.012696087002718e-10
14,9999,505,89,5.97894880822179e-10,9.636389320829808e-10,3.9224259921250905e-10
14,9999,505,90,4.2638998567024087e-10,7.084583599695375e-10,3.2013639069760995e-10
14,9999,505,91,3.964643741391551e-10,4.979866626129985e-10,2.813901566339944e-10
14,9999,505,92,3.650939028143351e-10,4.964708124338155e-10,2.681837285697316e-10
14,9999,505,93,2.983333018799073e-10,4.654750652400867e-10,1.7231840238508111e-10
14,9999,505,94,2.8870802979711647e-10,3.361116385491612e-10,1.691105512306049e-10
14,9999,505,95,2.1502535961180648e-10,2.883404315346582e-10,1.3434961216771228e-10
14,9999,505,96,1.563690235446134e-10,2.717166520241872e-10,1.2241512044732204e-10
14,9999,505,97,1.5018777148107616e-10,2.5948624748375953e-10,7.721072418900741e-11
14,9999,505,98,1.3901586649935087e-10,2.1470322585180716e-10,7.416716798651539e-11
14,9999,505,99,1.2222145881757034e-10,1.6532949289025826e-10,5.4249541542960656e-11
14,9999,505,100,1.1300711831107908e-10,1.34247837192263e-10,4.426306183952073e-11
14,9999,505,101,8.626657026060582e-11,9.701713952250417e-11,4.145145569005003e-11
14,9999,505,102,4.919893472143514e-11,9.233584609826564e-11,3.3769154135983335e-11
14,9999,505,103,4.154001450095842e-11,8.20390900605417e-11,2.8767416543064098e-11
14,9999,505,104,2.8107664470375864e-11,4.649571162284197e-11,2.6224382562405463e-11
14,9999,505,105,2.581150265027815e-11,3.7962819766083834e-11,2.198644103785197e-11
14,9999,505,106,2.3173339970222572e-11,3.27500458583701e-11,1.3374901898837527e-11
14,9999,505,107,2.057749911298801e-11,3.0861266823364994e-11,1.2158309191084843e-11
14,9999,505,108,1.831942626839314e-11,2.1644417546142432e-11,9.507032541566437e-12
14,9999,505,109,9.959778584093826e-12,1.8432460267055028e-11,8.060477571691144e-12
14,9999,505,110,7.175940991232958e-12,1.365835002591427e-11,7.367712226094064e-12
14,9999,505,111,6.114138307798678e-12,1.3194301199796132e-11,4.108552956291172e-12
14,9999,505,112,5.9308524887031e-12,1.0055825451041549e-11,3.611491778782977e-12
14,9999,505,113,2.710834553678788e-12,7.145435025283887e-12,2.5755953131035532e-12
14,9999,505,114,1.866194385372087e-12,5.395671048861853e-12,2.523480810502775e-12
14,9999,505,115,1.3718527332181854e-12,5.236098153755619e-12,1.1916934707867963e-12
14,9999,505,116,9.22745472647896e-13,2.9835113661518312e-12,9.129967844682407e-13
14,9999,505,117,3.427908801623904e-13,1.9860243854856877e-12,8.006012645893828e-13
14,9999,505,118,2.6966262192713927e-13,1.0321340250031696e-12,5.693048674227096e-13
14,9999,505,119,2.5406852835482116e-13,1.0019039546289024e-12,5.030875713573436e-13
14,9999,505,120,1.4762710163714082e-13,3.73795872929588e-13,1.6844603815038534e-13
14,9999,505,121,8.435935464092522e-14,3.5396217261597746e-13,1.1647503695147322e-13
14,9999,505,122,5.188582476127349e-14,2.988865957687727e-13,1.0413162526839093e-13
14,9999,505,123,3.961533733339746e-14,1.3746750658025198e-13,5.758864733393638e-14
14,9999,505,124,1.4647833177709765e-14,7.254838292855389e-14,2.126634255830565e-14
14,9999,505,125,1.1858665465132864e-14,4.56553628108215e-14,1.3000515285327665e-14
14,9999,505,126,8.86917694763799e-15,2.5350677471227916e-14,2.6467273614759584e-15
14,9999,505,127,9.999999999999987e-16,3.1748590429871747e-15,2.5998833148357885e-15
14,9999,505,128,9.999999999999987e-16,9.99999999999999e-16,9.99999999999999e-16
