N,seed_qsk,seed_nqs,schmidt_index,exact_lambda,rbm_lambda,hrbm_lambda
16,1234,101,1,0.8825458209487629,0.8831863310905248,0.8823434406947425
16,1234,101,2,0.047853307885157646,0.04795126543277189,0.04867396535189253
16,1234,101,3,0.029091037549141524,0.029128493479561316,0.029235099357654882
16,1234,101,4,0.021330951408082097,0.020982616282205786,0.02141837423605708
16,1234,101,5,0.006871909216143172,0.006613383661807824,0.006905090436468431
16,1234,101,6,0.00574307449156189,0.005828728580154796,0.005602928599882684
16,1234,101,7,0.0014936602364168743,0.0014362039754599965,0.0011963596203796107
16,1234,101,8,0.001117768929150518,0.0010402184636414678,0.000900256333304166
16,1234,101,9,0.0007356478332269588,0.0007442438150514824,0.00071870788092955
16,1234,101,10,0.0006622115726716103,0.0005808013308768275,0.0006065556003243454
16,1234,101,11,0.0005324157675242382,0.0004679329944083349,0.000539224306981243
16,1234,101,12,0.0005153464594525107,0.0004554025511097929,0.00047401875841677067
16,1234,101,13,0.00030807320032014265,0.00036066807680423205,0.0003255043853293047
16,1234,101,14,0.00026800408402218864,0.00027186827507328715,0.00023345547951305798
16,1234,101,15,0.0002188601963795404,0.0002274698590531424,0.00019703904672763766
16,1234,101,16,0.00015114839567218486,0.0001591601848973006,0.0001364879725453421
16,1234,101,17,0.0001411282355647843,0.000139952685392899,0.00010983720527164891
16,1234,101,18,9.603751237014616e-05,7.265344470292707e-05,7.99944501387877e-05
16,1234,101,19,5.045369389171185e-05,5.6591226108328635e-05,5.193415581009666e-05
16,1234,101,20,3.879155413995902e-05,4.927845807389011e-05,4.0450012593480363e-05
16,1234,101,21,3.0091287146614053e-05,3.372672091303023e-05,3.2629483883364864e-05
16,1234,101,22,2.6119245500024882e-05,3.216048785574787e-05,2.8068144613734825e-05
16,1234,101,23,2.4340776742798723e-05,2.3730535347585874e-05,2.3236444248385758e-05
16,1234,101,24,1.956903956871366e-05,2.1003617508390215e-05,1.645762192958621e-05
16,1234,101,25,1.7653582687830297e-05,1.7456193590586734e-05,1.5022320749793763e-05
16,1234,101,26,1.7217011852718952e-05,1.73327544528731e-05,1.2084668793316102e-05
16,1234,101,27,1.4604465616461424e-05,1.4700476500370001e-05,1.0970426222212435e-05
16,1234,101,28,1.3841642611670772e-05,1.1282694826588306e-05,9.47331705354116e-06
16,1234,101,29,9.226011368091038e-06,1.0920380139251439e-05,8.801683136557179e-06
16,1234,101,30,8.169651869992179e-06,8.083999676638802e-06,8.117728005790995e-06
16,1234,101,31,8.146765270958807e-06,6.576395713390677e-06,5.7636225204949024e-06
16,1234,101,32,5.505959147006521e-06,5.37644322085357e-06,4.759516777181179e-06
16,1234,101,33,4.3822547940543275e-06,5.211753279903854e-06,4.552300320907162e-06
16,1234,101,34,4.294268818388532e-06,4.199599625601762e-06,4.046647660279488e-06
16,1234,101,35,4.197445327047331e-06,3.805270397841861e-06,3.626854546085963e-06
16,1234,101,36,3.4613433638440434e-06,3.7108966872446607e-06,2.7509404696118686e-06
16,1234,101,37,2.450982680492833e-06,3.1077210964374584e-06,2.48111340708321e-06
16,1234,101,38,2.3095451871569825e-06,2.5773319946997632e-06,1.8378207869558487e-06
16,1234,101,39,2.113958063081727e-06,2.532673785856628e-06,1.803048465176573e-06
16,1234,101,40,2.0045924772039494e-06,1.9976761408705587e-06,1.5838018785220235e-06
16,1234,101,41,1.7646265495123476e-06,1.934632696101122e-06,1.4235041369035599e-06
16,1234,101,42,1.4393989272342166e-06,1.7454550419295637e-06,1.239882675429334e-06
16,1234,101,43,1.2325617677249727e-06,1.5557673611687642e-06,1.1470889248322737e-06
16,1234,101,44,1.1447596021938677e-06,1.3381359742447417e-06,1.0754938946495974e-06
16,1234,101,45,1.0015627961275632e-06,1.096001138933673e-06,9.26307727209838e-07
16,1234,101,46,9.318220998032516e-07,9.386052525234041e-07,7.805778166782382e-07
16,1234,101,47,8.627749408141679e-07,8.501644591957351e-07,7.570790248266048e-07
16,1234,101,48,7.988531666183804e-07,8.242016116852265e-07,6.181910230967027e-07
16,1234,101,49,6.958817141349982e-07,7.421029181809311e-07,5.089159922147687e-07
16,1234,101,50,4.714900981700258e-07,6.93405898160098e-07,4.957510242381453e-07
16,1234,101,51,4.620814208100144e-07,6.422107702108782e-07,4.867489239796402e-07
16,1234,101,52,3.3325669505872907e-07,5.30068050821341e-07,3.792986577676038e-07
16,1234,101,53,3.2767152377422924e-07,4.865316286117977e-07,3.7094565406263346e-07
16,1234,101,54,3.097706384596835e-07,4.0022105518543196e-07,3.174901014781993e-07
16,1234,101,55,2.89170697048571e-07,3.080503964557051e-07,2.623715305244428e-07
16,1234,101,56,2.622492486076534e-07,2.9026251391983084e-07,2.428056010741023e-07
16,1234,101,57,2.288150670760097e-07,2.7102721361997953e-07,2.1700175420735312e-07
16,1234,101,58,2.0886396679893288e-07,2.388529826756292e-07,2.0374452443388778e-07
16,1234,101,59,2.018467202442059e-07,2.1877619650071945e-07,1.787087429551236e-07
16,1234,101,60,1.907455982449088e-07,2.0310164591074457e-07,1.4552919408975108e-07
16,1234,101,61,1.5725752361033124e-07,1.715915343097856e-07,1.276009544277777e-07
16,1234,101,62,1.2883923093133906e-07,1.5337323770698713e-07,1.0684305859184794e-07
16,1234,101,63,1.2730870040787457e-07,1.419188513905759e-07,1.052121599500197e-07
16,1234,101,64,1.131153315497495e-07,1.2725846942820617e-07,9.54079896616858e-08
16,1234,101,65,9.452535807804925e-08,1.004709752396791e-07,8.54781578818891e-08
16,1234,101,66,8.145420289772293e-08,9.503913707644629e-08,7.894017257038142e-08
16,1234,101,67,7.970215298006015e-08,9.348346457363418e-08,7.746803489857712e-08
16,1234,101,68,6.30965133302488e-08,8.683563610983872e-08,6.328216138238134e-08
16,1234,101,69,5.380921418660808e-08,8.04152379048991e-08,6.197811230276044e-08
16,1234,101,70,4.817826504348325e-08,7.206886727696741e-08,5.590820933143933e-08
16,1234,101,71,4.620212673209864e-08,6.667938505051203e-08,5.236202219063143e-08
16,1234,101,72,4.2092333438674354e-08,5.323099542458113e-08,4.52295038678815e-08
16,1234,101,73,3.792220816120411e-08,5.26397783560609e-08,4.2016844470078684e-08
16,1234,101,74,2.939848135615956e-08,4.814307974075965e-08,3.875373956656734e-08
16,1234,101,75,2.79907640532355e-08,4.2209178897544667e-08,3.499080736539994e-08
16,1234,101,76,2.7109644866098688e-08,4.0703796765998906e-08,2.9706775043739865e-08
16,1234,101,77,2.5545233181082372e-08,3.796789241905124e-08,2.67579363383682e-08
16,1234,101,78,2.545780393995265e-08,3.684270181546703e-08,2.4148342491372795e-08
16,1234,101,79,2.48388478971759e-08,3.595313077967977e-08,2.3609027092624272e-08
16,1234,101,80,2.0816505092118987e-08,3.0770787548342144e-08,1.980377082435161e-08
16,1234,101,81,1.9751762958316666e-08,2.897909054280163e-08,1.8897170752680007e-08
16,1234,101,82,1.775039428362393e-08,2.8591332282698498e-08,1.745320322514492e-08
16,1234,101,83,1.756916544659457e-08,2.563977648403954e-08,1.6578332949862298e-08
16,1234,101,84,1.496125149462214e-08,2.2329161896344124e-08,1.4859558263728824e-08
16,1234,101,85,1.397928467528628e-08,2.020341338849509e-08,1.3265612337464345e-08
16,1234,101,86,1.3451140545010359e-08,1.9118553375557895e-08,1.2861088537453433e-08
16,1234,101,87,1.3353395517799662e-08,1.8686829367763857e-08,1.1087232043944463e-08
16,1234,101,88,9.737238837197293e-09,1.584998105435492e-08,9.734372583079985e-09
16,1234,101,89,8.310308330058758e-09,1.5557732199195812e-08,9.137063534970883e-09
16,1234,101,90,8.10038867949748e-09,1.3924176485794344e-08,8.40944798463189e-09
16,1234,101,91,7.91552838725787e-09,1.2145525407229963e-08,7.900521681073807e-09
16,1234,101,92,7.432264996536714e-09,1.1496837989509853e-08,7.028977500898405e-09
16,1234,101,93,6.889077093245243e-09,1.0836031136108813e-08,6.551275337983999e-09
16,1234,101,94,6.503280211157663e-09,9.93961166802094e-09,6.353528718533587e-09
16,1234,101,95,5.736675581570921e-09,9.590293621378946e-09,6.096402729776622e-09
16,1234,101,96,5.269011334396962e-09,9.140451456024087e-09,5.459392435338614e-09
16,1234,101,97,5.110527531601669e-09,7.541968637745661e-09,4.908882703772585e-09
16,1234,101,98,4.458978964661031e-09,6.9589855212168866e-09,4.757728439057388e-09
16,1234,101,99,4.415934050366703e-09,6.748685244829863e-09,4.3005882773983835e-09
16,1234,101,100,4.080432955478975e-09,5.9455305659716185e-09,4.020779727038152e-09
16,1234,101,101,3.947824068534947e-09,5.844581853577174e-09,3.75881395624374e-09
16,1234,101,102,3.716814628653541e-09,5.487717673840343e-09,3.6797606654631666e-09
16,1234,101,103,3.0339715341378647e-09,4.886636158968053e-09,3.0154633076823556e-09
16,1234,101,104,2.6689982334107237e-09,4.322813208588698e-09,2.838023947994022e-09
16,1234,101,105,2.4942306948860797e-09,4.055567134908978e-09,2.4901311951592306e-09
16,1234,101,106,2.342901259716207e-09,3.822614417754903e-09,2.2200504565353106e-09
16,1234,101,107,2.064929432417663e-09,3.4509438625268646e-09,2.149849978347903e-09
16,1234,101,108,1.9390830233247347e-09,2.8191696738997023e-09,2.0376265785219736e-09
16,1234,101,109,1.8123809174978685e-09,2.7788543193542875e-09,1.851026243124202e-09
16,1234,101,110,1.7265250770264582e-09,2.3820478154075303e-09,1.8204518511935946e-09
16,1234,101,111,1.565768492621552e-09,2.1143072477427e-09,1.7078078435188803e-09
16,1234,101,112,1.244798484228094e-09,1.9967425053219343e-09,1.4379978537641467e-09
16,1234,101,113,1.2324485895700619e-09,1.9499511564836487e-09,1.3979447475778105e-09
16,1234,101,114,1.1448719935268684e-09,1.7501420825243986e-09,1.2782432959238367e-09
16,1234,101,115,1.0009502208783549e-09,1.5145458532203182e-09,1.2267290511124267e-09
16,1234,101,116,9.992045657876482e-10,1.4809458775390423e-09,1.1111654761831466e-09
16,1234,101,117,9.225442807652034e-10,1.3475660233995262e-09,1.0728371301100405e-09
16,1234,101,118,8.312403223775049e-10,1.3345184279041517e-09,1.006390056278186e-09
16,1234,101,119,8.041503584209024e-10,1.2016369370515704e-09,8.315993303485417e-10
16,1234,101,120,6.96639670934019e-10,1.0270204861994187e-09,8.050456504629736e-10
16,1234,101,121,6.299398471040173e-10,1.0202977292557603e-09,7.537395346176902e-10
16,1234,101,122,5.429782143297968e-10,9.508246320515229e-10,6.620311867870909e-10
16,1234,101,123,5.060136733619841e-10,7.736580577216034e-10,5.627413551756165e-10
16,1234,101,124,4.5293818386166854e-10,7.37794075284579e-10,5.292478998418451e-10
16,1234,101,125,3.8220815358630405e-10,6.959416187877915e-10,4.560809797907445e-10
16,1234,101,126,3.116323075763791e-10,6.15305243508027e-10,4.0788069260522996e-10
16,1234,101,127,3.042609443887765e-10,6.021286494403223e-10,3.998201692072299e-10
16,1234,101,128,2.840160294752386e-10,5.456945037348591e-10,3.402296809564496e-10
16,1234,101,129,2.7337198147284894e-10,4.4740760573672814e-10,3.2638470548194767e-10
16,1234,101,130,2.592006841113262e-10,4.4368617851003165e-10,2.960111979011626e-10
16,1234,101,131,2.2976368319711782e-10,4.375025809981638e-10,2.5782244081095e-10
16,1234,101,132,2.0852250697596084e-10,4.1177341103018124e-10,2.5444525289952367e-10
16,1234,101,133,2.0193409413856352e-10,3.752116289736351e-10,2.301971498802084e-10
16,1234,101,134,2.0018696320238222e-10,3.582405400592725e-10,2.2273613854066185e-10
16,1234,101,135,1.9643058666715275e-10,3.0518090924726414e-10,2.0687508033934815e-10
16,1234,101,136,1.8202693836462245e-10,2.992423563835539e-10,1.870429262965536e-10
16,1234,101,137,1.5832504002358893e-10,2.876340905579766e-10,1.6599355693290962e-10
16,1234,101,138,1.37993580484264e-10,2.5351461498984e-10,1.5993193138437816e-10
16,1234,101,139,1.335489612467696e-10,2.2087975236189635e-10,1.5078971555639826e-10
16,1234,101,140,1.2445016709507642e-10,2.1355724233562647e-10,1.3471324788919622e-10
16,1234,101,141,1.224308624231484e-10,2.0619747466856007e-10,1.2230511409075104e-10
16,1234,101,142,1.1203418212945467e-10,1.8589237812504862e-10,1.197877728259575e-10
16,1234,101,143,9.861050158272714e-11,1.7876265386373922e-10,1.1165522839941293e-10
16,1234,101,144,9.277279014613912e-11,1.507319161686586e-10,9.805819339733705e-11
16,1234,101,145,9.06135410183767e-11,1.4654681134895245e-10,9.287373849597804e-11
16,1234,101,146,7.087569517366446e-11,1.4641107592945552e-10,7.475492794968815e-11
16,1234,101,147,6.796042803736556e-11,1.2999692286107515e-10,7.300878857588849e-11
16,1234,101,148,6.606669168933498e-11,1.2567596885494118e-10,7.184708690485751e-11
16,1234,101,149,5.861148224987309e-11,1.0808049560244001e-10,6.381810091324628e-11
16,1234,101,150,5.151847158866132e-11,9.693244831118283e-11,5.875348154752867e-11
16,1234,101,151,5.1102608990107376e-11,9.197461624005966e-11,5.602267857360222e-11
16,1234,101,152,4.4061791883056244e-11,8.120292891569871e-11,5.129109863959357e-11
16,1234,101,153,4.374419598196649e-11,7.007968077054327e-11,4.8405137527045244e-11
16,1234,101,154,3.961131290765567e-11,6.50345856353477e-11,4.624298222288129e-11
16,1234,101,155,3.774285340421495e-11,6.003755660784024e-11,4.075961806449116e-11
16,1234,101,156,3.7432507798994427e-11,5.876845083372773e-11,3.7205657291306575e-11
16,1234,101,157,3.4024289531510535e-11,5.7370367244779406e-11,3.331911805509392e-11
16,1234,101,158,3.357543864408872e-11,5.4622266826389515e-11,3.086957642671639e-11
16,1234,101,159,2.764788586672645e-11,4.553009723685377e-11,3.0012863417712587e-11
16,1234,101,160,2.3594916332352475e-11,3.849137030396941e-11,2.7069687260893783e-11
16,1234,101,161,2.0857674025539138e-11,3.6512504160608745e-11,2.4760858173862102e-11
16,1234,101,162,2.0536878178534394e-11,3.4632506851506586e-11,2.3613062972692907e-11
16,1234,101,163,1.926262622965354e-11,3.397728406059933e-11,1.9914323159198483e-11
16,1234,101,164,1.8112924204811084e-11,2.9870221633337616e-11,1.858767117535884e-11
16,1234,101,165,1.5904653038050117e-11,2.7416675898510207e-11,1.70613621214707e-11
16,1234,101,166,1.569627674126727e-11,2.5537633712402304e-11,1.459899530834455e-11
16,1234,101,167,1.5290056801125754e-11,2.4233863833430247e-11,1.4143542286231466e-11
16,1234,101,168,1.2067787742168769e-11,2.208698079589946e-11,1.3242482249758028e-11
16,1234,101,169,8.536047538412327e-12,1.923259116797485e-11,1.2056209032033845e-11
16,1234,101,170,8.517214014962634e-12,1.6148981621083943e-11,1.0873256849709021e-11
16,1234,101,171,8.085255314184024e-12,1.4192226671103406e-11,1.0241548924048157e-11
16,1234,101,172,7.549325917341788e-12,1.3004519069571478e-11,9.78605881778214e-12
16,1234,101,173,7.31438291855678e-12,1.2756804621388684e-11,8.458230004825345e-12
16,1234,101,174,7.178192631928697e-12,1.2094456333970846e-11,8.120121369211629e-12
16,1234,101,175,6.283117360700651e-12,1.2002554715435769e-11,7.140147519063312e-12
16,1234,101,176,5.672936039378414e-12,1.1126597047448316e-11,6.549633260648027e-12
16,1234,101,177,4.945287374508576e-12,9.803632969971114e-12,5.697933928169611e-12
16,1234,101,178,4.269734296011313e-12,8.946997774605958e-12,5.513334826838465e-12
16,1234,101,179,3.810233018372898e-12,8.727575441733607e-12,5.167236114103036e-12
16,1234,101,180,3.417495380404449e-12,7.529888360946288e-12,4.344900568161588e-12
16,1234,101,181,3.2139742794266004e-12,6.564201066365166e-12,3.7597993457857376e-12
16,1234,101,182,3.0769911505311263e-12,6.058840433406712e-12,3.688285211851745e-12
16,1234,101,183,2.847271654809395e-12,5.745504445400274e-12,3.4402389425249284e-12
16,1234,101,184,2.406270726697248e-12,5.339069373567786e-12,3.245254919023373e-12
16,1234,101,185,2.250392402044746e-12,5.228051791015621e-12,2.9487740437368765e-12
16,1234,101,186,1.99748103167563e-12,4.692902120973863e-12,2.510986461364308e-12
16,1234,101,187,1.8292717849637166e-12,3.5030556993345822e-12,2.444803684545291e-12
16,1234,101,188,1.7988094650359913e-12,3.233921779544603e-12,2.2493274123965966e-12
16,1234,101,189,1.6320101003868114e-12,3.0214450102258783e-12,2.0130747629371564e-12
16,1234,101,190,1.2254004557787783e-12,3.013144308988764e-12,1.7454468912174458e-12
16,1234,101,191,1.203204243937598e-12,2.7096693222465845e-12,1.57747077069681e-12
16,1234,101,192,1.1670582993866006e-12,2.246726710459029e-12,1.548780907765123e-12
16,1234,101,193,9.321116899824176e-13,2.1035435281579685e-12,1.4093767512499228e-12
16,1234,101,194,7.38437597133863e-13,1.833776352152755e-12,1.2832033862552434e-12
16,1234,101,195,6.549695071382668e-13,1.5615482467195656e-12,1.1835051695077935e-12
16,1234,101,196,6.529616393268932e-13,1.5160192691462785e-12,1.0714161302259735e-12
16,1234,101,197,6.054129642905482e-13,1.4820532643566184e-12,9.610500328964142e-13
16,1234,101,198,5.937183002704223e-13,1.3451925198529439e-12,8.164583843899309e-13
16,1234,101,199,5.41978659974604e-13,1.2667058620957662e-12,7.369191141551362e-13
16,1234,101,200,4.520926741398102e-13,1.1902627420943453e-12,6.008426919876464e-13
16,1234,101,201,4.1721872816710557e-13,9.019849761911831e-13,5.412474554913723e-13
16,1234,101,202,3.3645977261539423e-13,8.859871111171255e-13,4.951538455376056e-13
16,1234,101,203,3.055999209005048e-13,7.5133179136984e-13,4.3906427848355906e-13
16,1234,101,204,2.54689833339043e-13,7.379100525543231e-13,3.923041707733226e-13
16,1234,101,205,2.4862165384553737e-13,7.096523031115659e-13,3.7027562779569024e-13
16,1234,101,206,2.083198044298796e-13,5.911357452391244e-13,3.4763091755671586e-13
16,1234,101,207,1.7674562822193498e-13,4.982012491909747e-13,2.8081060442030227e-13
16,1234,101,208,1.717016699527251e-13,4.798098422093818e-13,2.588156208477452e-13
16,1234,101,209,1.5502736008485883e-13,4.2464312994700024e-13,2.1399315800255102e-13
16,1234,101,210,1.494512953718559e-13,3.63365286723778e-13,1.969279906203284e-13
16,1234,101,211,1.477747790793649e-13,3.324964464678531e-13,1.8259466252723413e-13
16,1234,101,212,1.2041089621718682e-13,2.911944875682162e-13,1.4602718659137577e-13
16,1234,101,213,8.066093129445567e-14,2.8279204600260725e-13,1.2664025205144717e-13
16,1234,101,214,7.89335998119232e-14,2.3903711130700104e-13,1.1678242850827704e-13
16,1234,101,215,5.784113301122442e-14,1.9439421268440769e-13,9.898536181771543e-14
16,1234,101,216,5.231385725338233e-14,1.8387669024675152e-13,8.218783900715752e-14
16,1234,101,217,4.6686800323373204e-14,1.4399744782381348e-13,7.024287588922656e-14
16,1234,101,218,4.6628418158151926e-14,1.4384965969221921e-13,6.050796688050635e-14
16,1234,101,219,4.028695430384832e-14,1.367065740133858e-13,5.2085488713539084e-14
16,1234,101,220,3.872574474749516e-14,1.3294238077208688e-13,5.0108387270950605e-14
16,1234,101,221,3.142586476499401e-14,9.040087835507906e-14,4.457832516605295e-14
16,1234,101,222,2.948515236505152e-14,8.854111575256775e-14,4.28230216448727e-14
16,1234,101,223,2.516957704234322e-14,6.074870273747815e-14,3.523157486613745e-14
16,1234,101,224,2.0306511056880674e-14,5.1577168135043917e-14,3.1265297461354834e-14
16,1234,101,225,1.877421575182038e-14,4.810676521784754e-14,2.5096796683027996e-14
16,1234,101,226,1.262829160013072e-14,3.92238217892781e-14,2.350611083496821e-14
16,1234,101,227,1.2619255167834533e-14,3.3364930804164294e-14,2.18578533483612e-14
16,1234,101,228,1.0438037636276158e-14,3.258656290586886e-14,1.8450489188812166e-14
16,1234,101,229,6.937893525066503e-15,2.4516987848861908e-14,1.535790883972574e-14
16,1234,101,230,6.277935188393842e-15,1.9841333783882565e-14,1.4542015783521564e-14
16,1234,101,231,5.934476140794221e-15,1.7771331440850038e-14,1.0325168289259893e-14
16,1234,101,232,5.7505904254415445e-15,1.5510723186203066e-14,9.906495215940215e-15
16,1234,101,233,4.471631751986074e-15,1.4169890447739507e-14,7.451731466048354e-15
16,1234,101,234,2.789109685996704e-15,1.2450564253587409e-14,5.162512072843207e-15
16,1234,101,235,2.5060083147144065e-15,8.760808144983876e-15,5.153566010508561e-15
16,1234,101,236,1.7139952896131228e-15,6.9604535411759375e-15,4.582375035319526e-15
16,1234,101,237,1.4006623317600924e-15,6.87835149853426e-15,3.4285299845681217e-15
16,1234,101,238,1.3537336853144922e-15,4.424113752833323e-15,2.4111323328187844e-15
16,1234,101,239,1.2576277544231882e-15,3.3982520354349834e-15,2.334995072445041e-15
16,1234,101,240,9.999999999999873e-16,2.9551047390336826e-15,1.435257989197905e-15
16,1234,101,241,9.999999999999873e-16,2.5311897278201214e-15,1.1552669436829163e-15
16,1234,101,242,9.999999999999873e-16,1.17935222720635e-15,9.999999999999884e-16
16,1234,101,243,9.999999999999873e-16,1.0660196550824728e-15,9.999999999999884e-16
16,1234,101,244,9.999999999999873e-16,1.0252675769450766e-15,9.999999999999884e-16
16,1234,101,245,9.999999999999873e-16,9.999999999999914e-16,9.999999999999884e-16
16,1234,101,246,9.999999999999873e-16,9.999999999999914e-16,9.999999999999884e-16
16,1234,101,247,9.999999999999873e-16,9.999999999999914e-16,9.999999999999884e-16
16,1234,101,248,9.999999999999873e-16,9.999999999999914e-16,9.999999999999884e-16
16,1234,101,249,9.999999999999873e-16,9.999999999999914e-16,9.999999999999884e-16
16,1234,101,250,9.999999999999873e-16,9.999999999999914e-16,9.999999999999884e-16
16,1234,101,251,9.999999999999873e-16,9.999999999999914e-16,9.999999999999884e-16
16,1234,101,252,9.999999999999873e-16,9.999999999999914e-16,9.999999999999884e-16
16,1234,101,253,9.999999999999873e-16,9.999999999999914e-16,9.999999999999884e-16
16,1234,101,254,9.999999999999873e-16,9.999999999999914e-16,9.999999999999884e-16
16,1234,101,255,9.999999999999873e-16,9.999999999999914e-16,9.999999999999884e-16
16,1234,101,256,9.999999999999873e-16,9.999999999999914e-16,9.999999999999884e-16
16,1234,202,1,0.8825458209487629,0.8829902179953243,0.8825590418445057
16,1234,202,2,0.047853307885157646,0.048430880441249234,0.04835250522615952
16,1234,202,3,0.029091037549141524,0.030076639030534216,0.029272329110300453
16,1234,202,4,0.021330951408082097,0.020053631991278496,0.021206084511944865
16,1234,202,5,0.006871909216143172,0.0065831055211148974,0.006750571013755282
16,1234,202,6,0.00574307449156189,0.005717218745533381,0.005766527575896507
16,1234,202,7,0.0014936602364168743,0.0012839702735952612,0.0013355010218430437
16,1234,202,8,0.001117768929150518,0.001057374381105734,0.0010426639472418708
16,1234,202,9,0.0007356478332269588,0.0007679956992590919,0.000740387564909747
16,1234,202,10,0.0006622115726716103,0.0006553868567551775,0.0005729786985472963
16,1234,202,11,0.0005324157675242382,0.000529645807925875,0.0005286252927121863
16,1234,202,12,0.0005153464594525107,0.00044642060631774276,0.0005080091103040297
16,1234,202,13,0.00030807320032014265,0.000267158736585315,0.00029376953449029196
16,1234,202,14,0.00026800408402218864,0.00025226599643991094,0.00021167961426490583
16,1234,202,15,0.0002188601963795404,0.0001750808989968328,0.0001989752804455732
16,1234,202,16,0.00015114839567218486,0.0001554785643645193,0.00013268553505814043
16,1234,202,17,0.0001411282355647843,0.00011433550154491078,0.00010992527403837888
16,1234,202,18,9.603751237014616e-05,8.379518209641148e-05,9.48290593308806e-05
16,1234,202,19,5.045369389171185e-05,6.072408736841535e-05,6.213547358022408e-05
16,1234,202,20,3.879155413995902e-05,5.596525085740507e-05,4.3531499946443565e-05
16,1234,202,21,3.0091287146614053e-05,4.5607598509522046e-05,3.35317002804247e-05
16,1234,202,22,2.6119245500024882e-05,3.6521976392338554e-05,2.3798994560253552e-05
16,1234,202,23,2.4340776742798723e-05,2.0766616454469262e-05,2.0997902760246175e-05
16,1234,202,24,1.956903956871366e-05,1.7737539701204405e-05,1.9812060393209303e-05
16,1234,202,25,1.7653582687830297e-05,1.7055703858475605e-05,1.6430268369340633e-05
16,1234,202,26,1.7217011852718952e-05,1.5074671784648673e-05,1.3911281361924644e-05
16,1234,202,27,1.4604465616461424e-05,1.2063758922071914e-05,1.3776206852699947e-05
16,1234,202,28,1.3841642611670772e-05,1.1156443563020228e-05,1.1157263076003913e-05
16,1234,202,29,9.226011368091038e-06,8.605560462279713e-06,1.0051425531070417e-05
16,1234,202,30,8.169651869992179e-06,7.537752979040301e-06,7.673855568672733e-06
16,1234,202,31,8.146765270958807e-06,6.029071015724746e-06,6.5883571978183405e-06
16,1234,202,32,5.505959147006521e-06,4.866583767775955e-06,5.741460739905841e-06
16,1234,202,33,4.3822547940543275e-06,4.711173633400708e-06,4.5720293759135165e-06
16,1234,202,34,4.294268818388532e-06,4.158085479657184e-06,3.3917891669004707e-06
16,1234,202,35,4.197445327047331e-06,3.5388066577609657e-06,3.2908275266049306e-06
16,1234,202,36,3.4613433638440434e-06,3.1586727829404726e-06,2.291236992644443e-06
16,1234,202,37,2.450982680492833e-06,2.441175808423697e-06,2.2640997690433003e-06
16,1234,202,38,2.3095451871569825e-06,2.259331745425023e-06,1.9993169087517023e-06
16,1234,202,39,2.113958063081727e-06,2.1457576052451187e-06,1.7932802486320968e-06
16,1234,202,40,2.0045924772039494e-06,1.8017325174908178e-06,1.511632100893986e-06
16,1234,202,41,1.7646265495123476e-06,1.6634961921253964e-06,1.2777442445992826e-06
16,1234,202,42,1.4393989272342166e-06,1.4675119199185294e-06,1.1409123269457002e-06
16,1234,202,43,1.2325617677249727e-06,1.3072713503808108e-06,1.0801338240879078e-06
16,1234,202,44,1.1447596021938677e-06,1.18505365746973e-06,1.0683001387278945e-06
16,1234,202,45,1.0015627961275632e-06,1.12847305548104e-06,8.818718208748698e-07
16,1234,202,46,9.318220998032516e-07,8.546533903329968e-07,7.229360965093318e-07
16,1234,202,47,8.627749408141679e-07,8.374323780601609e-07,6.429118240839904e-07
16,1234,202,48,7.988531666183804e-07,7.67857767689126e-07,5.938870113289133e-07
16,1234,202,49,6.958817141349982e-07,6.091879888786731e-07,5.729238051780625e-07
16,1234,202,50,4.714900981700258e-07,5.439590797157503e-07,4.565276291313284e-07
16,1234,202,51,4.620814208100144e-07,5.317297709143348e-07,3.8356691369686005e-07
16,1234,202,52,3.3325669505872907e-07,4.384887189321308e-07,3.7302736290079763e-07
16,1234,202,53,3.2767152377422924e-07,4.1502630249729247e-07,3.633005743593437e-07
16,1234,202,54,3.097706384596835e-07,3.723012909527364e-07,3.025499824029154e-07
16,1234,202,55,2.89170697048571e-07,3.529464445531066e-07,2.919748369065823e-07
16,1234,202,56,2.622492486076534e-07,2.6819301262194087e-07,2.7810953764645926e-07
16,1234,202,57,2.288150670760097e-07,2.5776710468214246e-07,2.1720779771845943e-07
16,1234,202,58,2.0886396679893288e-07,2.3956617617652137e-07,1.96009215700949e-07
16,1234,202,59,2.018467202442059e-07,1.9939689902643892e-07,1.7738134708948012e-07
16,1234,202,60,1.907455982449088e-07,1.8031171420495937e-07,1.447467641321052e-07
16,1234,202,61,1.5725752361033124e-07,1.6812750556973515e-07,1.3553937173852956e-07
16,1234,202,62,1.2883923093133906e-07,1.5060274090357454e-07,1.2866488699327817e-07
16,1234,202,63,1.2730870040787457e-07,1.238910772990064e-07,1.1740580603895729e-07
16,1234,202,64,1.131153315497495e-07,1.1378345337983198e-07,9.900126634541534e-08
16,1234,202,65,9.452535807804925e-08,1.0716851577092082e-07,9.624436019364605e-08
16,1234,202,66,8.145420289772293e-08,1.0336517424115706e-07,8.66969090577257e-08
16,1234,202,67,7.970215298006015e-08,9.547588694992294e-08,7.38588511751617e-08
16,1234,202,68,6.30965133302488e-08,8.995181419649736e-08,6.854826853146483e-08
16,1234,202,69,5.380921418660808e-08,7.575343808361327e-08,5.885169331699882e-08
16,1234,202,70,4.817826504348325e-08,6.557690229450465e-08,5.710075274859114e-08
16,1234,202,71,4.620212673209864e-08,6.502009452984197e-08,4.861281595336245e-08
16,1234,202,72,4.2092333438674354e-08,5.8205655907437525e-08,4.24228883783099e-08
16,1234,202,73,3.792220816120411e-08,5.1469108405540427e-08,4.204157704990141e-08
16,1234,202,74,2.939848135615956e-08,4.509034017613268e-08,3.61079778427999e-08
16,1234,202,75,2.79907640532355e-08,4.468285667998357e-08,3.4945123356664804e-08
16,1234,202,76,2.7109644866098688e-08,3.6410367571231e-08,2.9031891208320808e-08
16,1234,202,77,2.5545233181082372e-08,3.5395618020587075e-08,2.8273715224696805e-08
16,1234,202,78,2.545780393995265e-08,3.4408488477441585e-08,2.59435246381215e-08
16,1234,202,79,2.48388478971759e-08,2.9938544202907445e-08,2.1882760933955198e-08
16,1234,202,80,2.0816505092118987e-08,2.9237420903638267e-08,1.9936106139301554e-08
16,1234,202,81,1.9751762958316666e-08,2.6949710536849356e-08,1.9515178640984662e-08
16,1234,202,82,1.775039428362393e-08,2.5397296678380205e-08,1.8140007782424342e-08
16,1234,202,83,1.756916544659457e-08,2.2664278932421273e-08,1.607398183505341e-08
16,1234,202,84,1.496125149462214e-08,2.0390425213124232e-08,1.3913431649821977e-08
16,1234,202,85,1.397928467528628e-08,1.9002283066107885e-08,1.3632019001262817e-08
16,1234,202,86,1.3451140545010359e-08,1.7892186316752257e-08,1.3271216380240547e-08
16,1234,202,87,1.3353395517799662e-08,1.6070322383501275e-08,1.1937523781746468e-08
16,1234,202,88,9.737238837197293e-09,1.4295742686299995e-08,1.0454776447316566e-08
16,1234,202,89,8.310308330058758e-09,1.2384145107993083e-08,9.596989043730034e-09
16,1234,202,90,8.10038867949748e-09,1.081352469965298e-08,9.012549183919681e-09
16,1234,202,91,7.91552838725787e-09,1.0674424146242731e-08,8.020864038207582e-09
16,1234,202,92,7.432264996536714e-09,9.52454251012727e-09,7.3854631384059446e-09
16,1234,202,93,6.889077093245243e-09,9.389887139058152e-09,6.725499776715899e-09
16,1234,202,94,6.503280211157663e-09,8.377352007758454e-09,5.671651011388386e-09
16,1234,202,95,5.736675581570921e-09,8.15394126388286e-09,5.615415364711282e-09
16,1234,202,96,5.269011334396962e-09,7.305853831721647e-09,5.3426119073605755e-09
16,1234,202,97,5.110527531601669e-09,6.429378442162061e-09,5.183938824487799e-09
16,1234,202,98,4.458978964661031e-09,5.882283367987782e-09,5.065920456698081e-09
16,1234,202,99,4.415934050366703e-09,5.57325808060138e-09,4.21591354666239e-09
16,1234,202,100,4.080432955478975e-09,5.3051475416897664e-09,3.931710569249801e-09
16,1234,202,101,3.947824068534947e-09,5.17859259226492e-09,3.660588860170372e-09
16,1234,202,102,3.716814628653541e-09,4.332380345388941e-09,3.576656010417029e-09
16,1234,202,103,3.0339715341378647e-09,4.097614755196068e-09,3.219317018155856e-09
16,1234,202,104,2.6689982334107237e-09,3.876628443632865e-09,3.0338283411142484e-09
16,1234,202,105,2.4942306948860797e-09,3.4930001104436444e-09,2.8141217771626277e-09
16,1234,202,106,2.342901259716207e-09,3.1171676815234135e-09,2.612553082492116e-09
16,1234,202,107,2.064929432417663e-09,2.958823795229561e-09,2.541336673052019e-09
16,1234,202,108,1.9390830233247347e-09,2.9117785299327638e-09,2.155312551579337e-09
16,1234,202,109,1.8123809174978685e-09,2.737471954844942e-09,2.124819947726632e-09
16,1234,202,110,1.7265250770264582e-09,2.5535265568751006e-09,2.0852704121736865e-09
16,1234,202,111,1.565768492621552e-09,2.341351847723989e-09,1.6693979511545462e-09
16,1234,202,112,1.244798484228094e-09,2.246993268705332e-09,1.5966229058516238e-09
16,1234,202,113,1.2324485895700619e-09,1.8443315443563796e-09,1.3769689661007736e-09
16,1234,202,114,1.1448719935268684e-09,1.7210764509409623e-09,1.3587018740608717e-09
16,1234,202,115,1.0009502208783549e-09,1.6600372137735065e-09,1.2456596073058503e-09
16,1234,202,116,9.992045657876482e-10,1.586000612171806e-09,1.205914994856424e-09
16,1234,202,117,9.225442807652034e-10,1.462259642740931e-09,9.446212868342189e-10
16,1234,202,118,8.312403223775049e-10,1.4224708408543595e-09,9.242388668063156e-10
16,1234,202,119,8.041503584209024e-10,1.290100801108411e-09,8.496524175162316e-10
16,1234,202,120,6.96639670934019e-10,9.582654736444603e-10,7.706815779924913e-10
16,1234,202,121,6.299398471040173e-10,8.962775922478625e-10,7.328888434838643e-10
16,1234,202,122,5.429782143297968e-10,8.85513173806369e-10,7.175139512477233e-10
16,1234,202,123,5.060136733619841e-10,8.517184222926688e-10,5.777195644334004e-10
16,1234,202,124,4.5293818386166854e-10,7.686236920217039e-10,5.694733132273467e-10
16,1234,202,125,3.8220815358630405e-10,6.993349591250216e-10,5.552005432936093e-10
16,1234,202,126,3.116323075763791e-10,6.554236358648295e-10,4.909278198595932e-10
16,1234,202,127,3.042609443887765e-10,5.682122740882903e-10,4.6234703984696596e-10
16,1234,202,128,2.840160294752386e-10,5.194680875609769e-10,4.0845133262652887e-10
16,1234,202,129,2.7337198147284894e-10,4.729983835245818e-10,3.6659816840478883e-10
16,1234,202,130,2.592006841113262e-10,4.644223783001792e-10,3.2986739461855414e-10
16,1234,202,131,2.2976368319711782e-10,4.3191613646280273e-10,3.0605337431623967e-10
16,1234,202,132,2.0852250697596084e-10,3.949951210291477e-10,3.001638772706825e-10
16,1234,202,133,2.0193409413856352e-10,3.7291908768293886e-10,2.7439113631275953e-10
16,1234,202,134,2.0018696320238222e-10,3.0665765965778987e-10,2.4005366711040394e-10
16,1234,202,135,1.9643058666715275e-10,2.7936525464405503e-10,2.3107211102777398e-10
16,1234,202,136,1.8202693836462245e-10,2.691126122803231e-10,1.999224892414132e-10
16,1234,202,137,1.5832504002358893e-10,2.464315493174391e-10,1.886253306819801e-10
16,1234,202,138,1.37993580484264e-10,2.442476958028451e-10,1.788683991494188e-10
16,1234,202,139,1.335489612467696e-10,2.192697842300932e-10,1.6440930587123257e-10
16,1234,202,140,1.2445016709507642e-10,2.134807980142893e-10,1.6095176682523327e-10
16,1234,202,141,1.224308624231484e-10,1.6702144820572705e-10,1.473387341928397e-10
16,1234,202,142,1.1203418212945467e-10,1.5811918908470007e-10,1.3327335944648224e-10
16,1234,202,143,9.861050158272714e-11,1.5513400005174753e-10,1.1490497870852321e-10
16,1234,202,144,9.277279014613912e-11,1.403101559248471e-10,1.0840049279821839e-10
16,1234,202,145,9.06135410183767e-11,1.3356788399054355e-10,1.0261005688780291e-10
16,1234,202,146,7.087569517366446e-11,1.1049333750203078e-10,9.073758256526217e-11
16,1234,202,147,6.796042803736556e-11,1.0813495962508662e-10,8.170808989321647e-11
16,1234,202,148,6.606669168933498e-11,1.0097654523691171e-10,7.955088963458898e-11
16,1234,202,149,5.861148224987309e-11,8.49994384218488e-11,7.128603525569128e-11
16,1234,202,150,5.151847158866132e-11,8.184600089307989e-11,6.501209322444004e-11
16,1234,202,151,5.1102608990107376e-11,7.651041444197484e-11,6.245742519964475e-11
16,1234,202,152,4.4061791883056244e-11,6.802347794511828e-11,5.970784354902208e-11
16,1234,202,153,4.374419598196649e-11,5.85524890281473e-11,5.4927289921260636e-11
16,1234,202,154,3.961131290765567e-11,5.5994858727543966e-11,4.9085987242241147e-11
16,1234,202,155,3.774285340421495e-11,5.375361935679628e-11,4.7390081527325765e-11
16,1234,202,156,3.7432507798994427e-11,4.9435643468403725e-11,4.110855784541643e-11
16,1234,202,157,3.4024289531510535e-11,4.738523961305397e-11,3.958230164806145e-11
16,1234,202,158,3.357543864408872e-11,4.615101481082024e-11,3.4573526633561706e-11
16,1234,202,159,2.764788586672645e-11,4.150052605864123e-11,3.1050854117331157e-11
16,1234,202,160,2.3594916332352475e-11,3.859113347337518e-11,2.796263314376537e-11
16,1234,202,161,2.0857674025539138e-11,3.569317216657319e-11,2.683994029421361e-11
16,1234,202,162,2.0536878178534394e-11,3.099478731830335e-11,2.5630755207313394e-11
16,1234,202,163,1.926262622965354e-11,3.0428279652499816e-11,2.243026958892615e-11
16,1234,202,164,1.8112924204811084e-11,2.780477876103353e-11,2.030714190810179e-11
16,1234,202,165,1.5904653038050117e-11,2.362333623305776e-11,1.927710647559422e-11
16,1234,202,166,1.569627674126727e-11,2.1440708600889795e-11,1.7742527639808956e-11
16,1234,202,167,1.5290056801125754e-11,2.0917301856193982e-11,1.601935467578006e-11
16,1234,202,168,1.2067787742168769e-11,1.926146002446914e-11,1.5144596340050757e-11
16,1234,202,169,8.536047538412327e-12,1.8711900408187648e-11,1.3406808456139318e-11
16,1234,202,170,8.517214014962634e-12,1.770028264478097e-11,1.1839606900257396e-11
16,1234,202,171,8.085255314184024e-12,1.4767767439487746e-11,1.1418580797739179e-11
16,1234,202,172,7.549325917341788e-12,1.300244324822515e-11,1.0792428638194141e-11
16,1234,202,173,7.31438291855678e-12,1.2535921212075446e-11,1.0077556208814251e-11
16,1234,202,174,7.178192631928697e-12,1.215544764693768e-11,8.237526241663075e-12
16,1234,202,175,6.283117360700651e-12,1.1579130406058861e-11,7.775592869107706e-12
16,1234,202,176,5.672936039378414e-12,1.063301299306139e-11,7.422754597116827e-12
16,1234,202,177,4.945287374508576e-12,9.465039978260774e-12,6.850649592749394e-12
16,1234,202,178,4.269734296011313e-12,9.205748853083994e-12,6.562619149781135e-12
16,1234,202,179,3.810233018372898e-12,8.721644195649755e-12,5.35930307518515e-12
16,1234,202,180,3.417495380404449e-12,7.505735445234427e-12,5.055116700034398e-12
16,1234,202,181,3.2139742794266004e-12,6.936873208030214e-12,4.605463440564424e-12
16,1234,202,182,3.0769911505311263e-12,6.928960119089547e-12,4.420290400568787e-12
16,1234,202,183,2.847271654809395e-12,6.752018026183336e-12,4.126235312398472e-12
16,1234,202,184,2.406270726697248e-12,5.6878816132708345e-12,3.7903336731179026e-12
16,1234,202,185,2.250392402044746e-12,5.35303146552455e-12,3.151585142272941e-12
16,1234,202,186,1.99748103167563e-12,4.788643922242024e-12,3.066908716563352e-12
16,1234,202,187,1.8292717849637166e-12,4.39778929190528e-12,2.6779028629234322e-12
16,1234,202,188,1.7988094650359913e-12,4.088427965344391e-12,2.5372447689932314e-12
16,1234,202,189,1.6320101003868114e-12,3.915557267337664e-12,2.222423021290833e-12
16,1234,202,190,1.2254004557787783e-12,3.472589791435808e-12,1.8857013052574173e-12
16,1234,202,191,1.203204243937598e-12,3.003749842626867e-12,1.7487972631645752e-12
16,1234,202,192,1.1670582993866006e-12,2.6418300364716843e-12,1.5625297028148989e-12
16,1234,202,193,9.321116899824176e-13,2.13008022897547e-12,1.3594667225601282e-12
16,1234,202,194,7.38437597133863e-13,2.0845366220144144e-12,1.28099632575178e-12
16,1234,202,195,6.549695071382668e-13,1.929981201336199e-12,1.2274563176035325e-12
16,1234,202,196,6.529616393268932e-13,1.7187674434050545e-12,9.89689593326947e-13
16,1234,202,197,6.054129642905482e-13,1.6107616712279365e-12,9.261369056470479e-13
16,1234,202,198,5.937183002704223e-13,1.4780641564433662e-12,9.083590384393442e-13
16,1234,202,199,5.41978659974604e-13,1.2240294733838863e-12,8.164307486910224e-13
16,1234,202,200,4.520926741398102e-13,1.1615382235873497e-12,6.404532117209747e-13
16,1234,202,201,4.1721872816710557e-13,9.749712502367463e-13,6.09249910189074e-13
16,1234,202,202,3.3645977261539423e-13,7.356748547208469e-13,5.089061179010597e-13
16,1234,202,203,3.055999209005048e-13,7.04012401866767e-13,4.808332880970139e-13
16,1234,202,204,2.54689833339043e-13,6.263170478630876e-13,4.193422233658383e-13
16,1234,202,205,2.4862165384553737e-13,5.9211375482796e-13,3.958659616508118e-13
16,1234,202,206,2.083198044298796e-13,5.348976067465477e-13,2.789855779832905e-13
16,1234,202,207,1.7674562822193498e-13,5.014953831999919e-13,2.5626450805858476e-13
16,1234,202,208,1.717016699527251e-13,4.619700127088412e-13,2.400435354094277e-13
16,1234,202,209,1.5502736008485883e-13,4.389179794797917e-13,2.1855344770257967e-13
16,1234,202,210,1.494512953718559e-13,3.43297466553529e-13,1.9897271088673336e-13
16,1234,202,211,1.477747790793649e-13,3.2449456114025065e-13,1.864410158867808e-13
16,1234,202,212,1.2041089621718682e-13,2.9215971093799323e-13,1.6544911862963592e-13
16,1234,202,213,8.066093129445567e-14,2.7048705615361347e-13,1.4133940775184686e-13
16,1234,202,214,7.89335998119232e-14,2.1701398843570647e-13,1.278726536573821e-13
16,1234,202,215,5.784113301122442e-14,2.1423939532465712e-13,1.0379849200196125e-13
16,1234,202,216,5.231385725338233e-14,1.8118277128220296e-13,9.551570430634672e-14
16,1234,202,217,4.6686800323373204e-14,1.557373020568709e-13,9.058702892135983e-14
16,1234,202,218,4.6628418158151926e-14,1.2384261003159983e-13,8.057024122472799e-14
16,1234,202,219,4.028695430384832e-14,1.2233332388353508e-13,6.079714662688248e-14
16,1234,202,220,3.872574474749516e-14,1.144399674011623e-13,5.818032072251391e-14
16,1234,202,221,3.142586476499401e-14,1.0171396929124242e-13,5.1665376558856784e-14
16,1234,202,222,2.948515236505152e-14,9.702878822763382e-14,4.860514644283015e-14
16,1234,202,223,2.516957704234322e-14,7.910113825917665e-14,4.2881124085341726e-14
16,1234,202,224,2.0306511056880674e-14,6.790949413878078e-14,4.016620461984357e-14
16,1234,202,225,1.877421575182038e-14,5.630410150144359e-14,3.353026155447476e-14
16,1234,202,226,1.262829160013072e-14,5.3372544159807234e-14,2.635003109930196e-14
16,1234,202,227,1.2619255167834533e-14,4.557289334669546e-14,2.3007304680619767e-14
16,1234,202,228,1.0438037636276158e-14,4.185410192947648e-14,2.1021963336438736e-14
16,1234,202,229,6.937893525066503e-15,3.5529042692161196e-14,1.8645552734507692e-14
16,1234,202,230,6.277935188393842e-15,3.4006311222958124e-14,1.7924698762497698e-14
16,1234,202,231,5.934476140794221e-15,2.2340740821155468e-14,1.2227053900626495e-14
16,1234,202,232,5.7505904254415445e-15,1.972934740602068e-14,8.575811923448134e-15
16,1234,202,233,4.471631751986074e-15,1.9176400070414423e-14,8.538818221490858e-15
16,1234,202,234,2.789109685996704e-15,1.6149282638042195e-14,6.616929308083707e-15
16,1234,202,235,2.5060083147144065e-15,1.391026601908303e-14,4.6055253250718705e-15
16,1234,202,236,1.7139952896131228e-15,9.28489140398812e-15,3.8285079316308145e-15
16,1234,202,237,1.4006623317600924e-15,9.163740608691424e-15,2.711161942568686e-15
16,1234,202,238,1.3537336853144922e-15,8.243848766528693e-15,2.6344616605017316e-15
16,1234,202,239,1.2576277544231882e-15,6.979656805460622e-15,2.6019418618206917e-15
16,1234,202,240,9.999999999999873e-16,4.9346872558350584e-15,1.8580897445241325e-15
16,1234,202,241,9.999999999999873e-16,3.569933721541042e-15,1.8336751612724484e-15
16,1234,202,242,9.999999999999873e-16,3.499168079600975e-15,9.999999999999888e-16
16,1234,202,243,9.999999999999873e-16,1.74767777151237e-15,9.999999999999888e-16
16,1234,202,244,9.999999999999873e-16,1.4491168569608768e-15,9.999999999999888e-16
16,1234,202,245,9.999999999999873e-16,1.3402125233274162e-15,9.999999999999888e-16
16,1234,202,246,9.999999999999873e-16,1.1896444904227337e-15,9.999999999999888e-16
16,1234,202,247,9.999999999999873e-16,9.999999999999934e-16,9.999999999999888e-16
16,1234,202,248,9.999999999999873e-16,9.999999999999934e-16,9.999999999999888e-16
16,1234,202,249,9.999999999999873e-16,9.999999999999934e-16,9.999999999999888e-16
16,1234,202,250,9.999999999999873e-16,9.999999999999934e-16,9.999999999999888e-16
16,1234,202,251,9.999999999999873e-16,9.999999999999934e-16,9.999999999999888e-16
16,1234,202,252,9.999999999999873e-16,9.999999999999934e-16,9.999999999999888e-16
16,1234,202,253,9.999999999999873e-16,9.999999999999934e-16,9.999999999999888e-16
16,1234,202,254,9.999999999999873e-16,9.999999999999934e-16,9.999999999999888e-16
16,1234,202,255,9.999999999999873e-16,9.999999999999934e-16,9.999999999999888e-16
16,1234,202,256,9.999999999999873e-16,9.999999999999934e-16,9.999999999999888e-16
16,1234,303,1,0.8825458209487629,0.8834571740103737,0.8823397023567854
16,1234,303,2,0.047853307885157646,0.04787672344548251,0.048363292981722074
16,1234,303,3,0.029091037549141524,0.02868923745625861,0.028988270334954925
16,1234,303,4,0.021330951408082097,0.020994214176747635,0.021395848142917978
16,1234,303,5,0.006871909216143172,0.006742460377834013,0.006852975998304558
16,1234,303,6,0.00574307449156189,0.00578013755609002,0.0059174622169866214
16,1234,303,7,0.0014936602364168743,0.001383848743208214,0.0013321475565302363
16,1234,303,8,0.001117768929150518,0.0010276941026430655,0.0010339748775795663
16,1234,303,9,0.0007356478332269588,0.0007407185280678199,0.0007562095651483815
16,1234,303,10,0.0006622115726716103,0.000722770362860603,0.0006183916981648238
16,1234,303,11,0.0005324157675242382,0.0005227409522156381,0.0005683876631886213
16,1234,303,12,0.0005153464594525107,0.0005117665255329677,0.0005027455274561705
16,1234,303,13,0.00030807320032014265,0.0003241731894946847,0.00027272826301773777
16,1234,303,14,0.00026800408402218864,0.0003026098734496785,0.00022432554597354235
16,1234,303,15,0.0002188601963795404,0.00021401912187898818,0.00019946251757875313
16,1234,303,16,0.00015114839567218486,0.00013228626123270885,0.00013244571009963412
16,1234,303,17,0.0001411282355647843,0.00012818647305013291,0.00011425817397732756
16,1234,303,18,9.603751237014616e-05,9.909585379279352e-05,8.730977993575487e-05
16,1234,303,19,5.045369389171185e-05,5.450256796056152e-05,4.961911541492899e-05
16,1234,303,20,3.879155413995902e-05,3.9493158780476054e-05,3.662891557754946e-05
16,1234,303,21,3.0091287146614053e-05,3.8865954968352275e-05,3.180891754986886e-05
16,1234,303,22,2.6119245500024882e-05,2.529423649156259e-05,2.506996519364073e-05
16,1234,303,23,2.4340776742798723e-05,2.0766349413335357e-05,2.168429107840019e-05
16,1234,303,24,1.956903956871366e-05,2.0381570108265386e-05,1.7137746031867686e-05
16,1234,303,25,1.7653582687830297e-05,1.818796223332931e-05,1.5417667156065125e-05
16,1234,303,26,1.7217011852718952e-05,1.7646776447763293e-05,1.4251609257996954e-05
16,1234,303,27,1.4604465616461424e-05,1.618178659642208e-05,1.2977505499244222e-05
16,1234,303,28,1.3841642611670772e-05,1.5436768210054762e-05,1.1196546835595539e-05
16,1234,303,29,9.226011368091038e-06,1.0939101859593005e-05,8.310467646893083e-06
16,1234,303,30,8.169651869992179e-06,1.016162130520955e-05,7.274825163431997e-06
16,1234,303,31,8.146765270958807e-06,7.567139262621945e-06,6.54270475969109e-06
16,1234,303,32,5.505959147006521e-06,6.699630635178339e-06,5.838805396270696e-06
16,1234,303,33,4.3822547940543275e-06,4.770171337828899e-06,4.493619330642739e-06
16,1234,303,34,4.294268818388532e-06,4.430980041822701e-06,4.086510956481957e-06
16,1234,303,35,4.197445327047331e-06,3.999341704809407e-06,3.419210893351381e-06
16,1234,303,36,3.4613433638440434e-06,3.587719045782214e-06,3.0096984395942335e-06
16,1234,303,37,2.450982680492833e-06,3.48617708189332e-06,2.620963549331622e-06
16,1234,303,38,2.3095451871569825e-06,2.942173664123489e-06,2.1936765070291065e-06
16,1234,303,39,2.113958063081727e-06,2.8717261982826345e-06,1.998071806892558e-06
16,1234,303,40,2.0045924772039494e-06,2.6042559024172714e-06,1.7649054998797417e-06
16,1234,303,41,1.7646265495123476e-06,1.9490814579978964e-06,1.53263656407042e-06
16,1234,303,42,1.4393989272342166e-06,1.8169962624098756e-06,1.3201352149314333e-06
16,1234,303,43,1.2325617677249727e-06,1.80205746760809e-06,1.1924889798680988e-06
16,1234,303,44,1.1447596021938677e-06,1.6858332484806723e-06,1.0186422235798606e-06
16,1234,303,45,1.0015627961275632e-06,1.2605115741465101e-06,8.192241938707587e-07
16,1234,303,46,9.318220998032516e-07,1.000172395648991e-06,7.222239806744724e-07
16,1234,303,47,8.627749408141679e-07,9.67825742515516e-07,6.835576949886323e-07
16,1234,303,48,7.988531666183804e-07,9.611377533064803e-07,6.198673385221046e-07
16,1234,303,49,6.958817141349982e-07,7.889900243208862e-07,4.9023574595103e-07
16,1234,303,50,4.714900981700258e-07,6.872785701331739e-07,4.7667044038084306e-07
16,1234,303,51,4.620814208100144e-07,6.276490324904679e-07,4.4744202650232996e-07
16,1234,303,52,3.3325669505872907e-07,5.424955288626205e-07,3.5982042942755266e-07
16,1234,303,53,3.2767152377422924e-07,5.038619642775076e-07,3.3652758627089076e-07
16,1234,303,54,3.097706384596835e-07,4.652940567443012e-07,2.871977345703889e-07
16,1234,303,55,2.89170697048571e-07,3.951397938376924e-07,2.1663204322200043e-07
16,1234,303,56,2.622492486076534e-07,3.371136238688764e-07,2.0771809357004036e-07
16,1234,303,57,2.288150670760097e-07,3.11192659056751e-07,1.8745051733999383e-07
16,1234,303,58,2.0886396679893288e-07,2.943188388117997e-07,1.531240163593822e-07
16,1234,303,59,2.018467202442059e-07,2.6549060458439333e-07,1.433059841913324e-07
16,1234,303,60,1.907455982449088e-07,2.243836880011573e-07,1.2733364633178017e-07
16,1234,303,61,1.5725752361033124e-07,2.062917999289202e-07,1.1489884880123307e-07
16,1234,303,62,1.2883923093133906e-07,1.9075798282996752e-07,1.1069026189242343e-07
16,1234,303,63,1.2730870040787457e-07,1.765267615471472e-07,9.664903066282264e-08
16,1234,303,64,1.131153315497495e-07,1.6834487004231247e-07,9.299364313960988e-08
16,1234,303,65,9.452535807804925e-08,1.4429791220789416e-07,7.947113439911347e-08
16,1234,303,66,8.145420289772293e-08,1.3937872427947172e-07,7.443376727491641e-08
16,1234,303,67,7.970215298006015e-08,1.164303459553429e-07,6.958679127355089e-08
16,1234,303,68,6.30965133302488e-08,1.0557977909728557e-07,6.647320372037128e-08
16,1234,303,69,5.380921418660808e-08,9.593892133503255e-08,5.261681095689171e-08
16,1234,303,70,4.817826504348325e-08,9.185987299421396e-08,4.7088299398100294e-08
16,1234,303,71,4.620212673209864e-08,8.488883869698867e-08,4.550351883838115e-08
16,1234,303,72,4.2092333438674354e-08,8.357522356034396e-08,4.4333693048395284e-08
16,1234,303,73,3.792220816120411e-08,7.074776996955007e-08,4.1408367983031635e-08
16,1234,303,74,2.939848135615956e-08,6.77654664132875e-08,3.916128097494656e-08
16,1234,303,75,2.79907640532355e-08,5.9057691105466e-08,3.483790223198099e-08
16,1234,303,76,2.7109644866098688e-08,4.9173837273120856e-08,3.306560639939678e-08
16,1234,303,77,2.5545233181082372e-08,4.237416691668525e-08,2.6773134564344698e-08
16,1234,303,78,2.545780393995265e-08,4.134336648279754e-08,2.588519312526713e-08
16,1234,303,79,2.48388478971759e-08,4.041029137254169e-08,2.4622803800689804e-08
16,1234,303,80,2.0816505092118987e-08,3.580270950950817e-08,2.039612543351348e-08
16,1234,303,81,1.9751762958316666e-08,3.36036866119765e-08,1.9692008709789894e-08
16,1234,303,82,1.775039428362393e-08,3.2689248028972195e-08,1.6470917001106386e-08
16,1234,303,83,1.756916544659457e-08,3.082890598649976e-08,1.6369331446171308e-08
16,1234,303,84,1.496125149462214e-08,2.620832502999978e-08,1.3663196781565934e-08
16,1234,303,85,1.397928467528628e-08,2.5066328881319696e-08,1.2611497854766501e-08
16,1234,303,86,1.3451140545010359e-08,2.2312833255526993e-08,1.1729909511286773e-08
16,1234,303,87,1.3353395517799662e-08,2.0603857780899203e-08,1.0869563675074994e-08
16,1234,303,88,9.737238837197293e-09,1.9301607224875978e-08,1.0443533244548461e-08
16,1234,303,89,8.310308330058758e-09,1.6435928899273105e-08,9.767209115199533e-09
16,1234,303,90,8.10038867949748e-09,1.5006556077004818e-08,9.06713712296251e-09
16,1234,303,91,7.91552838725787e-09,1.4496163131221112e-08,8.479405882900064e-09
16,1234,303,92,7.432264996536714e-09,1.3850557814936525e-08,7.547775210582603e-09
16,1234,303,93,6.889077093245243e-09,1.2731983483947676e-08,6.95412815953707e-09
16,1234,303,94,6.503280211157663e-09,1.0514094514789835e-08,6.601221782245987e-09
16,1234,303,95,5.736675581570921e-09,9.831694407220278e-09,5.712116948768643e-09
16,1234,303,96,5.269011334396962e-09,9.162292058542588e-09,5.593977748248013e-09
16,1234,303,97,5.110527531601669e-09,8.95919954621146e-09,4.9992087997491825e-09
16,1234,303,98,4.458978964661031e-09,8.418709114537258e-09,4.541949973725596e-09
16,1234,303,99,4.415934050366703e-09,7.80993433539087e-09,4.1883253637586534e-09
16,1234,303,100,4.080432955478975e-09,7.608675443711433e-09,3.8842147151415105e-09
16,1234,303,101,3.947824068534947e-09,6.790406453343041e-09,3.690443783441864e-09
16,1234,303,102,3.716814628653541e-09,6.677418570032994e-09,3.2524978898005614e-09
16,1234,303,103,3.0339715341378647e-09,6.302008186044173e-09,3.1468421823118756e-09
16,1234,303,104,2.6689982334107237e-09,5.30851556299458e-09,2.89250856206156e-09
16,1234,303,105,2.4942306948860797e-09,4.861198750871252e-09,2.6833901971992506e-09
16,1234,303,106,2.342901259716207e-09,4.70799458417808e-09,2.4744159654343343e-09
16,1234,303,107,2.064929432417663e-09,4.049752204416513e-09,2.132244479694061e-09
16,1234,303,108,1.9390830233247347e-09,3.410215650316586e-09,1.929235983100286e-09
16,1234,303,109,1.8123809174978685e-09,3.1821023135541864e-09,1.8293498838637424e-09
16,1234,303,110,1.7265250770264582e-09,2.864581914506356e-09,1.60325295402137e-09
16,1234,303,111,1.565768492621552e-09,2.8492587458445355e-09,1.4295950016986023e-09
16,1234,303,112,1.244798484228094e-09,2.6159294140074743e-09,1.4161881267584382e-09
16,1234,303,113,1.2324485895700619e-09,2.2026637898847705e-09,1.197678007252531e-09
16,1234,303,114,1.1448719935268684e-09,1.9959899974329945e-09,1.0308559388688055e-09
16,1234,303,115,1.0009502208783549e-09,1.890074215546997e-09,9.912811868771637e-10
16,1234,303,116,9.992045657876482e-10,1.74716088501476e-09,8.765093207318756e-10
16,1234,303,117,9.225442807652034e-10,1.7033755418103006e-09,7.828436186093847e-10
16,1234,303,118,8.312403223775049e-10,1.579174218659089e-09,7.110383662842251e-10
16,1234,303,119,8.041503584209024e-10,1.327198574823025e-09,6.758865917133607e-10
16,1234,303,120,6.96639670934019e-10,1.157179910391666e-09,6.238402470098003e-10
16,1234,303,121,6.299398471040173e-10,1.0944754124357185e-09,5.782590076272485e-10
16,1234,303,122,5.429782143297968e-10,1.0238078226530673e-09,5.664618290708233e-10
16,1234,303,123,5.060136733619841e-10,9.936126834298699e-10,4.956829886699552e-10
16,1234,303,124,4.5293818386166854e-10,9.275423693099111e-10,4.659662423369748e-10
16,1234,303,125,3.8220815358630405e-10,8.82774085913127e-10,4.277730401826155e-10
16,1234,303,126,3.116323075763791e-10,8.685359934825312e-10,3.68416488328062e-10
16,1234,303,127,3.042609443887765e-10,8.039673606779795e-10,3.388844957230867e-10
16,1234,303,128,2.840160294752386e-10,7.185860821503749e-10,3.2918620738292834e-10
16,1234,303,129,2.7337198147284894e-10,6.657548346880877e-10,3.013082680218206e-10
16,1234,303,130,2.592006841113262e-10,6.019557191133174e-10,2.902940487899188e-10
16,1234,303,131,2.2976368319711782e-10,5.665991381340172e-10,2.6841046869099504e-10
16,1234,303,132,2.0852250697596084e-10,4.960481952279006e-10,2.504202474938995e-10
16,1234,303,133,2.0193409413856352e-10,4.832478047858118e-10,2.2536227650001683e-10
16,1234,303,134,2.0018696320238222e-10,4.384283060460483e-10,2.1148776401332737e-10
16,1234,303,135,1.9643058666715275e-10,4.082883015924542e-10,2.0726308890119266e-10
16,1234,303,136,1.8202693836462245e-10,3.8558478041200907e-10,1.829201518000728e-10
16,1234,303,137,1.5832504002358893e-10,3.213949430272562e-10,1.7840137501946658e-10
16,1234,303,138,1.37993580484264e-10,2.910004483438603e-10,1.6334247547188864e-10
16,1234,303,139,1.335489612467696e-10,2.891071815070424e-10,1.380376787594369e-10
16,1234,303,140,1.2445016709507642e-10,2.845498537572011e-10,1.328756878437926e-10
16,1234,303,141,1.224308624231484e-10,2.5545168198151325e-10,1.1820184746518893e-10
16,1234,303,142,1.1203418212945467e-10,2.445777560712371e-10,1.0528608895537817e-10
16,1234,303,143,9.861050158272714e-11,2.0656103225057302e-10,9.975189466029213e-11
16,1234,303,144,9.277279014613912e-11,1.9578917925420542e-10,9.01205082576175e-11
16,1234,303,145,9.06135410183767e-11,1.858559498203388e-10,8.436499614937093e-11
16,1234,303,146,7.087569517366446e-11,1.8501053404035747e-10,7.869453899595e-11
16,1234,303,147,6.796042803736556e-11,1.44255281046409e-10,7.487361957470211e-11
16,1234,303,148,6.606669168933498e-11,1.2645081813675817e-10,7.109769263722186e-11
16,1234,303,149,5.861148224987309e-11,1.2419514731794198e-10,6.016431855848973e-11
16,1234,303,150,5.151847158866132e-11,1.1149777881065526e-10,5.844648239410059e-11
16,1234,303,151,5.1102608990107376e-11,1.1125169219569834e-10,5.628279946837258e-11
16,1234,303,152,4.4061791883056244e-11,1.0253161820720612e-10,5.2622683504654135e-11
16,1234,303,153,4.374419598196649e-11,9.908151057728935e-11,4.708081715958025e-11
16,1234,303,154,3.961131290765567e-11,8.557771599825826e-11,4.266958746331563e-11
16,1234,303,155,3.774285340421495e-11,8.312125149521084e-11,3.987484518410064e-11
16,1234,303,156,3.7432507798994427e-11,7.594866060846291e-11,3.876815189810903e-11
16,1234,303,157,3.4024289531510535e-11,7.171987921820621e-11,3.5876187970320805e-11
16,1234,303,158,3.357543864408872e-11,6.647487070683577e-11,3.442954662897866e-11
16,1234,303,159,2.764788586672645e-11,5.763334125795879e-11,2.882749331240614e-11
16,1234,303,160,2.3594916332352475e-11,5.320532020618658e-11,2.7532692119040383e-11
16,1234,303,161,2.0857674025539138e-11,5.0714708700109245e-11,2.4768896230671913e-11
16,1234,303,162,2.0536878178534394e-11,4.6040142200849173e-11,2.364706563004858e-11
16,1234,303,163,1.926262622965354e-11,4.378438197338115e-11,2.2427412760241945e-11
16,1234,303,164,1.8112924204811084e-11,4.23225024362413e-11,1.9354624095498835e-11
16,1234,303,165,1.5904653038050117e-11,4.161535187852685e-11,1.8428909596418084e-11
16,1234,303,166,1.569627674126727e-11,3.591222737391286e-11,1.7104851727500363e-11
16,1234,303,167,1.5290056801125754e-11,3.566812287825608e-11,1.4619381827526712e-11
16,1234,303,168,1.2067787742168769e-11,3.432262413444319e-11,1.4088625304338274e-11
16,1234,303,169,8.536047538412327e-12,3.2241967899016125e-11,1.3251986185206536e-11
16,1234,303,170,8.517214014962634e-12,2.710532381168947e-11,1.2421329184260006e-11
16,1234,303,171,8.085255314184024e-12,2.3839996833501655e-11,1.1716037706908796e-11
16,1234,303,172,7.549325917341788e-12,2.0919785048075255e-11,1.0444961351441746e-11
16,1234,303,173,7.31438291855678e-12,2.0105143138630133e-11,9.80998532768964e-12
16,1234,303,174,7.178192631928697e-12,1.7584326853358005e-11,8.234740672150032e-12
16,1234,303,175,6.283117360700651e-12,1.6168729075100992e-11,7.831961106889969e-12
16,1234,303,176,5.672936039378414e-12,1.4845180746137164e-11,7.066718125295046e-12
16,1234,303,177,4.945287374508576e-12,1.3266893184068375e-11,6.779357811914028e-12
16,1234,303,178,4.269734296011313e-12,1.230042940921412e-11,6.536612917953281e-12
16,1234,303,179,3.810233018372898e-12,1.1682319610451917e-11,5.741145167295892e-12
16,1234,303,180,3.417495380404449e-12,1.0933706754153362e-11,5.054806015837547e-12
16,1234,303,181,3.2139742794266004e-12,9.353588809796643e-12,4.555927237735782e-12
16,1234,303,182,3.0769911505311263e-12,9.082231884858587e-12,3.9759118392561566e-12
16,1234,303,183,2.847271654809395e-12,7.571887462272908e-12,3.755535980282587e-12
16,1234,303,184,2.406270726697248e-12,7.398340597532047e-12,3.4925344552595964e-12
16,1234,303,185,2.250392402044746e-12,6.827958372541305e-12,3.0040240536743818e-12
16,1234,303,186,1.99748103167563e-12,6.143865422519537e-12,2.8339367712018884e-12
16,1234,303,187,1.8292717849637166e-12,5.881497204705442e-12,2.6115568804405135e-12
16,1234,303,188,1.7988094650359913e-12,4.732791546683405e-12,2.210574012029929e-12
16,1234,303,189,1.6320101003868114e-12,4.685044226273781e-12,1.8983462087506715e-12
16,1234,303,190,1.2254004557787783e-12,4.452108698897593e-12,1.646683479459335e-12
16,1234,303,191,1.203204243937598e-12,3.8186571771168624e-12,1.5244958448309337e-12
16,1234,303,192,1.1670582993866006e-12,3.583062399369252e-12,1.4105661223297246e-12
16,1234,303,193,9.321116899824176e-13,3.051253861219018e-12,1.241685428077198e-12
16,1234,303,194,7.38437597133863e-13,2.6965179874152337e-12,1.1480152159389356e-12
16,1234,303,195,6.549695071382668e-13,2.534857751242172e-12,1.0021193329600937e-12
16,1234,303,196,6.529616393268932e-13,1.9893175352101597e-12,9.034538835987504e-13
16,1234,303,197,6.054129642905482e-13,1.960374603108576e-12,7.663846857925302e-13
16,1234,303,198,5.937183002704223e-13,1.8467801912536697e-12,6.777294244647938e-13
16,1234,303,199,5.41978659974604e-13,1.7715891430363756e-12,6.397311943765419e-13
16,1234,303,200,4.520926741398102e-13,1.6028967624166063e-12,5.656756171921739e-13
16,1234,303,201,4.1721872816710557e-13,1.2947326476215738e-12,5.119240420440352e-13
16,1234,303,202,3.3645977261539423e-13,1.2098830853001593e-12,4.646488985828274e-13
16,1234,303,203,3.055999209005048e-13,1.0554193079048457e-12,4.490110027486883e-13
16,1234,303,204,2.54689833339043e-13,1.0531306678571728e-12,3.847306895012612e-13
16,1234,303,205,2.4862165384553737e-13,1.011790849042606e-12,3.556513899330035e-13
16,1234,303,206,2.083198044298796e-13,7.288443468688807e-13,3.334779835039578e-13
16,1234,303,207,1.7674562822193498e-13,7.016000456652239e-13,2.639525846385744e-13
16,1234,303,208,1.717016699527251e-13,6.990153986403067e-13,2.5149413311657984e-13
16,1234,303,209,1.5502736008485883e-13,6.489068635360177e-13,2.3193326563188797e-13
16,1234,303,210,1.494512953718559e-13,5.370359832339271e-13,2.1263492848520885e-13
16,1234,303,211,1.477747790793649e-13,4.655835574304382e-13,1.8725570459934432e-13
16,1234,303,212,1.2041089621718682e-13,4.133250096813289e-13,1.583073494535837e-13
16,1234,303,213,8.066093129445567e-14,3.712888394363659e-13,1.4218484935988075e-13
16,1234,303,214,7.89335998119232e-14,3.523794783932177e-13,1.2283782724503095e-13
16,1234,303,215,5.784113301122442e-14,3.347005861164472e-13,1.0331753832163819e-13
16,1234,303,216,5.231385725338233e-14,3.005541280823072e-13,9.214044240540672e-14
16,1234,303,217,4.6686800323373204e-14,2.5615163266239793e-13,7.269998026787447e-14
16,1234,303,218,4.6628418158151926e-14,2.422369202394577e-13,6.809431581367012e-14
16,1234,303,219,4.028695430384832e-14,2.1156109187651236e-13,6.134808274285622e-14
16,1234,303,220,3.872574474749516e-14,1.917507148907624e-13,5.227734002288751e-14
16,1234,303,221,3.142586476499401e-14,1.829786636450971e-13,4.0522039224748093e-14
16,1234,303,222,2.948515236505152e-14,1.7197566093813882e-13,3.5184267602491825e-14
16,1234,303,223,2.516957704234322e-14,1.5772649391104175e-13,3.1358947338370505e-14
16,1234,303,224,2.0306511056880674e-14,1.0211967454050073e-13,2.8770682405996665e-14
16,1234,303,225,1.877421575182038e-14,8.844108934877301e-14,2.5112604260326028e-14
16,1234,303,226,1.262829160013072e-14,7.185040855804237e-14,2.0360248777005936e-14
16,1234,303,227,1.2619255167834533e-14,6.917089290112148e-14,1.807462673634633e-14
16,1234,303,228,1.0438037636276158e-14,5.671028957282325e-14,1.4303599774471835e-14
16,1234,303,229,6.937893525066503e-15,5.2275587823555795e-14,1.1540236150127746e-14
16,1234,303,230,6.277935188393842e-15,4.3984105826692376e-14,1.101450873614724e-14
16,1234,303,231,5.934476140794221e-15,3.761899182654077e-14,9.768798717436277e-15
16,1234,303,232,5.7505904254415445e-15,3.5774820787541304e-14,8.07886175112146e-15
16,1234,303,233,4.471631751986074e-15,3.136567502324818e-14,5.966583689176031e-15
16,1234,303,234,2.789109685996704e-15,2.5493325541743368e-14,5.82276494261282e-15
16,1234,303,235,2.5060083147144065e-15,2.3001416677282173e-14,3.924581572225122e-15
16,1234,303,236,1.7139952896131228e-15,2.2568408387531493e-14,3.899444752649444e-15
16,1234,303,237,1.4006623317600924e-15,1.6090702852345112e-14,2.872278249480909e-15
16,1234,303,238,1.3537336853144922e-15,1.5305630631448818e-14,2.032806269249492e-15
16,1234,303,239,1.2576277544231882e-15,7.925062852244718e-15,1.8218909169956472e-15
16,1234,303,240,9.999999999999873e-16,6.35269661656568e-15,1.7506912735147096e-15
16,1234,303,241,9.999999999999873e-16,5.3797042662215174e-15,1.2918249898506083e-15
16,1234,303,242,9.999999999999873e-16,4.576605528479392e-15,9.999999999999888e-16
16,1234,303,243,9.999999999999873e-16,3.0138049105931142e-15,9.999999999999888e-16
16,1234,303,244,9.999999999999873e-16,1.9667029498159142e-15,9.999999999999888e-16
16,1234,303,245,9.999999999999873e-16,1.2006480750140743e-15,9.999999999999888e-16
16,1234,303,246,9.999999999999873e-16,1.0925440969459276e-15,9.999999999999888e-16
16,1234,303,247,9.999999999999873e-16,9.999999999999932e-16,9.999999999999888e-16
16,1234,303,248,9.999999999999873e-16,9.999999999999932e-16,9.999999999999888e-16
16,1234,303,249,9.999999999999873e-16,9.999999999999932e-16,9.999999999999888e-16
16,1234,303,250,9.999999999999873e-16,9.999999999999932e-16,9.999999999999888e-16
16,1234,303,251,9.999999999999873e-16,9.999999999999932e-16,9.999999999999888e-16
16,1234,303,252,9.999999999999873e-16,9.999999999999932e-16,9.999999999999888e-16
16,1234,303,253,9.999999999999873e-16,9.999999999999932e-16,9.999999999999888e-16
16,1234,303,254,9.999999999999873e-16,9.999999999999932e-16,9.999999999999888e-16
16,1234,303,255,9.999999999999873e-16,9.999999999999932e-16,9.999999999999888e-16
16,1234,303,256,9.999999999999873e-16,9.999999999999932e-16,9.999999999999888e-16
16,1234,404,1,0.8825458209487629,0.8828412093808109,0.8827656382594387
16,1234,404,2,0.047853307885157646,0.04799122791946775,0.048039109761820235
16,1234,404,3,0.029091037549141524,0.029025335595890482,0.029229339204461576
16,1234,404,4,0.021330951408082097,0.021186272141042385,0.021372846473738993
16,1234,404,5,0.006871909216143172,0.006820805543583484,0.006785063424549635
16,1234,404,6,0.00574307449156189,0.0057331313376504395,0.005747719009104772
16,1234,404,7,0.0014936602364168743,0.0015018650637278624,0.0012877625597707612
16,1234,404,8,0.001117768929150518,0.0010056238063368276,0.0010206759310822152
16,1234,404,9,0.0007356478332269588,0.0007375202285972937,0.0007327489863342559
16,1234,404,10,0.0006622115726716103,0.0006429883407924892,0.0006011168818515649
16,1234,404,11,0.0005324157675242382,0.0005122142509274209,0.000520495930519268
16,1234,404,12,0.0005153464594525107,0.0005042632386111429,0.0005045692371277047
16,1234,404,13,0.00030807320032014265,0.00032649456446431484,0.00029773994714762773
16,1234,404,14,0.00026800408402218864,0.000252549674106356,0.00023563955896745232
16,1234,404,15,0.0002188601963795404,0.00019548874732623178,0.00020964639636871912
16,1234,404,16,0.00015114839567218486,0.00014136544606839895,0.00013607689269302318
16,1234,404,17,0.0001411282355647843,0.00012741973189168442,0.00012059546356518981
16,1234,404,18,9.603751237014616e-05,0.00010208280479290485,8.282706710042026e-05
16,1234,404,19,5.045369389171185e-05,5.344940497993508e-05,5.704428594657889e-05
16,1234,404,20,3.879155413995902e-05,5.1088241170117855e-05,3.6802814430245315e-05
16,1234,404,21,3.0091287146614053e-05,3.861355960906338e-05,3.63408541553445e-05
16,1234,404,22,2.6119245500024882e-05,2.92022431912845e-05,2.4626446805889502e-05
16,1234,404,23,2.4340776742798723e-05,2.2797356571991286e-05,2.1010741075280576e-05
16,1234,404,24,1.956903956871366e-05,2.1937199132914202e-05,1.8524986749825208e-05
16,1234,404,25,1.7653582687830297e-05,1.5484342006268107e-05,1.616200775470223e-05
16,1234,404,26,1.7217011852718952e-05,1.4651487958165664e-05,1.3976461468880969e-05
16,1234,404,27,1.4604465616461424e-05,1.4423377882848841e-05,1.3445575449814259e-05
16,1234,404,28,1.3841642611670772e-05,1.3517833400219508e-05,1.145582886568002e-05
16,1234,404,29,9.226011368091038e-06,9.253833112027806e-06,7.7672828616674e-06
16,1234,404,30,8.169651869992179e-06,8.454921750846335e-06,6.239110590456589e-06
16,1234,404,31,8.146765270958807e-06,8.107024392583053e-06,6.121118994773385e-06
16,1234,404,32,5.505959147006521e-06,6.114427507488934e-06,5.679293505404089e-06
16,1234,404,33,4.3822547940543275e-06,5.044301014746139e-06,3.6731494570497426e-06
16,1234,404,34,4.294268818388532e-06,4.402602662070808e-06,3.389285388801259e-06
16,1234,404,35,4.197445327047331e-06,4.193326525004661e-06,2.843059150291358e-06
16,1234,404,36,3.4613433638440434e-06,3.807714679795785e-06,2.8298524816905395e-06
16,1234,404,37,2.450982680492833e-06,2.9536667859834543e-06,2.558251421713188e-06
16,1234,404,38,2.3095451871569825e-06,2.6556630756294863e-06,2.5247718812590747e-06
16,1234,404,39,2.113958063081727e-06,2.4563895132435227e-06,2.126871114443164e-06
16,1234,404,40,2.0045924772039494e-06,2.2188925136051317e-06,1.9697055986253675e-06
16,1234,404,41,1.7646265495123476e-06,1.951810892723741e-06,1.5476740420830506e-06
16,1234,404,42,1.4393989272342166e-06,1.6842973152374356e-06,1.3016453174135654e-06
16,1234,404,43,1.2325617677249727e-06,1.5427478315116594e-06,1.0870356209954687e-06
16,1234,404,44,1.1447596021938677e-06,1.5212187729377557e-06,9.78742365431842e-07
16,1234,404,45,1.0015627961275632e-06,9.84574561629441e-07,9.545744056766795e-07
16,1234,404,46,9.318220998032516e-07,9.544830767226325e-07,8.001240638807142e-07
16,1234,404,47,8.627749408141679e-07,8.860818990520724e-07,7.666570734092703e-07
16,1234,404,48,7.988531666183804e-07,7.990070532431794e-07,6.444870311260821e-07
16,1234,404,49,6.958817141349982e-07,7.085063117737554e-07,5.518005160692066e-07
16,1234,404,50,4.714900981700258e-07,6.22557023115646e-07,5.224020025719823e-07
16,1234,404,51,4.620814208100144e-07,6.093936627987402e-07,4.039798865413438e-07
16,1234,404,52,3.3325669505872907e-07,5.112524379341175e-07,3.9585486113464604e-07
16,1234,404,53,3.2767152377422924e-07,4.0224299713003285e-07,3.587699720368696e-07
16,1234,404,54,3.097706384596835e-07,3.9018808413800264e-07,3.07386985292297e-07
16,1234,404,55,2.89170697048571e-07,3.7559862500633876e-07,2.671654212727301e-07
16,1234,404,56,2.622492486076534e-07,3.472346996238586e-07,2.2104216542220886e-07
16,1234,404,57,2.288150670760097e-07,2.719475161480684e-07,2.102636722548947e-07
16,1234,404,58,2.0886396679893288e-07,2.6952144828943985e-07,1.9304147139492078e-07
16,1234,404,59,2.018467202442059e-07,2.0059365604899927e-07,1.5367049461691598e-07
16,1234,404,60,1.907455982449088e-07,1.9974053151632157e-07,1.5103803999890525e-07
16,1234,404,61,1.5725752361033124e-07,1.7893791022053583e-07,1.3597315568527697e-07
16,1234,404,62,1.2883923093133906e-07,1.6278114771071576e-07,1.2051845745343056e-07
16,1234,404,63,1.2730870040787457e-07,1.5447342790421262e-07,1.0627018257043887e-07
16,1234,404,64,1.131153315497495e-07,1.391239541809836e-07,1.0283626316492999e-07
16,1234,404,65,9.452535807804925e-08,1.2710558274109032e-07,8.765655028610872e-08
16,1234,404,66,8.145420289772293e-08,1.2537445593787859e-07,8.58002211414055e-08
16,1234,404,67,7.970215298006015e-08,1.0299586700492096e-07,7.561264655434398e-08
16,1234,404,68,6.30965133302488e-08,9.639909901650321e-08,6.24650747915289e-08
16,1234,404,69,5.380921418660808e-08,8.502671022501053e-08,6.146723651417065e-08
16,1234,404,70,4.817826504348325e-08,7.327689876231557e-08,5.220261246565497e-08
16,1234,404,71,4.620212673209864e-08,7.267238088175264e-08,4.9585118184533686e-08
16,1234,404,72,4.2092333438674354e-08,6.852184650193269e-08,4.7499923469068463e-08
16,1234,404,73,3.792220816120411e-08,5.799213829464226e-08,3.9275836020956026e-08
16,1234,404,74,2.939848135615956e-08,5.2741690255043874e-08,3.722687358058226e-08
16,1234,404,75,2.79907640532355e-08,4.806452151739046e-08,3.273036951486242e-08
16,1234,404,76,2.7109644866098688e-08,4.718059540809697e-08,3.203156519247767e-08
16,1234,404,77,2.5545233181082372e-08,4.200495308807005e-08,2.6827930940535863e-08
16,1234,404,78,2.545780393995265e-08,3.482880459385235e-08,2.5816527536038716e-08
16,1234,404,79,2.48388478971759e-08,3.423383235366696e-08,2.127108101514813e-08
16,1234,404,80,2.0816505092118987e-08,2.986254942541913e-08,1.9167544422881887e-08
16,1234,404,81,1.9751762958316666e-08,2.8196516002494627e-08,1.8472126108237005e-08
16,1234,404,82,1.775039428362393e-08,2.4119612158246284e-08,1.753096042356024e-08
16,1234,404,83,1.756916544659457e-08,2.3252239644861898e-08,1.5093355231899104e-08
16,1234,404,84,1.496125149462214e-08,2.1977591203484388e-08,1.494375068030603e-08
16,1234,404,85,1.397928467528628e-08,2.047706864022727e-08,1.2226487092853702e-08
16,1234,404,86,1.3451140545010359e-08,1.858188853163681e-08,1.2020792608353833e-08
16,1234,404,87,1.3353395517799662e-08,1.7410888424374445e-08,1.1265795803324774e-08
16,1234,404,88,9.737238837197293e-09,1.3410766963557945e-08,1.0652197530335779e-08
16,1234,404,89,8.310308330058758e-09,1.2457728012649351e-08,9.822903120104326e-09
16,1234,404,90,8.10038867949748e-09,1.1984306720714113e-08,9.555530854963883e-09
16,1234,404,91,7.91552838725787e-09,1.1377963505137175e-08,8.325909555279372e-09
16,1234,404,92,7.432264996536714e-09,1.0646841352614538e-08,8.201582954670877e-09
16,1234,404,93,6.889077093245243e-09,9.841538376538729e-09,7.54244842623556e-09
16,1234,404,94,6.503280211157663e-09,9.311096223312333e-09,6.749679513463146e-09
16,1234,404,95,5.736675581570921e-09,8.60272438317731e-09,6.502691164223958e-09
16,1234,404,96,5.269011334396962e-09,7.742087436731462e-09,5.8341105514240915e-09
16,1234,404,97,5.110527531601669e-09,7.521497330936227e-09,5.310193254055764e-09
16,1234,404,98,4.458978964661031e-09,6.9800661511336e-09,4.781736347126659e-09
16,1234,404,99,4.415934050366703e-09,6.2601193247650425e-09,4.582259509063115e-09
16,1234,404,100,4.080432955478975e-09,5.866103502829278e-09,4.097880707743177e-09
16,1234,404,101,3.947824068534947e-09,5.3097685052964365e-09,3.890254094636709e-09
16,1234,404,102,3.716814628653541e-09,5.23094437154772e-09,3.415690061479965e-09
16,1234,404,103,3.0339715341378647e-09,4.693654987728663e-09,2.98104930853583e-09
16,1234,404,104,2.6689982334107237e-09,4.6496406493506184e-09,2.7469503314692716e-09
16,1234,404,105,2.4942306948860797e-09,4.538953228152695e-09,2.6033088188444873e-09
16,1234,404,106,2.342901259716207e-09,3.632725278837204e-09,2.2836765971177387e-09
16,1234,404,107,2.064929432417663e-09,3.387952302970936e-09,2.110310058179831e-09
16,1234,404,108,1.9390830233247347e-09,3.132899092977491e-09,1.8679277356305053e-09
16,1234,404,109,1.8123809174978685e-09,2.898664524510475e-09,1.7548047016636875e-09
16,1234,404,110,1.7265250770264582e-09,2.486380516416031e-09,1.6269648604530159e-09
16,1234,404,111,1.565768492621552e-09,2.3493825845765814e-09,1.6054810537743454e-09
16,1234,404,112,1.244798484228094e-09,2.246040407818361e-09,1.3458032887723074e-09
16,1234,404,113,1.2324485895700619e-09,1.9982536756465208e-09,1.2814084276002062e-09
16,1234,404,114,1.1448719935268684e-09,1.8991427365598083e-09,1.1247422392127433e-09
16,1234,404,115,1.0009502208783549e-09,1.7649413566127899e-09,1.0688902731570984e-09
16,1234,404,116,9.992045657876482e-10,1.6969631122124134e-09,9.830257638658708e-10
16,1234,404,117,9.225442807652034e-10,1.5460980662972901e-09,9.413761018498698e-10
16,1234,404,118,8.312403223775049e-10,1.5133182052550819e-09,7.966069415678813e-10
16,1234,404,119,8.041503584209024e-10,1.2075668281207715e-09,7.856151289177475e-10
16,1234,404,120,6.96639670934019e-10,1.1982804834198763e-09,7.018125393694664e-10
16,1234,404,121,6.299398471040173e-10,1.002402321093331e-09,5.977849505852053e-10
16,1234,404,122,5.429782143297968e-10,9.920724473191416e-10,5.935108857222005e-10
16,1234,404,123,5.060136733619841e-10,8.782568663343168e-10,5.717055242939957e-10
16,1234,404,124,4.5293818386166854e-10,8.704744700436743e-10,5.093436195446982e-10
16,1234,404,125,3.8220815358630405e-10,7.754067278151295e-10,4.814279405823312e-10
16,1234,404,126,3.116323075763791e-10,7.555530553602323e-10,4.6129851674118826e-10
16,1234,404,127,3.042609443887765e-10,6.968943072779394e-10,4.055306926979695e-10
16,1234,404,128,2.840160294752386e-10,6.381084927051147e-10,3.528502585132393e-10
16,1234,404,129,2.7337198147284894e-10,5.522933872660646e-10,3.447378172308527e-10
16,1234,404,130,2.592006841113262e-10,5.281318839436176e-10,3.093349229531583e-10
16,1234,404,131,2.2976368319711782e-10,5.097179157683499e-10,3.018040550917537e-10
16,1234,404,132,2.0852250697596084e-10,4.994133230974087e-10,2.9526648626411324e-10
16,1234,404,133,2.0193409413856352e-10,4.214322168052955e-10,2.381766722305459e-10
16,1234,404,134,2.0018696320238222e-10,4.110065737344223e-10,2.2198762268062412e-10
16,1234,404,135,1.9643058666715275e-10,3.9060454806549894e-10,1.8787541345107274e-10
16,1234,404,136,1.8202693836462245e-10,3.5763591587443343e-10,1.8089916601707356e-10
16,1234,404,137,1.5832504002358893e-10,3.221657579680752e-10,1.728574540086852e-10
16,1234,404,138,1.37993580484264e-10,3.1593400646319593e-10,1.574555710329982e-10
16,1234,404,139,1.335489612467696e-10,2.826807364001448e-10,1.3288296541091382e-10
16,1234,404,140,1.2445016709507642e-10,2.4612194663014495e-10,1.2892994174636054e-10
16,1234,404,141,1.224308624231484e-10,2.4252687368346365e-10,1.2716240487284478e-10
16,1234,404,142,1.1203418212945467e-10,2.19531265347544e-10,1.1466884262656228e-10
16,1234,404,143,9.861050158272714e-11,1.990674723777027e-10,1.0632170902018098e-10
16,1234,404,144,9.277279014613912e-11,1.9748192868736217e-10,1.0179086249882354e-10
16,1234,404,145,9.06135410183767e-11,1.733553587695922e-10,9.858886991663082e-11
16,1234,404,146,7.087569517366446e-11,1.5547672382335e-10,7.862743526833611e-11
16,1234,404,147,6.796042803736556e-11,1.369563028267608e-10,6.98676873898824e-11
16,1234,404,148,6.606669168933498e-11,1.289974732607895e-10,6.730107664230996e-11
16,1234,404,149,5.861148224987309e-11,1.2570342373925047e-10,6.381294394792279e-11
16,1234,404,150,5.151847158866132e-11,1.1087224160640381e-10,5.6787421051686965e-11
16,1234,404,151,5.1102608990107376e-11,1.0856741770768305e-10,5.459522282090831e-11
16,1234,404,152,4.4061791883056244e-11,1.0757004545009043e-10,4.885828906515019e-11
16,1234,404,153,4.374419598196649e-11,8.719991605245887e-11,4.5880335324919834e-11
16,1234,404,154,3.961131290765567e-11,7.787244538395382e-11,4.423906814464339e-11
16,1234,404,155,3.774285340421495e-11,7.160297724363449e-11,4.179911819093759e-11
16,1234,404,156,3.7432507798994427e-11,6.55196438496453e-11,3.8461618634482936e-11
16,1234,404,157,3.4024289531510535e-11,6.213578047311974e-11,3.6128533557120665e-11
16,1234,404,158,3.357543864408872e-11,5.573305973838765e-11,3.3684037512043195e-11
16,1234,404,159,2.764788586672645e-11,5.3987124806340605e-11,3.0552141371700286e-11
16,1234,404,160,2.3594916332352475e-11,4.502600945986107e-11,2.945604974740213e-11
16,1234,404,161,2.0857674025539138e-11,4.313664360933366e-11,2.7024668916951743e-11
16,1234,404,162,2.0536878178534394e-11,4.198608520815463e-11,2.3653013274680006e-11
16,1234,404,163,1.926262622965354e-11,3.845616566841729e-11,2.173042074132958e-11
16,1234,404,164,1.8112924204811084e-11,3.187015292821732e-11,1.9650493306961182e-11
16,1234,404,165,1.5904653038050117e-11,3.031081575582163e-11,1.853011751744341e-11
16,1234,404,166,1.569627674126727e-11,2.5091815104556297e-11,1.7165592943196108e-11
16,1234,404,167,1.5290056801125754e-11,2.3589814504210355e-11,1.6004099537687384e-11
16,1234,404,168,1.2067787742168769e-11,2.1114418223896e-11,1.4764619807089497e-11
16,1234,404,169,8.536047538412327e-12,2.0933766979650325e-11,1.3833332785011063e-11
16,1234,404,170,8.517214014962634e-12,1.927167020853721e-11,1.2662169299761206e-11
16,1234,404,171,8.085255314184024e-12,1.9067227301100277e-11,1.1331738899354854e-11
16,1234,404,172,7.549325917341788e-12,1.797964203113164e-11,1.1146470276544292e-11
16,1234,404,173,7.31438291855678e-12,1.4912065476315435e-11,9.426116669785322e-12
16,1234,404,174,7.178192631928697e-12,1.3722556106724576e-11,9.143725300621339e-12
16,1234,404,175,6.283117360700651e-12,1.2685890657361836e-11,8.040811099070488e-12
16,1234,404,176,5.672936039378414e-12,1.1383590704533808e-11,7.058332899767229e-12
16,1234,404,177,4.945287374508576e-12,1.126691837393939e-11,6.906155396022113e-12
16,1234,404,178,4.269734296011313e-12,9.36393687043641e-12,5.54475741218761e-12
16,1234,404,179,3.810233018372898e-12,9.141138660821447e-12,4.8934139653520555e-12
16,1234,404,180,3.417495380404449e-12,8.501359858289393e-12,4.494749079897173e-12
16,1234,404,181,3.2139742794266004e-12,7.117806188930305e-12,4.348174025493822e-12
16,1234,404,182,3.0769911505311263e-12,6.33735061100784e-12,3.8474985412712375e-12
16,1234,404,183,2.847271654809395e-12,5.907179443237699e-12,3.4874019904742905e-12
16,1234,404,184,2.406270726697248e-12,5.8051750621058364e-12,3.064208889628212e-12
16,1234,404,185,2.250392402044746e-12,4.729642194666452e-12,2.784743189582212e-12
16,1234,404,186,1.99748103167563e-12,4.456817670262142e-12,2.664457355694356e-12
16,1234,404,187,1.8292717849637166e-12,4.2648702156672284e-12,2.458905144282803e-12
16,1234,404,188,1.7988094650359913e-12,4.2311769515241574e-12,2.094395545606846e-12
16,1234,404,189,1.6320101003868114e-12,3.695006085029252e-12,1.780065083647206e-12
16,1234,404,190,1.2254004557787783e-12,3.5776313856895932e-12,1.717056543950073e-12
16,1234,404,191,1.203204243937598e-12,3.0357101261875424e-12,1.5486373692901112e-12
16,1234,404,192,1.1670582993866006e-12,2.9503926557451953e-12,1.3936374629367742e-12
16,1234,404,193,9.321116899824176e-13,2.4450205806090778e-12,1.1465372532850292e-12
16,1234,404,194,7.38437597133863e-13,2.4187070305358507e-12,1.105456942955927e-12
16,1234,404,195,6.549695071382668e-13,2.2205949960519627e-12,1.0429313122606565e-12
16,1234,404,196,6.529616393268932e-13,2.0840508488099725e-12,9.505568669482614e-13
16,1234,404,197,6.054129642905482e-13,1.8717756750383494e-12,8.793279033960705e-13
16,1234,404,198,5.937183002704223e-13,1.648713291881449e-12,8.30801487459136e-13
16,1234,404,199,5.41978659974604e-13,1.5649481676211003e-12,6.825251742230237e-13
16,1234,404,200,4.520926741398102e-13,1.481665894817014e-12,6.056505266486218e-13
16,1234,404,201,4.1721872816710557e-13,9.265035940018646e-13,5.87437681770579e-13
16,1234,404,202,3.3645977261539423e-13,8.832880386769955e-13,5.126908281267083e-13
16,1234,404,203,3.055999209005048e-13,8.339982424386402e-13,3.818663034383556e-13
16,1234,404,204,2.54689833339043e-13,7.730748237159414e-13,3.5804662513439806e-13
16,1234,404,205,2.4862165384553737e-13,7.544376632476389e-13,3.21989422780721e-13
16,1234,404,206,2.083198044298796e-13,6.903326514197093e-13,3.0299061021000157e-13
16,1234,404,207,1.7674562822193498e-13,6.08874404668046e-13,2.5403942740425595e-13
16,1234,404,208,1.717016699527251e-13,5.925484099564822e-13,2.2779174488883846e-13
16,1234,404,209,1.5502736008485883e-13,5.272711804919942e-13,2.1598835471817708e-13
16,1234,404,210,1.494512953718559e-13,5.191660855081687e-13,1.937219801259774e-13
16,1234,404,211,1.477747790793649e-13,4.638446577850972e-13,1.8118618220810797e-13
16,1234,404,212,1.2041089621718682e-13,3.460997143613118e-13,1.442520625044835e-13
16,1234,404,213,8.066093129445567e-14,3.258109063028437e-13,1.3511887581531553e-13
16,1234,404,214,7.89335998119232e-14,2.4063367105952043e-13,1.283326848988265e-13
16,1234,404,215,5.784113301122442e-14,2.1106374095921608e-13,1.135874604084411e-13
16,1234,404,216,5.231385725338233e-14,2.001473232908932e-13,1.0857013039796984e-13
16,1234,404,217,4.6686800323373204e-14,1.7703637957036446e-13,9.533297891813519e-14
16,1234,404,218,4.6628418158151926e-14,1.6795903368447536e-13,8.262709074552458e-14
16,1234,404,219,4.028695430384832e-14,1.5687967291246127e-13,7.240401500623578e-14
16,1234,404,220,3.872574474749516e-14,1.3062449696923886e-13,6.684752848803567e-14
16,1234,404,221,3.142586476499401e-14,1.1328756101039021e-13,5.3448632390080196e-14
16,1234,404,222,2.948515236505152e-14,1.0235908496495087e-13,5.315490887834155e-14
16,1234,404,223,2.516957704234322e-14,9.276282147879696e-14,4.654115154715839e-14
16,1234,404,224,2.0306511056880674e-14,8.560968670868711e-14,3.1875036413809795e-14
16,1234,404,225,1.877421575182038e-14,6.919305524515394e-14,2.8355096512286718e-14
16,1234,404,226,1.262829160013072e-14,6.909946800877357e-14,2.6382782982268475e-14
16,1234,404,227,1.2619255167834533e-14,5.135219245321808e-14,1.6724101639126072e-14
16,1234,404,228,1.0438037636276158e-14,4.1400493947163995e-14,1.597761840959242e-14
16,1234,404,229,6.937893525066503e-15,3.3362526480093397e-14,1.5272931545319365e-14
16,1234,404,230,6.277935188393842e-15,2.6904661966535887e-14,1.338605778056033e-14
16,1234,404,231,5.934476140794221e-15,2.5183944495194628e-14,1.0724536189447827e-14
16,1234,404,232,5.7505904254415445e-15,2.2900984894931233e-14,1.0594388559081396e-14
16,1234,404,233,4.471631751986074e-15,2.130397426885802e-14,8.503644944901024e-15
16,1234,404,234,2.789109685996704e-15,1.787766633236619e-14,6.25638539697798e-15
16,1234,404,235,2.5060083147144065e-15,1.3088175058955056e-14,5.196119270955683e-15
16,1234,404,236,1.7139952896131228e-15,9.288955360021105e-15,4.026206327056492e-15
16,1234,404,237,1.4006623317600924e-15,8.797759604080909e-15,3.6255930898070115e-15
16,1234,404,238,1.3537336853144922e-15,7.545884108319136e-15,2.8215046369852037e-15
16,1234,404,239,1.2576277544231882e-15,5.928031484779675e-15,2.4403053432458933e-15
16,1234,404,240,9.999999999999873e-16,5.889219828510014e-15,1.7264613699713985e-15
16,1234,404,241,9.999999999999873e-16,4.920005141384053e-15,1.4710528184816516e-15
16,1234,404,242,9.999999999999873e-16,2.885059177795028e-15,1.4148047518276428e-15
16,1234,404,243,9.999999999999873e-16,2.749373671362495e-15,9.999999999999888e-16
16,1234,404,244,9.999999999999873e-16,1.858425200118143e-15,9.999999999999888e-16
16,1234,404,245,9.999999999999873e-16,1.7358972722610193e-15,9.999999999999888e-16
16,1234,404,246,9.999999999999873e-16,9.999999999999916e-16,9.999999999999888e-16
16,1234,404,247,9.999999999999873e-16,9.999999999999916e-16,9.999999999999888e-16
16,1234,404,248,9.999999999999873e-16,9.999999999999916e-16,9.999999999999888e-16
16,1234,404,249,9.999999999999873e-16,9.999999999999916e-16,9.999999999999888e-16
16,1234,404,250,9.999999999999873e-16,9.999999999999916e-16,9.999999999999888e-16
16,1234,404,251,9.999999999999873e-16,9.999999999999916e-16,9.999999999999888e-16
16,1234,404,252,9.999999999999873e-16,9.999999999999916e-16,9.999999999999888e-16
16,1234,404,253,9.999999999999873e-16,9.999999999999916e-16,9.999999999999888e-16
16,1234,404,254,9.999999999999873e-16,9.999999999999916e-16,9.999999999999888e-16
16,1234,404,255,9.999999999999873e-16,9.999999999999916e-16,9.999999999999888e-16
16,1234,404,256,9.999999999999873e-16,9.999999999999916e-16,9.999999999999888e-16
16,1234,505,1,0.8825458209487629,0.8827037920885109,0.8825336369614307
16,1234,505,2,0.047853307885157646,0.04810340393415047,0.04805150721582406
16,1234,505,3,0.029091037549141524,0.02910933593439197,0.029217400015693333
16,1234,505,4,0.021330951408082097,0.02110537637121186,0.0214341222028111
16,1234,505,5,0.006871909216143172,0.0067826388096529034,0.006823316836233437
16,1234,505,6,0.00574307449156189,0.005712420363025998,0.0057485170507847625
16,1234,505,7,0.0014936602364168743,0.0014645687870140465,0.0013890148382777094
16,1234,505,8,0.001117768929150518,0.001082314025469253,0.0010211229662646015
16,1234,505,9,0.0007356478332269588,0.0007504867929477424,0.0007523524295301564
16,1234,505,10,0.0006622115726716103,0.000682201409726804,0.0006027886878646752
16,1234,505,11,0.0005324157675242382,0.0005253371760267755,0.00053660065180287
16,1234,505,12,0.0005153464594525107,0.0005025857335481979,0.000475108908247448
16,1234,505,13,0.00030807320032014265,0.00030386355321993126,0.00030211741992042257
16,1234,505,14,0.00026800408402218864,0.00026196677176386324,0.00024373230670238674
16,1234,505,15,0.0002188601963795404,0.00021313329946157357,0.0002131359817278793
16,1234,505,16,0.00015114839567218486,0.00013364140376464123,0.0001364395009626331
16,1234,505,17,0.0001411282355647843,0.00012763935037832144,0.00011396571489044773
16,1234,505,18,9.603751237014616e-05,9.246745374180088e-05,9.469870492347934e-05
16,1234,505,19,5.045369389171185e-05,4.7379142174357155e-05,5.3241810532236666e-05
16,1234,505,20,3.879155413995902e-05,4.542931604345395e-05,3.787520203136514e-05
16,1234,505,21,3.0091287146614053e-05,4.436141870368573e-05,3.688077378859492e-05
16,1234,505,22,2.6119245500024882e-05,2.6296813844208486e-05,2.465969855673661e-05
16,1234,505,23,2.4340776742798723e-05,2.2680464523657475e-05,2.0558619584409605e-05
16,1234,505,24,1.956903956871366e-05,1.984125155470568e-05,2.0021221327814793e-05
16,1234,505,25,1.7653582687830297e-05,1.735053255309512e-05,1.645163778216631e-05
16,1234,505,26,1.7217011852718952e-05,1.5979655128469713e-05,1.3334023046738854e-05
16,1234,505,27,1.4604465616461424e-05,1.549833564491229e-05,1.3027504680109892e-05
16,1234,505,28,1.3841642611670772e-05,1.2319207445382639e-05,1.0886069670348677e-05
16,1234,505,29,9.226011368091038e-06,1.0548186280589976e-05,8.73757049894593e-06
16,1234,505,30,8.169651869992179e-06,9.084881251073405e-06,7.099120879425857e-06
16,1234,505,31,8.146765270958807e-06,6.773743215271748e-06,6.391484662909922e-06
16,1234,505,32,5.505959147006521e-06,6.739438654290984e-06,6.162461072975215e-06
16,1234,505,33,4.3822547940543275e-06,5.291707241624151e-06,4.04142305881749e-06
16,1234,505,34,4.294268818388532e-06,4.16240797490334e-06,3.6033296317077603e-06
16,1234,505,35,4.197445327047331e-06,4.062938752089099e-06,3.0089849660814636e-06
16,1234,505,36,3.4613433638440434e-06,3.372822153276377e-06,2.8798425495867935e-06
16,1234,505,37,2.450982680492833e-06,3.2973738360815938e-06,2.3085034004872926e-06
16,1234,505,38,2.3095451871569825e-06,2.746890917986032e-06,2.2370867656742292e-06
16,1234,505,39,2.113958063081727e-06,2.0581047894591598e-06,2.1414283838423617e-06
16,1234,505,40,2.0045924772039494e-06,2.0235742469744275e-06,1.7405913433651431e-06
16,1234,505,41,1.7646265495123476e-06,1.7128374652580981e-06,1.5380047135730186e-06
16,1234,505,42,1.4393989272342166e-06,1.6423553998664192e-06,1.3075903595948385e-06
16,1234,505,43,1.2325617677249727e-06,1.2611037780918248e-06,1.1309785610006824e-06
16,1234,505,44,1.1447596021938677e-06,1.1892702314859304e-06,1.0737701170566865e-06
16,1234,505,45,1.0015627961275632e-06,8.093521143606623e-07,9.396924988384399e-07
16,1234,505,46,9.318220998032516e-07,7.9818604418691e-07,7.438299181804076e-07
16,1234,505,47,8.627749408141679e-07,7.615116885055309e-07,6.803385249323668e-07
16,1234,505,48,7.988531666183804e-07,7.163970880182746e-07,6.118328927549468e-07
16,1234,505,49,6.958817141349982e-07,7.005502040478611e-07,5.247055263943724e-07
16,1234,505,50,4.714900981700258e-07,6.273918941010671e-07,4.4244932745265995e-07
16,1234,505,51,4.620814208100144e-07,5.795751292385095e-07,4.132774609692527e-07
16,1234,505,52,3.3325669505872907e-07,4.735143937700812e-07,3.916664044771993e-07
16,1234,505,53,3.2767152377422924e-07,4.3048808674300627e-07,3.047544250437572e-07
16,1234,505,54,3.097706384596835e-07,3.6995490679534505e-07,2.7614967052087896e-07
16,1234,505,55,2.89170697048571e-07,3.574281301537314e-07,2.7238950452789716e-07
16,1234,505,56,2.622492486076534e-07,2.8337672185211134e-07,2.389397245530209e-07
16,1234,505,57,2.288150670760097e-07,2.544034714742633e-07,2.2605604510038775e-07
16,1234,505,58,2.0886396679893288e-07,2.1578323729408243e-07,1.9514703096505026e-07
16,1234,505,59,2.018467202442059e-07,2.0942343586958078e-07,1.720299842594667e-07
16,1234,505,60,1.907455982449088e-07,2.0027927617729055e-07,1.6315765019052702e-07
16,1234,505,61,1.5725752361033124e-07,1.7606807041572772e-07,1.2850318572393045e-07
16,1234,505,62,1.2883923093133906e-07,1.678723771341705e-07,1.2752867904593394e-07
16,1234,505,63,1.2730870040787457e-07,1.5784709984506104e-07,1.2136845577114019e-07
16,1234,505,64,1.131153315497495e-07,1.4701598963512842e-07,1.1100694036723453e-07
16,1234,505,65,9.452535807804925e-08,1.2071634734998072e-07,9.804301744005301e-08
16,1234,505,66,8.145420289772293e-08,9.934093119717761e-08,9.150770101197009e-08
16,1234,505,67,7.970215298006015e-08,9.323789365902889e-08,7.916227969789576e-08
16,1234,505,68,6.30965133302488e-08,9.193491100436225e-08,6.60764986955052e-08
16,1234,505,69,5.380921418660808e-08,7.641285961866003e-08,5.5397315929502306e-08
16,1234,505,70,4.817826504348325e-08,6.889082482823202e-08,5.201783735026378e-08
16,1234,505,71,4.620212673209864e-08,6.727624164458413e-08,4.742005705635664e-08
16,1234,505,72,4.2092333438674354e-08,5.5587142108384595e-08,4.2847630122306147e-08
16,1234,505,73,3.792220816120411e-08,5.17926300777958e-08,3.7944201518014745e-08
16,1234,505,74,2.939848135615956e-08,4.942758091182244e-08,3.612548386698939e-08
16,1234,505,75,2.79907640532355e-08,4.835162144199827e-08,3.24480207613038e-08
16,1234,505,76,2.7109644866098688e-08,4.01463738713332e-08,2.7835642873501943e-08
16,1234,505,77,2.5545233181082372e-08,3.712352317605461e-08,2.4858898542945302e-08
16,1234,505,78,2.545780393995265e-08,2.9890114087504864e-08,2.3841273948637437e-08
16,1234,505,79,2.48388478971759e-08,2.6210367704098046e-08,2.2176593050358567e-08
16,1234,505,80,2.0816505092118987e-08,2.453344640021725e-08,1.9497808203705076e-08
16,1234,505,81,1.9751762958316666e-08,2.1939861278131135e-08,1.9231208634821583e-08
16,1234,505,82,1.775039428362393e-08,2.049464090703561e-08,1.6202916521498806e-08
16,1234,505,83,1.756916544659457e-08,1.8687076450547007e-08,1.5531455726674738e-08
16,1234,505,84,1.496125149462214e-08,1.8554435559558222e-08,1.4255221180736529e-08
16,1234,505,85,1.397928467528628e-08,1.7041983833074072e-08,1.3688822938940034e-08
16,1234,505,86,1.3451140545010359e-08,1.5364513572129214e-08,1.2513540967360507e-08
16,1234,505,87,1.3353395517799662e-08,1.5228125884662564e-08,1.2134278927155565e-08
16,1234,505,88,9.737238837197293e-09,1.4317217762749089e-08,1.1215900574568655e-08
16,1234,505,89,8.310308330058758e-09,1.3770375393454636e-08,1.0985308983814249e-08
16,1234,505,90,8.10038867949748e-09,1.2312106880441775e-08,9.86654402263554e-09
16,1234,505,91,7.91552838725787e-09,1.1878069076100467e-08,8.891143435078034e-09
16,1234,505,92,7.432264996536714e-09,1.0724224957871785e-08,8.773411414934662e-09
16,1234,505,93,6.889077093245243e-09,9.896588262150497e-09,7.060067439313953e-09
16,1234,505,94,6.503280211157663e-09,8.65824845412888e-09,6.492775827845517e-09
16,1234,505,95,5.736675581570921e-09,8.270300382358198e-09,5.760762733859609e-09
16,1234,505,96,5.269011334396962e-09,7.3883134582562075e-09,5.33187232001205e-09
16,1234,505,97,5.110527531601669e-09,6.099602238914524e-09,4.962592980337034e-09
16,1234,505,98,4.458978964661031e-09,5.980690210747381e-09,4.8872320577587115e-09
16,1234,505,99,4.415934050366703e-09,5.9125011790808236e-09,4.207134572023979e-09
16,1234,505,100,4.080432955478975e-09,5.464115160794019e-09,4.041477284621328e-09
16,1234,505,101,3.947824068534947e-09,4.753668649422036e-09,3.734786371997915e-09
16,1234,505,102,3.716814628653541e-09,3.993017394370679e-09,3.226413622869479e-09
16,1234,505,103,3.0339715341378647e-09,3.968387131661432e-09,2.9644365218592853e-09
16,1234,505,104,2.6689982334107237e-09,3.809426125609878e-09,2.8388188020854666e-09
16,1234,505,105,2.4942306948860797e-09,3.725945914002682e-09,2.487453406463947e-09
16,1234,505,106,2.342901259716207e-09,3.439298274376055e-09,2.3842842082031858e-09
16,1234,505,107,2.064929432417663e-09,2.8562519157810226e-09,2.258024994179518e-09
16,1234,505,108,1.9390830233247347e-09,2.2224794573239305e-09,2.120714099906523e-09
16,1234,505,109,1.8123809174978685e-09,2.191712077287194e-09,1.906714206844328e-09
16,1234,505,110,1.7265250770264582e-09,2.1386325531726774e-09,1.632497612492174e-09
16,1234,505,111,1.565768492621552e-09,1.968874732325403e-09,1.4790194050171345e-09
16,1234,505,112,1.244798484228094e-09,1.7004992118992082e-09,1.4672966587035502e-09
16,1234,505,113,1.2324485895700619e-09,1.6650546598325038e-09,1.344522936329457e-09
16,1234,505,114,1.1448719935268684e-09,1.5570119046308528e-09,1.3166044440920862e-09
16,1234,505,115,1.0009502208783549e-09,1.2350336811831072e-09,1.085711316079322e-09
16,1234,505,116,9.992045657876482e-10,1.1539722066461518e-09,1.045580412964116e-09
16,1234,505,117,9.225442807652034e-10,1.1391302179753939e-09,9.553398622899535e-10
16,1234,505,118,8.312403223775049e-10,1.0482149380658399e-09,9.10325741768394e-10
16,1234,505,119,8.041503584209024e-10,1.0051555513244869e-09,7.415231519784651e-10
16,1234,505,120,6.96639670934019e-10,9.860647076807341e-10,6.710611526283817e-10
16,1234,505,121,6.299398471040173e-10,8.685976305264354e-10,6.240458630699923e-10
16,1234,505,122,5.429782143297968e-10,7.874054580388568e-10,6.017541222815316e-10
16,1234,505,123,5.060136733619841e-10,7.702525858477834e-10,5.49178032649161e-10
16,1234,505,124,4.5293818386166854e-10,7.373419175835762e-10,5.198987999430209e-10
16,1234,505,125,3.8220815358630405e-10,6.436920071443527e-10,4.859124446198562e-10
16,1234,505,126,3.116323075763791e-10,6.266183000943927e-10,4.1045553767691126e-10
16,1234,505,127,3.042609443887765e-10,5.983878179467885e-10,3.8166174836504835e-10
16,1234,505,128,2.840160294752386e-10,5.478010028280532e-10,3.662322088388629e-10
16,1234,505,129,2.7337198147284894e-10,4.682024025690054e-10,3.558992128025153e-10
16,1234,505,130,2.592006841113262e-10,3.690831543811276e-10,3.11654734307678e-10
16,1234,505,131,2.2976368319711782e-10,3.3848408379969186e-10,3.0134893502518704e-10
16,1234,505,132,2.0852250697596084e-10,2.936483926311109e-10,2.7780435350420943e-10
16,1234,505,133,2.0193409413856352e-10,2.8844042260667736e-10,2.743478397339652e-10
16,1234,505,134,2.0018696320238222e-10,2.797963887660214e-10,2.4524865508511783e-10
16,1234,505,135,1.9643058666715275e-10,2.76242578794528e-10,2.1229582210659557e-10
16,1234,505,136,1.8202693836462245e-10,2.647990005447559e-10,1.8043343778706479e-10
16,1234,505,137,1.5832504002358893e-10,2.1858153203145216e-10,1.7899152871700312e-10
16,1234,505,138,1.37993580484264e-10,2.1350963586947836e-10,1.4023461089487147e-10
16,1234,505,139,1.335489612467696e-10,2.0460294776733352e-10,1.3801572040195903e-10
16,1234,505,140,1.2445016709507642e-10,1.8923204738436007e-10,1.2472520161039692e-10
16,1234,505,141,1.224308624231484e-10,1.7723284599870153e-10,1.2324291268509658e-10
16,1234,505,142,1.1203418212945467e-10,1.5151283499421797e-10,1.0929978362017076e-10
16,1234,505,143,9.861050158272714e-11,1.3475839228942118e-10,1.0467180943464458e-10
16,1234,505,144,9.277279014613912e-11,1.3275745511807362e-10,9.803866075802385e-11
16,1234,505,145,9.06135410183767e-11,1.1692625216961792e-10,7.894499308684343e-11
16,1234,505,146,7.087569517366446e-11,1.095469145779502e-10,7.623294847504926e-11
16,1234,505,147,6.796042803736556e-11,1.0818369565011906e-10,7.224779048050092e-11
16,1234,505,148,6.606669168933498e-11,9.19973147396254e-11,6.960046070144352e-11
16,1234,505,149,5.861148224987309e-11,8.79950431088784e-11,6.742904865238472e-11
16,1234,505,150,5.151847158866132e-11,7.754752555643857e-11,5.966060301224616e-11
16,1234,505,151,5.1102608990107376e-11,7.16124358809594e-11,5.8143766146474185e-11
16,1234,505,152,4.4061791883056244e-11,6.984645789069674e-11,5.066108004029429e-11
16,1234,505,153,4.374419598196649e-11,6.349279637625846e-11,4.9803566390967255e-11
16,1234,505,154,3.961131290765567e-11,6.249514260496166e-11,4.5793107065803815e-11
16,1234,505,155,3.774285340421495e-11,5.499158680090981e-11,4.186450033154647e-11
16,1234,505,156,3.7432507798994427e-11,4.9873425701051135e-11,3.794015576722633e-11
16,1234,505,157,3.4024289531510535e-11,4.820068688856707e-11,3.5934688987284726e-11
16,1234,505,158,3.357543864408872e-11,4.212500458596853e-11,3.333374874323789e-11
16,1234,505,159,2.764788586672645e-11,3.7464531267206115e-11,2.9927362618899264e-11
16,1234,505,160,2.3594916332352475e-11,3.714998611332338e-11,2.5857672868060817e-11
16,1234,505,161,2.0857674025539138e-11,3.508155755903336e-11,2.5527695212763444e-11
16,1234,505,162,2.0536878178534394e-11,3.056383773104198e-11,2.3737830382053333e-11
16,1234,505,163,1.926262622965354e-11,2.5452030428967793e-11,2.240824641430495e-11
16,1234,505,164,1.8112924204811084e-11,2.514759861484175e-11,1.9632251298984382e-11
16,1234,505,165,1.5904653038050117e-11,2.3797787527828075e-11,1.8244856406876157e-11
16,1234,505,166,1.569627674126727e-11,2.289981160606656e-11,1.5619641163088496e-11
16,1234,505,167,1.5290056801125754e-11,2.1222157469739788e-11,1.4271493711453303e-11
16,1234,505,168,1.2067787742168769e-11,1.9763769879062527e-11,1.2915167756443037e-11
16,1234,505,169,8.536047538412327e-12,1.9499796504690895e-11,1.2156489342473932e-11
16,1234,505,170,8.517214014962634e-12,1.867090479285338e-11,1.1298093624095754e-11
16,1234,505,171,8.085255314184024e-12,1.5901651973619067e-11,1.0587893519912463e-11
16,1234,505,172,7.549325917341788e-12,1.5659699773520655e-11,9.91741211340413e-12
16,1234,505,173,7.31438291855678e-12,1.4310466264176987e-11,9.602952474317264e-12
16,1234,505,174,7.178192631928697e-12,1.322619459528913e-11,8.792397959644688e-12
16,1234,505,175,6.283117360700651e-12,1.2929022856148222e-11,7.489834976508764e-12
16,1234,505,176,5.672936039378414e-12,1.054298882805991e-11,6.96976180641892e-12
16,1234,505,177,4.945287374508576e-12,9.252906583468087e-12,6.4015515417208405e-12
16,1234,505,178,4.269734296011313e-12,9.190631865606629e-12,5.797588961015737e-12
16,1234,505,179,3.810233018372898e-12,8.264601499461135e-12,5.290762529218954e-12
16,1234,505,180,3.417495380404449e-12,8.128417592360203e-12,5.24253960758756e-12
16,1234,505,181,3.2139742794266004e-12,7.85968220394586e-12,4.90298202396735e-12
16,1234,505,182,3.0769911505311263e-12,5.880334757798936e-12,3.913962498973003e-12
16,1234,505,183,2.847271654809395e-12,5.023040259344397e-12,3.678766006064643e-12
16,1234,505,184,2.406270726697248e-12,4.8742206299734955e-12,3.113124863749092e-12
16,1234,505,185,2.250392402044746e-12,4.426816169675457e-12,2.6795897823279233e-12
16,1234,505,186,1.99748103167563e-12,3.2891739523980762e-12,2.601259313973126e-12
16,1234,505,187,1.8292717849637166e-12,3.183159363714474e-12,2.5642312417109036e-12
16,1234,505,188,1.7988094650359913e-12,3.1276267365820406e-12,2.1526132726495925e-12
16,1234,505,189,1.6320101003868114e-12,2.8069555215107242e-12,2.0596043328822456e-12
16,1234,505,190,1.2254004557787783e-12,2.5871532435326534e-12,1.5664783825849939e-12
16,1234,505,191,1.203204243937598e-12,2.204785162538472e-12,1.5243278277662222e-12
16,1234,505,192,1.1670582993866006e-12,2.1707955759783e-12,1.4676926196808368e-12
16,1234,505,193,9.321116899824176e-13,1.9288992393677023e-12,1.4222389639560402e-12
16,1234,505,194,7.38437597133863e-13,1.650783596114931e-12,1.2732559111290257e-12
16,1234,505,195,6.549695071382668e-13,1.517344690770124e-12,1.0490589213918912e-12
16,1234,505,196,6.529616393268932e-13,1.4343962328006026e-12,9.096651327261158e-13
16,1234,505,197,6.054129642905482e-13,1.1265030473098102e-12,8.391260372080225e-13
16,1234,505,198,5.937183002704223e-13,1.0664778093669703e-12,7.215813497785137e-13
16,1234,505,199,5.41978659974604e-13,1.000184556549419e-12,7.048365464195059e-13
16,1234,505,200,4.520926741398102e-13,9.660712582230342e-13,6.099804948547876e-13
16,1234,505,201,4.1721872816710557e-13,8.054971705613111e-13,5.659774020146157e-13
16,1234,505,202,3.3645977261539423e-13,7.697205376714675e-13,5.176009847256459e-13
16,1234,505,203,3.055999209005048e-13,6.888817446433781e-13,4.233920107366094e-13
16,1234,505,204,2.54689833339043e-13,5.150891299740981e-13,3.9942857460396995e-13
16,1234,505,205,2.4862165384553737e-13,4.914006500206086e-13,3.353507521482255e-13
16,1234,505,206,2.083198044298796e-13,4.13876556598744e-13,2.728000774161589e-13
16,1234,505,207,1.7674562822193498e-13,3.8936210960456466e-13,2.5105072832869413e-13
16,1234,505,208,1.717016699527251e-13,3.4573144284906456e-13,2.3994862953211043e-13
16,1234,505,209,1.5502736008485883e-13,3.3053448299667347e-13,2.004687879734594e-13
16,1234,505,210,1.494512953718559e-13,3.080122250266014e-13,1.8849416174139507e-13
16,1234,505,211,1.477747790793649e-13,2.72754479352158e-13,1.762124867359602e-13
16,1234,505,212,1.2041089621718682e-13,2.23742644199815e-13,1.592098828758611e-13
16,1234,505,213,8.066093129445567e-14,2.1609005356060934e-13,1.4027050034843714e-13
16,1234,505,214,7.89335998119232e-14,1.813130134628616e-13,1.0149539380665812e-13
16,1234,505,215,5.784113301122442e-14,1.7265082528767515e-13,1.0092544692579431e-13
16,1234,505,216,5.231385725338233e-14,1.542347866136582e-13,9.527795341833887e-14
16,1234,505,217,4.6686800323373204e-14,1.193877667906355e-13,8.458921862248423e-14
16,1234,505,218,4.6628418158151926e-14,9.907698748401728e-14,7.894320255172416e-14
16,1234,505,219,4.028695430384832e-14,8.865208249644604e-14,6.671075163833246e-14
16,1234,505,220,3.872574474749516e-14,7.715472125363733e-14,6.088175268915069e-14
16,1234,505,221,3.142586476499401e-14,6.34628308411499e-14,4.6883793075569344e-14
16,1234,505,222,2.948515236505152e-14,5.470408808780816e-14,4.275190113440462e-14
16,1234,505,223,2.516957704234322e-14,4.8644600706433776e-14,3.9800747356849014e-14
16,1234,505,224,2.0306511056880674e-14,4.16983477609124e-14,3.1527070137452875e-14
16,1234,505,225,1.877421575182038e-14,3.550648581650482e-14,2.6297309518158597e-14
16,1234,505,226,1.262829160013072e-14,2.973318089892116e-14,2.4923453968298065e-14
16,1234,505,227,1.2619255167834533e-14,2.945536389898347e-14,2.1310982810658078e-14
16,1234,505,228,1.0438037636276158e-14,2.7298562750567727e-14,1.883946212769452e-14
16,1234,505,229,6.937893525066503e-15,1.9688371457459394e-14,1.4627798084294457e-14
16,1234,505,230,6.277935188393842e-15,1.7950631662246154e-14,1.280187492855307e-14
16,1234,505,231,5.934476140794221e-15,1.6091093130766092e-14,1.1275155968159326e-14
16,1234,505,232,5.7505904254415445e-15,1.582417744493793e-14,8.693972885929596e-15
16,1234,505,233,4.471631751986074e-15,1.2281175832221565e-14,7.166536659991392e-15
16,1234,505,234,2.789109685996704e-15,1.1061119742264437e-14,6.331870567767365e-15
16,1234,505,235,2.5060083147144065e-15,7.802918441727328e-15,4.9116373984402366e-15
16,1234,505,236,1.7139952896131228e-15,6.2440819951145875e-15,4.5356549666854314e-15
16,1234,505,237,1.4006623317600924e-15,6.2199012346125586e-15,3.512564978998583e-15
16,1234,505,238,1.3537336853144922e-15,5.505977632356996e-15,3.1128340988820596e-15
16,1234,505,239,1.2576277544231882e-15,3.2091782175485794e-15,1.7308301019384503e-15
16,1234,505,240,9.999999999999873e-16,3.073117149483074e-15,1.7028486700929563e-15
16,1234,505,241,9.999999999999873e-16,2.5418111446120118e-15,1.479940035724094e-15
16,1234,505,242,9.999999999999873e-16,2.1059106481879216e-15,1.1503882097409407e-15
16,1234,505,243,9.999999999999873e-16,1.3427604828693171e-15,9.999999999999896e-16
16,1234,505,244,9.999999999999873e-16,1.1442878967323213e-15,9.999999999999896e-16
16,1234,505,245,9.999999999999873e-16,9.999999999999902e-16,9.999999999999896e-16
16,1234,505,246,9.999999999999873e-16,9.999999999999902e-16,9.999999999999896e-16
16,1234,505,247,9.999999999999873e-16,9.999999999999902e-16,9.999999999999896e-16
16,1234,505,248,9.999999999999873e-16,9.999999999999902e-16,9.999999999999896e-16
16,1234,505,249,9.999999999999873e-16,9.999999999999902e-16,9.999999999999896e-16
16,1234,505,250,9.999999999999873e-16,9.999999999999902e-16,9.999999999999896e-16
16,1234,505,251,9.999999999999873e-16,9.999999999999902e-16,9.999999999999896e-16
16,1234,505,252,9.999999999999873e-16,9.999999999999902e-16,9.999999999999896e-16
16,1234,505,253,9.999999999999873e-16,9.999999999999902e-16,9.999999999999896e-16
16,1234,505,254,9.999999999999873e-16,9.999999999999902e-16,9.999999999999896e-16
16,1234,505,255,9.999999999999873e-16,9.999999999999902e-16,9.999999999999896e-16
16,1234,505,256,9.999999999999873e-16,9.999999999999902e-16,9.999999999999896e-16
16,4444,101,1,0.8915771073401815,0.8925179971807188,0.8915228688171748
16,4444,101,2,0.039137364200813735,0.03879741586934972,0.03932873874493357
16,4444,101,3,0.031207611032466127,0.0312235233870017,0.031288176523919915
16,4444,101,4,0.015405543069488556,0.015351021531593498,0.01536302521154227
16,4444,101,5,0.00943909475769474,0.009116856977092176,0.009536804017911269
16,4444,101,6,0.005453996823572822,0.005381894719459083,0.005481781594808624
16,4444,101,7,0.002727656982997076,0.0026953026207522644,0.002705231566276523
16,4444,101,8,0.000994860755741371,0.0009753964765510508,0.0009667471311146543
16,4444,101,9,0.0007847332813004013,0.0007979575230653486,0.0008037885386557571
16,4444,101,10,0.0007549854663121549,0.0007029289206395981,0.0007102400774838529
16,4444,101,11,0.0005400547192186495,0.0005047642487639298,0.0005063876475432693
16,4444,101,12,0.00041286225130010123,0.00040998155893456824,0.00036862307185065926
16,4444,101,13,0.000356147657015787,0.0003750021170181751,0.0003033982218076808
16,4444,101,14,0.00025056426642775914,0.00023188907620120535,0.0002180062496890183
16,4444,101,15,0.0001825177160348388,0.00016602335005721513,0.00017154173632912524
16,4444,101,16,0.00015744331500462352,0.00014833426016581748,0.00015137824308325882
16,4444,101,17,0.00010559573606838316,0.0001003328051970456,0.00010914463783783634
16,4444,101,18,9.851457793812532e-05,9.819271735565342e-05,9.435340615701885e-05
16,4444,101,19,6.646163863141373e-05,6.398535644660709e-05,5.647447497270994e-05
16,4444,101,20,5.8228192688544705e-05,5.79460144711255e-05,5.147497545702566e-05
16,4444,101,21,5.1306770686370414e-05,5.163990970756248e-05,4.4256356219424845e-05
16,4444,101,22,4.174685914248686e-05,4.445841326168795e-05,3.785938463743975e-05
16,4444,101,23,3.410704344469841e-05,2.9566161454881038e-05,2.9812833185743335e-05
16,4444,101,24,2.7888520250337464e-05,2.8425439203475146e-05,2.4798764256113776e-05
16,4444,101,25,2.3412875411829807e-05,2.3151669685829295e-05,1.9993833782160847e-05
16,4444,101,26,1.49656261044156e-05,1.2740663773265882e-05,1.3310491983314722e-05
16,4444,101,27,1.2435525336947507e-05,1.2365372637442776e-05,1.2328489714565142e-05
16,4444,101,28,1.145495335696226e-05,1.0211864899878827e-05,1.1282026433752758e-05
16,4444,101,29,9.890659617810307e-06,9.77198629598014e-06,9.880105164825438e-06
16,4444,101,30,7.835785689527307e-06,7.417871270492833e-06,7.230664147364404e-06
16,4444,101,31,7.162183321643791e-06,6.350586268464949e-06,5.789951325694768e-06
16,4444,101,32,4.833296427519098e-06,5.126934861126184e-06,4.983783211023753e-06
16,4444,101,33,4.798551509219226e-06,4.5548302211355535e-06,4.614799082748464e-06
16,4444,101,34,4.396943587811523e-06,3.996833182303554e-06,4.202280683098026e-06
16,4444,101,35,3.5008661100746803e-06,3.924574043098659e-06,3.6668131093958124e-06
16,4444,101,36,3.055564122884725e-06,3.6384315679015573e-06,3.2091357489590585e-06
16,4444,101,37,2.7707183357772354e-06,2.825686475844217e-06,3.013027868161448e-06
16,4444,101,38,2.651635623873882e-06,2.5345403413602293e-06,2.7880289727772517e-06
16,4444,101,39,2.4551316820007775e-06,1.9149435568870215e-06,1.99291957031091e-06
16,4444,101,40,2.063789016098618e-06,1.8291218018153283e-06,1.763905844322832e-06
16,4444,101,41,1.880063358558128e-06,1.732994780544197e-06,1.6894430767707623e-06
16,4444,101,42,1.4710803516485358e-06,1.596740315569523e-06,1.3261823027103865e-06
16,4444,101,43,1.3085064378319297e-06,1.3644879081320056e-06,1.179761272095517e-06
16,4444,101,44,1.236357281811761e-06,1.13651918931453e-06,1.0849405453750363e-06
16,4444,101,45,1.0119512346335844e-06,1.105373223378119e-06,9.57202681851576e-07
16,4444,101,46,9.411450483785493e-07,9.581944805858314e-07,8.641519597780792e-07
16,4444,101,47,9.143411278409629e-07,8.808125891890992e-07,8.118813833550321e-07
16,4444,101,48,7.625423083788698e-07,8.311701074673742e-07,7.625308513542275e-07
16,4444,101,49,6.989661629250476e-07,7.076688983731616e-07,6.517205488157909e-07
16,4444,101,50,6.82136466752762e-07,6.507362247305195e-07,5.57645043529012e-07
16,4444,101,51,5.912326054305289e-07,6.109609101356761e-07,5.318800228509673e-07
16,4444,101,52,5.346923544104269e-07,5.841116945505818e-07,5.051670445305417e-07
16,4444,101,53,3.557797358378956e-07,4.882932259769573e-07,4.1482639952388133e-07
16,4444,101,54,3.480983704537298e-07,4.006650501603135e-07,3.750093369824168e-07
16,4444,101,55,3.357323006044668e-07,3.968429320807706e-07,3.3719017216940337e-07
16,4444,101,56,3.007144095431122e-07,3.3675625158758804e-07,3.214131912899047e-07
16,4444,101,57,2.597543746824532e-07,3.2007434285754405e-07,2.837325536109698e-07
16,4444,101,58,2.396793327769687e-07,2.5586425355406764e-07,2.2443133272183816e-07
16,4444,101,59,1.8967406947373178e-07,2.390561903859035e-07,2.1176060505355631e-07
16,4444,101,60,1.700363237571369e-07,2.1157458166063904e-07,2.010865912018431e-07
16,4444,101,61,1.5074580235493268e-07,2.1024446235907137e-07,1.7172079993431156e-07
16,4444,101,62,1.3498586016793422e-07,1.7933256935057874e-07,1.4790899894123555e-07
16,4444,101,63,1.2599414715627537e-07,1.3562648445082342e-07,1.1881241647029305e-07
16,4444,101,64,1.226899419872816e-07,1.281148953051693e-07,1.176771054324545e-07
16,4444,101,65,1.1311160564579029e-07,1.1329653996488696e-07,1.04748642612281e-07
16,4444,101,66,8.933852208555061e-08,9.571072925460024e-08,9.15814329175933e-08
16,4444,101,67,8.865360496585318e-08,9.106183454668253e-08,8.821647138385651e-08
16,4444,101,68,8.18098411645899e-08,8.95225613654719e-08,8.140881210827204e-08
16,4444,101,69,7.476357163358615e-08,7.991648246453203e-08,7.645912999974799e-08
16,4444,101,70,6.700127898825082e-08,7.220754148909587e-08,6.709587887219401e-08
16,4444,101,71,4.987441455320406e-08,6.370827005677421e-08,6.506819458882689e-08
16,4444,101,72,4.9557938891093443e-08,6.02838777949111e-08,5.067097974624309e-08
16,4444,101,73,4.405374604028254e-08,5.560106164721191e-08,4.633462284201224e-08
16,4444,101,74,4.109970534823493e-08,4.923366043759413e-08,3.967383356251441e-08
16,4444,101,75,3.8964284732602166e-08,4.8576396161540775e-08,3.728499449504764e-08
16,4444,101,76,3.788266431806102e-08,4.141935862344931e-08,3.3634976272123405e-08
16,4444,101,77,3.386855197985808e-08,3.9169604605216217e-08,3.3069666123184826e-08
16,4444,101,78,3.3615079712400596e-08,3.6474468753430847e-08,2.988569715240435e-08
16,4444,101,79,3.046693029409536e-08,3.4011573859137174e-08,2.9301625290804972e-08
16,4444,101,80,2.9495529265695217e-08,3.35955788076818e-08,2.594216177802706e-08
16,4444,101,81,2.2592565255586428e-08,3.275405354107594e-08,2.5480166228990785e-08
16,4444,101,82,2.1301732840184066e-08,2.5956207139426015e-08,2.1451832992864908e-08
16,4444,101,83,1.9832913300539732e-08,2.3353722980882823e-08,1.9215630434694826e-08
16,4444,101,84,1.5430927602581092e-08,2.2126044495382213e-08,1.9026868678856256e-08
16,4444,101,85,1.4201616722160576e-08,1.8199880318596645e-08,1.654615247338181e-08
16,4444,101,86,1.4144194671046913e-08,1.7070208533483036e-08,1.606202053565227e-08
16,4444,101,87,1.2720053088246041e-08,1.541479174120305e-08,1.3802932618497613e-08
16,4444,101,88,1.1249199665728507e-08,1.4532164290716774e-08,1.3384204877661189e-08
16,4444,101,89,8.952732560823487e-09,1.4130380437477727e-08,1.119625340452812e-08
16,4444,101,90,8.352047752828834e-09,1.3438874499520606e-08,1.01904249057599e-08
16,4444,101,91,8.347774361615516e-09,1.1424989472566118e-08,9.28850349948935e-09
16,4444,101,92,8.047917635177431e-09,9.564815074470727e-09,8.28003072257407e-09
16,4444,101,93,6.312736541298558e-09,8.812091696689067e-09,8.1460707814687e-09
16,4444,101,94,6.282882374610905e-09,8.68286400021288e-09,7.535648522219986e-09
16,4444,101,95,6.138717527925927e-09,8.222341482438714e-09,6.7966858024650945e-09
16,4444,101,96,5.999537406939198e-09,7.562421334797621e-09,6.592407503283685e-09
16,4444,101,97,5.3167544412324844e-09,7.239289050522692e-09,6.039990137320066e-09
16,4444,101,98,4.853700099246095e-09,6.8299904341958385e-09,5.376765532106971e-09
16,4444,101,99,3.6919702383937073e-09,6.432340072593934e-09,4.9850688941760265e-09
16,4444,101,100,3.4197024728525246e-09,5.920088582170528e-09,4.9323641936986955e-09
16,4444,101,101,3.368530776821935e-09,4.571511189878767e-09,4.1098738780115595e-09
16,4444,101,102,3.332375582512881e-09,4.482445593332085e-09,4.086294550333608e-09
16,4444,101,103,2.9351653975161976e-09,3.893144338782399e-09,3.745356647779756e-09
16,4444,101,104,2.7749003810817004e-09,3.757333048931884e-09,3.3442739753822655e-09
16,4444,101,105,2.6719644547754048e-09,3.644902631786528e-09,3.104666696043038e-09
16,4444,101,106,2.634153815044671e-09,3.4742511992688927e-09,3.022007336145933e-09
16,4444,101,107,2.276630469432956e-09,3.1278145719427963e-09,2.7055235507534485e-09
16,4444,101,108,2.10173125246e-09,2.908302622027161e-09,2.5065892824930643e-09
16,4444,101,109,2.0424070374668485e-09,2.746117346196422e-09,2.201268788660082e-09
16,4444,101,110,1.8452364407134245e-09,2.444694558715808e-09,2.0126550900888655e-09
16,4444,101,111,1.7590099050972897e-09,2.426621345917311e-09,1.9573626364418252e-09
16,4444,101,112,1.5671059412664463e-09,2.3725873357623815e-09,1.7366171045046154e-09
16,4444,101,113,1.4212895812374847e-09,2.0538404723146344e-09,1.5515849611701143e-09
16,4444,101,114,1.1651550271702947e-09,1.6406537285637146e-09,1.5210755683710134e-09
16,4444,101,115,1.1541731388652282e-09,1.6307255410841517e-09,1.416656829974186e-09
16,4444,101,116,9.913836951539544e-10,1.5509363803498428e-09,1.259829200554877e-09
16,4444,101,117,8.859245861010092e-10,1.4781187788485654e-09,1.230447255154336e-09
16,4444,101,118,7.963666158134469e-10,1.3112526388143296e-09,1.1910645558657623e-09
16,4444,101,119,7.110547501837626e-10,1.1072804565310592e-09,1.0826062802523559e-09
16,4444,101,120,7.072769566719394e-10,9.937057957968879e-10,8.917155022281142e-10
16,4444,101,121,6.897195531109771e-10,9.382132878913874e-10,8.0145057104773e-10
16,4444,101,122,5.411209975370692e-10,9.220116867816849e-10,7.386130029394709e-10
16,4444,101,123,5.22013237700279e-10,8.269278522239e-10,7.13785515916807e-10
16,4444,101,124,5.001783255098755e-10,6.59858251855554e-10,6.733288847463531e-10
16,4444,101,125,4.3615903353288885e-10,6.482940908079986e-10,6.226832800825782e-10
16,4444,101,126,4.050238374903419e-10,6.259107912784656e-10,5.04324132644315e-10
16,4444,101,127,3.849048522869801e-10,6.022754488612222e-10,4.76859896937659e-10
16,4444,101,128,3.729414312896191e-10,5.350352233346889e-10,4.644088249865412e-10
16,4444,101,129,3.5592640537772504e-10,4.682857257086282e-10,4.262331079004985e-10
16,4444,101,130,3.3119671546918506e-10,4.5182330828177103e-10,3.8420469387744085e-10
16,4444,101,131,3.0683182291313403e-10,3.9332192967935435e-10,3.4832282882020055e-10
16,4444,101,132,2.8274112621395754e-10,3.6133954289555833e-10,3.245812495255781e-10
16,4444,101,133,2.3020645774937527e-10,3.600610634246535e-10,3.040804090865832e-10
16,4444,101,134,2.2356039441090743e-10,3.1886618897771125e-10,2.9599907361234877e-10
16,4444,101,135,1.9255515588048414e-10,3.0273125833657125e-10,2.288709416417031e-10
16,4444,101,136,1.8208892806428942e-10,2.705105723656803e-10,2.2483134713743776e-10
16,4444,101,137,1.726126460180612e-10,2.504482538561084e-10,1.9722924942181328e-10
16,4444,101,138,1.629097154143581e-10,2.447034998474025e-10,1.73955689053862e-10
16,4444,101,139,1.559577024764628e-10,2.234250240419582e-10,1.7108820097355477e-10
16,4444,101,140,1.3358164943935857e-10,2.1745568337849142e-10,1.6003464108280817e-10
16,4444,101,141,1.2604141121982705e-10,2.1372392345066137e-10,1.387932141966788e-10
16,4444,101,142,1.164725800736747e-10,1.8850248453137354e-10,1.3307433620059614e-10
16,4444,101,143,1.0665900669392742e-10,1.7615092763872928e-10,1.1944424231214507e-10
16,4444,101,144,9.612575032941529e-11,1.629166120132748e-10,1.1512289750395904e-10
16,4444,101,145,9.014690707113725e-11,1.4058006586498595e-10,1.0294637075682317e-10
16,4444,101,146,8.84093838579164e-11,1.3887053926327752e-10,9.796461796926839e-11
16,4444,101,147,8.376648202687468e-11,1.1816591748757262e-10,9.266742972953735e-11
16,4444,101,148,7.497769640169877e-11,1.1365594360436295e-10,8.590206403426819e-11
16,4444,101,149,6.855195780833617e-11,1.0877882054671933e-10,7.562128742068512e-11
16,4444,101,150,6.357831113451999e-11,9.422185628893344e-11,6.636679756067432e-11
16,4444,101,151,5.258427575483158e-11,9.113139115781431e-11,6.14341583573549e-11
16,4444,101,152,4.814441570745575e-11,8.493579986743864e-11,5.573363111148355e-11
16,4444,101,153,4.612800128770722e-11,7.680156180754393e-11,5.479250770690275e-11
16,4444,101,154,4.2086956273527336e-11,7.252074680742962e-11,5.051271860676948e-11
16,4444,101,155,3.6101475581801156e-11,6.442766489386344e-11,4.507186280735802e-11
16,4444,101,156,3.525382244829422e-11,5.989478881909798e-11,4.358161479607588e-11
16,4444,101,157,3.219079486029591e-11,5.56535037987274e-11,4.09480633824667e-11
16,4444,101,158,3.010863899927001e-11,4.4945666029007185e-11,3.6588662281825026e-11
16,4444,101,159,2.7492828444743144e-11,4.402246903278911e-11,3.416010051681189e-11
16,4444,101,160,2.579579443515994e-11,4.209603215354159e-11,3.3129244595202103e-11
16,4444,101,161,2.5104414426082518e-11,4.0442166413482994e-11,2.985277351970571e-11
16,4444,101,162,1.9313129760224383e-11,3.672288618630205e-11,2.729270451433607e-11
16,4444,101,163,1.8853030485853776e-11,3.4638468718741425e-11,2.4426079624292345e-11
16,4444,101,164,1.8508943406738546e-11,3.104189397186182e-11,2.151688423816276e-11
16,4444,101,165,1.661555356673323e-11,2.791566958609428e-11,1.986879542136484e-11
16,4444,101,166,1.509998394939423e-11,2.675939119284974e-11,1.8660799711922664e-11
16,4444,101,167,1.4359043144409852e-11,2.3023253757368713e-11,1.676613650813062e-11
16,4444,101,168,1.2571619418314399e-11,2.2546482865321175e-11,1.6127285963874115e-11
16,4444,101,169,1.1891509957928314e-11,1.766528318568914e-11,1.4839699451092176e-11
16,4444,101,170,1.1510474563623069e-11,1.598444130312542e-11,1.3308533169866397e-11
16,4444,101,171,9.757547633599988e-12,1.356263179484327e-11,1.2494073504257795e-11
16,4444,101,172,8.208009606269103e-12,1.3434968977594758e-11,1.1685353941085572e-11
16,4444,101,173,7.2556436738072525e-12,1.296735190023054e-11,9.864620145939435e-12
16,4444,101,174,5.855673624609129e-12,1.1147822102447047e-11,9.528498562109662e-12
16,4444,101,175,5.250463649520715e-12,1.0774617005753059e-11,8.039500481239099e-12
16,4444,101,176,5.058505575719156e-12,9.622160589149689e-12,7.388795126847458e-12
16,4444,101,177,4.8437563888551855e-12,9.232269489430942e-12,7.217318597025588e-12
16,4444,101,178,4.624623939949276e-12,9.17374343030938e-12,6.259912152704706e-12
16,4444,101,179,4.437616457176877e-12,8.026329186400035e-12,5.980642109865685e-12
16,4444,101,180,4.3151086276940414e-12,7.472076367233456e-12,5.591158575179723e-12
16,4444,101,181,3.691652011963988e-12,7.3149376554077e-12,4.727634153782707e-12
16,4444,101,182,3.1483120859895096e-12,6.567482719945592e-12,4.421265166419839e-12
16,4444,101,183,2.6628119387987523e-12,5.461086680765197e-12,4.11915518687382e-12
16,4444,101,184,2.605067075757853e-12,4.6580666373342786e-12,3.793524551027303e-12
16,4444,101,185,2.2943655099703636e-12,4.1766123027053455e-12,3.5699880316087024e-12
16,4444,101,186,2.2926204314142346e-12,4.017155005384751e-12,3.0306953794995307e-12
16,4444,101,187,2.1102458794968025e-12,3.753007343241734e-12,2.7930748011561435e-12
16,4444,101,188,1.9359184905091e-12,3.2469436022673012e-12,2.713755513684297e-12
16,4444,101,189,1.736663800713539e-12,2.903465073753066e-12,2.3501494048824635e-12
16,4444,101,190,1.5777261888760164e-12,2.769805190349699e-12,2.106274228080253e-12
16,4444,101,191,1.3426177550386157e-12,2.4222457079856146e-12,1.8435150500072336e-12
16,4444,101,192,1.0878509528714212e-12,2.331993031568072e-12,1.5690957324985708e-12
16,4444,101,193,9.796878753602295e-13,2.1490289787132065e-12,1.5158159814951036e-12
16,4444,101,194,8.587058221153659e-13,1.9867149617454887e-12,1.2419874804880645e-12
16,4444,101,195,7.567703477969959e-13,1.88089297967702e-12,1.1177090718778461e-12
16,4444,101,196,7.047391797256971e-13,1.6732594669464609e-12,1.0500017674756111e-12
16,4444,101,197,5.948993612524559e-13,1.428046348310136e-12,9.363218333276887e-13
16,4444,101,198,5.594977568203839e-13,1.273086934567592e-12,7.948257544889748e-13
16,4444,101,199,5.402782914049391e-13,1.1443388284213306e-12,7.362406343808745e-13
16,4444,101,200,5.08467882557477e-13,1.0226379296545297e-12,5.738958289488325e-13
16,4444,101,201,4.2905927395160116e-13,9.225324658508631e-13,5.573377309930356e-13
16,4444,101,202,3.7895334671278933e-13,7.400438037869933e-13,4.79322142553063e-13
16,4444,101,203,3.5123255471972013e-13,7.263169459108236e-13,4.555061965686073e-13
16,4444,101,204,3.4497504490764626e-13,7.040567717450522e-13,4.3259003937505623e-13
16,4444,101,205,2.7391290336614203e-13,5.069717255995155e-13,3.540253438846645e-13
16,4444,101,206,2.51074505676164e-13,4.678976609113622e-13,3.293652996185887e-13
16,4444,101,207,2.4745886912182596e-13,4.628318903488668e-13,3.1024968264616635e-13
16,4444,101,208,2.0583680235505836e-13,4.05706668276109e-13,2.8490886612827084e-13
16,4444,101,209,1.7461098199711586e-13,3.4969279827679063e-13,2.5948890413891675e-13
16,4444,101,210,1.511588355259669e-13,3.456413473919077e-13,2.2432137573374114e-13
16,4444,101,211,1.4618274349534672e-13,2.7510668871910795e-13,1.8787590864845074e-13
16,4444,101,212,1.166736355844989e-13,2.6606733440094923e-13,1.6053078975294598e-13
16,4444,101,213,1.1663841939175164e-13,2.4143827668687627e-13,1.495357878287741e-13
16,4444,101,214,8.944683220358018e-14,1.878176847866361e-13,1.4150013187174692e-13
16,4444,101,215,8.31284772635028e-14,1.725946114953586e-13,1.1946769942916703e-13
16,4444,101,216,8.304518256293611e-14,1.637347506405069e-13,1.0615578348155093e-13
16,4444,101,217,6.298861695820684e-14,1.4163167448007668e-13,9.135399314481275e-14
16,4444,101,218,5.1827353616988973e-14,1.0569927428504187e-13,7.828042500983464e-14
16,4444,101,219,4.561048072789144e-14,1.0488648062775318e-13,7.451380463672018e-14
16,4444,101,220,3.6380976016516696e-14,1.0393864403124525e-13,6.042694842939149e-14
16,4444,101,221,3.240528047155542e-14,8.288457234557042e-14,4.4556939282115236e-14
16,4444,101,222,2.7931718275828753e-14,6.249824974436171e-14,4.32779041471233e-14
16,4444,101,223,2.3610213270759103e-14,4.922868795738427e-14,3.883026015346987e-14
16,4444,101,224,2.3360406360777596e-14,4.089029427561383e-14,3.2648061191690455e-14
16,4444,101,225,1.9054083339555627e-14,4.058751634214874e-14,3.0014962176728394e-14
16,4444,101,226,1.4867034226994137e-14,3.8201689640305266e-14,2.3970130998836004e-14
16,4444,101,227,1.3294721693963683e-14,3.1919185372309814e-14,1.9080720872286375e-14
16,4444,101,228,1.045686738613463e-14,2.6470073341610746e-14,1.8400032861661338e-14
16,4444,101,229,8.897377784339782e-15,2.595273054457374e-14,1.3581339058700466e-14
16,4444,101,230,7.866634938429298e-15,2.322931979605015e-14,1.2967774802423974e-14
16,4444,101,231,4.300050652747962e-15,1.9895501095224562e-14,1.069982412182018e-14
16,4444,101,232,3.8620312852607934e-15,1.697630069854061e-14,8.189513088785819e-15
16,4444,101,233,3.760255784128867e-15,1.2484675867804733e-14,7.874025865067431e-15
16,4444,101,234,3.641152930257895e-15,1.0321762400228683e-14,7.272761474204299e-15
16,4444,101,235,3.60831911350051e-15,7.757754535281574e-15,5.809815755007485e-15
16,4444,101,236,3.2017519007524393e-15,5.4521780880940865e-15,4.19692096105256e-15
16,4444,101,237,1.642051115419603e-15,5.106695096209802e-15,3.8061009386176284e-15
16,4444,101,238,1.3945882118783699e-15,4.595165392017712e-15,3.0427619610395895e-15
16,4444,101,239,1.2022562506746293e-15,4.375672746801628e-15,2.574097193672445e-15
16,4444,101,240,1.0410634850343422e-15,4.320527441968197e-15,1.7605571010375843e-15
16,4444,101,241,9.999999999999867e-16,1.4730437990818737e-15,1.4985192852655273e-15
16,4444,101,242,9.999999999999867e-16,1.3819250898831774e-15,9.999999999999882e-16
16,4444,101,243,9.999999999999867e-16,9.999999999999896e-16,9.999999999999882e-16
16,4444,101,244,9.999999999999867e-16,9.999999999999896e-16,9.999999999999882e-16
16,4444,101,245,9.999999999999867e-16,9.999999999999896e-16,9.999999999999882e-16
16,4444,101,246,9.999999999999867e-16,9.999999999999896e-16,9.999999999999882e-16
16,4444,101,247,9.999999999999867e-16,9.999999999999896e-16,9.999999999999882e-16
16,4444,101,248,9.999999999999867e-16,9.999999999999896e-16,9.999999999999882e-16
16,4444,101,249,9.999999999999867e-16,9.999999999999896e-16,9.999999999999882e-16
16,4444,101,250,9.999999999999867e-16,9.999999999999896e-16,9.999999999999882e-16
16,4444,101,251,9.999999999999867e-16,9.999999999999896e-16,9.999999999999882e-16
16,4444,101,252,9.999999999999867e-16,9.999999999999896e-16,9.999999999999882e-16
16,4444,101,253,9.999999999999867e-16,9.999999999999896e-16,9.999999999999882e-16
16,4444,101,254,9.999999999999867e-16,9.999999999999896e-16,9.999999999999882e-16
16,4444,101,255,9.999999999999867e-16,9.999999999999896e-16,9.999999999999882e-16
16,4444,101,256,9.999999999999867e-16,9.999999999999896e-16,9.999999999999882e-16
16,4444,202,1,0.8915771073401815,0.8930396646469552,0.8919117084854642
16,4444,202,2,0.039137364200813735,0.039538758242892526,0.039268355278347954
16,4444,202,3,0.031207611032466127,0.030624406611719945,0.0312348949244451
16,4444,202,4,0.015405543069488556,0.01508534789527882,0.015382694569716282
16,4444,202,5,0.00943909475769474,0.00888213556492013,0.009454383405437016
16,4444,202,6,0.005453996823572822,0.0053150283149568595,0.005427502068105012
16,4444,202,7,0.002727656982997076,0.0025337834389707902,0.0027069701488162856
16,4444,202,8,0.000994860755741371,0.0009657971193463992,0.0009091880894575346
16,4444,202,9,0.0007847332813004013,0.0008367368801282794,0.0008069719947178983
16,4444,202,10,0.0007549854663121549,0.000677949026313412,0.0006663918456236218
16,4444,202,11,0.0005400547192186495,0.0005438245054136558,0.00044779508495244337
16,4444,202,12,0.00041286225130010123,0.00037309361978784454,0.00036924050706822016
16,4444,202,13,0.000356147657015787,0.0003578076723150876,0.00034129653565314564
16,4444,202,14,0.00025056426642775914,0.00024790063300369016,0.00021973478442866503
16,4444,202,15,0.0001825177160348388,0.00017841193579543632,0.0001538756272611842
16,4444,202,16,0.00015744331500462352,0.00015411274903276992,0.0001408150536310132
16,4444,202,17,0.00010559573606838316,0.00012794640422822995,0.00010429560278357673
16,4444,202,18,9.851457793812532e-05,9.421938439069877e-05,9.083616056630309e-05
16,4444,202,19,6.646163863141373e-05,6.600044985996557e-05,5.860316641887851e-05
16,4444,202,20,5.8228192688544705e-05,5.325679081844821e-05,5.28944291929461e-05
16,4444,202,21,5.1306770686370414e-05,4.188956685453206e-05,4.545146396691474e-05
16,4444,202,22,4.174685914248686e-05,4.019795840072512e-05,3.6129664778428126e-05
16,4444,202,23,3.410704344469841e-05,2.7950785312730702e-05,2.789426790141971e-05
16,4444,202,24,2.7888520250337464e-05,2.7035955907343272e-05,2.4200376829822475e-05
16,4444,202,25,2.3412875411829807e-05,2.2219376786923912e-05,2.045889705590049e-05
16,4444,202,26,1.49656261044156e-05,1.858037495573264e-05,1.3283028785808023e-05
16,4444,202,27,1.2435525336947507e-05,1.7908816962593768e-05,1.155912195393987e-05
16,4444,202,28,1.145495335696226e-05,1.2787995932538179e-05,1.0231413393396565e-05
16,4444,202,29,9.890659617810307e-06,1.069968358850647e-05,8.977031409539351e-06
16,4444,202,30,7.835785689527307e-06,1.0007063706005358e-05,7.863931164528057e-06
16,4444,202,31,7.162183321643791e-06,9.323299785791083e-06,5.461436951950017e-06
16,4444,202,32,4.833296427519098e-06,8.70536027091677e-06,4.572600416903609e-06
16,4444,202,33,4.798551509219226e-06,5.9571804077518934e-06,3.8141200591452425e-06
16,4444,202,34,4.396943587811523e-06,5.18465419320197e-06,3.6754952671020743e-06
16,4444,202,35,3.5008661100746803e-06,4.509524053638581e-06,3.209222138853477e-06
16,4444,202,36,3.055564122884725e-06,4.249984645031901e-06,2.912483988923993e-06
16,4444,202,37,2.7707183357772354e-06,4.107571245906261e-06,2.7037185541844798e-06
16,4444,202,38,2.651635623873882e-06,3.962878050363643e-06,2.2170046783932214e-06
16,4444,202,39,2.4551316820007775e-06,3.0156817356880983e-06,2.0288544520749744e-06
16,4444,202,40,2.063789016098618e-06,2.784364730860629e-06,1.4152642516497038e-06
16,4444,202,41,1.880063358558128e-06,2.5092295877478453e-06,1.3197500627326758e-06
16,4444,202,42,1.4710803516485358e-06,2.347228401266841e-06,1.210518630321224e-06
16,4444,202,43,1.3085064378319297e-06,1.8590246099515807e-06,1.163481795303368e-06
16,4444,202,44,1.236357281811761e-06,1.717854701525899e-06,1.0182258012013153e-06
16,4444,202,45,1.0119512346335844e-06,1.7019477850974424e-06,8.435254287741256e-07
16,4444,202,46,9.411450483785493e-07,1.4801434507014605e-06,7.836514068786788e-07
16,4444,202,47,9.143411278409629e-07,1.264486004846795e-06,7.574114331864005e-07
16,4444,202,48,7.625423083788698e-07,1.0958056130653012e-06,6.870020861891043e-07
16,4444,202,49,6.989661629250476e-07,8.601367545437142e-07,5.907740571214002e-07
16,4444,202,50,6.82136466752762e-07,7.52949461334581e-07,5.388430308613718e-07
16,4444,202,51,5.912326054305289e-07,6.492636299803813e-07,5.308069619275997e-07
16,4444,202,52,5.346923544104269e-07,6.361503549325923e-07,4.521971919821227e-07
16,4444,202,53,3.557797358378956e-07,5.351275296378894e-07,3.8583794937484394e-07
16,4444,202,54,3.480983704537298e-07,4.456983582144815e-07,3.3564720734451884e-07
16,4444,202,55,3.357323006044668e-07,4.41934081530634e-07,3.1423730596232277e-07
16,4444,202,56,3.007144095431122e-07,3.7804392743252776e-07,2.537174815582358e-07
16,4444,202,57,2.597543746824532e-07,3.487914008462643e-07,2.2781361032463445e-07
16,4444,202,58,2.396793327769687e-07,2.9502835798253597e-07,2.1198406804387962e-07
16,4444,202,59,1.8967406947373178e-07,2.8562920676587976e-07,1.9951211278565948e-07
16,4444,202,60,1.700363237571369e-07,2.645124785229065e-07,1.7190831978686216e-07
16,4444,202,61,1.5074580235493268e-07,2.2899765179011326e-07,1.5702208743768994e-07
16,4444,202,62,1.3498586016793422e-07,2.2387553075290334e-07,1.514950436830976e-07
16,4444,202,63,1.2599414715627537e-07,1.9511371475605762e-07,1.2428672167325617e-07
16,4444,202,64,1.226899419872816e-07,1.7687878650694104e-07,9.875311503357793e-08
16,4444,202,65,1.1311160564579029e-07,1.636807825802296e-07,8.530388972903014e-08
16,4444,202,66,8.933852208555061e-08,1.5765099592815112e-07,7.805572632552841e-08
16,4444,202,67,8.865360496585318e-08,1.494933992270045e-07,7.447724657126962e-08
16,4444,202,68,8.18098411645899e-08,1.4553200812593115e-07,5.920571164092852e-08
16,4444,202,69,7.476357163358615e-08,1.3300321669640707e-07,5.572266450664952e-08
16,4444,202,70,6.700127898825082e-08,1.120694695659766e-07,4.9118500325358184e-08
16,4444,202,71,4.987441455320406e-08,1.0502028447515349e-07,4.886267802683073e-08
16,4444,202,72,4.9557938891093443e-08,8.674137472730971e-08,4.6478488789189416e-08
16,4444,202,73,4.405374604028254e-08,8.138992475314873e-08,4.460260287624414e-08
16,4444,202,74,4.109970534823493e-08,7.577247255190153e-08,3.642600615270183e-08
16,4444,202,75,3.8964284732602166e-08,7.314680525412802e-08,3.1211334674570264e-08
16,4444,202,76,3.788266431806102e-08,6.464735577986838e-08,2.7427691314159385e-08
16,4444,202,77,3.386855197985808e-08,5.5894779220906104e-08,2.6374580814219518e-08
16,4444,202,78,3.3615079712400596e-08,5.1321954869559894e-08,2.4020773205802104e-08
16,4444,202,79,3.046693029409536e-08,4.165519188741884e-08,2.3620281485543422e-08
16,4444,202,80,2.9495529265695217e-08,3.854612003902406e-08,2.0941579764692753e-08
16,4444,202,81,2.2592565255586428e-08,3.7570271957719555e-08,1.8200733522255147e-08
16,4444,202,82,2.1301732840184066e-08,3.697077658785441e-08,1.8142499751426222e-08
16,4444,202,83,1.9832913300539732e-08,3.5261677800840774e-08,1.6850054360123677e-08
16,4444,202,84,1.5430927602581092e-08,2.9424112205930427e-08,1.4213673694997479e-08
16,4444,202,85,1.4201616722160576e-08,2.730336927929564e-08,1.2022291131071928e-08
16,4444,202,86,1.4144194671046913e-08,2.4449561677305593e-08,1.1503124139637317e-08
16,4444,202,87,1.2720053088246041e-08,2.322140516196902e-08,1.0935404326198084e-08
16,4444,202,88,1.1249199665728507e-08,2.1365096139441628e-08,1.0007542473521711e-08
16,4444,202,89,8.952732560823487e-09,2.0402720371271204e-08,9.756075160586558e-09
16,4444,202,90,8.352047752828834e-09,1.8113859216997722e-08,8.628366500530788e-09
16,4444,202,91,8.347774361615516e-09,1.686986279774785e-08,7.902138354606177e-09
16,4444,202,92,8.047917635177431e-09,1.625336383260355e-08,7.3845745249631e-09
16,4444,202,93,6.312736541298558e-09,1.5881562409651314e-08,6.6189392236373495e-09
16,4444,202,94,6.282882374610905e-09,1.4058356039988543e-08,6.068603038182483e-09
16,4444,202,95,6.138717527925927e-09,1.3848908538219542e-08,5.889473148285153e-09
16,4444,202,96,5.999537406939198e-09,1.333484505173949e-08,5.670136285358273e-09
16,4444,202,97,5.3167544412324844e-09,1.0915389534376983e-08,4.6800981161093096e-09
16,4444,202,98,4.853700099246095e-09,1.0602290759262299e-08,4.4631586944839785e-09
16,4444,202,99,3.6919702383937073e-09,9.372475451118796e-09,4.270260461189967e-09
16,4444,202,100,3.4197024728525246e-09,8.974118265601398e-09,4.041432624121542e-09
16,4444,202,101,3.368530776821935e-09,8.251190700318083e-09,3.801243091052399e-09
16,4444,202,102,3.332375582512881e-09,7.287215385053683e-09,3.292050891112469e-09
16,4444,202,103,2.9351653975161976e-09,7.047772487870242e-09,3.2187307539217373e-09
16,4444,202,104,2.7749003810817004e-09,6.908906656048171e-09,2.9203001042746436e-09
16,4444,202,105,2.6719644547754048e-09,6.082286268172132e-09,2.47849900421612e-09
16,4444,202,106,2.634153815044671e-09,5.776769370156467e-09,2.3590222506701266e-09
16,4444,202,107,2.276630469432956e-09,5.697800845507339e-09,2.2886804980550355e-09
16,4444,202,108,2.10173125246e-09,5.021111846692244e-09,2.1714656770980014e-09
16,4444,202,109,2.0424070374668485e-09,4.330795118852957e-09,1.888687928232538e-09
16,4444,202,110,1.8452364407134245e-09,3.6575533078894298e-09,1.7426036728409013e-09
16,4444,202,111,1.7590099050972897e-09,3.5804863653993257e-09,1.5537849122299364e-09
16,4444,202,112,1.5671059412664463e-09,3.4332980941465097e-09,1.4354916059381876e-09
16,4444,202,113,1.4212895812374847e-09,3.039783153659263e-09,1.3410730768376038e-09
16,4444,202,114,1.1651550271702947e-09,2.747237076092306e-09,1.2357642232366767e-09
16,4444,202,115,1.1541731388652282e-09,2.4179492012395463e-09,1.1434133973481588e-09
16,4444,202,116,9.913836951539544e-10,2.3258863175197158e-09,1.0418824472954702e-09
16,4444,202,117,8.859245861010092e-10,2.2827094336552483e-09,9.142171765082235e-10
16,4444,202,118,7.963666158134469e-10,1.9936497522127925e-09,8.592818909116645e-10
16,4444,202,119,7.110547501837626e-10,1.973373610696761e-09,8.063095978863051e-10
16,4444,202,120,7.072769566719394e-10,1.7389073528302598e-09,6.915445589283353e-10
16,4444,202,121,6.897195531109771e-10,1.4894722137233324e-09,6.561470319970916e-10
16,4444,202,122,5.411209975370692e-10,1.3830644341362348e-09,6.075792482981415e-10
16,4444,202,123,5.22013237700279e-10,1.3417903121836196e-09,5.724019743106939e-10
16,4444,202,124,5.001783255098755e-10,1.3231208683830373e-09,5.459079974756274e-10
16,4444,202,125,4.3615903353288885e-10,1.1292928477690652e-09,4.848324183935269e-10
16,4444,202,126,4.050238374903419e-10,1.0211635235207143e-09,4.232757918892074e-10
16,4444,202,127,3.849048522869801e-10,9.803914242967521e-10,4.132115990235763e-10
16,4444,202,128,3.729414312896191e-10,9.295152248573994e-10,3.7539652052040215e-10
16,4444,202,129,3.5592640537772504e-10,8.184074070650439e-10,3.4280243733204645e-10
16,4444,202,130,3.3119671546918506e-10,7.050799570457518e-10,2.9754153702484653e-10
16,4444,202,131,3.0683182291313403e-10,7.016008492235412e-10,2.827500465666271e-10
16,4444,202,132,2.8274112621395754e-10,6.054910329760452e-10,2.4659654541876827e-10
16,4444,202,133,2.3020645774937527e-10,5.946219840793046e-10,2.1869107455798632e-10
16,4444,202,134,2.2356039441090743e-10,5.620237920541718e-10,2.1667099734796036e-10
16,4444,202,135,1.9255515588048414e-10,5.311387591601563e-10,1.9446762072319623e-10
16,4444,202,136,1.8208892806428942e-10,4.897734691095057e-10,1.7944994193240884e-10
16,4444,202,137,1.726126460180612e-10,4.827050142315793e-10,1.6124327676411965e-10
16,4444,202,138,1.629097154143581e-10,4.3793718748830245e-10,1.5401171045846282e-10
16,4444,202,139,1.559577024764628e-10,3.7219076526729166e-10,1.4376298903162884e-10
16,4444,202,140,1.3358164943935857e-10,3.5756264186495296e-10,1.3049667682148939e-10
16,4444,202,141,1.2604141121982705e-10,3.544998528368238e-10,1.1687036924728596e-10
16,4444,202,142,1.164725800736747e-10,3.0767462710182867e-10,1.0485651895950345e-10
16,4444,202,143,1.0665900669392742e-10,2.7780492583797794e-10,1.0192055285946602e-10
16,4444,202,144,9.612575032941529e-11,2.7315563131560004e-10,9.457137503116967e-11
16,4444,202,145,9.014690707113725e-11,2.4554832979760447e-10,8.87262705693714e-11
16,4444,202,146,8.84093838579164e-11,2.293867358988356e-10,7.938075026066894e-11
16,4444,202,147,8.376648202687468e-11,2.2319924358216865e-10,6.952972085839328e-11
16,4444,202,148,7.497769640169877e-11,1.9813492080378095e-10,6.84078564895574e-11
16,4444,202,149,6.855195780833617e-11,1.8874703262943157e-10,6.419330374667587e-11
16,4444,202,150,6.357831113451999e-11,1.8463328428573082e-10,5.749790078999741e-11
16,4444,202,151,5.258427575483158e-11,1.834226413355717e-10,5.229782638497973e-11
16,4444,202,152,4.814441570745575e-11,1.5472441793507101e-10,4.97901525001802e-11
16,4444,202,153,4.612800128770722e-11,1.266348802652924e-10,4.388124884229577e-11
16,4444,202,154,4.2086956273527336e-11,1.1570209891598369e-10,4.0761189940814166e-11
16,4444,202,155,3.6101475581801156e-11,1.1343360955224249e-10,3.9731009508637684e-11
16,4444,202,156,3.525382244829422e-11,1.097840985966323e-10,3.447844761487036e-11
16,4444,202,157,3.219079486029591e-11,1.0352624607181713e-10,3.0927557124422894e-11
16,4444,202,158,3.010863899927001e-11,9.790400515916904e-11,2.9259964118667676e-11
16,4444,202,159,2.7492828444743144e-11,9.204887849883749e-11,2.7679610132176886e-11
16,4444,202,160,2.579579443515994e-11,8.064234918020637e-11,2.6439871373443268e-11
16,4444,202,161,2.5104414426082518e-11,7.925169569493086e-11,2.5211569557409815e-11
16,4444,202,162,1.9313129760224383e-11,7.234492772075884e-11,2.3157459849421148e-11
16,4444,202,163,1.8853030485853776e-11,6.847401195246795e-11,2.1418703349515125e-11
16,4444,202,164,1.8508943406738546e-11,5.861331368304714e-11,2.0272124017273916e-11
16,4444,202,165,1.661555356673323e-11,5.564063669391246e-11,1.726971961129611e-11
16,4444,202,166,1.509998394939423e-11,5.254845800707237e-11,1.6617944707684604e-11
16,4444,202,167,1.4359043144409852e-11,5.23937480248336e-11,1.495634800784315e-11
16,4444,202,168,1.2571619418314399e-11,4.8150245584487355e-11,1.4286270624223862e-11
16,4444,202,169,1.1891509957928314e-11,3.63745711313943e-11,1.2950530800738823e-11
16,4444,202,170,1.1510474563623069e-11,3.497062761709927e-11,1.1150576232270307e-11
16,4444,202,171,9.757547633599988e-12,3.148265099098033e-11,9.900163599644338e-12
16,4444,202,172,8.208009606269103e-12,3.0007961474427005e-11,8.398437495874896e-12
16,4444,202,173,7.2556436738072525e-12,2.7009416986329433e-11,8.211425886320881e-12
16,4444,202,174,5.855673624609129e-12,2.4006743793481578e-11,7.722243815698114e-12
16,4444,202,175,5.250463649520715e-12,2.3039980536287593e-11,7.37807341810951e-12
16,4444,202,176,5.058505575719156e-12,1.9390041190352248e-11,6.3690597925507464e-12
16,4444,202,177,4.8437563888551855e-12,1.7535188810151693e-11,5.605075820755104e-12
16,4444,202,178,4.624623939949276e-12,1.7190037275335532e-11,5.035758637596588e-12
16,4444,202,179,4.437616457176877e-12,1.6862355884032238e-11,4.9112913441077515e-12
16,4444,202,180,4.3151086276940414e-12,1.3639977578207377e-11,4.5416559271883345e-12
16,4444,202,181,3.691652011963988e-12,1.2019244167706771e-11,4.232292165431823e-12
16,4444,202,182,3.1483120859895096e-12,1.1464661264893882e-11,3.519159937638614e-12
16,4444,202,183,2.6628119387987523e-12,9.633323004036656e-12,3.422758937581055e-12
16,4444,202,184,2.605067075757853e-12,9.591988608514913e-12,3.2691219735885512e-12
16,4444,202,185,2.2943655099703636e-12,9.33301046049508e-12,2.8900419696923625e-12
16,4444,202,186,2.2926204314142346e-12,7.806549804855719e-12,2.5803579393710334e-12
16,4444,202,187,2.1102458794968025e-12,7.0575121433881025e-12,2.112240721311607e-12
16,4444,202,188,1.9359184905091e-12,6.6901642499107665e-12,1.9947548946150524e-12
16,4444,202,189,1.736663800713539e-12,5.970108604072896e-12,1.760087678797744e-12
16,4444,202,190,1.5777261888760164e-12,5.158366244797204e-12,1.534028354916668e-12
16,4444,202,191,1.3426177550386157e-12,4.7046438762698566e-12,1.3518173831248431e-12
16,4444,202,192,1.0878509528714212e-12,4.550152368672574e-12,1.2801405268043515e-12
16,4444,202,193,9.796878753602295e-13,4.1361647012899485e-12,1.2299036129095886e-12
16,4444,202,194,8.587058221153659e-13,3.830810593990648e-12,9.998322369276492e-13
16,4444,202,195,7.567703477969959e-13,3.5767522940895374e-12,9.512747223235527e-13
16,4444,202,196,7.047391797256971e-13,2.8415079332951543e-12,8.812657552550642e-13
16,4444,202,197,5.948993612524559e-13,2.5627503160917325e-12,7.621506946491634e-13
16,4444,202,198,5.594977568203839e-13,2.444223561330551e-12,6.553345407971991e-13
16,4444,202,199,5.402782914049391e-13,2.1597826428982298e-12,5.837681029941755e-13
16,4444,202,200,5.08467882557477e-13,1.8877253714758057e-12,5.69052734319029e-13
16,4444,202,201,4.2905927395160116e-13,1.6213849567265466e-12,4.80849249460461e-13
16,4444,202,202,3.7895334671278933e-13,1.5376928042007908e-12,4.231107392364063e-13
16,4444,202,203,3.5123255471972013e-13,1.457305840663004e-12,3.987191993050757e-13
16,4444,202,204,3.4497504490764626e-13,1.3490459117140815e-12,3.360198104287273e-13
16,4444,202,205,2.7391290336614203e-13,1.3155972934973293e-12,3.119813466803563e-13
16,4444,202,206,2.51074505676164e-13,1.1407109401944682e-12,2.869184957730358e-13
16,4444,202,207,2.4745886912182596e-13,9.34021311438689e-13,2.318472573109032e-13
16,4444,202,208,2.0583680235505836e-13,8.792846573011265e-13,2.1565031299164778e-13
16,4444,202,209,1.7461098199711586e-13,8.411103366694159e-13,2.0271381207974889e-13
16,4444,202,210,1.511588355259669e-13,7.734446553090891e-13,1.739906242376875e-13
16,4444,202,211,1.4618274349534672e-13,5.7753435794088e-13,1.6352372372530266e-13
16,4444,202,212,1.166736355844989e-13,5.009224899301774e-13,1.3569271793622437e-13
16,4444,202,213,1.1663841939175164e-13,4.9094452170848e-13,1.1600634942651462e-13
16,4444,202,214,8.944683220358018e-14,4.2433969907857463e-13,1.1300328043449183e-13
16,4444,202,215,8.31284772635028e-14,3.729199245471688e-13,7.072329321025252e-14
16,4444,202,216,8.304518256293611e-14,3.4303750744616506e-13,6.519492897073003e-14
16,4444,202,217,6.298861695820684e-14,3.058345263015414e-13,5.962526683520699e-14
16,4444,202,218,5.1827353616988973e-14,2.8154611287630793e-13,5.499191658949755e-14
16,4444,202,219,4.561048072789144e-14,2.3000434407695724e-13,5.4683610993955634e-14
16,4444,202,220,3.6380976016516696e-14,2.094531704789111e-13,4.4435669089763114e-14
16,4444,202,221,3.240528047155542e-14,1.9707593254908645e-13,4.1644994724139554e-14
16,4444,202,222,2.7931718275828753e-14,1.5878344885339103e-13,3.75731246768485e-14
16,4444,202,223,2.3610213270759103e-14,1.2235360282586002e-13,3.361469599815824e-14
16,4444,202,224,2.3360406360777596e-14,1.1813386922236644e-13,2.865944729207911e-14
16,4444,202,225,1.9054083339555627e-14,1.0874958480467936e-13,2.566649672308492e-14
16,4444,202,226,1.4867034226994137e-14,8.239879181994912e-14,2.0411374066786946e-14
16,4444,202,227,1.3294721693963683e-14,7.008911849632921e-14,1.6179895744861605e-14
16,4444,202,228,1.045686738613463e-14,6.096666045228291e-14,1.3362731423247027e-14
16,4444,202,229,8.897377784339782e-15,5.42065516511906e-14,1.2204986380119053e-14
16,4444,202,230,7.866634938429298e-15,4.891607588114114e-14,9.533086901408839e-15
16,4444,202,231,4.300050652747962e-15,3.193350042903344e-14,9.250074584291071e-15
16,4444,202,232,3.8620312852607934e-15,2.84733152091069e-14,8.239836280049518e-15
16,4444,202,233,3.760255784128867e-15,2.810246045410272e-14,7.106190960816927e-15
16,4444,202,234,3.641152930257895e-15,2.1756579522775138e-14,4.452542637152942e-15
16,4444,202,235,3.60831911350051e-15,1.8970139445316118e-14,4.285273910820932e-15
16,4444,202,236,3.2017519007524393e-15,1.8721733827261536e-14,2.7969167178340292e-15
16,4444,202,237,1.642051115419603e-15,1.0932477100153629e-14,2.687579817495877e-15
16,4444,202,238,1.3945882118783699e-15,1.0325429795574928e-14,2.5466335737588972e-15
16,4444,202,239,1.2022562506746293e-15,8.321835491582315e-15,1.8310049754346867e-15
16,4444,202,240,1.0410634850343422e-15,7.56351746184646e-15,1.3474398265287678e-15
16,4444,202,241,9.999999999999867e-16,7.341304081837767e-15,9.999999999999877e-16
16,4444,202,242,9.999999999999867e-16,6.0703355143269005e-15,9.999999999999877e-16
16,4444,202,243,9.999999999999867e-16,3.976598789610678e-15,9.999999999999877e-16
16,4444,202,244,9.999999999999867e-16,2.7241944236103306e-15,9.999999999999877e-16
16,4444,202,245,9.999999999999867e-16,2.3259979439357118e-15,9.999999999999877e-16
16,4444,202,246,9.999999999999867e-16,1.581432395536992e-15,9.999999999999877e-16
16,4444,202,247,9.999999999999867e-16,9.999999999999942e-16,9.999999999999877e-16
16,4444,202,248,9.999999999999867e-16,9.999999999999942e-16,9.999999999999877e-16
16,4444,202,249,9.999999999999867e-16,9.999999999999942e-16,9.999999999999877e-16
16,4444,202,250,9.999999999999867e-16,9.999999999999942e-16,9.999999999999877e-16
16,4444,202,251,9.999999999999867e-16,9.999999999999942e-16,9.999999999999877e-16
16,4444,202,252,9.999999999999867e-16,9.999999999999942e-16,9.999999999999877e-16
16,4444,202,253,9.999999999999867e-16,9.999999999999942e-16,9.999999999999877e-16
16,4444,202,254,9.999999999999867e-16,9.999999999999942e-16,9.999999999999877e-16
16,4444,202,255,9.999999999999867e-16,9.999999999999942e-16,9.999999999999877e-16
16,4444,202,256,9.999999999999867e-16,9.999999999999942e-16,9.999999999999877e-16
16,4444,303,1,0.8915771073401815,0.8926153853151133,0.8915865145944593
16,4444,303,2,0.039137364200813735,0.038881366768901034,0.03934546525159396
16,4444,303,3,0.031207611032466127,0.030660614929940228,0.031388195517706226
16,4444,303,4,0.015405543069488556,0.015316751609564428,0.015407803777957845
16,4444,303,5,0.00943909475769474,0.009408181040387984,0.009516583454296833
16,4444,303,6,0.005453996823572822,0.005464461238545793,0.0055334681440966085
16,4444,303,7,0.002727656982997076,0.0026342419124658354,0.00265926964581996
16,4444,303,8,0.000994860755741371,0.0010465496237581403,0.0008877675415873316
16,4444,303,9,0.0007847332813004013,0.0007646160987852021,0.0007955772357466491
16,4444,303,10,0.0007549854663121549,0.0006950386614487588,0.000685765220953761
16,4444,303,11,0.0005400547192186495,0.0005410670438588202,0.0004957115890893569
16,4444,303,12,0.00041286225130010123,0.00040562284445097243,0.0003707709628134168
16,4444,303,13,0.000356147657015787,0.00037557794112549664,0.0003141257086415034
16,4444,303,14,0.00025056426642775914,0.00024305303390874367,0.00021434718315666959
16,4444,303,15,0.0001825177160348388,0.00017070800608437426,0.00013363717384483432
16,4444,303,16,0.00015744331500462352,0.00014551480265085506,0.00012212482202728095
16,4444,303,17,0.00010559573606838316,0.000105911404603282,0.00010119887403354789
16,4444,303,18,9.851457793812532e-05,0.00010029328232671208,7.750896452476201e-05
16,4444,303,19,6.646163863141373e-05,6.709978156264689e-05,5.8780861770138346e-05
16,4444,303,20,5.8228192688544705e-05,5.246924253486431e-05,5.111173209727981e-05
16,4444,303,21,5.1306770686370414e-05,4.6592034636289913e-05,4.472671387207199e-05
16,4444,303,22,4.174685914248686e-05,4.2176452553223666e-05,3.964482709380461e-05
16,4444,303,23,3.410704344469841e-05,3.94578469301274e-05,2.8450825620838803e-05
16,4444,303,24,2.7888520250337464e-05,2.9661222264406908e-05,2.4599949206407044e-05
16,4444,303,25,2.3412875411829807e-05,2.003435097545523e-05,1.879640025551063e-05
16,4444,303,26,1.49656261044156e-05,1.531226399778396e-05,1.3454977661274227e-05
16,4444,303,27,1.2435525336947507e-05,1.2476483057513868e-05,1.2418824375161408e-05
16,4444,303,28,1.145495335696226e-05,1.2183258558083147e-05,9.6903478735691e-06
16,4444,303,29,9.890659617810307e-06,1.1545050561193015e-05,9.482581410560045e-06
16,4444,303,30,7.835785689527307e-06,1.0159947414273018e-05,7.4802399247697865e-06
16,4444,303,31,7.162183321643791e-06,8.628569737356234e-06,5.896202589429485e-06
16,4444,303,32,4.833296427519098e-06,7.166330429779023e-06,4.759871115827481e-06
16,4444,303,33,4.798551509219226e-06,5.951252000853796e-06,4.271033994498868e-06
16,4444,303,34,4.396943587811523e-06,5.069913931481388e-06,3.799174950527549e-06
16,4444,303,35,3.5008661100746803e-06,4.383723725970521e-06,3.1038160076257367e-06
16,4444,303,36,3.055564122884725e-06,3.5880357933788456e-06,2.986111111469849e-06
16,4444,303,37,2.7707183357772354e-06,3.2218557055071336e-06,2.3160193703171203e-06
16,4444,303,38,2.651635623873882e-06,2.7384312122331124e-06,1.9705400794451254e-06
16,4444,303,39,2.4551316820007775e-06,2.570674263064268e-06,1.8217824966929186e-06
16,4444,303,40,2.063789016098618e-06,2.2712056141403205e-06,1.587414947874914e-06
16,4444,303,41,1.880063358558128e-06,1.971534686132958e-06,1.5648253278316543e-06
16,4444,303,42,1.4710803516485358e-06,1.725201565405262e-06,1.2632639237710748e-06
16,4444,303,43,1.3085064378319297e-06,1.6106368377656068e-06,1.0425312680484612e-06
16,4444,303,44,1.236357281811761e-06,1.369309175844669e-06,8.978613267438739e-07
16,4444,303,45,1.0119512346335844e-06,1.3414216314307082e-06,8.423012487592529e-07
16,4444,303,46,9.411450483785493e-07,1.224149700090647e-06,7.967045699926081e-07
16,4444,303,47,9.143411278409629e-07,1.0964830154195478e-06,6.641946205809101e-07
16,4444,303,48,7.625423083788698e-07,8.954089012440344e-07,6.199022559970712e-07
16,4444,303,49,6.989661629250476e-07,8.500499843123942e-07,5.12032303285509e-07
16,4444,303,50,6.82136466752762e-07,7.886863901903803e-07,4.7267376452839324e-07
16,4444,303,51,5.912326054305289e-07,7.646486582774142e-07,4.433943246863302e-07
16,4444,303,52,5.346923544104269e-07,6.238481192825322e-07,4.1065390573774793e-07
16,4444,303,53,3.557797358378956e-07,6.12911237582426e-07,3.7587497991394786e-07
16,4444,303,54,3.480983704537298e-07,5.728178673805385e-07,3.2562348250254275e-07
16,4444,303,55,3.357323006044668e-07,5.406385720441628e-07,2.891614597769753e-07
16,4444,303,56,3.007144095431122e-07,4.774214765087249e-07,2.346281459662038e-07
16,4444,303,57,2.597543746824532e-07,3.499836500087151e-07,2.2469851974526463e-07
16,4444,303,58,2.396793327769687e-07,2.9417859036166626e-07,2.1906981528759456e-07
16,4444,303,59,1.8967406947373178e-07,2.7522276474146444e-07,1.8792484162786364e-07
16,4444,303,60,1.700363237571369e-07,2.7274401917275116e-07,1.6382816418566127e-07
16,4444,303,61,1.5074580235493268e-07,2.631523829917986e-07,1.4923545448813167e-07
16,4444,303,62,1.3498586016793422e-07,2.2108861533842747e-07,1.2554423971063888e-07
16,4444,303,63,1.2599414715627537e-07,1.9227808165921607e-07,1.2396668083343883e-07
16,4444,303,64,1.226899419872816e-07,1.692982826194581e-07,9.391665808747574e-08
16,4444,303,65,1.1311160564579029e-07,1.636412403366806e-07,8.77389589960331e-08
16,4444,303,66,8.933852208555061e-08,1.368821199989229e-07,7.854568982244139e-08
16,4444,303,67,8.865360496585318e-08,1.2771967053923423e-07,6.861659601102666e-08
16,4444,303,68,8.18098411645899e-08,1.2650492713427633e-07,6.779080978184659e-08
16,4444,303,69,7.476357163358615e-08,1.1687245057238138e-07,6.014981301611995e-08
16,4444,303,70,6.700127898825082e-08,1.0547693094597973e-07,5.223910634696412e-08
16,4444,303,71,4.987441455320406e-08,9.691118191969499e-08,4.4896140019371503e-08
16,4444,303,72,4.9557938891093443e-08,7.990406950122026e-08,4.419526116007798e-08
16,4444,303,73,4.405374604028254e-08,7.363234756241244e-08,3.9201059674363385e-08
16,4444,303,74,4.109970534823493e-08,6.036613677553798e-08,3.744277793782338e-08
16,4444,303,75,3.8964284732602166e-08,5.9335134641399716e-08,3.386565956452297e-08
16,4444,303,76,3.788266431806102e-08,5.480801709308034e-08,3.0607665844215346e-08
16,4444,303,77,3.386855197985808e-08,4.63959859681155e-08,2.807203814641858e-08
16,4444,303,78,3.3615079712400596e-08,4.2500382031918775e-08,2.3441652748004645e-08
16,4444,303,79,3.046693029409536e-08,3.863904597903858e-08,2.179201493613782e-08
16,4444,303,80,2.9495529265695217e-08,3.736460232219897e-08,2.14143131962139e-08
16,4444,303,81,2.2592565255586428e-08,3.3700512538489234e-08,1.9084176604042565e-08
16,4444,303,82,2.1301732840184066e-08,2.926116059998273e-08,1.7824161065812183e-08
16,4444,303,83,1.9832913300539732e-08,2.7978117129709522e-08,1.572479245325413e-08
16,4444,303,84,1.5430927602581092e-08,2.6418642398865384e-08,1.538228678431653e-08
16,4444,303,85,1.4201616722160576e-08,2.4125781878651413e-08,1.2981346295391234e-08
16,4444,303,86,1.4144194671046913e-08,2.2581347141687523e-08,1.2876453372701651e-08
16,4444,303,87,1.2720053088246041e-08,2.1052682523235176e-08,1.1377560465458097e-08
16,4444,303,88,1.1249199665728507e-08,2.0339503539186938e-08,1.0285464916188227e-08
16,4444,303,89,8.952732560823487e-09,1.8494989453701185e-08,9.837364517151613e-09
16,4444,303,90,8.352047752828834e-09,1.3769535894623716e-08,8.335929022930954e-09
16,4444,303,91,8.347774361615516e-09,1.310253648391128e-08,7.798903456376276e-09
16,4444,303,92,8.047917635177431e-09,1.3087311786338097e-08,6.882010754995201e-09
16,4444,303,93,6.312736541298558e-09,1.0852953587714326e-08,6.37184037185138e-09
16,4444,303,94,6.282882374610905e-09,1.0655462000302828e-08,6.248699540576917e-09
16,4444,303,95,6.138717527925927e-09,1.0232288593394395e-08,5.340060798059963e-09
16,4444,303,96,5.999537406939198e-09,9.843369307291706e-09,5.12256487392275e-09
16,4444,303,97,5.3167544412324844e-09,8.537547489855118e-09,4.678386295996818e-09
16,4444,303,98,4.853700099246095e-09,7.819735074204098e-09,4.284807907359641e-09
16,4444,303,99,3.6919702383937073e-09,7.0479665183979036e-09,4.157620604496938e-09
16,4444,303,100,3.4197024728525246e-09,6.482061581605498e-09,3.545581248480981e-09
16,4444,303,101,3.368530776821935e-09,6.195908074781087e-09,3.285381796744914e-09
16,4444,303,102,3.332375582512881e-09,5.911041841184559e-09,3.116926744321689e-09
16,4444,303,103,2.9351653975161976e-09,5.530604067227127e-09,2.9888686628486033e-09
16,4444,303,104,2.7749003810817004e-09,4.6403780279386425e-09,2.75263565100652e-09
16,4444,303,105,2.6719644547754048e-09,4.315070558083578e-09,2.3546299294445475e-09
16,4444,303,106,2.634153815044671e-09,3.7197621395885587e-09,2.2696610161440502e-09
16,4444,303,107,2.276630469432956e-09,3.5476101060608573e-09,2.0643155451283177e-09
16,4444,303,108,2.10173125246e-09,3.335536128789494e-09,1.9655033297373933e-09
16,4444,303,109,2.0424070374668485e-09,3.2939090349400573e-09,1.8680106088303067e-09
16,4444,303,110,1.8452364407134245e-09,3.112947581758727e-09,1.531581632442928e-09
16,4444,303,111,1.7590099050972897e-09,2.9489064239938113e-09,1.4476146437695809e-09
16,4444,303,112,1.5671059412664463e-09,2.6825252970811757e-09,1.3392209207907408e-09
16,4444,303,113,1.4212895812374847e-09,2.482260151267211e-09,1.2837919518703815e-09
16,4444,303,114,1.1651550271702947e-09,2.443685628775247e-09,1.174415057446056e-09
16,4444,303,115,1.1541731388652282e-09,2.102088502979993e-09,1.0741822566122852e-09
16,4444,303,116,9.913836951539544e-10,1.948071945965635e-09,1.0149816816377223e-09
16,4444,303,117,8.859245861010092e-10,1.7624611145207676e-09,8.994564454091044e-10
16,4444,303,118,7.963666158134469e-10,1.6455588025246234e-09,8.22086074405884e-10
16,4444,303,119,7.110547501837626e-10,1.4386390707444602e-09,7.571402325817567e-10
16,4444,303,120,7.072769566719394e-10,1.4131589403075961e-09,6.843165459995065e-10
16,4444,303,121,6.897195531109771e-10,1.3594537361998957e-09,5.979496737176424e-10
16,4444,303,122,5.411209975370692e-10,1.1963663385572755e-09,5.870558995243318e-10
16,4444,303,123,5.22013237700279e-10,1.1445675433300175e-09,5.2968479653739e-10
16,4444,303,124,5.001783255098755e-10,1.0842498036136086e-09,4.5269863955366594e-10
16,4444,303,125,4.3615903353288885e-10,9.002057218015374e-10,3.993910824041196e-10
16,4444,303,126,4.050238374903419e-10,8.300682042776151e-10,3.722373434456341e-10
16,4444,303,127,3.849048522869801e-10,7.666589348028895e-10,3.6228030490020596e-10
16,4444,303,128,3.729414312896191e-10,7.605721698839194e-10,3.302076966412984e-10
16,4444,303,129,3.5592640537772504e-10,7.271092066535604e-10,3.0826165840619866e-10
16,4444,303,130,3.3119671546918506e-10,5.748656347069431e-10,2.7411283514671637e-10
16,4444,303,131,3.0683182291313403e-10,5.445530927204957e-10,2.395436564276346e-10
16,4444,303,132,2.8274112621395754e-10,5.28657171153822e-10,2.387253758730089e-10
16,4444,303,133,2.3020645774937527e-10,4.693851310249289e-10,2.272318024925315e-10
16,4444,303,134,2.2356039441090743e-10,4.6278497795568095e-10,1.9117959725855466e-10
16,4444,303,135,1.9255515588048414e-10,4.481579285392611e-10,1.8631960248406948e-10
16,4444,303,136,1.8208892806428942e-10,3.682130928608546e-10,1.7255030897064613e-10
16,4444,303,137,1.726126460180612e-10,3.355966755737538e-10,1.604021498120435e-10
16,4444,303,138,1.629097154143581e-10,2.9747599300888014e-10,1.5632822114396036e-10
16,4444,303,139,1.559577024764628e-10,2.867018763204431e-10,1.27255830535239e-10
16,4444,303,140,1.3358164943935857e-10,2.762849338275753e-10,1.2561738874322643e-10
16,4444,303,141,1.2604141121982705e-10,2.308709765922852e-10,1.1139448764553713e-10
16,4444,303,142,1.164725800736747e-10,2.233523978133618e-10,1.031992854174275e-10
16,4444,303,143,1.0665900669392742e-10,2.1455127444375324e-10,9.942736625566271e-11
16,4444,303,144,9.612575032941529e-11,2.04242883101599e-10,9.137110437839851e-11
16,4444,303,145,9.014690707113725e-11,2.0042192283012341e-10,8.470149250806488e-11
16,4444,303,146,8.84093838579164e-11,1.5665387616480008e-10,7.56920292333394e-11
16,4444,303,147,8.376648202687468e-11,1.54485100131631e-10,6.622661050494639e-11
16,4444,303,148,7.497769640169877e-11,1.5074162592774612e-10,6.394297973869176e-11
16,4444,303,149,6.855195780833617e-11,1.4495090012244455e-10,5.819818181713223e-11
16,4444,303,150,6.357831113451999e-11,1.196928330409839e-10,5.3148602876109677e-11
16,4444,303,151,5.258427575483158e-11,1.1639473890081948e-10,4.8039839616381175e-11
16,4444,303,152,4.814441570745575e-11,1.0248192972582463e-10,4.1200151760586674e-11
16,4444,303,153,4.612800128770722e-11,9.036243624635996e-11,3.947950138639213e-11
16,4444,303,154,4.2086956273527336e-11,8.737144319009037e-11,3.662741728665557e-11
16,4444,303,155,3.6101475581801156e-11,7.945060760688825e-11,3.5937669988060824e-11
16,4444,303,156,3.525382244829422e-11,7.583706112788578e-11,3.136688989066295e-11
16,4444,303,157,3.219079486029591e-11,7.084238436648138e-11,2.9779674406873333e-11
16,4444,303,158,3.010863899927001e-11,6.495579012111912e-11,2.8129512882791523e-11
16,4444,303,159,2.7492828444743144e-11,6.113617083424307e-11,2.6521733548053544e-11
16,4444,303,160,2.579579443515994e-11,5.935130310674267e-11,2.488355633040907e-11
16,4444,303,161,2.5104414426082518e-11,5.2483375567794065e-11,2.1983077899491776e-11
16,4444,303,162,1.9313129760224383e-11,4.3633094862345235e-11,2.099595094237947e-11
16,4444,303,163,1.8853030485853776e-11,4.315655354413904e-11,1.7862225850553307e-11
16,4444,303,164,1.8508943406738546e-11,3.769174668067151e-11,1.706686004335667e-11
16,4444,303,165,1.661555356673323e-11,3.698707902106171e-11,1.4949264082134178e-11
16,4444,303,166,1.509998394939423e-11,3.281579757197342e-11,1.2033955732143289e-11
16,4444,303,167,1.4359043144409852e-11,2.815043642912753e-11,1.1539535218034393e-11
16,4444,303,168,1.2571619418314399e-11,2.6597134928971815e-11,1.1321620078711031e-11
16,4444,303,169,1.1891509957928314e-11,2.6283226100857276e-11,1.013101983507866e-11
16,4444,303,170,1.1510474563623069e-11,2.577457743849997e-11,9.753300621517621e-12
16,4444,303,171,9.757547633599988e-12,2.2161235557283963e-11,8.871042677163661e-12
16,4444,303,172,8.208009606269103e-12,2.0729298815906323e-11,7.945926299806116e-12
16,4444,303,173,7.2556436738072525e-12,1.9591343189299343e-11,7.346211505868402e-12
16,4444,303,174,5.855673624609129e-12,1.70500828313944e-11,6.965926326079905e-12
16,4444,303,175,5.250463649520715e-12,1.6658872200258567e-11,5.991779097144705e-12
16,4444,303,176,5.058505575719156e-12,1.6366612301037514e-11,5.3851874299368515e-12
16,4444,303,177,4.8437563888551855e-12,1.3891647998149868e-11,4.888576557104932e-12
16,4444,303,178,4.624623939949276e-12,1.3299773719782348e-11,4.830519338295536e-12
16,4444,303,179,4.437616457176877e-12,1.2992483351531999e-11,4.264688985977555e-12
16,4444,303,180,4.3151086276940414e-12,1.0764236243980908e-11,4.160929180220429e-12
16,4444,303,181,3.691652011963988e-12,1.0689764350146507e-11,3.5243029583491474e-12
16,4444,303,182,3.1483120859895096e-12,1.0084454267730802e-11,3.2946090404584443e-12
16,4444,303,183,2.6628119387987523e-12,8.521218148697765e-12,3.0098270671839973e-12
16,4444,303,184,2.605067075757853e-12,7.93326057247783e-12,2.8822057740442567e-12
16,4444,303,185,2.2943655099703636e-12,7.122454192166028e-12,2.3365746830448023e-12
16,4444,303,186,2.2926204314142346e-12,6.53363041537348e-12,2.1924609565266003e-12
16,4444,303,187,2.1102458794968025e-12,5.784531475127787e-12,1.9767457956215505e-12
16,4444,303,188,1.9359184905091e-12,4.884370216335757e-12,1.9083599631852353e-12
16,4444,303,189,1.736663800713539e-12,4.1807500843321196e-12,1.7772961071257317e-12
16,4444,303,190,1.5777261888760164e-12,4.0381428139363684e-12,1.6594155935688025e-12
16,4444,303,191,1.3426177550386157e-12,3.531544201570771e-12,1.5828427155084227e-12
16,4444,303,192,1.0878509528714212e-12,3.471412743203308e-12,1.3561443863002987e-12
16,4444,303,193,9.796878753602295e-13,2.8735773649885467e-12,1.1384267262074506e-12
16,4444,303,194,8.587058221153659e-13,2.5890193913274708e-12,9.671517522945216e-13
16,4444,303,195,7.567703477969959e-13,2.402288890351031e-12,9.091536196561536e-13
16,4444,303,196,7.047391797256971e-13,2.1900093544607842e-12,7.999420341842572e-13
16,4444,303,197,5.948993612524559e-13,2.032895955004763e-12,6.943217107491965e-13
16,4444,303,198,5.594977568203839e-13,1.8255634430562664e-12,6.697560106716189e-13
16,4444,303,199,5.402782914049391e-13,1.4415586099557511e-12,5.81381662017645e-13
16,4444,303,200,5.08467882557477e-13,1.2914246651114524e-12,5.71372625623314e-13
16,4444,303,201,4.2905927395160116e-13,1.1637178688681348e-12,4.543727141984194e-13
16,4444,303,202,3.7895334671278933e-13,1.1325632311692998e-12,3.748048542578883e-13
16,4444,303,203,3.5123255471972013e-13,9.782929001995177e-13,3.6571153205486737e-13
16,4444,303,204,3.4497504490764626e-13,9.185477580097862e-13,3.252509394451641e-13
16,4444,303,205,2.7391290336614203e-13,8.111275561960162e-13,2.791793843897836e-13
16,4444,303,206,2.51074505676164e-13,7.948536907512877e-13,2.3058375937099825e-13
16,4444,303,207,2.4745886912182596e-13,7.487809119490784e-13,2.1998383944969826e-13
16,4444,303,208,2.0583680235505836e-13,7.109253621281157e-13,2.1159012806794547e-13
16,4444,303,209,1.7461098199711586e-13,5.804505511711839e-13,1.6745758280772656e-13
16,4444,303,210,1.511588355259669e-13,4.792383188732242e-13,1.3561581078625654e-13
16,4444,303,211,1.4618274349534672e-13,4.630680725812277e-13,1.228903711504143e-13
16,4444,303,212,1.166736355844989e-13,4.551902469813546e-13,1.177898980971806e-13
16,4444,303,213,1.1663841939175164e-13,3.439550773774502e-13,1.1202784305925256e-13
16,4444,303,214,8.944683220358018e-14,3.0189098078626333e-13,9.536996129525655e-14
16,4444,303,215,8.31284772635028e-14,2.9335542046737297e-13,8.559361859566747e-14
16,4444,303,216,8.304518256293611e-14,2.8838688500049613e-13,7.766708443251342e-14
16,4444,303,217,6.298861695820684e-14,2.0667042911317363e-13,6.609059578814583e-14
16,4444,303,218,5.1827353616988973e-14,1.7200296264970608e-13,5.725962874779151e-14
16,4444,303,219,4.561048072789144e-14,1.705411947554787e-13,4.978597678516388e-14
16,4444,303,220,3.6380976016516696e-14,1.535697355668347e-13,4.696717888616568e-14
16,4444,303,221,3.240528047155542e-14,1.219813338660013e-13,3.615693681081067e-14
16,4444,303,222,2.7931718275828753e-14,1.129782804892822e-13,3.149036997609018e-14
16,4444,303,223,2.3610213270759103e-14,9.493722324908646e-14,2.1989663639739102e-14
16,4444,303,224,2.3360406360777596e-14,7.01595323657425e-14,1.9532762111363624e-14
16,4444,303,225,1.9054083339555627e-14,6.734539250026057e-14,1.8831466407417944e-14
16,4444,303,226,1.4867034226994137e-14,6.04711506039751e-14,1.3896967864330787e-14
16,4444,303,227,1.3294721693963683e-14,3.807834591531832e-14,1.1985452234541428e-14
16,4444,303,228,1.045686738613463e-14,3.209544996746758e-14,1.1431590571337778e-14
16,4444,303,229,8.897377784339782e-15,2.7742487166722973e-14,9.43090371059331e-15
16,4444,303,230,7.866634938429298e-15,2.7685956459290772e-14,9.133984120497218e-15
16,4444,303,231,4.300050652747962e-15,2.4942686334273865e-14,7.587424361548072e-15
16,4444,303,232,3.8620312852607934e-15,2.4212735378970914e-14,6.102109913037048e-15
16,4444,303,233,3.760255784128867e-15,1.687463807103489e-14,5.893760740846115e-15
16,4444,303,234,3.641152930257895e-15,1.6330792705841973e-14,3.498797911508921e-15
16,4444,303,235,3.60831911350051e-15,1.540255343672749e-14,3.2029910111774122e-15
16,4444,303,236,3.2017519007524393e-15,1.0858679482636233e-14,2.6835372344656654e-15
16,4444,303,237,1.642051115419603e-15,5.730934506428194e-15,2.6227592938817606e-15
16,4444,303,238,1.3945882118783699e-15,5.306909015747404e-15,1.8286062456142562e-15
16,4444,303,239,1.2022562506746293e-15,3.322513854347606e-15,1.310183858578337e-15
16,4444,303,240,1.0410634850343422e-15,3.225997270829702e-15,1.2132961308591669e-15
16,4444,303,241,9.999999999999867e-16,2.857248429451607e-15,9.999999999999877e-16
16,4444,303,242,9.999999999999867e-16,1.9146455377402776e-15,9.999999999999877e-16
16,4444,303,243,9.999999999999867e-16,1.1802734215813884e-15,9.999999999999877e-16
16,4444,303,244,9.999999999999867e-16,9.999999999999902e-16,9.999999999999877e-16
16,4444,303,245,9.999999999999867e-16,9.999999999999902e-16,9.999999999999877e-16
16,4444,303,246,9.999999999999867e-16,9.999999999999902e-16,9.999999999999877e-16
16,4444,303,247,9.999999999999867e-16,9.999999999999902e-16,9.999999999999877e-16
16,4444,303,248,9.999999999999867e-16,9.999999999999902e-16,9.999999999999877e-16
16,4444,303,249,9.999999999999867e-16,9.999999999999902e-16,9.999999999999877e-16
16,4444,303,250,9.999999999999867e-16,9.999999999999902e-16,9.999999999999877e-16
16,4444,303,251,9.999999999999867e-16,9.999999999999902e-16,9.999999999999877e-16
16,4444,303,252,9.999999999999867e-16,9.999999999999902e-16,9.999999999999877e-16
16,4444,303,253,9.999999999999867e-16,9.999999999999902e-16,9.999999999999877e-16
16,4444,303,254,9.999999999999867e-16,9.999999999999902e-16,9.999999999999877e-16
16,4444,303,255,9.999999999999867e-16,9.999999999999902e-16,9.999999999999877e-16
16,4444,303,256,9.999999999999867e-16,9.999999999999902e-16,9.999999999999877e-16
16,4444,404,1,0.8915771073401815,0.8929543455323018,0.8916363984539271
16,4444,404,2,0.039137364200813735,0.03914316719407854,0.03918219648808002
16,4444,404,3,0.031207611032466127,0.030415135586439403,0.03141121480098044
16,4444,404,4,0.015405543069488556,0.015361340450832818,0.015395298549747163
16,4444,404,5,0.00943909475769474,0.009220172025375959,0.009448670879099922
16,4444,404,6,0.005453996823572822,0.005330538739362448,0.005498669046994915
16,4444,404,7,0.002727656982997076,0.0025788436227993992,0.002678398708118917
16,4444,404,8,0.000994860755741371,0.0008896255275259291,0.0009233597135734065
16,4444,404,9,0.0007847332813004013,0.0008831122062693886,0.0007962642386576099
16,4444,404,10,0.0007549854663121549,0.0007820915423542195,0.000750975332268372
16,4444,404,11,0.0005400547192186495,0.0004942165890534282,0.0004917630642684326
16,4444,404,12,0.00041286225130010123,0.0004030863914113086,0.00039242845854907984
16,4444,404,13,0.000356147657015787,0.00036739599225463573,0.000318527292900709
16,4444,404,14,0.00025056426642775914,0.0002415359679378139,0.00021331932649221402
16,4444,404,15,0.0001825177160348388,0.00018253950279369834,0.0001659832121935148
16,4444,404,16,0.00015744331500462352,0.0001322246216821162,0.0001486925307024434
16,4444,404,17,0.00010559573606838316,0.0001128036706107491,9.923086857284797e-05
16,4444,404,18,9.851457793812532e-05,9.229291935499307e-05,9.003717197537295e-05
16,4444,404,19,6.646163863141373e-05,7.509596943582727e-05,5.944521196311357e-05
16,4444,404,20,5.8228192688544705e-05,5.835283269131687e-05,4.961012115352603e-05
16,4444,404,21,5.1306770686370414e-05,4.500319808663684e-05,4.297236459416397e-05
16,4444,404,22,4.174685914248686e-05,3.4097878989706165e-05,3.6859779634356024e-05
16,4444,404,23,3.410704344469841e-05,2.853853084364187e-05,2.7554606868781103e-05
16,4444,404,24,2.7888520250337464e-05,2.674943668226682e-05,2.2578905744075373e-05
16,4444,404,25,2.3412875411829807e-05,2.2817725824714488e-05,1.8215884396405628e-05
16,4444,404,26,1.49656261044156e-05,1.75584599101233e-05,1.3487714383151616e-05
16,4444,404,27,1.2435525336947507e-05,1.4914798430156442e-05,1.0832685794279838e-05
16,4444,404,28,1.145495335696226e-05,1.3476477763767334e-05,1.032165035723027e-05
16,4444,404,29,9.890659617810307e-06,8.707496174737296e-06,9.55786873838176e-06
16,4444,404,30,7.835785689527307e-06,7.295079012738121e-06,7.611583311099353e-06
16,4444,404,31,7.162183321643791e-06,6.7973389796372044e-06,5.535122962597222e-06
16,4444,404,32,4.833296427519098e-06,6.2641632542871365e-06,5.187274500936046e-06
16,4444,404,33,4.798551509219226e-06,5.7662735895575755e-06,4.698638108422195e-06
16,4444,404,34,4.396943587811523e-06,5.114603374251194e-06,4.3019650776195384e-06
16,4444,404,35,3.5008661100746803e-06,4.397900872967956e-06,3.3964042682220133e-06
16,4444,404,36,3.055564122884725e-06,3.7141713803766225e-06,3.0881913056988353e-06
16,4444,404,37,2.7707183357772354e-06,3.159723033350911e-06,2.7494706192519884e-06
16,4444,404,38,2.651635623873882e-06,2.7098905608314193e-06,2.4974405980788635e-06
16,4444,404,39,2.4551316820007775e-06,2.5354115699559176e-06,2.075738015980118e-06
16,4444,404,40,2.063789016098618e-06,2.1599324525239524e-06,1.646690980502818e-06
16,4444,404,41,1.880063358558128e-06,2.1197955828184433e-06,1.4955159889724422e-06
16,4444,404,42,1.4710803516485358e-06,1.9354777769466934e-06,1.4429805821118703e-06
16,4444,404,43,1.3085064378319297e-06,1.7425256255146874e-06,1.1650560985235691e-06
16,4444,404,44,1.236357281811761e-06,1.4891515594447952e-06,1.048075640141153e-06
16,4444,404,45,1.0119512346335844e-06,1.3710107241962576e-06,9.283316838525859e-07
16,4444,404,46,9.411450483785493e-07,1.1569444504766817e-06,8.107150831799154e-07
16,4444,404,47,9.143411278409629e-07,1.0486388768017785e-06,7.784106423168455e-07
16,4444,404,48,7.625423083788698e-07,9.848627176946638e-07,6.996348769587285e-07
16,4444,404,49,6.989661629250476e-07,7.692067792267148e-07,6.46134644808265e-07
16,4444,404,50,6.82136466752762e-07,7.602406613148134e-07,5.60120590969268e-07
16,4444,404,51,5.912326054305289e-07,6.8406977852831e-07,5.574522343167247e-07
16,4444,404,52,5.346923544104269e-07,6.284233199982625e-07,4.86539556298012e-07
16,4444,404,53,3.557797358378956e-07,5.337302876407807e-07,3.93853959655511e-07
16,4444,404,54,3.480983704537298e-07,4.866601153815914e-07,3.575145823370469e-07
16,4444,404,55,3.357323006044668e-07,4.4199460307181794e-07,3.0351301576584285e-07
16,4444,404,56,3.007144095431122e-07,4.1080833612208366e-07,2.779458708226779e-07
16,4444,404,57,2.597543746824532e-07,3.7163703352331675e-07,2.4379434555626737e-07
16,4444,404,58,2.396793327769687e-07,2.923877694640682e-07,2.198612673733509e-07
16,4444,404,59,1.8967406947373178e-07,2.770256077379711e-07,2.0165869862747138e-07
16,4444,404,60,1.700363237571369e-07,2.3749099934867231e-07,1.550581323110871e-07
16,4444,404,61,1.5074580235493268e-07,2.3203427956428126e-07,1.3172890850942492e-07
16,4444,404,62,1.3498586016793422e-07,2.0460358466079247e-07,1.237301399110257e-07
16,4444,404,63,1.2599414715627537e-07,1.7587661191307285e-07,1.1017703351549341e-07
16,4444,404,64,1.226899419872816e-07,1.571115871152728e-07,1.023787404831022e-07
16,4444,404,65,1.1311160564579029e-07,1.3369039327556372e-07,9.55034470694055e-08
16,4444,404,66,8.933852208555061e-08,1.2368789969525626e-07,8.840453669454718e-08
16,4444,404,67,8.865360496585318e-08,1.1885360855987649e-07,8.655807183426226e-08
16,4444,404,68,8.18098411645899e-08,1.1738201023979076e-07,7.378013609279816e-08
16,4444,404,69,7.476357163358615e-08,1.0844053504978819e-07,6.546547680894278e-08
16,4444,404,70,6.700127898825082e-08,9.891116712164358e-08,6.122676718949249e-08
16,4444,404,71,4.987441455320406e-08,9.150662665686293e-08,5.6707916356435574e-08
16,4444,404,72,4.9557938891093443e-08,8.954191815123538e-08,5.351068283467761e-08
16,4444,404,73,4.405374604028254e-08,7.876756739344778e-08,4.284633014477628e-08
16,4444,404,74,4.109970534823493e-08,6.804672560751497e-08,4.0852089459900515e-08
16,4444,404,75,3.8964284732602166e-08,6.309036937687441e-08,3.638574672598982e-08
16,4444,404,76,3.788266431806102e-08,5.7281041440738644e-08,3.472564089576921e-08
16,4444,404,77,3.386855197985808e-08,4.9002289909555745e-08,3.299851016558466e-08
16,4444,404,78,3.3615079712400596e-08,4.83267967096577e-08,3.0416820259336073e-08
16,4444,404,79,3.046693029409536e-08,3.9659440115130306e-08,2.7381535902560398e-08
16,4444,404,80,2.9495529265695217e-08,3.8282513360038765e-08,2.357093306620782e-08
16,4444,404,81,2.2592565255586428e-08,3.5200250235276376e-08,2.230343569960019e-08
16,4444,404,82,2.1301732840184066e-08,3.485655684367454e-08,2.1046411060178608e-08
16,4444,404,83,1.9832913300539732e-08,3.2609681115218146e-08,1.892089905814738e-08
16,4444,404,84,1.5430927602581092e-08,3.154860394222906e-08,1.599530667904565e-08
16,4444,404,85,1.4201616722160576e-08,2.6501959410104105e-08,1.5656773132718783e-08
16,4444,404,86,1.4144194671046913e-08,2.4390169014880767e-08,1.4831968193516411e-08
16,4444,404,87,1.2720053088246041e-08,2.1582680353589575e-08,1.307197832756557e-08
16,4444,404,88,1.1249199665728507e-08,1.9812777018666265e-08,1.2983451656086263e-08
16,4444,404,89,8.952732560823487e-09,1.9147102682381517e-08,1.1500997988008898e-08
16,4444,404,90,8.352047752828834e-09,1.7705626027938147e-08,9.08094014284806e-09
16,4444,404,91,8.347774361615516e-09,1.765509581296895e-08,7.840900554828046e-09
16,4444,404,92,8.047917635177431e-09,1.3929208183911789e-08,7.1328264121329795e-09
16,4444,404,93,6.312736541298558e-09,1.2884214956016693e-08,6.777280793477397e-09
16,4444,404,94,6.282882374610905e-09,1.2759383739066205e-08,6.307454664080654e-09
16,4444,404,95,6.138717527925927e-09,1.1608949188467733e-08,5.559708790706176e-09
16,4444,404,96,5.999537406939198e-09,1.1180693399568717e-08,5.173134004416579e-09
16,4444,404,97,5.3167544412324844e-09,1.0733110362801145e-08,4.811011592775852e-09
16,4444,404,98,4.853700099246095e-09,9.14659462436069e-09,4.337529411151473e-09
16,4444,404,99,3.6919702383937073e-09,8.804115151025729e-09,4.094345115300845e-09
16,4444,404,100,3.4197024728525246e-09,7.85935663051017e-09,4.043425655547087e-09
16,4444,404,101,3.368530776821935e-09,6.9431392435625515e-09,3.4649200635424327e-09
16,4444,404,102,3.332375582512881e-09,6.872387765178782e-09,3.2649765012500392e-09
16,4444,404,103,2.9351653975161976e-09,5.610266388173557e-09,3.064634603203496e-09
16,4444,404,104,2.7749003810817004e-09,5.548972909006105e-09,2.8680110710813537e-09
16,4444,404,105,2.6719644547754048e-09,5.059573741784879e-09,2.797750428142948e-09
16,4444,404,106,2.634153815044671e-09,4.564857380268185e-09,2.413246331571782e-09
16,4444,404,107,2.276630469432956e-09,4.147400824032511e-09,2.1842837619273817e-09
16,4444,404,108,2.10173125246e-09,3.6529525035987562e-09,1.835715512681198e-09
16,4444,404,109,2.0424070374668485e-09,3.6167772176043427e-09,1.7721964397507876e-09
16,4444,404,110,1.8452364407134245e-09,3.291919695470249e-09,1.7108271739430173e-09
16,4444,404,111,1.7590099050972897e-09,2.917943853979222e-09,1.4683064654130927e-09
16,4444,404,112,1.5671059412664463e-09,2.869517008902881e-09,1.3884873403703356e-09
16,4444,404,113,1.4212895812374847e-09,2.590094628675655e-09,1.3443940531953737e-09
16,4444,404,114,1.1651550271702947e-09,2.4662423765217434e-09,1.2038973872411768e-09
16,4444,404,115,1.1541731388652282e-09,2.1635635003675625e-09,1.1555356947356588e-09
16,4444,404,116,9.913836951539544e-10,2.004760041768762e-09,1.0876131170821148e-09
16,4444,404,117,8.859245861010092e-10,1.9130959874091037e-09,9.871060382235379e-10
16,4444,404,118,7.963666158134469e-10,1.883130599749814e-09,8.323667404690398e-10
16,4444,404,119,7.110547501837626e-10,1.7154217343312278e-09,7.762862507641693e-10
16,4444,404,120,7.072769566719394e-10,1.2933172494249548e-09,7.15974599311492e-10
16,4444,404,121,6.897195531109771e-10,1.18521076469235e-09,6.940918865147199e-10
16,4444,404,122,5.411209975370692e-10,1.1738716443205185e-09,6.255031724176967e-10
16,4444,404,123,5.22013237700279e-10,1.1013298415088838e-09,5.298877098482964e-10
16,4444,404,124,5.001783255098755e-10,9.480232131680898e-10,4.666155442869466e-10
16,4444,404,125,4.3615903353288885e-10,9.246381682612083e-10,4.4686865724829886e-10
16,4444,404,126,4.050238374903419e-10,8.91047179902931e-10,4.209415663356946e-10
16,4444,404,127,3.849048522869801e-10,7.84604338683996e-10,4.122012896887728e-10
16,4444,404,128,3.729414312896191e-10,7.666482778182704e-10,3.549873106205289e-10
16,4444,404,129,3.5592640537772504e-10,6.714788680821207e-10,3.2674897307977943e-10
16,4444,404,130,3.3119671546918506e-10,6.349747221576366e-10,3.078330533210052e-10
16,4444,404,131,3.0683182291313403e-10,5.777835753769516e-10,2.7066861495320194e-10
16,4444,404,132,2.8274112621395754e-10,5.601697163926181e-10,2.544315522210638e-10
16,4444,404,133,2.3020645774937527e-10,5.10296355655746e-10,2.4709681580917194e-10
16,4444,404,134,2.2356039441090743e-10,4.781817661262181e-10,2.384537213154423e-10
16,4444,404,135,1.9255515588048414e-10,4.638552185885293e-10,1.9772949585111777e-10
16,4444,404,136,1.8208892806428942e-10,4.4311310300713673e-10,1.8926931850032067e-10
16,4444,404,137,1.726126460180612e-10,4.0901676658158904e-10,1.670001678229721e-10
16,4444,404,138,1.629097154143581e-10,3.698925575250705e-10,1.659354794123349e-10
16,4444,404,139,1.559577024764628e-10,3.644219574427262e-10,1.498285455946439e-10
16,4444,404,140,1.3358164943935857e-10,3.218606361742618e-10,1.3818655643215091e-10
16,4444,404,141,1.2604141121982705e-10,2.862431211686594e-10,1.323343687767737e-10
16,4444,404,142,1.164725800736747e-10,2.589197506374805e-10,1.1360383790942494e-10
16,4444,404,143,1.0665900669392742e-10,2.4542879109775334e-10,1.1000181840760966e-10
16,4444,404,144,9.612575032941529e-11,2.2072291251549494e-10,1.0638077204899948e-10
16,4444,404,145,9.014690707113725e-11,2.116112122299649e-10,1.0023173674159321e-10
16,4444,404,146,8.84093838579164e-11,1.9713838406425224e-10,8.244141958889216e-11
16,4444,404,147,8.376648202687468e-11,1.9322446065490882e-10,7.939697362761624e-11
16,4444,404,148,7.497769640169877e-11,1.816752617606328e-10,6.74710721457479e-11
16,4444,404,149,6.855195780833617e-11,1.742681678819044e-10,6.589719088643555e-11
16,4444,404,150,6.357831113451999e-11,1.6154816953577747e-10,6.265976854890762e-11
16,4444,404,151,5.258427575483158e-11,1.2198419461911114e-10,5.321176418200955e-11
16,4444,404,152,4.814441570745575e-11,1.1988643770077802e-10,5.227077927165918e-11
16,4444,404,153,4.612800128770722e-11,1.1466424246674107e-10,4.7933837470806875e-11
16,4444,404,154,4.2086956273527336e-11,1.0502671828573393e-10,4.382088541813106e-11
16,4444,404,155,3.6101475581801156e-11,9.760606099760121e-11,4.326979150306023e-11
16,4444,404,156,3.525382244829422e-11,9.25360615383056e-11,4.019441255140244e-11
16,4444,404,157,3.219079486029591e-11,8.635134579467028e-11,3.8929352590402814e-11
16,4444,404,158,3.010863899927001e-11,8.522871780917059e-11,3.7116311495245415e-11
16,4444,404,159,2.7492828444743144e-11,6.478702010217791e-11,3.148715514771902e-11
16,4444,404,160,2.579579443515994e-11,6.402864234943794e-11,2.830689190334713e-11
16,4444,404,161,2.5104414426082518e-11,5.4249176185781324e-11,2.564926888025234e-11
16,4444,404,162,1.9313129760224383e-11,5.3179146994150356e-11,2.3458613825025325e-11
16,4444,404,163,1.8853030485853776e-11,4.691299906922914e-11,1.9055333680020284e-11
16,4444,404,164,1.8508943406738546e-11,4.561079982713462e-11,1.788057786474366e-11
16,4444,404,165,1.661555356673323e-11,4.0114475508377724e-11,1.646042534587308e-11
16,4444,404,166,1.509998394939423e-11,3.838639914693515e-11,1.567027344560843e-11
16,4444,404,167,1.4359043144409852e-11,3.33934656113143e-11,1.3715179257878737e-11
16,4444,404,168,1.2571619418314399e-11,3.286634709167588e-11,1.3434729625341194e-11
16,4444,404,169,1.1891509957928314e-11,3.128843262953985e-11,1.2407420409073366e-11
16,4444,404,170,1.1510474563623069e-11,2.893429353476633e-11,1.1309798265542448e-11
16,4444,404,171,9.757547633599988e-12,2.8425625120947293e-11,1.040884853531689e-11
16,4444,404,172,8.208009606269103e-12,2.7053909027180338e-11,9.905841243297273e-12
16,4444,404,173,7.2556436738072525e-12,2.2406540975836458e-11,9.039057667526596e-12
16,4444,404,174,5.855673624609129e-12,2.2001283480019594e-11,8.139572332393038e-12
16,4444,404,175,5.250463649520715e-12,2.1569201601458792e-11,7.660595391439578e-12
16,4444,404,176,5.058505575719156e-12,1.9490807377169556e-11,6.8758890741903356e-12
16,4444,404,177,4.8437563888551855e-12,1.7712858068349654e-11,6.525557896575473e-12
16,4444,404,178,4.624623939949276e-12,1.7367254843548496e-11,6.061936124475048e-12
16,4444,404,179,4.437616457176877e-12,1.5371911096873557e-11,5.270832958626098e-12
16,4444,404,180,4.3151086276940414e-12,1.3946750977577705e-11,4.361470804700747e-12
16,4444,404,181,3.691652011963988e-12,1.365402773620224e-11,4.104856974211598e-12
16,4444,404,182,3.1483120859895096e-12,1.3418038608253887e-11,3.4891350006166068e-12
16,4444,404,183,2.6628119387987523e-12,1.043869425054365e-11,3.2965459055725544e-12
16,4444,404,184,2.605067075757853e-12,1.0285501138267081e-11,3.223803289782037e-12
16,4444,404,185,2.2943655099703636e-12,8.421759152596435e-12,2.8948540374529644e-12
16,4444,404,186,2.2926204314142346e-12,7.75766997162798e-12,2.3631030396083885e-12
16,4444,404,187,2.1102458794968025e-12,5.975232330145698e-12,2.2064221713516014e-12
16,4444,404,188,1.9359184905091e-12,5.297612515719134e-12,2.0252077283757272e-12
16,4444,404,189,1.736663800713539e-12,5.149947931974243e-12,1.886217624192444e-12
16,4444,404,190,1.5777261888760164e-12,4.655258212760589e-12,1.7456116439042314e-12
16,4444,404,191,1.3426177550386157e-12,4.485752242218864e-12,1.550441560906556e-12
16,4444,404,192,1.0878509528714212e-12,4.173348572739631e-12,1.29912239710888e-12
16,4444,404,193,9.796878753602295e-13,3.5768128259862804e-12,1.238744206433657e-12
16,4444,404,194,8.587058221153659e-13,3.4753186200552365e-12,1.070167342299399e-12
16,4444,404,195,7.567703477969959e-13,3.3357189075874063e-12,1.0164659360225111e-12
16,4444,404,196,7.047391797256971e-13,2.9292993346670385e-12,9.657221393305948e-13
16,4444,404,197,5.948993612524559e-13,2.5358597156040343e-12,8.292767012222404e-13
16,4444,404,198,5.594977568203839e-13,2.358263365598048e-12,6.941993360406714e-13
16,4444,404,199,5.402782914049391e-13,2.246723357827099e-12,6.448780341455124e-13
16,4444,404,200,5.08467882557477e-13,1.8940232591876476e-12,5.93038644368913e-13
16,4444,404,201,4.2905927395160116e-13,1.6893794358415405e-12,5.153549758477607e-13
16,4444,404,202,3.7895334671278933e-13,1.3046558777109256e-12,4.641730727968503e-13
16,4444,404,203,3.5123255471972013e-13,1.1854502623744324e-12,4.4243783501378224e-13
16,4444,404,204,3.4497504490764626e-13,1.0989799057585238e-12,3.840353398810795e-13
16,4444,404,205,2.7391290336614203e-13,1.0317258796497237e-12,3.3192575253068603e-13
16,4444,404,206,2.51074505676164e-13,9.18431743175057e-13,3.2211081485544344e-13
16,4444,404,207,2.4745886912182596e-13,8.307322712014548e-13,2.474873050888069e-13
16,4444,404,208,2.0583680235505836e-13,6.907976024125999e-13,2.3694530641293644e-13
16,4444,404,209,1.7461098199711586e-13,6.891595623397745e-13,2.1522480773152474e-13
16,4444,404,210,1.511588355259669e-13,6.412960295395131e-13,1.873407676320921e-13
16,4444,404,211,1.4618274349534672e-13,5.325705422906059e-13,1.6604150806703992e-13
16,4444,404,212,1.166736355844989e-13,4.61963870010442e-13,1.3788726810982198e-13
16,4444,404,213,1.1663841939175164e-13,3.6479415860175423e-13,1.2164393545687545e-13
16,4444,404,214,8.944683220358018e-14,3.119461262370806e-13,1.0852639584380226e-13
16,4444,404,215,8.31284772635028e-14,2.663190091047169e-13,9.139854525021961e-14
16,4444,404,216,8.304518256293611e-14,2.3078800700242914e-13,7.475128911892943e-14
16,4444,404,217,6.298861695820684e-14,2.1301306120656596e-13,6.413490607939703e-14
16,4444,404,218,5.1827353616988973e-14,1.9411350992405085e-13,5.777381849579798e-14
16,4444,404,219,4.561048072789144e-14,1.783043980444224e-13,5.563357575350465e-14
16,4444,404,220,3.6380976016516696e-14,1.7542278628942616e-13,5.46393956575695e-14
16,4444,404,221,3.240528047155542e-14,1.2104319583099455e-13,4.789281848960628e-14
16,4444,404,222,2.7931718275828753e-14,1.1879711759647307e-13,3.302242730527596e-14
16,4444,404,223,2.3610213270759103e-14,9.879356950069233e-14,3.1615082323514423e-14
16,4444,404,224,2.3360406360777596e-14,9.226603757933744e-14,3.046504243076632e-14
16,4444,404,225,1.9054083339555627e-14,7.022371778137201e-14,2.3473489341221384e-14
16,4444,404,226,1.4867034226994137e-14,6.532957761319682e-14,2.27447112363747e-14
16,4444,404,227,1.3294721693963683e-14,6.034153895882749e-14,1.6359710914686578e-14
16,4444,404,228,1.045686738613463e-14,5.4512462122291424e-14,1.4597619678391644e-14
16,4444,404,229,8.897377784339782e-15,5.126819625098178e-14,1.361859369726899e-14
16,4444,404,230,7.866634938429298e-15,3.472210354400074e-14,9.938948687047046e-15
16,4444,404,231,4.300050652747962e-15,3.3298954944451665e-14,9.820928468198391e-15
16,4444,404,232,3.8620312852607934e-15,2.9099963943352016e-14,6.172758973780781e-15
16,4444,404,233,3.760255784128867e-15,2.6879121051678472e-14,5.870734150480872e-15
16,4444,404,234,3.641152930257895e-15,2.0566651025798186e-14,5.521920327778409e-15
16,4444,404,235,3.60831911350051e-15,1.6390403181392213e-14,5.3849711385286965e-15
16,4444,404,236,3.2017519007524393e-15,1.3515537649073605e-14,3.635946684702406e-15
16,4444,404,237,1.642051115419603e-15,9.726160034697719e-15,3.039165357894136e-15
16,4444,404,238,1.3945882118783699e-15,9.633127444324756e-15,2.8655359414632983e-15
16,4444,404,239,1.2022562506746293e-15,5.220533064113136e-15,2.0886972489505763e-15
16,4444,404,240,1.0410634850343422e-15,3.841075447746373e-15,1.8261549685164964e-15
16,4444,404,241,9.999999999999867e-16,3.4547414875700957e-15,1.3842360127277874e-15
16,4444,404,242,9.999999999999867e-16,2.980183422696526e-15,9.999999999999888e-16
16,4444,404,243,9.999999999999867e-16,2.8854205828657756e-15,9.999999999999888e-16
16,4444,404,244,9.999999999999867e-16,1.6199262114344715e-15,9.999999999999888e-16
16,4444,404,245,9.999999999999867e-16,1.3259793403933188e-15,9.999999999999888e-16
16,4444,404,246,9.999999999999867e-16,9.999999999999916e-16,9.999999999999888e-16
16,4444,404,247,9.999999999999867e-16,9.999999999999916e-16,9.999999999999888e-16
16,4444,404,248,9.999999999999867e-16,9.999999999999916e-16,9.999999999999888e-16
16,4444,404,249,9.999999999999867e-16,9.999999999999916e-16,9.999999999999888e-16
16,4444,404,250,9.999999999999867e-16,9.999999999999916e-16,9.999999999999888e-16
16,4444,404,251,9.999999999999867e-16,9.999999999999916e-16,9.999999999999888e-16
16,4444,404,252,9.999999999999867e-16,9.999999999999916e-16,9.999999999999888e-16
16,4444,404,253,9.999999999999867e-16,9.999999999999916e-16,9.999999999999888e-16
16,4444,404,254,9.999999999999867e-16,9.999999999999916e-16,9.999999999999888e-16
16,4444,404,255,9.999999999999867e-16,9.999999999999916e-16,9.999999999999888e-16
16,4444,404,256,9.999999999999867e-16,9.999999999999916e-16,9.999999999999888e-16
16,4444,505,1,0.8915771073401815,0.8921393622863694,0.8918956233081898
16,4444,505,2,0.039137364200813735,0.03900874196069389,0.03901684296445296
16,4444,505,3,0.031207611032466127,0.031154583851952123,0.031309070926408576
16,4444,505,4,0.015405543069488556,0.015258447483133201,0.015557168892700576
16,4444,505,5,0.00943909475769474,0.009384451929389786,0.00956120828277343
16,4444,505,6,0.005453996823572822,0.005459997337240835,0.005452780198899757
16,4444,505,7,0.002727656982997076,0.002740218058850814,0.0026531461817339676
16,4444,505,8,0.000994860755741371,0.0009719693982880575,0.0009475244440440426
16,4444,505,9,0.0007847332813004013,0.0007966503245515726,0.0007586273496808018
16,4444,505,10,0.0007549854663121549,0.0007096085868148266,0.0006474461108752021
16,4444,505,11,0.0005400547192186495,0.0005132737024993192,0.0004786157914759516
16,4444,505,12,0.00041286225130010123,0.0004056035511916676,0.000385526241196526
16,4444,505,13,0.000356147657015787,0.0003400864270605363,0.00031804282365486354
16,4444,505,14,0.00025056426642775914,0.00020619975899888532,0.00020204923840994659
16,4444,505,15,0.0001825177160348388,0.00016512734242697167,0.00016510005806119168
16,4444,505,16,0.00015744331500462352,0.0001420315984352211,0.00013132539990418836
16,4444,505,17,0.00010559573606838316,0.00010844204437728527,9.989441883343285e-05
16,4444,505,18,9.851457793812532e-05,9.530350248968801e-05,7.516323631891799e-05
16,4444,505,19,6.646163863141373e-05,5.788889782021143e-05,6.102846371479961e-05
16,4444,505,20,5.8228192688544705e-05,5.689390194734514e-05,4.7149454510657184e-05
16,4444,505,21,5.1306770686370414e-05,4.9925356036506084e-05,4.3810564141278006e-05
16,4444,505,22,4.174685914248686e-05,4.174131428902531e-05,3.766376598003378e-05
16,4444,505,23,3.410704344469841e-05,3.316626003688539e-05,2.7965583844221295e-05
16,4444,505,24,2.7888520250337464e-05,2.7714115337594983e-05,2.1179459322547145e-05
16,4444,505,25,2.3412875411829807e-05,2.320134269768817e-05,1.5357505196598993e-05
16,4444,505,26,1.49656261044156e-05,1.5324976499603537e-05,1.3158852236894403e-05
16,4444,505,27,1.2435525336947507e-05,1.1410310408385945e-05,1.0973116674294143e-05
16,4444,505,28,1.145495335696226e-05,1.0736263731036708e-05,8.331236555400214e-06
16,4444,505,29,9.890659617810307e-06,8.626841180148935e-06,7.831032014445965e-06
16,4444,505,30,7.835785689527307e-06,7.251064544903773e-06,6.4047559138893496e-06
16,4444,505,31,7.162183321643791e-06,7.18096499271806e-06,5.3551271042086164e-06
16,4444,505,32,4.833296427519098e-06,5.908444492360245e-06,4.691880450469325e-06
16,4444,505,33,4.798551509219226e-06,5.066347774850095e-06,4.064225883016028e-06
16,4444,505,34,4.396943587811523e-06,4.584640644982367e-06,3.436632739587619e-06
16,4444,505,35,3.5008661100746803e-06,3.750084066497721e-06,3.2900987742340353e-06
16,4444,505,36,3.055564122884725e-06,3.59955087987366e-06,2.6025704252958365e-06
16,4444,505,37,2.7707183357772354e-06,3.2799127157535914e-06,2.440538310878009e-06
16,4444,505,38,2.651635623873882e-06,2.439526553782746e-06,2.026085382568965e-06
16,4444,505,39,2.4551316820007775e-06,2.173934402059344e-06,1.8010629265108079e-06
16,4444,505,40,2.063789016098618e-06,1.8228358501519037e-06,1.4645847055554302e-06
16,4444,505,41,1.880063358558128e-06,1.5721986447156845e-06,1.3785125007945385e-06
16,4444,505,42,1.4710803516485358e-06,1.460518049081145e-06,1.1469078005377366e-06
16,4444,505,43,1.3085064378319297e-06,1.4104456014830991e-06,1.014841700573618e-06
16,4444,505,44,1.236357281811761e-06,1.1368204275168834e-06,8.907851703535559e-07
16,4444,505,45,1.0119512346335844e-06,1.0885446604423905e-06,8.727778645178062e-07
16,4444,505,46,9.411450483785493e-07,9.316291257617656e-07,8.23173907911607e-07
16,4444,505,47,9.143411278409629e-07,8.379710535784473e-07,7.306305919458124e-07
16,4444,505,48,7.625423083788698e-07,7.987062032530306e-07,5.643472324647083e-07
16,4444,505,49,6.989661629250476e-07,6.959632205466381e-07,5.390170740815817e-07
16,4444,505,50,6.82136466752762e-07,6.925230573668607e-07,5.132797255106593e-07
16,4444,505,51,5.912326054305289e-07,5.937887536881477e-07,4.4955771451064136e-07
16,4444,505,52,5.346923544104269e-07,5.449018914542736e-07,3.989301287157534e-07
16,4444,505,53,3.557797358378956e-07,4.790941101411349e-07,3.262703377369224e-07
16,4444,505,54,3.480983704537298e-07,4.131580102253135e-07,3.0859518089759444e-07
16,4444,505,55,3.357323006044668e-07,3.833159684787935e-07,2.6947532352410177e-07
16,4444,505,56,3.007144095431122e-07,2.913383372078736e-07,2.4397107957069795e-07
16,4444,505,57,2.597543746824532e-07,2.6552873552834415e-07,2.258422909202306e-07
16,4444,505,58,2.396793327769687e-07,2.490470937438396e-07,2.0010509546852132e-07
16,4444,505,59,1.8967406947373178e-07,2.455010949117177e-07,1.9295369362719512e-07
16,4444,505,60,1.700363237571369e-07,2.0683216668017776e-07,1.7661181063411961e-07
16,4444,505,61,1.5074580235493268e-07,1.8426191852999162e-07,1.6046546750676338e-07
16,4444,505,62,1.3498586016793422e-07,1.8227343348963792e-07,1.3957568708291045e-07
16,4444,505,63,1.2599414715627537e-07,1.429993937121576e-07,1.2898438292545602e-07
16,4444,505,64,1.226899419872816e-07,1.3575985422582483e-07,1.0361051620591291e-07
16,4444,505,65,1.1311160564579029e-07,1.1442309868533545e-07,9.511819607229482e-08
16,4444,505,66,8.933852208555061e-08,1.084443100911487e-07,8.342122543193454e-08
16,4444,505,67,8.865360496585318e-08,9.090343408700682e-08,7.940210974984947e-08
16,4444,505,68,8.18098411645899e-08,8.191878171675271e-08,6.819939645495058e-08
16,4444,505,69,7.476357163358615e-08,7.864883423042345e-08,6.52555177110051e-08
16,4444,505,70,6.700127898825082e-08,6.616806483871129e-08,5.7077654269105165e-08
16,4444,505,71,4.987441455320406e-08,5.891154840643943e-08,4.9986718442934696e-08
16,4444,505,72,4.9557938891093443e-08,5.4609990285934494e-08,4.297477375412564e-08
16,4444,505,73,4.405374604028254e-08,4.9703904146014705e-08,4.0876517929304064e-08
16,4444,505,74,4.109970534823493e-08,4.762256252862655e-08,3.600529748409179e-08
16,4444,505,75,3.8964284732602166e-08,3.700961330344972e-08,3.455925189953293e-08
16,4444,505,76,3.788266431806102e-08,3.491762783646412e-08,3.1168523448758336e-08
16,4444,505,77,3.386855197985808e-08,3.474360180916782e-08,2.641883837804258e-08
16,4444,505,78,3.3615079712400596e-08,3.232857243631438e-08,2.6053298361544556e-08
16,4444,505,79,3.046693029409536e-08,2.8857696089017467e-08,2.3185876551044203e-08
16,4444,505,80,2.9495529265695217e-08,2.7752499568673727e-08,2.1439839621593342e-08
16,4444,505,81,2.2592565255586428e-08,2.6226531769164232e-08,1.8074248140869093e-08
16,4444,505,82,2.1301732840184066e-08,2.3114368275696803e-08,1.7454680862146815e-08
16,4444,505,83,1.9832913300539732e-08,2.2441628347866314e-08,1.5834409895014822e-08
16,4444,505,84,1.5430927602581092e-08,2.1765476546744785e-08,1.5415058043876877e-08
16,4444,505,85,1.4201616722160576e-08,1.9726120341188877e-08,1.5099946146007803e-08
16,4444,505,86,1.4144194671046913e-08,1.8411407885037502e-08,1.226296043417343e-08
16,4444,505,87,1.2720053088246041e-08,1.6750684689216195e-08,1.1963415155104404e-08
16,4444,505,88,1.1249199665728507e-08,1.3496444113938532e-08,1.0970653127203556e-08
16,4444,505,89,8.952732560823487e-09,1.309073762529033e-08,9.630436330919534e-09
16,4444,505,90,8.352047752828834e-09,1.1481757858374262e-08,9.361295771020765e-09
16,4444,505,91,8.347774361615516e-09,1.1376197437131564e-08,7.652827653329813e-09
16,4444,505,92,8.047917635177431e-09,9.93666086408428e-09,7.078662078853933e-09
16,4444,505,93,6.312736541298558e-09,8.340333445070821e-09,6.83238779915899e-09
16,4444,505,94,6.282882374610905e-09,8.255940453101909e-09,6.306595522249075e-09
16,4444,505,95,6.138717527925927e-09,7.466370428453482e-09,6.051757620668487e-09
16,4444,505,96,5.999537406939198e-09,7.324123003960658e-09,5.598802130181634e-09
16,4444,505,97,5.3167544412324844e-09,6.639247532952585e-09,4.835708702995452e-09
16,4444,505,98,4.853700099246095e-09,5.980091712685445e-09,4.624524649630096e-09
16,4444,505,99,3.6919702383937073e-09,4.996045856995439e-09,4.3461478387670325e-09
16,4444,505,100,3.4197024728525246e-09,4.984828078877783e-09,3.5877261179164123e-09
16,4444,505,101,3.368530776821935e-09,4.6883840580370146e-09,3.530530608843803e-09
16,4444,505,102,3.332375582512881e-09,4.1027475930772214e-09,3.347584708204163e-09
16,4444,505,103,2.9351653975161976e-09,3.968973068780393e-09,3.169904384018076e-09
16,4444,505,104,2.7749003810817004e-09,3.5576363595991603e-09,2.6747093721189684e-09
16,4444,505,105,2.6719644547754048e-09,3.4004849460292284e-09,2.5847940485115983e-09
16,4444,505,106,2.634153815044671e-09,3.2592944803087434e-09,2.4425691958140934e-09
16,4444,505,107,2.276630469432956e-09,2.8873046923388906e-09,2.254270617155878e-09
16,4444,505,108,2.10173125246e-09,2.8132039998730532e-09,2.1775126860326714e-09
16,4444,505,109,2.0424070374668485e-09,2.676213150788801e-09,1.8765817022171814e-09
16,4444,505,110,1.8452364407134245e-09,2.4626153412924935e-09,1.6045146651677415e-09
16,4444,505,111,1.7590099050972897e-09,2.1358369980576557e-09,1.5218727778787278e-09
16,4444,505,112,1.5671059412664463e-09,1.8430548878166502e-09,1.326573445714386e-09
16,4444,505,113,1.4212895812374847e-09,1.824177086215344e-09,1.2790688413983737e-09
16,4444,505,114,1.1651550271702947e-09,1.7389358920632985e-09,1.0915924247547572e-09
16,4444,505,115,1.1541731388652282e-09,1.5920686304892545e-09,1.00201279626189e-09
16,4444,505,116,9.913836951539544e-10,1.4183672173933222e-09,9.615779934042186e-10
16,4444,505,117,8.859245861010092e-10,1.360473997936359e-09,9.114732344895341e-10
16,4444,505,118,7.963666158134469e-10,1.343923104158356e-09,8.437520959515605e-10
16,4444,505,119,7.110547501837626e-10,1.2226871239950975e-09,7.434473239628446e-10
16,4444,505,120,7.072769566719394e-10,1.1737900313668906e-09,7.107444946952899e-10
16,4444,505,121,6.897195531109771e-10,1.0167342370063363e-09,6.795421860305486e-10
16,4444,505,122,5.411209975370692e-10,9.596347205986855e-10,5.373434636658545e-10
16,4444,505,123,5.22013237700279e-10,9.496188329257346e-10,5.054665225993433e-10
16,4444,505,124,5.001783255098755e-10,7.601620748309726e-10,4.733162860730307e-10
16,4444,505,125,4.3615903353288885e-10,7.213251966989153e-10,4.503976416377686e-10
16,4444,505,126,4.050238374903419e-10,6.729426388020526e-10,4.193848351857296e-10
16,4444,505,127,3.849048522869801e-10,5.437272794199327e-10,3.7246412671887567e-10
16,4444,505,128,3.729414312896191e-10,5.354923053028163e-10,3.385839529726424e-10
16,4444,505,129,3.5592640537772504e-10,5.319355471533737e-10,3.1921675016386723e-10
16,4444,505,130,3.3119671546918506e-10,4.4075916497215916e-10,3.0236423378092073e-10
16,4444,505,131,3.0683182291313403e-10,4.2129815425756056e-10,2.76099150890806e-10
16,4444,505,132,2.8274112621395754e-10,4.0721670440328687e-10,2.5694879463223507e-10
16,4444,505,133,2.3020645774937527e-10,3.386709392565046e-10,2.49416802425977e-10
16,4444,505,134,2.2356039441090743e-10,3.312359375702557e-10,2.4195190849741107e-10
16,4444,505,135,1.9255515588048414e-10,2.957461237393102e-10,2.2278918058722408e-10
16,4444,505,136,1.8208892806428942e-10,2.9067230708405076e-10,2.068626393320099e-10
16,4444,505,137,1.726126460180612e-10,2.7055469914623547e-10,1.8210991728603459e-10
16,4444,505,138,1.629097154143581e-10,2.362073060441476e-10,1.77775531374055e-10
16,4444,505,139,1.559577024764628e-10,2.2909844291966642e-10,1.4880596541527066e-10
16,4444,505,140,1.3358164943935857e-10,2.1590870337843768e-10,1.4044190796484803e-10
16,4444,505,141,1.2604141121982705e-10,1.9750581385344564e-10,1.264983511313096e-10
16,4444,505,142,1.164725800736747e-10,1.8812708327928244e-10,1.224530783068941e-10
16,4444,505,143,1.0665900669392742e-10,1.6375876089566405e-10,1.1010965035284532e-10
16,4444,505,144,9.612575032941529e-11,1.5136847482481066e-10,1.0601151051300281e-10
16,4444,505,145,9.014690707113725e-11,1.3758051427007098e-10,9.456231615881294e-11
16,4444,505,146,8.84093838579164e-11,1.3317044479756836e-10,9.32035147504682e-11
16,4444,505,147,8.376648202687468e-11,1.1978902149057593e-10,7.42784679553208e-11
16,4444,505,148,7.497769640169877e-11,1.1466818809562153e-10,7.006728112957305e-11
16,4444,505,149,6.855195780833617e-11,1.1256318212196911e-10,6.807054410477613e-11
16,4444,505,150,6.357831113451999e-11,9.56148359840251e-11,5.855207272651315e-11
16,4444,505,151,5.258427575483158e-11,8.542164280813066e-11,5.57667398837865e-11
16,4444,505,152,4.814441570745575e-11,7.194167112883509e-11,5.2487520461524416e-11
16,4444,505,153,4.612800128770722e-11,6.429774080932614e-11,4.948088981287992e-11
16,4444,505,154,4.2086956273527336e-11,6.152899364198449e-11,4.6300379856654935e-11
16,4444,505,155,3.6101475581801156e-11,5.87831811755472e-11,4.4408110225553515e-11
16,4444,505,156,3.525382244829422e-11,5.6539613384149115e-11,3.832528528132532e-11
16,4444,505,157,3.219079486029591e-11,5.465557472382578e-11,3.3567670556656065e-11
16,4444,505,158,3.010863899927001e-11,4.7767802868463347e-11,3.189592545294034e-11
16,4444,505,159,2.7492828444743144e-11,4.325693665669928e-11,2.8611761375046896e-11
16,4444,505,160,2.579579443515994e-11,3.997999979286189e-11,2.616911368956746e-11
16,4444,505,161,2.5104414426082518e-11,3.764773908286734e-11,2.4189370599087085e-11
16,4444,505,162,1.9313129760224383e-11,3.292210959002329e-11,2.356338326675861e-11
16,4444,505,163,1.8853030485853776e-11,2.8926450733576437e-11,2.0921468960032855e-11
16,4444,505,164,1.8508943406738546e-11,2.6318791343502908e-11,1.950848282476967e-11
16,4444,505,165,1.661555356673323e-11,2.356707423845127e-11,1.8218241240935397e-11
16,4444,505,166,1.509998394939423e-11,2.291833927643832e-11,1.7763242504653275e-11
16,4444,505,167,1.4359043144409852e-11,2.1856852242366467e-11,1.5533173220795088e-11
16,4444,505,168,1.2571619418314399e-11,1.9166957394507642e-11,1.4659547270721604e-11
16,4444,505,169,1.1891509957928314e-11,1.901182127395645e-11,1.4099585363630923e-11
16,4444,505,170,1.1510474563623069e-11,1.7979011700052038e-11,1.2451828049150159e-11
16,4444,505,171,9.757547633599988e-12,1.6529655431372842e-11,1.1051702964643128e-11
16,4444,505,172,8.208009606269103e-12,1.4075881056833675e-11,1.0751245646279356e-11
16,4444,505,173,7.2556436738072525e-12,1.2818688350327293e-11,9.383177468261327e-12
16,4444,505,174,5.855673624609129e-12,1.2034696663068e-11,7.999341439554413e-12
16,4444,505,175,5.250463649520715e-12,1.1624448193184693e-11,7.33478393827327e-12
16,4444,505,176,5.058505575719156e-12,1.146473645650398e-11,6.692409082918108e-12
16,4444,505,177,4.8437563888551855e-12,1.0628381520462249e-11,6.088207919469759e-12
16,4444,505,178,4.624623939949276e-12,8.386303153462686e-12,5.574536705489126e-12
16,4444,505,179,4.437616457176877e-12,8.056596933813996e-12,5.171682002368988e-12
16,4444,505,180,4.3151086276940414e-12,7.649108626162713e-12,5.017116086206149e-12
16,4444,505,181,3.691652011963988e-12,7.03011688628383e-12,4.373912823170643e-12
16,4444,505,182,3.1483120859895096e-12,6.370271923080433e-12,4.0845720980053184e-12
16,4444,505,183,2.6628119387987523e-12,5.621699256882532e-12,3.831422992265674e-12
16,4444,505,184,2.605067075757853e-12,5.3668754739764295e-12,3.6400478092850006e-12
16,4444,505,185,2.2943655099703636e-12,5.0479012694174815e-12,3.2280830635976108e-12
16,4444,505,186,2.2926204314142346e-12,4.810821034016897e-12,2.987625680515371e-12
16,4444,505,187,2.1102458794968025e-12,4.493981906578869e-12,2.455943767525048e-12
16,4444,505,188,1.9359184905091e-12,3.865185002383662e-12,2.1590456044209828e-12
16,4444,505,189,1.736663800713539e-12,3.724867454882404e-12,1.824259743345913e-12
16,4444,505,190,1.5777261888760164e-12,3.197664013423692e-12,1.6790893250366412e-12
16,4444,505,191,1.3426177550386157e-12,2.840579788750012e-12,1.6012610859472172e-12
16,4444,505,192,1.0878509528714212e-12,2.816196004714129e-12,1.4091522023880452e-12
16,4444,505,193,9.796878753602295e-13,2.261159318916931e-12,1.2052666944772296e-12
16,4444,505,194,8.587058221153659e-13,1.8941701815205124e-12,1.1079426469225954e-12
16,4444,505,195,7.567703477969959e-13,1.7456772405202421e-12,1.0257048994598282e-12
16,4444,505,196,7.047391797256971e-13,1.6716398304567334e-12,9.160186216787493e-13
16,4444,505,197,5.948993612524559e-13,1.4876639066897646e-12,8.420893776409793e-13
16,4444,505,198,5.594977568203839e-13,1.3807345157549126e-12,7.072412353653394e-13
16,4444,505,199,5.402782914049391e-13,1.3531316740749716e-12,6.506031065007078e-13
16,4444,505,200,5.08467882557477e-13,1.2652079026314275e-12,5.731269729111783e-13
16,4444,505,201,4.2905927395160116e-13,1.0726145479059462e-12,4.895874999221776e-13
16,4444,505,202,3.7895334671278933e-13,1.0320150869127121e-12,4.4861409751918234e-13
16,4444,505,203,3.5123255471972013e-13,8.456032237289191e-13,3.980238764293489e-13
16,4444,505,204,3.4497504490764626e-13,8.075074580025753e-13,3.7392385548788897e-13
16,4444,505,205,2.7391290336614203e-13,6.824415125057223e-13,3.242428175812199e-13
16,4444,505,206,2.51074505676164e-13,6.472201655165418e-13,2.797056168783347e-13
16,4444,505,207,2.4745886912182596e-13,6.296697544918736e-13,2.7045675933260087e-13
16,4444,505,208,2.0583680235505836e-13,3.9282194202101203e-13,2.205999398387736e-13
16,4444,505,209,1.7461098199711586e-13,3.621330838487647e-13,1.985558407077666e-13
16,4444,505,210,1.511588355259669e-13,3.4865113465911183e-13,1.8797094424506386e-13
16,4444,505,211,1.4618274349534672e-13,2.81489625067414e-13,1.7041499677980232e-13
16,4444,505,212,1.166736355844989e-13,2.57653559141678e-13,1.478116333755652e-13
16,4444,505,213,1.1663841939175164e-13,2.1860308065995063e-13,1.390095754827334e-13
16,4444,505,214,8.944683220358018e-14,2.06315600257506e-13,1.3097870325521975e-13
16,4444,505,215,8.31284772635028e-14,1.6912571743119982e-13,1.0156291043956835e-13
16,4444,505,216,8.304518256293611e-14,1.4748888934230492e-13,9.18814281056606e-14
16,4444,505,217,6.298861695820684e-14,1.3284199679094414e-13,7.99065143803894e-14
16,4444,505,218,5.1827353616988973e-14,1.2983528877946795e-13,6.721255183927962e-14
16,4444,505,219,4.561048072789144e-14,1.0194695965450571e-13,6.033375714697875e-14
16,4444,505,220,3.6380976016516696e-14,9.724841687364159e-14,5.0142234638394867e-14
16,4444,505,221,3.240528047155542e-14,8.085736751360664e-14,4.6320237368719885e-14
16,4444,505,222,2.7931718275828753e-14,6.699212398232079e-14,4.0560988373702026e-14
16,4444,505,223,2.3610213270759103e-14,6.401212984663874e-14,3.721331293176085e-14
16,4444,505,224,2.3360406360777596e-14,4.9413535823462536e-14,3.23671913005488e-14
16,4444,505,225,1.9054083339555627e-14,4.638830595218324e-14,2.907396450906099e-14
16,4444,505,226,1.4867034226994137e-14,3.7176885495865726e-14,2.2437493298292886e-14
16,4444,505,227,1.3294721693963683e-14,3.524054230140742e-14,1.8890603148936334e-14
16,4444,505,228,1.045686738613463e-14,3.0037961327762156e-14,1.4183658802415367e-14
16,4444,505,229,8.897377784339782e-15,2.996750610279725e-14,1.2757845494875333e-14
16,4444,505,230,7.866634938429298e-15,1.9285380463003355e-14,1.1387741015589364e-14
16,4444,505,231,4.300050652747962e-15,1.6460001585999757e-14,8.51564784398999e-15
16,4444,505,232,3.8620312852607934e-15,1.5148555919268504e-14,7.975992226218946e-15
16,4444,505,233,3.760255784128867e-15,1.4037344078688818e-14,6.380610981210602e-15
16,4444,505,234,3.641152930257895e-15,9.098033157763953e-15,5.5610016437494195e-15
16,4444,505,235,3.60831911350051e-15,8.813927578554099e-15,4.62203334506354e-15
16,4444,505,236,3.2017519007524393e-15,7.94698634126829e-15,3.993118904404529e-15
16,4444,505,237,1.642051115419603e-15,5.955320877696309e-15,2.7212299848509497e-15
16,4444,505,238,1.3945882118783699e-15,4.663099295420288e-15,1.8253622824128113e-15
16,4444,505,239,1.2022562506746293e-15,3.2358787965610597e-15,1.2699739598400406e-15
16,4444,505,240,1.0410634850343422e-15,3.2283573126175383e-15,1.204544524358432e-15
16,4444,505,241,9.999999999999867e-16,2.016136509108152e-15,1.1344117029035108e-15
16,4444,505,242,9.999999999999867e-16,1.5841994091931967e-15,9.999999999999882e-16
16,4444,505,243,9.999999999999867e-16,9.999999999999888e-16,9.999999999999882e-16
16,4444,505,244,9.999999999999867e-16,9.999999999999888e-16,9.999999999999882e-16
16,4444,505,245,9.999999999999867e-16,9.999999999999888e-16,9.999999999999882e-16
16,4444,505,246,9.999999999999867e-16,9.999999999999888e-16,9.999999999999882e-16
16,4444,505,247,9.999999999999867e-16,9.999999999999888e-16,9.999999999999882e-16
16,4444,505,248,9.999999999999867e-16,9.999999999999888e-16,9.999999999999882e-16
16,4444,505,249,9.999999999999867e-16,9.999999999999888e-16,9.999999999999882e-16
16,4444,505,250,9.999999999999867e-16,9.999999999999888e-16,9.999999999999882e-16
16,4444,505,251,9.999999999999867e-16,9.999999999999888e-16,9.999999999999882e-16
16,4444,505,252,9.999999999999867e-16,9.999999999999888e-16,9.999999999999882e-16
16,4444,505,253,9.999999999999867e-16,9.999999999999888e-16,9.999999999999882e-16
16,4444,505,254,9.999999999999867e-16,9.999999999999888e-16,9.999999999999882e-16
16,4444,505,255,9.999999999999867e-16,9.999999999999888e-16,9.999999999999882e-16
16,4444,505,256,9.999999999999867e-16,9.999999999999888e-16,9.999999999999882e-16
16,5678,101,1,0.8026372109860676,0.8037529922684568,0.8021935619269832
16,5678,101,2,0.14552215087818512,0.14605182652620402,0.14609724192150308
16,5678,101,3,0.021637801750082508,0.02121122957367613,0.021712544984050525
16,5678,101,4,0.010467133180003507,0.009541005920413096,0.010806066072844789
16,5678,101,5,0.005950324119392327,0.005828574375885887,0.00593417042113729
16,5678,101,6,0.004360609083576145,0.004325601930352376,0.004280985130698013
16,5678,101,7,0.003816241187395627,0.0038136390549352037,0.003783460662911806
16,5678,101,8,0.0021931170310122107,0.0020694735420265613,0.002018876228857363
16,5678,101,9,0.0013172813422227176,0.0012660613513940638,0.00128519547903822
16,5678,101,10,0.0004304184586762982,0.0004389304081066841,0.0004102040293369309
16,5678,101,11,0.0003541993938631861,0.00032997704309161596,0.0003164068315971786
16,5678,101,12,0.00025541207702004876,0.00029904393105973466,0.00022874352211136082
16,5678,101,13,0.00022355463489177638,0.0002430960725994528,0.00021150242578450945
16,5678,101,14,0.0001816968783726578,0.0001427845257542409,0.00014150604436194777
16,5678,101,15,0.00010185581093099708,0.00012177709997077417,9.090069624977535e-05
16,5678,101,16,8.830986298582401e-05,8.348213304239822e-05,7.987677607876665e-05
16,5678,101,17,8.218465497834788e-05,7.059777694592166e-05,6.816153082840582e-05
16,5678,101,18,6.570979644616888e-05,5.7877724077002365e-05,5.766066629093096e-05
16,5678,101,19,5.8723178496698325e-05,5.40817244500063e-05,5.3544819236051265e-05
16,5678,101,20,4.368039502833191e-05,4.324323896487919e-05,3.683440902854677e-05
16,5678,101,21,3.988535210842698e-05,4.0155567456614986e-05,3.5493438612357176e-05
16,5678,101,22,2.9285451357720173e-05,2.8902122979146647e-05,2.5072260308625776e-05
16,5678,101,23,2.4693697018396796e-05,2.569396672957666e-05,2.1336669393847133e-05
16,5678,101,24,1.9829037602169286e-05,2.1118438622656994e-05,1.7969483451994228e-05
16,5678,101,25,1.650083784804868e-05,1.99000171250122e-05,1.274418421044038e-05
16,5678,101,26,1.141526191284189e-05,1.3886677476625628e-05,1.0743125021714722e-05
16,5678,101,27,1.1174317187248604e-05,1.3231489726685834e-05,9.084352828055343e-06
16,5678,101,28,8.665057631688475e-06,1.1184345060693221e-05,7.585402857838995e-06
16,5678,101,29,5.902275276756337e-06,9.536460451113281e-06,7.344607528792375e-06
16,5678,101,30,5.628900678350414e-06,9.129310027402476e-06,5.889544823519816e-06
16,5678,101,31,4.95725732901225e-06,7.135918513817382e-06,5.269519261918242e-06
16,5678,101,32,4.7496413593383516e-06,6.860801943540901e-06,4.436154867887971e-06
16,5678,101,33,4.175942959538861e-06,5.62954748189136e-06,3.675567473744436e-06
16,5678,101,34,3.251864360322554e-06,4.926524865263701e-06,3.0070781155130833e-06
16,5678,101,35,3.1543987188166906e-06,4.527637289739412e-06,2.9535675565014465e-06
16,5678,101,36,2.2905902904529118e-06,4.3868375735569715e-06,2.3726619201729985e-06
16,5678,101,37,2.279402420031205e-06,3.6386384358991483e-06,2.1674825896986114e-06
16,5678,101,38,1.9202250376846067e-06,3.0185241714593855e-06,1.8113154858633761e-06
16,5678,101,39,1.3637467382136447e-06,2.8625836099724473e-06,1.5723810964504513e-06
16,5678,101,40,1.2671384862132208e-06,2.767304295842968e-06,1.4885013413700305e-06
16,5678,101,41,9.462244986459053e-07,1.6982221105177777e-06,1.1837555952378064e-06
16,5678,101,42,8.526165299908432e-07,1.5190590919412058e-06,1.0913276855319e-06
16,5678,101,43,7.921200116914193e-07,1.4760729595862637e-06,8.972259851337304e-07
16,5678,101,44,7.439906281297206e-07,1.1847837116793109e-06,7.96743580275034e-07
16,5678,101,45,6.5611998844141e-07,1.1089545258687036e-06,6.543003111116904e-07
16,5678,101,46,5.964078083453862e-07,8.359767537333086e-07,6.028597607337723e-07
16,5678,101,47,5.232447733220914e-07,8.199885103049322e-07,5.381274931028394e-07
16,5678,101,48,5.216981298001147e-07,7.068004470446365e-07,4.938747918154953e-07
16,5678,101,49,4.201313458319463e-07,5.478773127206487e-07,4.484667039620975e-07
16,5678,101,50,4.140427794527492e-07,5.214410470293309e-07,3.8962127877118045e-07
16,5678,101,51,3.654647411667111e-07,4.941688177426061e-07,3.451066038623651e-07
16,5678,101,52,3.0476428507098757e-07,4.558448181464221e-07,2.8672718282333124e-07
16,5678,101,53,2.881959599271641e-07,4.1193724826511527e-07,2.7501914029562423e-07
16,5678,101,54,2.3677668160287722e-07,3.791055202285971e-07,2.2380359007070854e-07
16,5678,101,55,2.246585200302178e-07,3.2974288497442847e-07,2.1328365694211966e-07
16,5678,101,56,2.0737765921711678e-07,2.9825537675351514e-07,1.7668577125173416e-07
16,5678,101,57,1.7076962095668373e-07,2.953218830106388e-07,1.7415203164746382e-07
16,5678,101,58,1.681538529631831e-07,2.7168001586542194e-07,1.6053162879933043e-07
16,5678,101,59,1.4310716811447003e-07,2.343636557225565e-07,1.3025323130828136e-07
16,5678,101,60,1.3342622528773176e-07,2.037962652859067e-07,1.2120983541146544e-07
16,5678,101,61,1.1814799139518558e-07,1.8445216260500487e-07,1.1731135528454819e-07
16,5678,101,62,1.1579726011613412e-07,1.8123590565709814e-07,9.912504737075463e-08
16,5678,101,63,1.0207826559773509e-07,1.5664129501162218e-07,9.705778971827175e-08
16,5678,101,64,8.028964340367967e-08,1.5534875313849267e-07,9.260866599661723e-08
16,5678,101,65,7.752741072282244e-08,1.3768601067446697e-07,7.894763653028698e-08
16,5678,101,66,6.864357544889456e-08,1.2955014841363324e-07,7.047246681954373e-08
16,5678,101,67,6.837316994320972e-08,1.254757467433059e-07,6.804782046916288e-08
16,5678,101,68,6.145548455142991e-08,1.1432346067183838e-07,6.063551963557914e-08
16,5678,101,69,6.124607317990897e-08,1.0727671388053496e-07,5.621608292333362e-08
16,5678,101,70,5.406220267187405e-08,9.34242770652881e-08,5.238679052103552e-08
16,5678,101,71,5.041180553033984e-08,8.805461230059487e-08,5.0865139970916843e-08
16,5678,101,72,4.174062769529092e-08,7.709688765106226e-08,4.3982821359786625e-08
16,5678,101,73,3.604384519067649e-08,7.13664762328416e-08,4.087859834702908e-08
16,5678,101,74,3.118698593073076e-08,6.85475436932287e-08,3.7127714805249455e-08
16,5678,101,75,3.069150439659316e-08,6.016880951627171e-08,3.040714749316825e-08
16,5678,101,76,2.33960113891827e-08,5.474169406668752e-08,2.935821138998664e-08
16,5678,101,77,2.235650756418836e-08,4.5537503749163185e-08,2.6991437770718164e-08
16,5678,101,78,2.0473526454998097e-08,4.4427945355411304e-08,2.5324356496701143e-08
16,5678,101,79,2.013268803074298e-08,3.997614835884279e-08,2.1449846594321184e-08
16,5678,101,80,1.5917334082496777e-08,3.9471581304449323e-08,1.98971857992196e-08
16,5678,101,81,1.5530442515819552e-08,3.639880119235321e-08,1.855876714336058e-08
16,5678,101,82,1.4658412549466766e-08,3.36818620148824e-08,1.740567714030064e-08
16,5678,101,83,1.3443138844525018e-08,3.165192732450839e-08,1.5308350031869012e-08
16,5678,101,84,1.2182403928225658e-08,2.869481016968057e-08,1.310783994855295e-08
16,5678,101,85,1.1633712646788755e-08,2.664529743350695e-08,1.2012781902826564e-08
16,5678,101,86,1.0308656687874697e-08,2.260433746509002e-08,1.152642998276155e-08
16,5678,101,87,9.886685605960032e-09,2.1657287014023635e-08,1.0499152050113545e-08
16,5678,101,88,9.115267282313289e-09,1.7970848310102147e-08,9.928676370826134e-09
16,5678,101,89,7.256066584069423e-09,1.7138788214628144e-08,8.924720694478188e-09
16,5678,101,90,6.071729819535519e-09,1.507505370729391e-08,8.75785726927923e-09
16,5678,101,91,5.8197344559000625e-09,1.4118792575817435e-08,7.790034686682366e-09
16,5678,101,92,5.04055214395077e-09,1.267843904174247e-08,6.1878674832775774e-09
16,5678,101,93,4.99945338033361e-09,1.191134483702403e-08,6.108731509554008e-09
16,5678,101,94,4.438595859533665e-09,1.1110622799201084e-08,5.856360132467018e-09
16,5678,101,95,4.286305199017206e-09,1.0987363256435442e-08,5.406336725169404e-09
16,5678,101,96,3.816821317871814e-09,9.481088590152505e-09,4.860926881914891e-09
16,5678,101,97,3.526741129141682e-09,8.562962365173838e-09,4.648807293806516e-09
16,5678,101,98,3.504467369796575e-09,8.300441528717803e-09,4.1090836663247865e-09
16,5678,101,99,3.337866365749279e-09,8.180188551093034e-09,3.893375045253853e-09
16,5678,101,100,3.038538819557766e-09,6.992968020712497e-09,3.453218594413336e-09
16,5678,101,101,2.8762089355133113e-09,6.236409390873682e-09,3.1909573472890453e-09
16,5678,101,102,2.42394614481947e-09,6.042644625169883e-09,3.0286561798001007e-09
16,5678,101,103,2.2954874603003263e-09,5.531212020142426e-09,2.389395355592457e-09
16,5678,101,104,2.1804044226887484e-09,5.154193305591961e-09,2.183346226987104e-09
16,5678,101,105,1.8730869322542404e-09,4.978212654658546e-09,1.9689308468949997e-09
16,5678,101,106,1.6434490753636529e-09,4.8711280363781035e-09,1.8791413040311115e-09
16,5678,101,107,1.596542080671021e-09,4.528309812512204e-09,1.7120836845779143e-09
16,5678,101,108,1.324518394352127e-09,4.070344801424281e-09,1.6692201024185363e-09
16,5678,101,109,1.3063440461670654e-09,3.702569620581253e-09,1.4329162021519665e-09
16,5678,101,110,1.2392930081831777e-09,3.1253363464337936e-09,1.3746406907848373e-09
16,5678,101,111,1.1919186214161204e-09,3.0387074008182513e-09,1.3214067452081263e-09
16,5678,101,112,1.1911707992765898e-09,2.724267697722244e-09,1.2811217697675e-09
16,5678,101,113,1.0940631923485481e-09,2.618925741083437e-09,1.0577914919315182e-09
16,5678,101,114,8.863630241048176e-10,2.4367414398995433e-09,1.0125223974439067e-09
16,5678,101,115,8.121097605978586e-10,2.2074601116317953e-09,9.346494903674523e-10
16,5678,101,116,8.110336657686305e-10,1.981782564218568e-09,8.527537475589366e-10
16,5678,101,117,7.536214586062107e-10,1.8283295342539877e-09,8.25183687527173e-10
16,5678,101,118,7.404619954096243e-10,1.8093190855570597e-09,6.975516251979786e-10
16,5678,101,119,5.936745664083238e-10,1.7062884328405148e-09,6.57215132213764e-10
16,5678,101,120,5.121598178817489e-10,1.6214608702051152e-09,6.152093760232381e-10
16,5678,101,121,5.114473112278768e-10,1.351603543853617e-09,5.92952411426208e-10
16,5678,101,122,4.317979394609424e-10,1.2200489953468198e-09,5.261350899961181e-10
16,5678,101,123,4.201090167125656e-10,1.163914882982476e-09,4.946423755738152e-10
16,5678,101,124,4.040984301604275e-10,1.088015513715594e-09,4.461709578739542e-10
16,5678,101,125,3.3311404477127694e-10,1.029508691893994e-09,4.081794839361322e-10
16,5678,101,126,3.2343144261909814e-10,9.064785816830436e-10,3.9677187769025465e-10
16,5678,101,127,2.9974092501297627e-10,8.788864934350471e-10,3.6221237577258624e-10
16,5678,101,128,2.8806368273356567e-10,8.381749699189297e-10,3.400027329020237e-10
16,5678,101,129,2.787578889569193e-10,8.026473714479264e-10,3.1970501288681037e-10
16,5678,101,130,2.5442640257461786e-10,7.708861417249781e-10,3.051932533436811e-10
16,5678,101,131,2.5322708835965005e-10,6.72622848561492e-10,2.8717657811440767e-10
16,5678,101,132,2.068767098761225e-10,5.742358968299074e-10,2.6105966008765975e-10
16,5678,101,133,1.744839256520318e-10,5.378432611330958e-10,2.4594991303717144e-10
16,5678,101,134,1.6902336642289383e-10,5.215575925765522e-10,2.0037505153686382e-10
16,5678,101,135,1.6166378577257405e-10,4.965676439234774e-10,1.8847656050685144e-10
16,5678,101,136,1.4134669168199265e-10,4.6349043752454933e-10,1.6650404348017724e-10
16,5678,101,137,1.3952057894167542e-10,4.142494724929776e-10,1.6131952802403345e-10
16,5678,101,138,1.2660625154291964e-10,3.833109929375179e-10,1.471569812256776e-10
16,5678,101,139,1.190754222180801e-10,3.3821143469600254e-10,1.3607619175206193e-10
16,5678,101,140,1.13653193477881e-10,3.223934281358873e-10,1.2273991923904268e-10
16,5678,101,141,1.0441578323289623e-10,3.000960357532867e-10,1.1465900395242016e-10
16,5678,101,142,9.902730983373152e-11,2.7055979307409845e-10,1.0057962838638168e-10
16,5678,101,143,8.46633413450201e-11,2.5359452511350406e-10,9.704173508981103e-11
16,5678,101,144,8.345274093083503e-11,2.3079817768692035e-10,9.249384976952823e-11
16,5678,101,145,7.038836128078053e-11,2.2452472521873054e-10,8.777561791754874e-11
16,5678,101,146,6.832333009976634e-11,2.136297981211465e-10,7.821205407045936e-11
16,5678,101,147,6.113908771391842e-11,1.8681984136881371e-10,7.060738063163227e-11
16,5678,101,148,6.062744494418495e-11,1.7485942738963442e-10,6.451536148074233e-11
16,5678,101,149,5.702661806258904e-11,1.6899903715122652e-10,5.822048744271253e-11
16,5678,101,150,4.614854085394164e-11,1.568825375986867e-10,5.6515528924361926e-11
16,5678,101,151,4.5388829565794066e-11,1.4832769689617136e-10,4.9391125181322714e-11
16,5678,101,152,4.4623167379634487e-11,1.3054773796169529e-10,4.6992149696409326e-11
16,5678,101,153,3.245179598434401e-11,1.251296196921279e-10,4.357871378284548e-11
16,5678,101,154,3.23183671723989e-11,1.2056808836974085e-10,4.1991767582223386e-11
16,5678,101,155,2.951757293438806e-11,1.1399082358545829e-10,3.5972939971063985e-11
16,5678,101,156,2.8677517879921725e-11,9.759388978912904e-11,3.501683283953498e-11
16,5678,101,157,2.6195215723947203e-11,8.767457783903851e-11,3.038299105165993e-11
16,5678,101,158,2.4356556131795294e-11,7.778961025493623e-11,2.7091411241548714e-11
16,5678,101,159,2.1771458956619254e-11,7.691746105176506e-11,2.4398813250529227e-11
16,5678,101,160,2.050321369520338e-11,6.965252003041232e-11,2.351357648746536e-11
16,5678,101,161,2.000155660261584e-11,6.628796950651712e-11,2.023762946602467e-11
16,5678,101,162,1.527663613375538e-11,5.8026328485679e-11,1.9956183158752036e-11
16,5678,101,163,1.4432504160908491e-11,5.322029847672673e-11,1.749662002126024e-11
16,5678,101,164,1.3706147187339449e-11,4.835839669612336e-11,1.667526132661338e-11
16,5678,101,165,1.365140942823677e-11,4.752675232050367e-11,1.4792718008710315e-11
16,5678,101,166,1.08749128083294e-11,4.353232298186826e-11,1.1983700052209324e-11
16,5678,101,167,1.0274613779925187e-11,3.898870797703955e-11,1.1739809484236756e-11
16,5678,101,168,9.876843644228613e-12,3.833773394669826e-11,1.120346970941779e-11
16,5678,101,169,8.283598591320551e-12,3.372030936526002e-11,1.0683596505470219e-11
16,5678,101,170,7.791665631614234e-12,3.281027471250977e-11,9.261979166731486e-12
16,5678,101,171,6.799022241477296e-12,2.9939504682532e-11,8.598433765176923e-12
16,5678,101,172,6.736639350207228e-12,2.85090086747376e-11,7.63714758359453e-12
16,5678,101,173,6.152409910888953e-12,2.702500646770108e-11,7.111063484276364e-12
16,5678,101,174,6.110387478529007e-12,2.3024684129189486e-11,6.618037098354683e-12
16,5678,101,175,5.218827436690876e-12,2.2445946818717976e-11,5.556362454560803e-12
16,5678,101,176,4.5355932796159945e-12,2.1015671335711107e-11,5.178306578977515e-12
16,5678,101,177,3.91823336784616e-12,1.833270307491796e-11,4.8140628023931945e-12
16,5678,101,178,3.7513265733103745e-12,1.810185317465322e-11,4.1219787563289296e-12
16,5678,101,179,3.693431124749366e-12,1.526860369028722e-11,4.0230921227080384e-12
16,5678,101,180,3.4619022063891645e-12,1.2725878529858696e-11,3.791224467210456e-12
16,5678,101,181,3.254706845998644e-12,1.1631675639781609e-11,3.3657578942712504e-12
16,5678,101,182,2.9584423962892333e-12,9.929012899384025e-12,2.950784410412226e-12
16,5678,101,183,2.735618658820404e-12,9.892107076717484e-12,2.6425769115671015e-12
16,5678,101,184,2.5216323921815735e-12,9.271775379586405e-12,2.5516754239342526e-12
16,5678,101,185,2.1494009053103717e-12,8.465297187332834e-12,2.3251456725675966e-12
16,5678,101,186,2.0098891935672894e-12,7.782990709359123e-12,2.1181494569031295e-12
16,5678,101,187,2.0072020501497824e-12,6.615776726197567e-12,2.0081937677519085e-12
16,5678,101,188,1.7100230268920845e-12,6.465631408410072e-12,1.7908321259729102e-12
16,5678,101,189,1.44176650728681e-12,6.248791294091657e-12,1.5815801204151369e-12
16,5678,101,190,1.384559194036368e-12,5.612947859956593e-12,1.5305321387046724e-12
16,5678,101,191,1.3055549683276801e-12,4.945962276638066e-12,1.32068376509337e-12
16,5678,101,192,1.2283031455249777e-12,4.020424508377684e-12,1.222342362379794e-12
16,5678,101,193,8.011584316180042e-13,3.8556631317863755e-12,1.0687645584884111e-12
16,5678,101,194,7.705491632945297e-13,3.7802938955164505e-12,9.411499582255628e-13
16,5678,101,195,7.262721669024214e-13,3.0687061258047057e-12,8.42640936433316e-13
16,5678,101,196,6.753490842504929e-13,3.0398657170457807e-12,7.891209282059786e-13
16,5678,101,197,6.670225304998253e-13,2.752401233429605e-12,7.169004911295811e-13
16,5678,101,198,5.965996058907668e-13,2.62680568737985e-12,6.329947317984467e-13
16,5678,101,199,5.02197335061564e-13,2.0087391134463306e-12,5.952197101491154e-13
16,5678,101,200,4.770648604135274e-13,1.935340994339105e-12,5.432231370785997e-13
16,5678,101,201,4.2924263391447583e-13,1.8053211416500345e-12,5.076498615337324e-13
16,5678,101,202,4.163615970351918e-13,1.6108364226849186e-12,4.888826600110318e-13
16,5678,101,203,3.21772150096921e-13,1.5150348819661836e-12,4.1571165505375355e-13
16,5678,101,204,3.0612356634169773e-13,1.1276232772007533e-12,3.807068511170149e-13
16,5678,101,205,2.4867712683365425e-13,1.1079010956159139e-12,3.1124944345785943e-13
16,5678,101,206,2.2433064973649954e-13,1.032249883474922e-12,2.7963867505651713e-13
16,5678,101,207,2.0516443906826953e-13,1.0154277342123478e-12,2.4064797547491495e-13
16,5678,101,208,1.722075701978203e-13,7.509455472079395e-13,1.959864794698475e-13
16,5678,101,209,1.6268047895490252e-13,7.297128794069885e-13,1.865795758396197e-13
16,5678,101,210,1.390206158352751e-13,6.662237749162435e-13,1.7353453911439194e-13
16,5678,101,211,1.2163637293552814e-13,5.940174210806395e-13,1.6117055814174942e-13
16,5678,101,212,1.0022214416982367e-13,5.636078489089285e-13,1.3355554657107632e-13
16,5678,101,213,7.292679421130141e-14,4.949964919055817e-13,1.2435611738049225e-13
16,5678,101,214,6.788666036745184e-14,4.173308362519823e-13,1.0725119800576904e-13
16,5678,101,215,6.756768925301982e-14,3.805964518831163e-13,9.347083040755695e-14
16,5678,101,216,5.600025172843063e-14,3.6775042438161985e-13,7.930561874961342e-14
16,5678,101,217,4.6087867780041265e-14,2.8759648178494957e-13,7.180303177772888e-14
16,5678,101,218,3.521478385255893e-14,2.7945666374237196e-13,6.218769848981787e-14
16,5678,101,219,3.467152239438761e-14,2.1767898413351386e-13,5.5860755378587555e-14
16,5678,101,220,3.461521585758799e-14,2.097501924416924e-13,4.449966192354383e-14
16,5678,101,221,3.241375492431554e-14,1.820949855598315e-13,3.939453746357122e-14
16,5678,101,222,3.2051817735660486e-14,1.4996018686586827e-13,3.554836686168336e-14
16,5678,101,223,2.558940338975426e-14,1.271449290953404e-13,2.7770398032833015e-14
16,5678,101,224,2.5540584844716116e-14,1.2167515068026159e-13,2.535254791121573e-14
16,5678,101,225,2.039183741195271e-14,1.06396568383237e-13,1.9560469995129322e-14
16,5678,101,226,1.920705791435748e-14,1.0072888433075865e-13,1.784770950665049e-14
16,5678,101,227,1.4517968139277868e-14,7.361212564109415e-14,1.3810660068719882e-14
16,5678,101,228,1.3875795021223143e-14,7.206800788585443e-14,1.1711859971613311e-14
16,5678,101,229,1.275300725482953e-14,6.113616376317792e-14,1.0032286922137473e-14
16,5678,101,230,1.0973077685628066e-14,5.075256855140449e-14,6.947512739342117e-15
16,5678,101,231,1.0452485523461428e-14,4.3420494280658805e-14,6.678797468382743e-15
16,5678,101,232,7.362190987150172e-15,4.043170311966485e-14,5.912228038137655e-15
16,5678,101,233,4.8213641429435256e-15,3.725976663089821e-14,4.789793316557472e-15
16,5678,101,234,4.439069860994897e-15,3.5909901950935206e-14,4.511132992108343e-15
16,5678,101,235,4.4264951764675484e-15,2.640329422979326e-14,4.326752134845431e-15
16,5678,101,236,3.405630962273438e-15,1.774090529059388e-14,2.528197913811486e-15
16,5678,101,237,2.575357215355209e-15,1.626084503128418e-14,2.2600531506160333e-15
16,5678,101,238,1.9213930529433293e-15,1.61684977305499e-14,1.9342561746528214e-15
16,5678,101,239,1.6491816175439715e-15,9.504733749507041e-15,1.910680756458243e-15
16,5678,101,240,1.2844910538971148e-15,8.64357538541102e-15,9.99999999999987e-16
16,5678,101,241,1.2130925866030013e-15,6.718074446493951e-15,9.99999999999987e-16
16,5678,101,242,9.999999999999892e-16,4.777462701470239e-15,9.99999999999987e-16
16,5678,101,243,9.999999999999892e-16,4.643806956407045e-15,9.99999999999987e-16
16,5678,101,244,9.999999999999892e-16,2.319634375430044e-15,9.99999999999987e-16
16,5678,101,245,9.999999999999892e-16,2.1319410602735347e-15,9.99999999999987e-16
16,5678,101,246,9.999999999999892e-16,1.7103236921385537e-15,9.99999999999987e-16
16,5678,101,247,9.999999999999892e-16,1.1815386831845077e-15,9.99999999999987e-16
16,5678,101,248,9.999999999999892e-16,1.1214658212596584e-15,9.99999999999987e-16
16,5678,101,249,9.999999999999892e-16,1.0394913447656113e-15,9.99999999999987e-16
16,5678,101,250,9.999999999999892e-16,9.999999999999946e-16,9.99999999999987e-16
16,5678,101,251,9.999999999999892e-16,9.999999999999946e-16,9.99999999999987e-16
16,5678,101,252,9.999999999999892e-16,9.999999999999946e-16,9.99999999999987e-16
16,5678,101,253,9.999999999999892e-16,9.999999999999946e-16,9.99999999999987e-16
16,5678,101,254,9.999999999999892e-16,9.999999999999946e-16,9.99999999999987e-16
16,5678,101,255,9.999999999999892e-16,9.999999999999946e-16,9.99999999999987e-16
16,5678,101,256,9.999999999999892e-16,9.999999999999946e-16,9.99999999999987e-16
16,5678,202,1,0.8026372109860676,0.8067646556026873,0.8319926038274561
16,5678,202,2,0.14552215087818512,0.14411305836063887,0.11584007454480405
16,5678,202,3,0.021637801750082508,0.02081906384453877,0.023159339407690986
16,5678,202,4,0.010467133180003507,0.007537009908477081,0.010998002812113451
16,5678,202,5,0.005950324119392327,0.006453264801725672,0.006622368987914218
16,5678,202,6,0.004360609083576145,0.004944455982979725,0.003945651893423444
16,5678,202,7,0.003816241187395627,0.004336916850499104,0.0029056505925675
16,5678,202,8,0.0021931170310122107,0.002075300252695587,0.001811854864017241
16,5678,202,9,0.0013172813422227176,0.0009037095848811569,0.0009651649690022343
16,5678,202,10,0.0004304184586762982,0.00040734330863988004,0.00034752555952047927
16,5678,202,11,0.0003541993938631861,0.0003444337673782745,0.0002939504187211088
16,5678,202,12,0.00025541207702004876,0.0002494340305702508,0.00023097859731704165
16,5678,202,13,0.00022355463489177638,0.00024903689741821364,0.00019759288897434516
16,5678,202,14,0.0001816968783726578,0.00012801288879983673,0.00014202433298999846
16,5678,202,15,0.00010185581093099708,0.0001204623553944125,9.618475528888815e-05
16,5678,202,16,8.830986298582401e-05,8.475521255237075e-05,7.457734327623735e-05
16,5678,202,17,8.218465497834788e-05,6.859132097856096e-05,7.117714291990937e-05
16,5678,202,18,6.570979644616888e-05,6.330209362918954e-05,5.322014047430239e-05
16,5678,202,19,5.8723178496698325e-05,5.0888135664759765e-05,3.707018438676595e-05
16,5678,202,20,4.368039502833191e-05,4.306756602480713e-05,3.625507662523925e-05
16,5678,202,21,3.988535210842698e-05,4.02299720448125e-05,2.9865237309226004e-05
16,5678,202,22,2.9285451357720173e-05,3.8361541904439115e-05,2.5864060566934553e-05
16,5678,202,23,2.4693697018396796e-05,2.7662231025439336e-05,2.0742811400553557e-05
16,5678,202,24,1.9829037602169286e-05,2.1786476632989066e-05,1.993258267619061e-05
16,5678,202,25,1.650083784804868e-05,1.687501087694258e-05,1.4118977029385037e-05
16,5678,202,26,1.141526191284189e-05,1.5077540965210496e-05,1.08435041408327e-05
16,5678,202,27,1.1174317187248604e-05,1.1666451654305727e-05,9.893194826383279e-06
16,5678,202,28,8.665057631688475e-06,9.769561134277616e-06,6.026208306999159e-06
16,5678,202,29,5.902275276756337e-06,9.192168383796557e-06,5.852696601004933e-06
16,5678,202,30,5.628900678350414e-06,7.040789406736928e-06,4.107309436834271e-06
16,5678,202,31,4.95725732901225e-06,6.794066600280251e-06,3.929623685193983e-06
16,5678,202,32,4.7496413593383516e-06,5.024520675858329e-06,3.64124724441799e-06
16,5678,202,33,4.175942959538861e-06,4.2018231433007475e-06,3.0381253527057333e-06
16,5678,202,34,3.251864360322554e-06,3.87019369994107e-06,2.7321113218313213e-06
16,5678,202,35,3.1543987188166906e-06,2.6847185165951475e-06,2.296344394935278e-06
16,5678,202,36,2.2905902904529118e-06,2.4523975197252343e-06,1.9875656268951193e-06
16,5678,202,37,2.279402420031205e-06,2.3588217973945246e-06,1.755392676712604e-06
16,5678,202,38,1.9202250376846067e-06,2.0427161327917463e-06,1.3629553769994767e-06
16,5678,202,39,1.3637467382136447e-06,1.9944791956539185e-06,1.1965320481723063e-06
16,5678,202,40,1.2671384862132208e-06,1.7308731763739317e-06,1.0980934123159977e-06
16,5678,202,41,9.462244986459053e-07,1.6966323776394851e-06,8.741201312759635e-07
16,5678,202,42,8.526165299908432e-07,1.4701630634391017e-06,7.253476131657315e-07
16,5678,202,43,7.921200116914193e-07,1.2413461215596707e-06,6.618918640758949e-07
16,5678,202,44,7.439906281297206e-07,9.541662591939733e-07,6.200967197878814e-07
16,5678,202,45,6.5611998844141e-07,7.066140261161747e-07,5.525286090554396e-07
16,5678,202,46,5.964078083453862e-07,5.758262220453129e-07,5.335239140372176e-07
16,5678,202,47,5.232447733220914e-07,5.108595295523355e-07,4.4171399545460437e-07
16,5678,202,48,5.216981298001147e-07,4.324260547866209e-07,3.984892339025606e-07
16,5678,202,49,4.201313458319463e-07,4.081334841100794e-07,3.64968810712256e-07
16,5678,202,50,4.140427794527492e-07,3.7895852207750313e-07,3.5588524453935167e-07
16,5678,202,51,3.654647411667111e-07,3.661241877398236e-07,2.922565087218268e-07
16,5678,202,52,3.0476428507098757e-07,3.347546252835685e-07,2.7292960379132135e-07
16,5678,202,53,2.881959599271641e-07,3.032203567613129e-07,2.431465951715236e-07
16,5678,202,54,2.3677668160287722e-07,2.959207695778215e-07,2.2359053141678944e-07
16,5678,202,55,2.246585200302178e-07,2.2814271700158142e-07,1.9821281165277788e-07
16,5678,202,56,2.0737765921711678e-07,2.181736504159151e-07,1.5626425949511994e-07
16,5678,202,57,1.7076962095668373e-07,1.9114867200230053e-07,1.4672893770654533e-07
16,5678,202,58,1.681538529631831e-07,1.854792070474545e-07,1.366635608010287e-07
16,5678,202,59,1.4310716811447003e-07,1.54187999983641e-07,1.3112764458197507e-07
16,5678,202,60,1.3342622528773176e-07,1.4822719536703779e-07,1.0578448093824897e-07
16,5678,202,61,1.1814799139518558e-07,1.36672682244506e-07,9.382403923242633e-08
16,5678,202,62,1.1579726011613412e-07,1.2293761994051328e-07,8.813693349893345e-08
16,5678,202,63,1.0207826559773509e-07,1.0664063644403766e-07,7.112645308594179e-08
16,5678,202,64,8.028964340367967e-08,1.04789270289236e-07,6.867560933756382e-08
16,5678,202,65,7.752741072282244e-08,1.0249356659530376e-07,6.061278298674495e-08
16,5678,202,66,6.864357544889456e-08,9.825502869197427e-08,5.7470033869283006e-08
16,5678,202,67,6.837316994320972e-08,9.067274078415433e-08,5.5613001393279006e-08
16,5678,202,68,6.145548455142991e-08,7.964349669620882e-08,5.1166623754039516e-08
16,5678,202,69,6.124607317990897e-08,6.656242263883092e-08,4.2835837609675494e-08
16,5678,202,70,5.406220267187405e-08,6.181526663849632e-08,4.0492038165138134e-08
16,5678,202,71,5.041180553033984e-08,5.5050239799066616e-08,3.845232760632888e-08
16,5678,202,72,4.174062769529092e-08,5.319384911372385e-08,3.113141601457028e-08
16,5678,202,73,3.604384519067649e-08,4.921507239877414e-08,2.932054016794915e-08
16,5678,202,74,3.118698593073076e-08,4.6822756384208934e-08,2.411235786713878e-08
16,5678,202,75,3.069150439659316e-08,4.168143450062516e-08,2.325158216584791e-08
16,5678,202,76,2.33960113891827e-08,3.2369043273726215e-08,1.9480197991436295e-08
16,5678,202,77,2.235650756418836e-08,3.21984263444332e-08,1.9187699520569306e-08
16,5678,202,78,2.0473526454998097e-08,2.8845971936260764e-08,1.708160487068399e-08
16,5678,202,79,2.013268803074298e-08,2.8490471341400292e-08,1.5313000180684753e-08
16,5678,202,80,1.5917334082496777e-08,2.779482314060298e-08,1.3626837379743324e-08
16,5678,202,81,1.5530442515819552e-08,2.653207719296427e-08,1.3044476468756945e-08
16,5678,202,82,1.4658412549466766e-08,2.1920126586028037e-08,1.1510918713072251e-08
16,5678,202,83,1.3443138844525018e-08,1.9321492544967144e-08,1.0003695053297332e-08
16,5678,202,84,1.2182403928225658e-08,1.7653473561543908e-08,9.456870961743284e-09
16,5678,202,85,1.1633712646788755e-08,1.4785721438339752e-08,8.521454842593723e-09
16,5678,202,86,1.0308656687874697e-08,1.4164111573667244e-08,8.111420186167292e-09
16,5678,202,87,9.886685605960032e-09,1.2464212421703459e-08,7.540612329338526e-09
16,5678,202,88,9.115267282313289e-09,1.100685973780881e-08,6.817852513216516e-09
16,5678,202,89,7.256066584069423e-09,1.0494624376026456e-08,6.594748560203566e-09
16,5678,202,90,6.071729819535519e-09,9.822798560653632e-09,5.888104227090911e-09
16,5678,202,91,5.8197344559000625e-09,8.117989055198244e-09,5.081566367536048e-09
16,5678,202,92,5.04055214395077e-09,6.922247487897523e-09,4.6232160529898e-09
16,5678,202,93,4.99945338033361e-09,6.713216490420061e-09,4.24582414848382e-09
16,5678,202,94,4.438595859533665e-09,6.181176739542468e-09,4.0202474954024475e-09
16,5678,202,95,4.286305199017206e-09,5.7449405142733096e-09,3.6712955006221128e-09
16,5678,202,96,3.816821317871814e-09,4.977029133237363e-09,3.454971660026404e-09
16,5678,202,97,3.526741129141682e-09,4.6327896346128086e-09,2.9884668152268147e-09
16,5678,202,98,3.504467369796575e-09,4.289841281633897e-09,2.8732095526724168e-09
16,5678,202,99,3.337866365749279e-09,3.80956395559571e-09,2.697575325975989e-09
16,5678,202,100,3.038538819557766e-09,3.363074756871718e-09,2.3848380114579077e-09
16,5678,202,101,2.8762089355133113e-09,3.2262354734399026e-09,2.3367755581277755e-09
16,5678,202,102,2.42394614481947e-09,3.089051637532722e-09,2.130574770748576e-09
16,5678,202,103,2.2954874603003263e-09,2.5437133357019076e-09,1.90197122681363e-09
16,5678,202,104,2.1804044226887484e-09,2.4637038383624626e-09,1.724879129267717e-09
16,5678,202,105,1.8730869322542404e-09,2.2104712404520193e-09,1.5496414801737286e-09
16,5678,202,106,1.6434490753636529e-09,2.0901745029409466e-09,1.4457310106249096e-09
16,5678,202,107,1.596542080671021e-09,1.8664732101981822e-09,1.306867468269532e-09
16,5678,202,108,1.324518394352127e-09,1.8010318255025797e-09,1.2366985456106517e-09
16,5678,202,109,1.3063440461670654e-09,1.563076180990187e-09,1.1374170064739097e-09
16,5678,202,110,1.2392930081831777e-09,1.496239110282865e-09,9.920847068976672e-10
16,5678,202,111,1.1919186214161204e-09,1.4438828905511972e-09,9.487249432204663e-10
16,5678,202,112,1.1911707992765898e-09,1.236038590930127e-09,9.010514137715859e-10
16,5678,202,113,1.0940631923485481e-09,1.2317887231557433e-09,8.594440962204455e-10
16,5678,202,114,8.863630241048176e-10,1.0977897711845973e-09,6.975503370348848e-10
16,5678,202,115,8.121097605978586e-10,9.758047776015742e-10,6.761842479813692e-10
16,5678,202,116,8.110336657686305e-10,9.612221857932187e-10,6.009628705737102e-10
16,5678,202,117,7.536214586062107e-10,8.438699125785697e-10,5.364267059940317e-10
16,5678,202,118,7.404619954096243e-10,7.581112267900357e-10,5.061212355641791e-10
16,5678,202,119,5.936745664083238e-10,7.176691912832388e-10,4.706788190927076e-10
16,5678,202,120,5.121598178817489e-10,7.022260687177136e-10,4.091470931707903e-10
16,5678,202,121,5.114473112278768e-10,6.791909995165876e-10,3.61291387678988e-10
16,5678,202,122,4.317979394609424e-10,6.621908553442262e-10,3.406484578493231e-10
16,5678,202,123,4.201090167125656e-10,5.474994867813549e-10,3.3206952778996706e-10
16,5678,202,124,4.040984301604275e-10,5.34926179379226e-10,2.8960673963465774e-10
16,5678,202,125,3.3311404477127694e-10,5.276940743119934e-10,2.661683005952307e-10
16,5678,202,126,3.2343144261909814e-10,4.395488043420445e-10,2.5510484739161304e-10
16,5678,202,127,2.9974092501297627e-10,4.195597555372738e-10,2.3671952541398874e-10
16,5678,202,128,2.8806368273356567e-10,3.859044604584044e-10,2.2095779114655203e-10
16,5678,202,129,2.787578889569193e-10,3.653639578341942e-10,2.1248900641470063e-10
16,5678,202,130,2.5442640257461786e-10,3.354452709408622e-10,1.885679038022774e-10
16,5678,202,131,2.5322708835965005e-10,2.9950319757815133e-10,1.8468508327972498e-10
16,5678,202,132,2.068767098761225e-10,2.922629099081165e-10,1.6902478759315284e-10
16,5678,202,133,1.744839256520318e-10,2.813651019569876e-10,1.6404995360937546e-10
16,5678,202,134,1.6902336642289383e-10,2.47507112962426e-10,1.413296466538131e-10
16,5678,202,135,1.6166378577257405e-10,2.2164733347261958e-10,1.3165148216739666e-10
16,5678,202,136,1.4134669168199265e-10,2.0422468895505698e-10,1.254194809896543e-10
16,5678,202,137,1.3952057894167542e-10,1.9785378273420457e-10,1.181933256106893e-10
16,5678,202,138,1.2660625154291964e-10,1.950487485551471e-10,1.0068783253286696e-10
16,5678,202,139,1.190754222180801e-10,1.7628733295844327e-10,9.815032211977901e-11
16,5678,202,140,1.13653193477881e-10,1.672841814342508e-10,8.803770903221436e-11
16,5678,202,141,1.0441578323289623e-10,1.375972508080086e-10,8.255690721097507e-11
16,5678,202,142,9.902730983373152e-11,1.240278517531849e-10,7.713848649522783e-11
16,5678,202,143,8.46633413450201e-11,1.2233439176716327e-10,7.403429541764186e-11
16,5678,202,144,8.345274093083503e-11,1.1241106257195473e-10,6.815696300771264e-11
16,5678,202,145,7.038836128078053e-11,1.1086086985185617e-10,5.873021081226556e-11
16,5678,202,146,6.832333009976634e-11,1.0476903920508004e-10,5.4267658764113954e-11
16,5678,202,147,6.113908771391842e-11,1.0212316274382589e-10,5.148879277590935e-11
16,5678,202,148,6.062744494418495e-11,9.718153498471476e-11,4.463531321061331e-11
16,5678,202,149,5.702661806258904e-11,8.050351017949021e-11,4.072278310616253e-11
16,5678,202,150,4.614854085394164e-11,7.416518726047334e-11,3.5639214753306674e-11
16,5678,202,151,4.5388829565794066e-11,6.854243275504714e-11,3.306363812735594e-11
16,5678,202,152,4.4623167379634487e-11,5.449004459558943e-11,3.2367616009002123e-11
16,5678,202,153,3.245179598434401e-11,4.952082165653033e-11,2.7764000614100656e-11
16,5678,202,154,3.23183671723989e-11,4.736929011145901e-11,2.615520487402237e-11
16,5678,202,155,2.951757293438806e-11,4.471225277512641e-11,2.3086822688081907e-11
16,5678,202,156,2.8677517879921725e-11,4.049314761984693e-11,2.217995317352899e-11
16,5678,202,157,2.6195215723947203e-11,3.7613406609382375e-11,1.9588145989596497e-11
16,5678,202,158,2.4356556131795294e-11,3.669466214493273e-11,1.816577128235524e-11
16,5678,202,159,2.1771458956619254e-11,3.288678341287812e-11,1.6863049250707347e-11
16,5678,202,160,2.050321369520338e-11,2.8211196427963372e-11,1.467272843399377e-11
16,5678,202,161,2.000155660261584e-11,2.7208979308014263e-11,1.3713427941509536e-11
16,5678,202,162,1.527663613375538e-11,2.6453290452885876e-11,1.2281871919554055e-11
16,5678,202,163,1.4432504160908491e-11,2.3698296380894543e-11,1.1458590576752867e-11
16,5678,202,164,1.3706147187339449e-11,2.1393992203448733e-11,1.0946957712725293e-11
16,5678,202,165,1.365140942823677e-11,2.023463932103055e-11,9.814914276775563e-12
16,5678,202,166,1.08749128083294e-11,1.7796594568695354e-11,8.949111969639087e-12
16,5678,202,167,1.0274613779925187e-11,1.620129706025612e-11,8.52026232447413e-12
16,5678,202,168,9.876843644228613e-12,1.4696575927017065e-11,7.643365122025934e-12
16,5678,202,169,8.283598591320551e-12,1.378490309087893e-11,6.591495833496377e-12
16,5678,202,170,7.791665631614234e-12,1.2429599553114717e-11,6.089457336607063e-12
16,5678,202,171,6.799022241477296e-12,1.1762092376595e-11,5.857270575230275e-12
16,5678,202,172,6.736639350207228e-12,1.013557453329108e-11,5.207976144338072e-12
16,5678,202,173,6.152409910888953e-12,8.69510076004958e-12,4.297865621510753e-12
16,5678,202,174,6.110387478529007e-12,7.588085010435838e-12,4.074235602344737e-12
16,5678,202,175,5.218827436690876e-12,6.908005912938177e-12,3.778603254832881e-12
16,5678,202,176,4.5355932796159945e-12,5.872809053896629e-12,3.4448651804604027e-12
16,5678,202,177,3.91823336784616e-12,5.546415930168877e-12,3.330181257480804e-12
16,5678,202,178,3.7513265733103745e-12,5.209677522110907e-12,2.8198302097041124e-12
16,5678,202,179,3.693431124749366e-12,4.862098785180075e-12,2.700323302937614e-12
16,5678,202,180,3.4619022063891645e-12,3.934110554128102e-12,2.4591715269311945e-12
16,5678,202,181,3.254706845998644e-12,3.860670422498499e-12,2.258372267832896e-12
16,5678,202,182,2.9584423962892333e-12,3.5442886692543527e-12,2.091067058663253e-12
16,5678,202,183,2.735618658820404e-12,3.2818496559008827e-12,1.961753373342856e-12
16,5678,202,184,2.5216323921815735e-12,3.172777081082241e-12,1.7023331852309445e-12
16,5678,202,185,2.1494009053103717e-12,2.646749797897813e-12,1.5113759555305048e-12
16,5678,202,186,2.0098891935672894e-12,2.5282116841522574e-12,1.45085168104142e-12
16,5678,202,187,2.0072020501497824e-12,2.444632164818892e-12,1.3322642712476826e-12
16,5678,202,188,1.7100230268920845e-12,2.2099286492868185e-12,1.226407493105237e-12
16,5678,202,189,1.44176650728681e-12,1.9262291032788497e-12,1.1816808660717406e-12
16,5678,202,190,1.384559194036368e-12,1.8172586542992419e-12,9.760506413001962e-13
16,5678,202,191,1.3055549683276801e-12,1.5788269700559018e-12,9.3165594387759e-13
16,5678,202,192,1.2283031455249777e-12,1.498469777073644e-12,8.644228056872698e-13
16,5678,202,193,8.011584316180042e-13,1.2584503187921132e-12,7.811399975078567e-13
16,5678,202,194,7.705491632945297e-13,1.176762429820565e-12,6.890034802009758e-13
16,5678,202,195,7.262721669024214e-13,1.109632141628082e-12,6.128014225953128e-13
16,5678,202,196,6.753490842504929e-13,8.156078354977295e-13,5.551190981989941e-13
16,5678,202,197,6.670225304998253e-13,8.047498810390151e-13,5.194694505430711e-13
16,5678,202,198,5.965996058907668e-13,7.273170416246378e-13,4.4688361831142997e-13
16,5678,202,199,5.02197335061564e-13,6.478196438760549e-13,3.841976523395679e-13
16,5678,202,200,4.770648604135274e-13,5.822490438070229e-13,3.5689568862412887e-13
16,5678,202,201,4.2924263391447583e-13,5.36264055532156e-13,3.317104656678292e-13
16,5678,202,202,4.163615970351918e-13,4.324648048506799e-13,2.952663868293341e-13
16,5678,202,203,3.21772150096921e-13,4.191422537015205e-13,2.7259690539653197e-13
16,5678,202,204,3.0612356634169773e-13,3.5998505780284963e-13,2.431961606542692e-13
16,5678,202,205,2.4867712683365425e-13,3.235028434826089e-13,2.0905698345042828e-13
16,5678,202,206,2.2433064973649954e-13,3.075378353103227e-13,1.9582607858589159e-13
16,5678,202,207,2.0516443906826953e-13,2.6827249000775075e-13,1.7627032591196993e-13
16,5678,202,208,1.722075701978203e-13,2.5120695382293193e-13,1.294039758971413e-13
16,5678,202,209,1.6268047895490252e-13,2.1602271868488788e-13,1.1695364278672985e-13
16,5678,202,210,1.390206158352751e-13,2.1326729911326884e-13,1.0723154458545164e-13
16,5678,202,211,1.2163637293552814e-13,1.6940021617215916e-13,9.811641890923043e-14
16,5678,202,212,1.0022214416982367e-13,1.577651104852931e-13,8.585996198302565e-14
16,5678,202,213,7.292679421130141e-14,1.4560782669018183e-13,8.018259647448997e-14
16,5678,202,214,6.788666036745184e-14,1.094850677183988e-13,5.711230223215021e-14
16,5678,202,215,6.756768925301982e-14,1.0448879783841686e-13,5.5658339537207513e-14
16,5678,202,216,5.600025172843063e-14,8.80037281588283e-14,5.0433732997726985e-14
16,5678,202,217,4.6087867780041265e-14,8.415737826049374e-14,4.715765030084412e-14
16,5678,202,218,3.521478385255893e-14,6.484925482963997e-14,4.410170802437498e-14
16,5678,202,219,3.467152239438761e-14,5.788746685994531e-14,3.612664659770621e-14
16,5678,202,220,3.461521585758799e-14,5.161011824187142e-14,3.166678143767271e-14
16,5678,202,221,3.241375492431554e-14,4.028343241228878e-14,2.807761608747544e-14
16,5678,202,222,3.2051817735660486e-14,3.6512761736316876e-14,2.2519726074356417e-14
16,5678,202,223,2.558940338975426e-14,3.232334769248912e-14,1.9583043026934212e-14
16,5678,202,224,2.5540584844716116e-14,2.893173197636177e-14,1.806707779207177e-14
16,5678,202,225,2.039183741195271e-14,2.7836216036893015e-14,1.501080849470785e-14
16,5678,202,226,1.920705791435748e-14,2.041134600448188e-14,1.1641253726877518e-14
16,5678,202,227,1.4517968139277868e-14,1.6497155450794694e-14,1.1633034253709828e-14
16,5678,202,228,1.3875795021223143e-14,1.4959236991387824e-14,7.695676447163354e-15
16,5678,202,229,1.275300725482953e-14,1.356119781801448e-14,6.4495432086788155e-15
16,5678,202,230,1.0973077685628066e-14,1.1812925515161145e-14,5.278464187326183e-15
16,5678,202,231,1.0452485523461428e-14,1.0145741531082172e-14,5.2048115599210255e-15
16,5678,202,232,7.362190987150172e-15,7.372702029424176e-15,5.1388709768297176e-15
16,5678,202,233,4.8213641429435256e-15,7.28414055518153e-15,4.3924611006035324e-15
16,5678,202,234,4.439069860994897e-15,5.855332083182029e-15,2.6574726065175476e-15
16,5678,202,235,4.4264951764675484e-15,5.366789194966514e-15,2.556815522283336e-15
16,5678,202,236,3.405630962273438e-15,5.349569371656401e-15,1.858736485287233e-15
16,5678,202,237,2.575357215355209e-15,5.286282622369949e-15,1.808720539759806e-15
16,5678,202,238,1.9213930529433293e-15,3.5485323329767927e-15,1.60410230502099e-15
16,5678,202,239,1.6491816175439715e-15,3.0704853922811163e-15,1.061386750303231e-15
16,5678,202,240,1.2844910538971148e-15,2.8530006074178945e-15,9.999999999999875e-16
16,5678,202,241,1.2130925866030013e-15,1.8444753887145993e-15,9.999999999999875e-16
16,5678,202,242,9.999999999999892e-16,9.999999999999896e-16,9.999999999999875e-16
16,5678,202,243,9.999999999999892e-16,9.999999999999896e-16,9.999999999999875e-16
16,5678,202,244,9.999999999999892e-16,9.999999999999896e-16,9.999999999999875e-16
16,5678,202,245,9.999999999999892e-16,9.999999999999896e-16,9.999999999999875e-16
16,5678,202,246,9.999999999999892e-16,9.999999999999896e-16,9.999999999999875e-16
16,5678,202,247,9.999999999999892e-16,9.999999999999896e-16,9.999999999999875e-16
16,5678,202,248,9.999999999999892e-16,9.999999999999896e-16,9.999999999999875e-16
16,5678,202,249,9.999999999999892e-16,9.999999999999896e-16,9.999999999999875e-16
16,5678,202,250,9.999999999999892e-16,9.999999999999896e-16,9.999999999999875e-16
16,5678,202,251,9.999999999999892e-16,9.999999999999896e-16,9.999999999999875e-16
16,5678,202,252,9.999999999999892e-16,9.999999999999896e-16,9.999999999999875e-16
16,5678,202,253,9.999999999999892e-16,9.999999999999896e-16,9.999999999999875e-16
16,5678,202,254,9.999999999999892e-16,9.999999999999896e-16,9.999999999999875e-16
16,5678,202,255,9.999999999999892e-16,9.999999999999896e-16,9.999999999999875e-16
16,5678,202,256,9.999999999999892e-16,9.999999999999896e-16,9.999999999999875e-16
16,5678,303,1,0.8026372109860676,0.8029706961081243,0.8032058550929665
16,5678,303,2,0.14552215087818512,0.14565653334444922,0.14533818668381804
16,5678,303,3,0.021637801750082508,0.021334967596778675,0.02167490147684213
16,5678,303,4,0.010467133180003507,0.010262416689875797,0.010525020137068457
16,5678,303,5,0.005950324119392327,0.00593116253953109,0.005926453272163235
16,5678,303,6,0.004360609083576145,0.004679604400231997,0.004399745510809319
16,5678,303,7,0.003816241187395627,0.00384353828979607,0.003812224880440913
16,5678,303,8,0.0021931170310122107,0.002015346789142853,0.0020302800676612587
16,5678,303,9,0.0013172813422227176,0.0012167468702309954,0.0012059077419364441
16,5678,303,10,0.0004304184586762982,0.00043950123985969154,0.0004129088589503592
16,5678,303,11,0.0003541993938631861,0.00032765286145426285,0.0002939074714499633
16,5678,303,12,0.00025541207702004876,0.00025903646182013935,0.00023355987891606056
16,5678,303,13,0.00022355463489177638,0.00022746531422345256,0.00021908786469999593
16,5678,303,14,0.0001816968783726578,0.00016941598765750503,0.0001448105696371023
16,5678,303,15,0.00010185581093099708,9.814498328684138e-05,8.82923597210832e-05
16,5678,303,16,8.830986298582401e-05,8.967959653319859e-05,7.993683758083192e-05
16,5678,303,17,8.218465497834788e-05,6.674205910321376e-05,6.939371483076872e-05
16,5678,303,18,6.570979644616888e-05,6.253452413490458e-05,5.4999356403855525e-05
16,5678,303,19,5.8723178496698325e-05,5.627983287072043e-05,5.41276229481552e-05
16,5678,303,20,4.368039502833191e-05,5.4083383473543146e-05,3.706102054840519e-05
16,5678,303,21,3.988535210842698e-05,4.276622278585174e-05,3.231554223864779e-05
16,5678,303,22,2.9285451357720173e-05,2.8410090431792555e-05,2.5022805265219434e-05
16,5678,303,23,2.4693697018396796e-05,2.467907455042315e-05,2.4544247436780718e-05
16,5678,303,24,1.9829037602169286e-05,1.8501130507093675e-05,2.1167192413406035e-05
16,5678,303,25,1.650083784804868e-05,1.572395714374242e-05,1.3045570280469863e-05
16,5678,303,26,1.141526191284189e-05,1.55092621343919e-05,1.0874358141858317e-05
16,5678,303,27,1.1174317187248604e-05,1.319481723817276e-05,9.394069967380236e-06
16,5678,303,28,8.665057631688475e-06,1.2366352464401432e-05,8.11185447112898e-06
16,5678,303,29,5.902275276756337e-06,1.092547709548855e-05,6.6350812970461265e-06
16,5678,303,30,5.628900678350414e-06,6.636800151707116e-06,5.143032927581996e-06
16,5678,303,31,4.95725732901225e-06,6.469773149976355e-06,5.126036171066299e-06
16,5678,303,32,4.7496413593383516e-06,5.678100139870164e-06,3.7546498945966982e-06
16,5678,303,33,4.175942959538861e-06,4.315506582776583e-06,3.3659440840250015e-06
16,5678,303,34,3.251864360322554e-06,4.054464991239427e-06,2.9740379837758556e-06
16,5678,303,35,3.1543987188166906e-06,3.124703964129628e-06,2.7693361561429154e-06
16,5678,303,36,2.2905902904529118e-06,2.7719738222346205e-06,2.7104118597291216e-06
16,5678,303,37,2.279402420031205e-06,2.3393803172040317e-06,2.0363659677522144e-06
16,5678,303,38,1.9202250376846067e-06,1.945493151866815e-06,1.7355495913933453e-06
16,5678,303,39,1.3637467382136447e-06,1.7998991506887335e-06,1.6025124094301578e-06
16,5678,303,40,1.2671384862132208e-06,1.7564308132145836e-06,1.3013740160107024e-06
16,5678,303,41,9.462244986459053e-07,1.5099738264339001e-06,1.0573381473405056e-06
16,5678,303,42,8.526165299908432e-07,1.4197858717649654e-06,8.315447136048032e-07
16,5678,303,43,7.921200116914193e-07,1.389655933217241e-06,7.342960587824326e-07
16,5678,303,44,7.439906281297206e-07,9.975914570971553e-07,7.20438418162798e-07
16,5678,303,45,6.5611998844141e-07,9.696855384646936e-07,6.279930929556029e-07
16,5678,303,46,5.964078083453862e-07,9.317677453858656e-07,5.583565614266783e-07
16,5678,303,47,5.232447733220914e-07,7.959575766996107e-07,5.016376703448134e-07
16,5678,303,48,5.216981298001147e-07,6.870222579895683e-07,4.947414966892445e-07
16,5678,303,49,4.201313458319463e-07,5.93557561636257e-07,4.1459578051610407e-07
16,5678,303,50,4.140427794527492e-07,5.675946223070992e-07,3.698885325614741e-07
16,5678,303,51,3.654647411667111e-07,5.42960654807544e-07,3.489639641747977e-07
16,5678,303,52,3.0476428507098757e-07,5.005830321850979e-07,2.795612846462194e-07
16,5678,303,53,2.881959599271641e-07,4.203641314652086e-07,2.547220462961291e-07
16,5678,303,54,2.3677668160287722e-07,3.9620928741558134e-07,2.2328241748773852e-07
16,5678,303,55,2.246585200302178e-07,3.2899207617070715e-07,2.1442301364375572e-07
16,5678,303,56,2.0737765921711678e-07,2.853793859806307e-07,1.873737720836731e-07
16,5678,303,57,1.7076962095668373e-07,2.6504600650663754e-07,1.6144578601699227e-07
16,5678,303,58,1.681538529631831e-07,2.556204401191158e-07,1.467788492014511e-07
16,5678,303,59,1.4310716811447003e-07,2.2241105364550155e-07,1.2637512112929922e-07
16,5678,303,60,1.3342622528773176e-07,2.1521748458478707e-07,1.2429625559634004e-07
16,5678,303,61,1.1814799139518558e-07,1.7544861554730828e-07,1.0930431934432011e-07
16,5678,303,62,1.1579726011613412e-07,1.6931961409044055e-07,1.0590644542381637e-07
16,5678,303,63,1.0207826559773509e-07,1.5474822802179936e-07,9.971116137761425e-08
16,5678,303,64,8.028964340367967e-08,1.236103638147054e-07,8.841798359430757e-08
16,5678,303,65,7.752741072282244e-08,1.218515168076856e-07,8.43651117327478e-08
16,5678,303,66,6.864357544889456e-08,1.1535262666718071e-07,7.226128935767747e-08
16,5678,303,67,6.837316994320972e-08,1.0912354447681743e-07,7.193320081394784e-08
16,5678,303,68,6.145548455142991e-08,1.0697132866426849e-07,6.233529345658496e-08
16,5678,303,69,6.124607317990897e-08,9.022068143547173e-08,6.075319578291705e-08
16,5678,303,70,5.406220267187405e-08,8.575011560311964e-08,5.609506516729974e-08
16,5678,303,71,5.041180553033984e-08,7.796645124531504e-08,4.789988406672537e-08
16,5678,303,72,4.174062769529092e-08,7.449055546613544e-08,4.4695704574095814e-08
16,5678,303,73,3.604384519067649e-08,7.17028939240227e-08,3.783437978263118e-08
16,5678,303,74,3.118698593073076e-08,6.29164939946606e-08,3.655235781337955e-08
16,5678,303,75,3.069150439659316e-08,5.304378007231423e-08,3.359065664408154e-08
16,5678,303,76,2.33960113891827e-08,5.1766551169111195e-08,2.998481011580709e-08
16,5678,303,77,2.235650756418836e-08,4.377557459196183e-08,2.5081302134931808e-08
16,5678,303,78,2.0473526454998097e-08,3.975510583162705e-08,2.3737447603535628e-08
16,5678,303,79,2.013268803074298e-08,3.665080907526975e-08,2.197804921685681e-08
16,5678,303,80,1.5917334082496777e-08,3.305950068503112e-08,2.068153703204141e-08
16,5678,303,81,1.5530442515819552e-08,3.018822341434547e-08,1.803233121753086e-08
16,5678,303,82,1.4658412549466766e-08,2.8943587145495324e-08,1.5685507233189045e-08
16,5678,303,83,1.3443138844525018e-08,2.762266252243373e-08,1.3811425692276794e-08
16,5678,303,84,1.2182403928225658e-08,2.7382862807351608e-08,1.2210754409715973e-08
16,5678,303,85,1.1633712646788755e-08,2.4073685109143613e-08,1.2008572093871077e-08
16,5678,303,86,1.0308656687874697e-08,1.970719185406819e-08,1.1630895755665941e-08
16,5678,303,87,9.886685605960032e-09,1.813596425237779e-08,9.228605581577403e-09
16,5678,303,88,9.115267282313289e-09,1.6798429193942295e-08,9.149129505094524e-09
16,5678,303,89,7.256066584069423e-09,1.4721161740654536e-08,7.822724133965386e-09
16,5678,303,90,6.071729819535519e-09,1.4356692471178732e-08,7.3797515039033155e-09
16,5678,303,91,5.8197344559000625e-09,1.3759077572278689e-08,6.922665746636709e-09
16,5678,303,92,5.04055214395077e-09,1.1998197188501494e-08,5.612310115426976e-09
16,5678,303,93,4.99945338033361e-09,1.1322211386817845e-08,5.030353744239951e-09
16,5678,303,94,4.438595859533665e-09,9.6565799609441e-09,4.956980511551573e-09
16,5678,303,95,4.286305199017206e-09,8.83384213631812e-09,4.609222311334611e-09
16,5678,303,96,3.816821317871814e-09,8.308638852447454e-09,4.401929490799205e-09
16,5678,303,97,3.526741129141682e-09,7.874151046347173e-09,4.020691651981196e-09
16,5678,303,98,3.504467369796575e-09,7.2725150860314855e-09,3.5405389136546793e-09
16,5678,303,99,3.337866365749279e-09,7.0849093263467574e-09,3.284316459886061e-09
16,5678,303,100,3.038538819557766e-09,6.49886830464996e-09,2.8717179255086113e-09
16,5678,303,101,2.8762089355133113e-09,5.480598009612182e-09,2.8299570431198544e-09
16,5678,303,102,2.42394614481947e-09,5.24656522797009e-09,2.6080032724970076e-09
16,5678,303,103,2.2954874603003263e-09,4.367068964424387e-09,2.373412771702343e-09
16,5678,303,104,2.1804044226887484e-09,3.88732270547173e-09,2.0624124291173346e-09
16,5678,303,105,1.8730869322542404e-09,3.640312956418818e-09,1.906514675415795e-09
16,5678,303,106,1.6434490753636529e-09,3.562073442543363e-09,1.7971173156930878e-09
16,5678,303,107,1.596542080671021e-09,3.397536591075139e-09,1.7709139150717544e-09
16,5678,303,108,1.324518394352127e-09,3.0755597175771186e-09,1.6883179489726508e-09
16,5678,303,109,1.3063440461670654e-09,2.975672018266929e-09,1.4642570891619338e-09
16,5678,303,110,1.2392930081831777e-09,2.5567480905376888e-09,1.4176418257090773e-09
16,5678,303,111,1.1919186214161204e-09,2.5214763516595095e-09,1.3108203938958709e-09
16,5678,303,112,1.1911707992765898e-09,2.4754098363644762e-09,1.1577935370354945e-09
16,5678,303,113,1.0940631923485481e-09,2.2003822844921487e-09,1.1026389671035683e-09
16,5678,303,114,8.863630241048176e-10,2.0904060873476824e-09,1.081348307782119e-09
16,5678,303,115,8.121097605978586e-10,1.8261097238106515e-09,9.219274946555515e-10
16,5678,303,116,8.110336657686305e-10,1.8099426629623198e-09,8.560579734727053e-10
16,5678,303,117,7.536214586062107e-10,1.6603414331062649e-09,7.068314522583142e-10
16,5678,303,118,7.404619954096243e-10,1.5868957397662801e-09,6.432275181207718e-10
16,5678,303,119,5.936745664083238e-10,1.363357860322126e-09,6.106595143028003e-10
16,5678,303,120,5.121598178817489e-10,1.2404921318432077e-09,5.80071057023897e-10
16,5678,303,121,5.114473112278768e-10,1.176230286252281e-09,5.514305304884989e-10
16,5678,303,122,4.317979394609424e-10,1.139339024657917e-09,4.922836081346001e-10
16,5678,303,123,4.201090167125656e-10,1.0971427248041566e-09,4.797924096815931e-10
16,5678,303,124,4.040984301604275e-10,1.0431338031452685e-09,4.694369312199897e-10
16,5678,303,125,3.3311404477127694e-10,1.0202617797196774e-09,3.9826995916739814e-10
16,5678,303,126,3.2343144261909814e-10,9.021760334875166e-10,3.514715926279361e-10
16,5678,303,127,2.9974092501297627e-10,8.997312720467859e-10,3.3297322462011775e-10
16,5678,303,128,2.8806368273356567e-10,8.267645226712172e-10,3.107777528597516e-10
16,5678,303,129,2.787578889569193e-10,8.112919983591321e-10,3.032513873120745e-10
16,5678,303,130,2.5442640257461786e-10,6.734560076469961e-10,2.778498495554842e-10
16,5678,303,131,2.5322708835965005e-10,6.420156579465359e-10,2.605133225873295e-10
16,5678,303,132,2.068767098761225e-10,6.094814725416929e-10,2.565436203753387e-10
16,5678,303,133,1.744839256520318e-10,5.314878546458117e-10,2.405256999622728e-10
16,5678,303,134,1.6902336642289383e-10,4.784729937983631e-10,2.1534443844304964e-10
16,5678,303,135,1.6166378577257405e-10,4.609978314258596e-10,1.9565320585014886e-10
16,5678,303,136,1.4134669168199265e-10,4.338103839786499e-10,1.941678057422326e-10
16,5678,303,137,1.3952057894167542e-10,3.969674219153864e-10,1.6044203582839712e-10
16,5678,303,138,1.2660625154291964e-10,3.8805995567803086e-10,1.4996256053846343e-10
16,5678,303,139,1.190754222180801e-10,3.5215647846630404e-10,1.390767411435485e-10
16,5678,303,140,1.13653193477881e-10,3.3868699290002727e-10,1.3429698880690475e-10
16,5678,303,141,1.0441578323289623e-10,3.053774836327019e-10,1.2505890479706872e-10
16,5678,303,142,9.902730983373152e-11,3.0327708127744767e-10,1.1042353302260158e-10
16,5678,303,143,8.46633413450201e-11,2.7206488231108056e-10,9.83261561577933e-11
16,5678,303,144,8.345274093083503e-11,2.342179625243474e-10,8.98181591533232e-11
16,5678,303,145,7.038836128078053e-11,2.0471301336449128e-10,8.133160264026517e-11
16,5678,303,146,6.832333009976634e-11,1.8915928658629338e-10,7.559933636481977e-11
16,5678,303,147,6.113908771391842e-11,1.7256595137148255e-10,6.955016598825216e-11
16,5678,303,148,6.062744494418495e-11,1.6119167615692883e-10,6.555220588175119e-11
16,5678,303,149,5.702661806258904e-11,1.4308501776600262e-10,6.122648556199809e-11
16,5678,303,150,4.614854085394164e-11,1.2139394848468954e-10,5.669862525202297e-11
16,5678,303,151,4.5388829565794066e-11,1.1902587980272216e-10,5.272019452916602e-11
16,5678,303,152,4.4623167379634487e-11,9.903942070866558e-11,4.8772993925384625e-11
16,5678,303,153,3.245179598434401e-11,9.027428412755356e-11,4.5108048543151196e-11
16,5678,303,154,3.23183671723989e-11,8.90569351099336e-11,4.0325029326030994e-11
16,5678,303,155,2.951757293438806e-11,8.84293131305852e-11,3.424212827618706e-11
16,5678,303,156,2.8677517879921725e-11,8.484299733890124e-11,3.227375110640366e-11
16,5678,303,157,2.6195215723947203e-11,7.219099864117873e-11,3.166029028906986e-11
16,5678,303,158,2.4356556131795294e-11,6.491078675096445e-11,2.5835572551496017e-11
16,5678,303,159,2.1771458956619254e-11,6.154653771836847e-11,2.3042506397274632e-11
16,5678,303,160,2.050321369520338e-11,5.7389962032502207e-11,2.2390700348000202e-11
16,5678,303,161,2.000155660261584e-11,5.069755266185967e-11,1.9448753540576475e-11
16,5678,303,162,1.527663613375538e-11,4.8721362534240284e-11,1.8347789706042768e-11
16,5678,303,163,1.4432504160908491e-11,4.5767904116881596e-11,1.703418269588522e-11
16,5678,303,164,1.3706147187339449e-11,4.2791355116129284e-11,1.558232787533044e-11
16,5678,303,165,1.365140942823677e-11,3.9600702210673094e-11,1.3787151369920965e-11
16,5678,303,166,1.08749128083294e-11,3.631317974435509e-11,1.3479403271274476e-11
16,5678,303,167,1.0274613779925187e-11,3.206118583563852e-11,1.2294738710296779e-11
16,5678,303,168,9.876843644228613e-12,3.15393633908025e-11,1.162108365579024e-11
16,5678,303,169,8.283598591320551e-12,2.7965401136330134e-11,1.023864287884796e-11
16,5678,303,170,7.791665631614234e-12,2.698626266597777e-11,9.934279217215562e-12
16,5678,303,171,6.799022241477296e-12,2.588297790377354e-11,8.025212179227145e-12
16,5678,303,172,6.736639350207228e-12,2.3299848676413465e-11,7.581213750449321e-12
16,5678,303,173,6.152409910888953e-12,1.97872391529251e-11,7.1411527044788935e-12
16,5678,303,174,6.110387478529007e-12,1.786769728363806e-11,6.6567549853429665e-12
16,5678,303,175,5.218827436690876e-12,1.5360739165653735e-11,5.716451599824398e-12
16,5678,303,176,4.5355932796159945e-12,1.512876356199911e-11,5.561458391144524e-12
16,5678,303,177,3.91823336784616e-12,1.4016092304837016e-11,4.604201278614992e-12
16,5678,303,178,3.7513265733103745e-12,1.1915576240206333e-11,4.103159774721626e-12
16,5678,303,179,3.693431124749366e-12,1.1508672558120177e-11,4.0040170162381e-12
16,5678,303,180,3.4619022063891645e-12,1.0603807917971594e-11,3.3659874513045733e-12
16,5678,303,181,3.254706845998644e-12,1.0434141253392128e-11,3.201289117405848e-12
16,5678,303,182,2.9584423962892333e-12,1.0070407843171537e-11,2.539102978132724e-12
16,5678,303,183,2.735618658820404e-12,7.697618837027246e-12,2.4385336263028137e-12
16,5678,303,184,2.5216323921815735e-12,7.08476408514625e-12,2.2642283170967886e-12
16,5678,303,185,2.1494009053103717e-12,7.077982167135347e-12,2.1495305538694123e-12
16,5678,303,186,2.0098891935672894e-12,6.422800038852634e-12,1.8269119862787715e-12
16,5678,303,187,2.0072020501497824e-12,5.4338992269895645e-12,1.6677701960916243e-12
16,5678,303,188,1.7100230268920845e-12,5.37071263609331e-12,1.5971751464242399e-12
16,5678,303,189,1.44176650728681e-12,4.866429237522419e-12,1.363435179428544e-12
16,5678,303,190,1.384559194036368e-12,4.299542299677295e-12,1.2204887338235314e-12
16,5678,303,191,1.3055549683276801e-12,3.5669152950737546e-12,1.1860852478487473e-12
16,5678,303,192,1.2283031455249777e-12,3.4755131491933957e-12,1.126979398267733e-12
16,5678,303,193,8.011584316180042e-13,3.193603229645297e-12,9.899834732780325e-13
16,5678,303,194,7.705491632945297e-13,3.029179053572712e-12,9.558656554754742e-13
16,5678,303,195,7.262721669024214e-13,2.8752731902236828e-12,9.083818587697908e-13
16,5678,303,196,6.753490842504929e-13,2.1753462420675462e-12,8.380280040464304e-13
16,5678,303,197,6.670225304998253e-13,2.0487212302291613e-12,6.382178547465127e-13
16,5678,303,198,5.965996058907668e-13,1.9142034967799435e-12,6.211325523267196e-13
16,5678,303,199,5.02197335061564e-13,1.833295799904795e-12,5.722693985085043e-13
16,5678,303,200,4.770648604135274e-13,1.8072047630100895e-12,5.456054201479594e-13
16,5678,303,201,4.2924263391447583e-13,1.546107998245857e-12,5.117028045182079e-13
16,5678,303,202,4.163615970351918e-13,1.4164431291566615e-12,4.2216220471725296e-13
16,5678,303,203,3.21772150096921e-13,1.2086547636159143e-12,3.9407196007317555e-13
16,5678,303,204,3.0612356634169773e-13,1.1588247787583703e-12,3.323069592468276e-13
16,5678,303,205,2.4867712683365425e-13,9.999593279417476e-13,3.0277586039035823e-13
16,5678,303,206,2.2433064973649954e-13,9.84042679595661e-13,2.610763018171017e-13
16,5678,303,207,2.0516443906826953e-13,8.557268778347914e-13,2.527937816599079e-13
16,5678,303,208,1.722075701978203e-13,8.150595607419181e-13,2.1766820456470926e-13
16,5678,303,209,1.6268047895490252e-13,6.401849371196455e-13,2.0419933505143888e-13
16,5678,303,210,1.390206158352751e-13,6.275134268906651e-13,1.783994832514073e-13
16,5678,303,211,1.2163637293552814e-13,5.223626262075592e-13,1.6213313756575233e-13
16,5678,303,212,1.0022214416982367e-13,4.0527800784940337e-13,1.3804299441190786e-13
16,5678,303,213,7.292679421130141e-14,3.9757344381014706e-13,1.3109796078922684e-13
16,5678,303,214,6.788666036745184e-14,3.8856852047408076e-13,1.162078725115239e-13
16,5678,303,215,6.756768925301982e-14,3.5278670626148604e-13,9.469442883191216e-14
16,5678,303,216,5.600025172843063e-14,2.805355713223835e-13,8.595369908078116e-14
16,5678,303,217,4.6087867780041265e-14,2.734080639309795e-13,7.956274496329343e-14
16,5678,303,218,3.521478385255893e-14,2.6599397918450046e-13,6.343114864293102e-14
16,5678,303,219,3.467152239438761e-14,2.3375419642445686e-13,5.478538195704937e-14
16,5678,303,220,3.461521585758799e-14,2.149238948428776e-13,4.6593557461759564e-14
16,5678,303,221,3.241375492431554e-14,2.0433995015376844e-13,3.726762460370703e-14
16,5678,303,222,3.2051817735660486e-14,1.7087269791339637e-13,3.4776191995754996e-14
16,5678,303,223,2.558940338975426e-14,1.3178365320828595e-13,3.058918638237756e-14
16,5678,303,224,2.5540584844716116e-14,1.2804070360932852e-13,2.087844569289344e-14
16,5678,303,225,2.039183741195271e-14,1.0805610710881079e-13,2.0200231725973445e-14
16,5678,303,226,1.920705791435748e-14,9.85113370326057e-14,1.7564887528713082e-14
16,5678,303,227,1.4517968139277868e-14,7.191591173995709e-14,1.5856446805280342e-14
16,5678,303,228,1.3875795021223143e-14,6.962441000704513e-14,1.2138395438298384e-14
16,5678,303,229,1.275300725482953e-14,6.528675622182217e-14,1.1422567400042976e-14
16,5678,303,230,1.0973077685628066e-14,6.123992611805119e-14,7.3137987733742e-15
16,5678,303,231,1.0452485523461428e-14,3.866150728688462e-14,6.28723095723138e-15
16,5678,303,232,7.362190987150172e-15,2.5834351263910082e-14,5.34383825150415e-15
16,5678,303,233,4.8213641429435256e-15,2.5805302700663476e-14,5.336114584450695e-15
16,5678,303,234,4.439069860994897e-15,1.8010240628067833e-14,4.437149218296847e-15
16,5678,303,235,4.4264951764675484e-15,1.683672609844706e-14,3.2092290305972388e-15
16,5678,303,236,3.405630962273438e-15,1.422939991043058e-14,2.564234831650875e-15
16,5678,303,237,2.575357215355209e-15,1.3080049315906868e-14,2.418030808150868e-15
16,5678,303,238,1.9213930529433293e-15,1.1638710764588137e-14,2.187520835666603e-15
16,5678,303,239,1.6491816175439715e-15,8.324814717901386e-15,1.5718312309089225e-15
16,5678,303,240,1.2844910538971148e-15,6.525487209515561e-15,1.4379124411165154e-15
16,5678,303,241,1.2130925866030013e-15,6.282404860332608e-15,1.0289825788452943e-15
16,5678,303,242,9.999999999999892e-16,4.711325424155811e-15,9.99999999999988e-16
16,5678,303,243,9.999999999999892e-16,3.5197956657938332e-15,9.99999999999988e-16
16,5678,303,244,9.999999999999892e-16,1.871088999984647e-15,9.99999999999988e-16
16,5678,303,245,9.999999999999892e-16,1.5749187003889715e-15,9.99999999999988e-16
16,5678,303,246,9.999999999999892e-16,1.293502897584699e-15,9.99999999999988e-16
16,5678,303,247,9.999999999999892e-16,1.2887548009762633e-15,9.99999999999988e-16
16,5678,303,248,9.999999999999892e-16,9.999999999999944e-16,9.99999999999988e-16
16,5678,303,249,9.999999999999892e-16,9.999999999999944e-16,9.99999999999988e-16
16,5678,303,250,9.999999999999892e-16,9.999999999999944e-16,9.99999999999988e-16
16,5678,303,251,9.999999999999892e-16,9.999999999999944e-16,9.99999999999988e-16
16,5678,303,252,9.999999999999892e-16,9.999999999999944e-16,9.99999999999988e-16
16,5678,303,253,9.999999999999892e-16,9.999999999999944e-16,9.99999999999988e-16
16,5678,303,254,9.999999999999892e-16,9.999999999999944e-16,9.99999999999988e-16
16,5678,303,255,9.999999999999892e-16,9.999999999999944e-16,9.99999999999988e-16
16,5678,303,256,9.999999999999892e-16,9.999999999999944e-16,9.99999999999988e-16
16,5678,404,1,0.8026372109860676,0.803342453943031,0.802248647843849
16,5678,404,2,0.14552215087818512,0.14558666672119855,0.14552563042253924
16,5678,404,3,0.021637801750082508,0.021234723966341396,0.022009906238905644
16,5678,404,4,0.010467133180003507,0.010190560211705946,0.01078272614393421
16,5678,404,5,0.005950324119392327,0.005802374234105118,0.005960084011141998
16,5678,404,6,0.004360609083576145,0.004472123919752313,0.004374827603303348
16,5678,404,7,0.003816241187395627,0.0038317343564836016,0.00389193729171126
16,5678,404,8,0.0021931170310122107,0.002089865714166246,0.0020900559958958813
16,5678,404,9,0.0013172813422227176,0.001332269433405316,0.0012252588700804518
16,5678,404,10,0.0004304184586762982,0.00042916381781277685,0.0004209200917558533
16,5678,404,11,0.0003541993938631861,0.0003369744374121451,0.00030354165205893576
16,5678,404,12,0.00025541207702004876,0.00027293393054367244,0.00020934155208649814
16,5678,404,13,0.00022355463489177638,0.00023786506781806643,0.00020472579410174216
16,5678,404,14,0.0001816968783726578,0.00017475321381500353,0.00016150376113767759
16,5678,404,15,0.00010185581093099708,9.23045323592671e-05,9.641098480937853e-05
16,5678,404,16,8.830986298582401e-05,8.913808172260172e-05,8.218262809656438e-05
16,5678,404,17,8.218465497834788e-05,8.8631996457653e-05,6.877045249337282e-05
16,5678,404,18,6.570979644616888e-05,6.806968300649838e-05,5.556723635319951e-05
16,5678,404,19,5.8723178496698325e-05,5.4198729078528085e-05,5.1645452758118903e-05
16,5678,404,20,4.368039502833191e-05,4.3784421536584115e-05,4.214836451994255e-05
16,5678,404,21,3.988535210842698e-05,3.934608044230369e-05,3.132674298551762e-05
16,5678,404,22,2.9285451357720173e-05,2.9273389819699224e-05,2.420643848663277e-05
16,5678,404,23,2.4693697018396796e-05,2.5497685057706238e-05,2.2853950324190515e-05
16,5678,404,24,1.9829037602169286e-05,2.0683465178982416e-05,1.958970877834432e-05
16,5678,404,25,1.650083784804868e-05,1.9028216787331716e-05,1.2843595203883151e-05
16,5678,404,26,1.141526191284189e-05,1.106650527457535e-05,1.2349786132939341e-05
16,5678,404,27,1.1174317187248604e-05,1.0089200226403616e-05,9.521520089521357e-06
16,5678,404,28,8.665057631688475e-06,8.426459702672901e-06,7.553844312399923e-06
16,5678,404,29,5.902275276756337e-06,8.388523436065173e-06,6.579720662888766e-06
16,5678,404,30,5.628900678350414e-06,6.529734206603606e-06,6.195962821519247e-06
16,5678,404,31,4.95725732901225e-06,5.865548143592576e-06,5.282707231311638e-06
16,5678,404,32,4.7496413593383516e-06,5.071985262406345e-06,4.896392856985574e-06
16,5678,404,33,4.175942959538861e-06,4.539681661392546e-06,4.4943286311230575e-06
16,5678,404,34,3.251864360322554e-06,4.252831275731585e-06,3.24335862831127e-06
16,5678,404,35,3.1543987188166906e-06,3.843558738003757e-06,3.1849461484619234e-06
16,5678,404,36,2.2905902904529118e-06,3.6736313070232536e-06,2.427444107883326e-06
16,5678,404,37,2.279402420031205e-06,2.7504063963659456e-06,2.0844404510094764e-06
16,5678,404,38,1.9202250376846067e-06,2.3801374446526276e-06,2.0149356080620536e-06
16,5678,404,39,1.3637467382136447e-06,2.307284319378958e-06,1.4690603784417687e-06
16,5678,404,40,1.2671384862132208e-06,1.6090622652191772e-06,1.2994296353376507e-06
16,5678,404,41,9.462244986459053e-07,1.5882300036895185e-06,1.2102825201610159e-06
16,5678,404,42,8.526165299908432e-07,1.189289715484921e-06,9.368970553725194e-07
16,5678,404,43,7.921200116914193e-07,1.0912702805087233e-06,8.525518870823424e-07
16,5678,404,44,7.439906281297206e-07,1.0375389431877084e-06,7.81561487038184e-07
16,5678,404,45,6.5611998844141e-07,1.006264453365141e-06,7.041658553476723e-07
16,5678,404,46,5.964078083453862e-07,8.429420936264202e-07,6.459891623347073e-07
16,5678,404,47,5.232447733220914e-07,7.952399634684485e-07,5.708747904304966e-07
16,5678,404,48,5.216981298001147e-07,6.278706513707405e-07,4.944475809412857e-07
16,5678,404,49,4.201313458319463e-07,5.612286418115282e-07,4.601734116646875e-07
16,5678,404,50,4.140427794527492e-07,5.258723797913737e-07,3.885828202391811e-07
16,5678,404,51,3.654647411667111e-07,4.794618779893196e-07,3.434280928938322e-07
16,5678,404,52,3.0476428507098757e-07,4.711981397276364e-07,3.302254673227933e-07
16,5678,404,53,2.881959599271641e-07,4.505369471534542e-07,2.608634709175418e-07
16,5678,404,54,2.3677668160287722e-07,4.24863865331951e-07,2.521233961900579e-07
16,5678,404,55,2.246585200302178e-07,3.321511386351727e-07,2.2876471922752158e-07
16,5678,404,56,2.0737765921711678e-07,3.2052129747514224e-07,2.0372065586068417e-07
16,5678,404,57,1.7076962095668373e-07,2.661447213121407e-07,1.738352801071052e-07
16,5678,404,58,1.681538529631831e-07,2.6476454326699777e-07,1.5866904704180908e-07
16,5678,404,59,1.4310716811447003e-07,2.358798742515897e-07,1.4671177061388484e-07
16,5678,404,60,1.3342622528773176e-07,2.1863406162439897e-07,1.3290140468295665e-07
16,5678,404,61,1.1814799139518558e-07,1.5668594972992784e-07,1.218329553357262e-07
16,5678,404,62,1.1579726011613412e-07,1.3614623308388094e-07,1.187757783479012e-07
16,5678,404,63,1.0207826559773509e-07,1.326825513020239e-07,1.0848473078329197e-07
16,5678,404,64,8.028964340367967e-08,1.2764572627006607e-07,1.0597340729004964e-07
16,5678,404,65,7.752741072282244e-08,1.208633433155854e-07,9.695135885845363e-08
16,5678,404,66,6.864357544889456e-08,1.1281488077035186e-07,8.562418577852802e-08
16,5678,404,67,6.837316994320972e-08,1.0168018524777027e-07,7.103282927520609e-08
16,5678,404,68,6.145548455142991e-08,8.464359372399464e-08,6.661352356674429e-08
16,5678,404,69,6.124607317990897e-08,7.939921509412208e-08,6.31331528177541e-08
16,5678,404,70,5.406220267187405e-08,7.396604649525071e-08,5.2962410055307215e-08
16,5678,404,71,5.041180553033984e-08,7.203461518672826e-08,4.802132568326988e-08
16,5678,404,72,4.174062769529092e-08,6.698527690113914e-08,4.391789595317204e-08
16,5678,404,73,3.604384519067649e-08,6.332588079824455e-08,4.2241504480909126e-08
16,5678,404,74,3.118698593073076e-08,5.685643964695649e-08,3.700452126212141e-08
16,5678,404,75,3.069150439659316e-08,4.805096021694356e-08,3.652375546637289e-08
16,5678,404,76,2.33960113891827e-08,4.6701224837523415e-08,3.48956276552503e-08
16,5678,404,77,2.235650756418836e-08,4.30329903540718e-08,3.1250762435700325e-08
16,5678,404,78,2.0473526454998097e-08,4.196423356406091e-08,2.822317513430086e-08
16,5678,404,79,2.013268803074298e-08,3.8212916495899806e-08,2.5786134760279915e-08
16,5678,404,80,1.5917334082496777e-08,3.525970513469779e-08,2.25844556763715e-08
16,5678,404,81,1.5530442515819552e-08,3.067951253695498e-08,2.1381573360076957e-08
16,5678,404,82,1.4658412549466766e-08,2.997433877920563e-08,1.8250366844625788e-08
16,5678,404,83,1.3443138844525018e-08,2.8974176528697563e-08,1.5109603192843316e-08
16,5678,404,84,1.2182403928225658e-08,2.5052756483069392e-08,1.4377750019685669e-08
16,5678,404,85,1.1633712646788755e-08,2.464690464797335e-08,1.3266075227408445e-08
16,5678,404,86,1.0308656687874697e-08,2.1625845862504078e-08,1.2445067909868607e-08
16,5678,404,87,9.886685605960032e-09,2.0311298700205015e-08,1.0883904971942405e-08
16,5678,404,88,9.115267282313289e-09,1.9536216592139723e-08,1.0120362401623407e-08
16,5678,404,89,7.256066584069423e-09,1.9132261472577293e-08,9.78283249420332e-09
16,5678,404,90,6.071729819535519e-09,1.7461259945269155e-08,7.971704159784621e-09
16,5678,404,91,5.8197344559000625e-09,1.6648881772514454e-08,7.570984808476613e-09
16,5678,404,92,5.04055214395077e-09,1.4601221356670872e-08,6.8968809535616476e-09
16,5678,404,93,4.99945338033361e-09,1.2141366058816233e-08,6.468952043505326e-09
16,5678,404,94,4.438595859533665e-09,1.0447587993471535e-08,5.9328850674538565e-09
16,5678,404,95,4.286305199017206e-09,9.481148236441334e-09,5.76759320213022e-09
16,5678,404,96,3.816821317871814e-09,9.401683936141502e-09,5.435433471922343e-09
16,5678,404,97,3.526741129141682e-09,8.680227946606662e-09,4.948649256049695e-09
16,5678,404,98,3.504467369796575e-09,8.371008141339347e-09,4.449989912084279e-09
16,5678,404,99,3.337866365749279e-09,6.744528106794852e-09,3.944695984600484e-09
16,5678,404,100,3.038538819557766e-09,6.227467447863984e-09,3.463157835655536e-09
16,5678,404,101,2.8762089355133113e-09,6.193779743757159e-09,3.399856719290173e-09
16,5678,404,102,2.42394614481947e-09,5.6251151260075165e-09,2.943352967310521e-09
16,5678,404,103,2.2954874603003263e-09,5.200709460730868e-09,2.7110680075819044e-09
16,5678,404,104,2.1804044226887484e-09,4.899406981276994e-09,2.57957893290992e-09
16,5678,404,105,1.8730869322542404e-09,3.932718189321162e-09,2.3981654505640007e-09
16,5678,404,106,1.6434490753636529e-09,3.742051618761428e-09,2.2256615518564882e-09
16,5678,404,107,1.596542080671021e-09,3.2472517492452648e-09,1.9156441284093096e-09
16,5678,404,108,1.324518394352127e-09,3.1439953994383966e-09,1.8012359355405113e-09
16,5678,404,109,1.3063440461670654e-09,3.1123267540018294e-09,1.7402859884341247e-09
16,5678,404,110,1.2392930081831777e-09,2.9174750677129936e-09,1.4987775070630468e-09
16,5678,404,111,1.1919186214161204e-09,2.564778832612445e-09,1.4460518047777207e-09
16,5678,404,112,1.1911707992765898e-09,2.551721982994645e-09,1.4007096192405737e-09
16,5678,404,113,1.0940631923485481e-09,2.3963385395525682e-09,1.2465124537791022e-09
16,5678,404,114,8.863630241048176e-10,2.0211256726534382e-09,1.2281122772046184e-09
16,5678,404,115,8.121097605978586e-10,1.824778884792451e-09,1.053583572004637e-09
16,5678,404,116,8.110336657686305e-10,1.7143484224816756e-09,9.40657645148222e-10
16,5678,404,117,7.536214586062107e-10,1.5563481206390158e-09,9.228922183834315e-10
16,5678,404,118,7.404619954096243e-10,1.4655871756742616e-09,8.416426245297603e-10
16,5678,404,119,5.936745664083238e-10,1.3959301441554344e-09,7.203526696286602e-10
16,5678,404,120,5.121598178817489e-10,1.2570453575591417e-09,6.716966700524851e-10
16,5678,404,121,5.114473112278768e-10,1.1915643850264404e-09,6.561479725364059e-10
16,5678,404,122,4.317979394609424e-10,1.1606662497225236e-09,6.257374377956784e-10
16,5678,404,123,4.201090167125656e-10,1.0495999676672084e-09,5.63194772370334e-10
16,5678,404,124,4.040984301604275e-10,9.887421540825438e-10,5.115428377492332e-10
16,5678,404,125,3.3311404477127694e-10,9.390932920533085e-10,4.875476578224773e-10
16,5678,404,126,3.2343144261909814e-10,8.419074645235715e-10,4.1653509471552417e-10
16,5678,404,127,2.9974092501297627e-10,8.256940812819039e-10,3.9780761125196463e-10
16,5678,404,128,2.8806368273356567e-10,7.31239991403557e-10,3.6616787308098294e-10
16,5678,404,129,2.787578889569193e-10,6.156167320075852e-10,3.4147647167835436e-10
16,5678,404,130,2.5442640257461786e-10,5.773159617389023e-10,3.2494415919364256e-10
16,5678,404,131,2.5322708835965005e-10,5.62355235295636e-10,2.9896059375213434e-10
16,5678,404,132,2.068767098761225e-10,5.312246031070084e-10,2.9267786090328035e-10
16,5678,404,133,1.744839256520318e-10,5.011808453381645e-10,2.7415727791401205e-10
16,5678,404,134,1.6902336642289383e-10,4.881327493590203e-10,2.458455642189885e-10
16,5678,404,135,1.6166378577257405e-10,4.260700092258073e-10,2.2420243988986734e-10
16,5678,404,136,1.4134669168199265e-10,3.6102121846631803e-10,2.171754471459852e-10
16,5678,404,137,1.3952057894167542e-10,3.397708862203127e-10,1.9709622493086557e-10
16,5678,404,138,1.2660625154291964e-10,3.368762460338999e-10,1.6982734819042152e-10
16,5678,404,139,1.190754222180801e-10,3.039848043696041e-10,1.659744207999784e-10
16,5678,404,140,1.13653193477881e-10,2.7638266737742794e-10,1.4854746143785298e-10
16,5678,404,141,1.0441578323289623e-10,2.608874041885158e-10,1.3436420381609719e-10
16,5678,404,142,9.902730983373152e-11,2.2389547921969447e-10,1.2304161333167651e-10
16,5678,404,143,8.46633413450201e-11,2.177578116708075e-10,1.1218648037726139e-10
16,5678,404,144,8.345274093083503e-11,2.0933731725129183e-10,1.0270660122229087e-10
16,5678,404,145,7.038836128078053e-11,1.979536607283862e-10,9.753762318581552e-11
16,5678,404,146,6.832333009976634e-11,1.8203183348211096e-10,8.992632629055305e-11
16,5678,404,147,6.113908771391842e-11,1.6224374818108443e-10,8.05088648864139e-11
16,5678,404,148,6.062744494418495e-11,1.5097833989755293e-10,6.748881983607228e-11
16,5678,404,149,5.702661806258904e-11,1.462314838883754e-10,6.559595298113402e-11
16,5678,404,150,4.614854085394164e-11,1.422225465555407e-10,6.296515908166272e-11
16,5678,404,151,4.5388829565794066e-11,1.1793309639894e-10,5.853381622614159e-11
16,5678,404,152,4.4623167379634487e-11,9.831158208313437e-11,5.0195372129807465e-11
16,5678,404,153,3.245179598434401e-11,9.584993269440248e-11,4.4825543316455535e-11
16,5678,404,154,3.23183671723989e-11,8.932591923146775e-11,4.3585260171509876e-11
16,5678,404,155,2.951757293438806e-11,8.340028007517364e-11,4.0933621474721e-11
16,5678,404,156,2.8677517879921725e-11,7.676052865790394e-11,3.8326819051026204e-11
16,5678,404,157,2.6195215723947203e-11,7.24949089004429e-11,3.585150466298488e-11
16,5678,404,158,2.4356556131795294e-11,6.704578574943258e-11,3.424867715617022e-11
16,5678,404,159,2.1771458956619254e-11,6.170940814350632e-11,2.8859806410148836e-11
16,5678,404,160,2.050321369520338e-11,6.020904474587595e-11,2.62409927305104e-11
16,5678,404,161,2.000155660261584e-11,5.477495452365409e-11,2.2993953071569363e-11
16,5678,404,162,1.527663613375538e-11,5.23600832769549e-11,2.1988558273605498e-11
16,5678,404,163,1.4432504160908491e-11,4.254251144980018e-11,2.0370412437192375e-11
16,5678,404,164,1.3706147187339449e-11,3.975417223155903e-11,1.889374278274628e-11
16,5678,404,165,1.365140942823677e-11,3.926612930334192e-11,1.6012997436288184e-11
16,5678,404,166,1.08749128083294e-11,3.5829205447774463e-11,1.524613522164888e-11
16,5678,404,167,1.0274613779925187e-11,3.171189954929387e-11,1.3766561861067419e-11
16,5678,404,168,9.876843644228613e-12,3.1489345240891166e-11,1.3242345275874417e-11
16,5678,404,169,8.283598591320551e-12,3.0652390550231905e-11,1.1245280786467494e-11
16,5678,404,170,7.791665631614234e-12,2.8438796849785123e-11,1.0692143643921385e-11
16,5678,404,171,6.799022241477296e-12,2.4351275133379262e-11,9.693961480688197e-12
16,5678,404,172,6.736639350207228e-12,2.2700859751706516e-11,8.777833205188745e-12
16,5678,404,173,6.152409910888953e-12,2.2302841467960473e-11,7.965143470342803e-12
16,5678,404,174,6.110387478529007e-12,2.08024344564983e-11,7.653222974006943e-12
16,5678,404,175,5.218827436690876e-12,1.7872764926484015e-11,7.188709948243451e-12
16,5678,404,176,4.5355932796159945e-12,1.684606790132119e-11,6.226628891573741e-12
16,5678,404,177,3.91823336784616e-12,1.6019059793125942e-11,5.755964469327187e-12
16,5678,404,178,3.7513265733103745e-12,1.3355894344912143e-11,4.8435675779280844e-12
16,5678,404,179,3.693431124749366e-12,1.1883701617620124e-11,4.5739051361693235e-12
16,5678,404,180,3.4619022063891645e-12,1.0654239058313121e-11,4.345613667953653e-12
16,5678,404,181,3.254706845998644e-12,1.0577657638799384e-11,3.968819222506138e-12
16,5678,404,182,2.9584423962892333e-12,1.0018913801713343e-11,3.7625560263387335e-12
16,5678,404,183,2.735618658820404e-12,8.950463675667498e-12,3.2354797177230285e-12
16,5678,404,184,2.5216323921815735e-12,8.712023873756519e-12,2.9970460765099045e-12
16,5678,404,185,2.1494009053103717e-12,7.76784004116365e-12,2.830768460118156e-12
16,5678,404,186,2.0098891935672894e-12,6.941684548635136e-12,2.529265077429958e-12
16,5678,404,187,2.0072020501497824e-12,6.171722143134822e-12,2.2613447738072367e-12
16,5678,404,188,1.7100230268920845e-12,5.464342946777262e-12,2.0911835600466074e-12
16,5678,404,189,1.44176650728681e-12,4.7904955030291835e-12,1.8873653062269122e-12
16,5678,404,190,1.384559194036368e-12,4.371272421809963e-12,1.6018707282242486e-12
16,5678,404,191,1.3055549683276801e-12,3.9189552042666135e-12,1.5201326769453146e-12
16,5678,404,192,1.2283031455249777e-12,3.555757566474228e-12,1.4103567662168093e-12
16,5678,404,193,8.011584316180042e-13,3.519883146666241e-12,1.289807842260207e-12
16,5678,404,194,7.705491632945297e-13,2.915346898916867e-12,1.20928636256888e-12
16,5678,404,195,7.262721669024214e-13,2.7074382617272415e-12,1.1451203365196214e-12
16,5678,404,196,6.753490842504929e-13,2.6396700998805147e-12,1.008652271925013e-12
16,5678,404,197,6.670225304998253e-13,2.57067899506161e-12,7.732919669693404e-13
16,5678,404,198,5.965996058907668e-13,2.2850300085607587e-12,6.846443127625578e-13
16,5678,404,199,5.02197335061564e-13,2.087100310237101e-12,6.68399188997537e-13
16,5678,404,200,4.770648604135274e-13,1.8131778481566233e-12,5.83077268308405e-13
16,5678,404,201,4.2924263391447583e-13,1.5385309106990635e-12,5.00040528123172e-13
16,5678,404,202,4.163615970351918e-13,1.2922247169277995e-12,4.61618188212067e-13
16,5678,404,203,3.21772150096921e-13,1.0763791812029844e-12,4.305569527630087e-13
16,5678,404,204,3.0612356634169773e-13,1.05896373311429e-12,3.9567083666376937e-13
16,5678,404,205,2.4867712683365425e-13,9.447694757837105e-13,3.559450280832659e-13
16,5678,404,206,2.2433064973649954e-13,8.561833957909668e-13,3.3027533174105505e-13
16,5678,404,207,2.0516443906826953e-13,6.631347999739921e-13,2.9632732646068467e-13
16,5678,404,208,1.722075701978203e-13,5.974210410389983e-13,2.5815744525036727e-13
16,5678,404,209,1.6268047895490252e-13,5.525492181793199e-13,2.2325771375281862e-13
16,5678,404,210,1.390206158352751e-13,5.279347072705053e-13,1.9903622711592217e-13
16,5678,404,211,1.2163637293552814e-13,4.594075587918275e-13,1.8122791239707156e-13
16,5678,404,212,1.0022214416982367e-13,3.5173070771113383e-13,1.5638435322155923e-13
16,5678,404,213,7.292679421130141e-14,3.1371269748303523e-13,1.42550241450278e-13
16,5678,404,214,6.788666036745184e-14,2.695196031087971e-13,1.2952786113342607e-13
16,5678,404,215,6.756768925301982e-14,2.6530059501473334e-13,1.1779688290154794e-13
16,5678,404,216,5.600025172843063e-14,2.450913372265128e-13,1.0174316183787558e-13
16,5678,404,217,4.6087867780041265e-14,2.4189345614583226e-13,9.193449482267298e-14
16,5678,404,218,3.521478385255893e-14,2.0232483946126354e-13,7.878750376094945e-14
16,5678,404,219,3.467152239438761e-14,1.7842770838471952e-13,7.01565276585472e-14
16,5678,404,220,3.461521585758799e-14,1.5809125772356044e-13,6.303875129265376e-14
16,5678,404,221,3.241375492431554e-14,1.3381805605587942e-13,4.897054960980098e-14
16,5678,404,222,3.2051817735660486e-14,1.2898069975746644e-13,4.249343654434795e-14
16,5678,404,223,2.558940338975426e-14,1.0610863286727707e-13,3.435011245029535e-14
16,5678,404,224,2.5540584844716116e-14,9.970630163735681e-14,3.080635985774647e-14
16,5678,404,225,2.039183741195271e-14,9.055330758474617e-14,2.2559554957821127e-14
16,5678,404,226,1.920705791435748e-14,7.365141791286765e-14,2.090625984311509e-14
16,5678,404,227,1.4517968139277868e-14,6.720177828198657e-14,1.8104331926396803e-14
16,5678,404,228,1.3875795021223143e-14,5.959713114149349e-14,1.420222697968724e-14
16,5678,404,229,1.275300725482953e-14,4.3669382742692205e-14,1.3523833364921768e-14
16,5678,404,230,1.0973077685628066e-14,4.3133542156964654e-14,1.0467337319567314e-14
16,5678,404,231,1.0452485523461428e-14,2.890297890264854e-14,9.684063629581388e-15
16,5678,404,232,7.362190987150172e-15,2.167253086176146e-14,8.025833671042592e-15
16,5678,404,233,4.8213641429435256e-15,1.799588602111152e-14,5.7889923595713e-15
16,5678,404,234,4.439069860994897e-15,1.661893670194213e-14,5.750249497265509e-15
16,5678,404,235,4.4264951764675484e-15,1.4760049439942024e-14,3.778862760978388e-15
16,5678,404,236,3.405630962273438e-15,1.1647823763601829e-14,3.4206384618986732e-15
16,5678,404,237,2.575357215355209e-15,1.1175485823344913e-14,2.223353638903883e-15
16,5678,404,238,1.9213930529433293e-15,7.760441590120463e-15,1.7702884903108687e-15
16,5678,404,239,1.6491816175439715e-15,7.356642120977153e-15,1.7649855903055255e-15
16,5678,404,240,1.2844910538971148e-15,5.294605275026191e-15,1.4309746156117997e-15
16,5678,404,241,1.2130925866030013e-15,4.739639118380788e-15,1.2036142427443529e-15
16,5678,404,242,9.999999999999892e-16,2.5864872164388756e-15,9.99999999999989e-16
16,5678,404,243,9.999999999999892e-16,2.1775833148795685e-15,9.99999999999989e-16
16,5678,404,244,9.999999999999892e-16,1.6730963576512329e-15,9.99999999999989e-16
16,5678,404,245,9.999999999999892e-16,1.2284532384465409e-15,9.99999999999989e-16
16,5678,404,246,9.999999999999892e-16,1.1848308573987552e-15,9.99999999999989e-16
16,5678,404,247,9.999999999999892e-16,9.99999999999993e-16,9.99999999999989e-16
16,5678,404,248,9.999999999999892e-16,9.99999999999993e-16,9.99999999999989e-16
16,5678,404,249,9.999999999999892e-16,9.99999999999993e-16,9.99999999999989e-16
16,5678,404,250,9.999999999999892e-16,9.99999999999993e-16,9.99999999999989e-16
16,5678,404,251,9.999999999999892e-16,9.99999999999993e-16,9.99999999999989e-16
16,5678,404,252,9.999999999999892e-16,9.99999999999993e-16,9.99999999999989e-16
16,5678,404,253,9.999999999999892e-16,9.99999999999993e-16,9.99999999999989e-16
16,5678,404,254,9.999999999999892e-16,9.99999999999993e-16,9.99999999999989e-16
16,5678,404,255,9.999999999999892e-16,9.99999999999993e-16,9.99999999999989e-16
16,5678,404,256,9.999999999999892e-16,9.99999999999993e-16,9.99999999999989e-16
16,5678,505,1,0.8026372109860676,0.8036534768843591,0.803897141681435
16,5678,505,2,0.14552215087818512,0.14625313753671693,0.14402276868792702
16,5678,505,3,0.021637801750082508,0.02106655986879818,0.021848124884087137
16,5678,505,4,0.010467133180003507,0.009574145307930127,0.010668996690500471
16,5678,505,5,0.005950324119392327,0.005901368362325619,0.0059246223641050335
16,5678,505,6,0.004360609083576145,0.004355887404061305,0.004671699280132775
16,5678,505,7,0.003816241187395627,0.0037600570620371053,0.003801570660984764
16,5678,505,8,0.0021931170310122107,0.00220492452736204,0.002074968030134685
16,5678,505,9,0.0013172813422227176,0.001178480317868784,0.001136441084605789
16,5678,505,10,0.0004304184586762982,0.00040964963374831337,0.0003843405064768547
16,5678,505,11,0.0003541993938631861,0.0003381840539639498,0.0003133957145163945
16,5678,505,12,0.00025541207702004876,0.0002820198065456055,0.00026771889702478975
16,5678,505,13,0.00022355463489177638,0.000208949748803293,0.00023532617177072324
16,5678,505,14,0.0001816968783726578,0.00016415126220461815,0.00015938593605349695
16,5678,505,15,0.00010185581093099708,0.00010334121843956419,9.075207873777016e-05
16,5678,505,16,8.830986298582401e-05,8.840963523853002e-05,8.781870936251893e-05
16,5678,505,17,8.218465497834788e-05,7.048614404529948e-05,6.284549346880965e-05
16,5678,505,18,6.570979644616888e-05,5.863284332570029e-05,6.224867170812723e-05
16,5678,505,19,5.8723178496698325e-05,5.642366058503005e-05,5.464744542809873e-05
16,5678,505,20,4.368039502833191e-05,4.320195827902839e-05,3.9406418668440006e-05
16,5678,505,21,3.988535210842698e-05,3.5888459600730906e-05,3.3510258934101986e-05
16,5678,505,22,2.9285451357720173e-05,2.8745112421524296e-05,2.41727571385298e-05
16,5678,505,23,2.4693697018396796e-05,2.3786231976321414e-05,2.3408768460895785e-05
16,5678,505,24,1.9829037602169286e-05,2.1513567893369844e-05,1.714791188553684e-05
16,5678,505,25,1.650083784804868e-05,1.6881151844365294e-05,1.3786874183325313e-05
16,5678,505,26,1.141526191284189e-05,1.3351397115601919e-05,1.1559149475334786e-05
16,5678,505,27,1.1174317187248604e-05,1.2972200899715441e-05,1.081234660164385e-05
16,5678,505,28,8.665057631688475e-06,9.553094697473478e-06,7.207048949451385e-06
16,5678,505,29,5.902275276756337e-06,8.408445470214966e-06,6.5579223004121615e-06
16,5678,505,30,5.628900678350414e-06,6.9388860967283324e-06,5.687479212725916e-06
16,5678,505,31,4.95725732901225e-06,6.638107146548607e-06,5.367170994700039e-06
16,5678,505,32,4.7496413593383516e-06,6.205416473559772e-06,4.585886663712758e-06
16,5678,505,33,4.175942959538861e-06,4.25255400245983e-06,4.019979591262573e-06
16,5678,505,34,3.251864360322554e-06,3.075916398513604e-06,3.3529339482774884e-06
16,5678,505,35,3.1543987188166906e-06,3.0486292452445837e-06,3.179540826345531e-06
16,5678,505,36,2.2905902904529118e-06,2.954446628914641e-06,2.7589165739031004e-06
16,5678,505,37,2.279402420031205e-06,2.5947007036537117e-06,2.1977953338856228e-06
16,5678,505,38,1.9202250376846067e-06,2.583851357845457e-06,1.9280580340498875e-06
16,5678,505,39,1.3637467382136447e-06,2.503320155914308e-06,1.732645832999106e-06
16,5678,505,40,1.2671384862132208e-06,2.3025117089498175e-06,1.6846145883965562e-06
16,5678,505,41,9.462244986459053e-07,1.7933633501789513e-06,1.3048123063670907e-06
16,5678,505,42,8.526165299908432e-07,1.220460496672221e-06,1.0970866097223745e-06
16,5678,505,43,7.921200116914193e-07,1.0400887603415827e-06,9.229634842347852e-07
16,5678,505,44,7.439906281297206e-07,9.718836482182198e-07,7.427272930675783e-07
16,5678,505,45,6.5611998844141e-07,9.061932200626817e-07,7.337564513177244e-07
16,5678,505,46,5.964078083453862e-07,8.880564619463545e-07,6.109262485864005e-07
16,5678,505,47,5.232447733220914e-07,7.416098345086069e-07,5.737628251682454e-07
16,5678,505,48,5.216981298001147e-07,5.970566831563474e-07,5.210174087075965e-07
16,5678,505,49,4.201313458319463e-07,5.505518121015673e-07,4.5590649259540957e-07
16,5678,505,50,4.140427794527492e-07,5.405140948132016e-07,4.3391817322989125e-07
16,5678,505,51,3.654647411667111e-07,5.259295401825244e-07,3.7487901367298435e-07
16,5678,505,52,3.0476428507098757e-07,4.2265996011090257e-07,3.615132158529746e-07
16,5678,505,53,2.881959599271641e-07,4.157276648029584e-07,3.101466299931131e-07
16,5678,505,54,2.3677668160287722e-07,4.0316167402309594e-07,2.4468006975929286e-07
16,5678,505,55,2.246585200302178e-07,3.605442291313421e-07,2.3669140887201238e-07
16,5678,505,56,2.0737765921711678e-07,3.093307581985926e-07,2.2614936310653564e-07
16,5678,505,57,1.7076962095668373e-07,2.2038539946823954e-07,1.9065605950904627e-07
16,5678,505,58,1.681538529631831e-07,2.1375551566675812e-07,1.7082852452545733e-07
16,5678,505,59,1.4310716811447003e-07,2.0190241251067128e-07,1.4119414750369536e-07
16,5678,505,60,1.3342622528773176e-07,1.782027492898571e-07,1.2915196284230779e-07
16,5678,505,61,1.1814799139518558e-07,1.636711973728852e-07,1.1953663929898414e-07
16,5678,505,62,1.1579726011613412e-07,1.5624076840690458e-07,1.0589420608494309e-07
16,5678,505,63,1.0207826559773509e-07,1.5326188511575697e-07,1.0025595575748849e-07
16,5678,505,64,8.028964340367967e-08,1.1334195437908268e-07,8.325246855322321e-08
16,5678,505,65,7.752741072282244e-08,9.844979323924709e-08,7.606802026320089e-08
16,5678,505,66,6.864357544889456e-08,9.646784226735426e-08,7.213390605540605e-08
16,5678,505,67,6.837316994320972e-08,8.770461283608489e-08,6.723809943805296e-08
16,5678,505,68,6.145548455142991e-08,8.132134584385664e-08,6.147309124102613e-08
16,5678,505,69,6.124607317990897e-08,7.282376888671934e-08,5.934368328571767e-08
16,5678,505,70,5.406220267187405e-08,6.020487899350606e-08,5.08332380597307e-08
16,5678,505,71,5.041180553033984e-08,5.304569826621239e-08,4.708041673886184e-08
16,5678,505,72,4.174062769529092e-08,4.8909770822981445e-08,4.182762929688448e-08
16,5678,505,73,3.604384519067649e-08,4.645570746665299e-08,3.7590288115559845e-08
16,5678,505,74,3.118698593073076e-08,4.370008779220811e-08,3.5383129163785525e-08
16,5678,505,75,3.069150439659316e-08,4.068210273815096e-08,3.055472436170685e-08
16,5678,505,76,2.33960113891827e-08,3.913305530432047e-08,2.8867116929715238e-08
16,5678,505,77,2.235650756418836e-08,3.6922939288386736e-08,2.840314642793397e-08
16,5678,505,78,2.0473526454998097e-08,3.073565217560594e-08,2.5113989812392627e-08
16,5678,505,79,2.013268803074298e-08,2.9226802855127006e-08,2.4325513526018557e-08
16,5678,505,80,1.5917334082496777e-08,2.8302224994884225e-08,2.085316199351014e-08
16,5678,505,81,1.5530442515819552e-08,2.6393671893641328e-08,1.913670452880761e-08
16,5678,505,82,1.4658412549466766e-08,2.5106933402205045e-08,1.7652702609511026e-08
16,5678,505,83,1.3443138844525018e-08,2.4858650682871757e-08,1.671180159789111e-08
16,5678,505,84,1.2182403928225658e-08,2.2955893056846588e-08,1.4441737985672723e-08
16,5678,505,85,1.1633712646788755e-08,1.90928271012874e-08,1.3681901910299916e-08
16,5678,505,86,1.0308656687874697e-08,1.709724479571633e-08,1.1988969907230572e-08
16,5678,505,87,9.886685605960032e-09,1.629412944917923e-08,1.130067192842528e-08
16,5678,505,88,9.115267282313289e-09,1.4850248749787456e-08,1.0683502759075584e-08
16,5678,505,89,7.256066584069423e-09,1.3082260201048003e-08,9.373442310146078e-09
16,5678,505,90,6.071729819535519e-09,1.22439629608956e-08,8.030745552097568e-09
16,5678,505,91,5.8197344559000625e-09,1.2088264318296291e-08,7.686044388679371e-09
16,5678,505,92,5.04055214395077e-09,1.0594113050534029e-08,6.705805365098366e-09
16,5678,505,93,4.99945338033361e-09,9.401280372482384e-09,6.38232596042149e-09
16,5678,505,94,4.438595859533665e-09,8.788876471493884e-09,5.886230758973411e-09
16,5678,505,95,4.286305199017206e-09,7.663371369610818e-09,4.932931254943841e-09
16,5678,505,96,3.816821317871814e-09,7.428044871616163e-09,4.77050363961944e-09
16,5678,505,97,3.526741129141682e-09,6.029028975231495e-09,4.589546447089097e-09
16,5678,505,98,3.504467369796575e-09,5.9130300883698044e-09,4.197757905928002e-09
16,5678,505,99,3.337866365749279e-09,5.545778996205323e-09,3.6813019510648618e-09
16,5678,505,100,3.038538819557766e-09,4.8294850964425565e-09,3.1954281549855712e-09
16,5678,505,101,2.8762089355133113e-09,4.627052250942388e-09,2.9284933416093552e-09
16,5678,505,102,2.42394614481947e-09,4.332925848189729e-09,2.616006451835518e-09
16,5678,505,103,2.2954874603003263e-09,4.153440816043214e-09,2.5056393228414873e-09
16,5678,505,104,2.1804044226887484e-09,3.7865405487427485e-09,2.4376944604843383e-09
16,5678,505,105,1.8730869322542404e-09,3.4866201927317374e-09,2.2855911089736793e-09
16,5678,505,106,1.6434490753636529e-09,2.994160414255801e-09,1.953987077515362e-09
16,5678,505,107,1.596542080671021e-09,2.7089241348725022e-09,1.7425936712571426e-09
16,5678,505,108,1.324518394352127e-09,2.6013289359152386e-09,1.7191451644219394e-09
16,5678,505,109,1.3063440461670654e-09,2.317260121092697e-09,1.483359002662267e-09
16,5678,505,110,1.2392930081831777e-09,2.1507269336832606e-09,1.413410882115022e-09
16,5678,505,111,1.1919186214161204e-09,2.1212342550348853e-09,1.3579384221014244e-09
16,5678,505,112,1.1911707992765898e-09,2.0716900291417602e-09,1.1739823413523104e-09
16,5678,505,113,1.0940631923485481e-09,1.8896234348220503e-09,1.044834347800994e-09
16,5678,505,114,8.863630241048176e-10,1.7841862768849464e-09,9.996404609674502e-10
16,5678,505,115,8.121097605978586e-10,1.6960329550326058e-09,9.910575384321074e-10
16,5678,505,116,8.110336657686305e-10,1.5572330822963407e-09,9.055463113242224e-10
16,5678,505,117,7.536214586062107e-10,1.2098826933409959e-09,9.002002349310694e-10
16,5678,505,118,7.404619954096243e-10,1.1472009948582292e-09,8.695250677608179e-10
16,5678,505,119,5.936745664083238e-10,1.1241164216876358e-09,7.031246549868435e-10
16,5678,505,120,5.121598178817489e-10,1.0614044830007867e-09,6.917015156068041e-10
16,5678,505,121,5.114473112278768e-10,1.0264630061389454e-09,6.386117590537639e-10
16,5678,505,122,4.317979394609424e-10,9.499558618908826e-10,5.794870185692969e-10
16,5678,505,123,4.201090167125656e-10,9.16870714593133e-10,5.422066518968405e-10
16,5678,505,124,4.040984301604275e-10,8.291482532177079e-10,4.889356447707478e-10
16,5678,505,125,3.3311404477127694e-10,8.077811425040026e-10,4.773563474518714e-10
16,5678,505,126,3.2343144261909814e-10,6.831851993033331e-10,4.1286776636316047e-10
16,5678,505,127,2.9974092501297627e-10,6.81916360306592e-10,3.9895624103619895e-10
16,5678,505,128,2.8806368273356567e-10,5.849220421873227e-10,3.7560053120969753e-10
16,5678,505,129,2.787578889569193e-10,5.406860082506207e-10,3.1736129746746116e-10
16,5678,505,130,2.5442640257461786e-10,4.927811096669386e-10,2.7830199518279684e-10
16,5678,505,131,2.5322708835965005e-10,4.815599323002303e-10,2.6650189431840796e-10
16,5678,505,132,2.068767098761225e-10,4.4517203122568213e-10,2.4566384217136043e-10
16,5678,505,133,1.744839256520318e-10,3.809891686395756e-10,2.301198820662988e-10
16,5678,505,134,1.6902336642289383e-10,3.4704498658268396e-10,2.273831864742285e-10
16,5678,505,135,1.6166378577257405e-10,3.2624563948113773e-10,1.939195603772331e-10
16,5678,505,136,1.4134669168199265e-10,3.0947270009800214e-10,1.8349360361934758e-10
16,5678,505,137,1.3952057894167542e-10,2.9168314708701693e-10,1.6981605515545272e-10
16,5678,505,138,1.2660625154291964e-10,2.7618031797135283e-10,1.6644445598438816e-10
16,5678,505,139,1.190754222180801e-10,2.625634430549765e-10,1.5051868902076283e-10
16,5678,505,140,1.13653193477881e-10,2.486860275811616e-10,1.387345316098522e-10
16,5678,505,141,1.0441578323289623e-10,2.434226591033385e-10,1.1975329686043748e-10
16,5678,505,142,9.902730983373152e-11,1.8458829247879892e-10,1.1189348138512206e-10
16,5678,505,143,8.46633413450201e-11,1.769824005589915e-10,1.0485888344928797e-10
16,5678,505,144,8.345274093083503e-11,1.7315186603783878e-10,9.208356871887794e-11
16,5678,505,145,7.038836128078053e-11,1.596921323097512e-10,8.733356788987341e-11
16,5678,505,146,6.832333009976634e-11,1.5808755179861009e-10,7.775430310817686e-11
16,5678,505,147,6.113908771391842e-11,1.273085031391849e-10,7.126603544017524e-11
16,5678,505,148,6.062744494418495e-11,1.2568793021495667e-10,6.808609828672473e-11
16,5678,505,149,5.702661806258904e-11,1.1713947019284076e-10,6.348420333995979e-11
16,5678,505,150,4.614854085394164e-11,1.1107208950386989e-10,6.19517606396205e-11
16,5678,505,151,4.5388829565794066e-11,9.338119355854873e-11,5.2031596872216426e-11
16,5678,505,152,4.4623167379634487e-11,8.561844425462049e-11,4.623647820839677e-11
16,5678,505,153,3.245179598434401e-11,8.354172995479261e-11,4.425167081885175e-11
16,5678,505,154,3.23183671723989e-11,7.899006335931084e-11,3.964569299564096e-11
16,5678,505,155,2.951757293438806e-11,7.312506798776457e-11,3.7758727670804906e-11
16,5678,505,156,2.8677517879921725e-11,6.946274139869518e-11,3.330769545951105e-11
16,5678,505,157,2.6195215723947203e-11,6.689994409393067e-11,3.2131062986541005e-11
16,5678,505,158,2.4356556131795294e-11,6.131183416061883e-11,2.9978293973104274e-11
16,5678,505,159,2.1771458956619254e-11,5.503988197840481e-11,2.8522974145808235e-11
16,5678,505,160,2.050321369520338e-11,4.40410563378161e-11,2.6351435184135057e-11
16,5678,505,161,2.000155660261584e-11,4.2006815125808706e-11,2.5342175620718708e-11
16,5678,505,162,1.527663613375538e-11,3.889427273715551e-11,2.111759887997496e-11
16,5678,505,163,1.4432504160908491e-11,3.841564592962281e-11,2.009983528836203e-11
16,5678,505,164,1.3706147187339449e-11,3.039938826788041e-11,1.8356558229707037e-11
16,5678,505,165,1.365140942823677e-11,3.0234905865489547e-11,1.5775073637947533e-11
16,5678,505,166,1.08749128083294e-11,2.92043051461246e-11,1.499527155420747e-11
16,5678,505,167,1.0274613779925187e-11,2.638789160884797e-11,1.4223008219920812e-11
16,5678,505,168,9.876843644228613e-12,2.561455474163681e-11,1.2530371208873525e-11
16,5678,505,169,8.283598591320551e-12,2.2110307083550303e-11,1.1690398103715845e-11
16,5678,505,170,7.791665631614234e-12,2.0954045428136873e-11,1.0230016183528491e-11
16,5678,505,171,6.799022241477296e-12,2.0729510120344424e-11,9.733855125624516e-12
16,5678,505,172,6.736639350207228e-12,1.7792559224924627e-11,9.03581113480614e-12
16,5678,505,173,6.152409910888953e-12,1.5988392010241155e-11,8.822333492343336e-12
16,5678,505,174,6.110387478529007e-12,1.5712610304759265e-11,7.455664700588695e-12
16,5678,505,175,5.218827436690876e-12,1.3724188871619524e-11,7.1619224542841785e-12
16,5678,505,176,4.5355932796159945e-12,1.323110609286967e-11,6.489201572196624e-12
16,5678,505,177,3.91823336784616e-12,1.1423781277547285e-11,5.949454864052658e-12
16,5678,505,178,3.7513265733103745e-12,1.0979870436906649e-11,5.69107886966648e-12
16,5678,505,179,3.693431124749366e-12,9.471625749139376e-12,4.736896813802667e-12
16,5678,505,180,3.4619022063891645e-12,8.948163816407968e-12,4.2284532762792785e-12
16,5678,505,181,3.254706845998644e-12,7.981486502548e-12,3.916011504769477e-12
16,5678,505,182,2.9584423962892333e-12,7.560645297503547e-12,3.6114787933456446e-12
16,5678,505,183,2.735618658820404e-12,7.128452740885313e-12,3.1366233423750696e-12
16,5678,505,184,2.5216323921815735e-12,6.419471418420277e-12,2.5697629765206793e-12
16,5678,505,185,2.1494009053103717e-12,5.2450914910798716e-12,2.3531901656319927e-12
16,5678,505,186,2.0098891935672894e-12,5.130082905235392e-12,2.1538711889265944e-12
16,5678,505,187,2.0072020501497824e-12,4.302590738474713e-12,2.0042094698494538e-12
16,5678,505,188,1.7100230268920845e-12,4.071386787289653e-12,1.917076169661481e-12
16,5678,505,189,1.44176650728681e-12,4.017575089695568e-12,1.7869519329653057e-12
16,5678,505,190,1.384559194036368e-12,3.685871066423771e-12,1.7346500468648406e-12
16,5678,505,191,1.3055549683276801e-12,3.121837861130901e-12,1.3556211433392819e-12
16,5678,505,192,1.2283031455249777e-12,2.9078934952858953e-12,1.2151679304702784e-12
16,5678,505,193,8.011584316180042e-13,2.5647648572075155e-12,1.1485520814857079e-12
16,5678,505,194,7.705491632945297e-13,2.465932914004476e-12,1.0406293852310353e-12
16,5678,505,195,7.262721669024214e-13,2.2047970928179248e-12,1.0209550503697185e-12
16,5678,505,196,6.753490842504929e-13,2.1063442401703726e-12,8.3700641537434e-13
16,5678,505,197,6.670225304998253e-13,1.845682516895915e-12,7.592444431021369e-13
16,5678,505,198,5.965996058907668e-13,1.6969147737523681e-12,7.278654731039143e-13
16,5678,505,199,5.02197335061564e-13,1.5076754548169909e-12,6.358222007884785e-13
16,5678,505,200,4.770648604135274e-13,1.4131147267338957e-12,5.563212261634129e-13
16,5678,505,201,4.2924263391447583e-13,1.2934516732341023e-12,5.063728236285107e-13
16,5678,505,202,4.163615970351918e-13,9.506771499331209e-13,4.732509778460182e-13
16,5678,505,203,3.21772150096921e-13,9.403334771991094e-13,4.2735672229527584e-13
16,5678,505,204,3.0612356634169773e-13,7.930702105414018e-13,3.801283623470226e-13
16,5678,505,205,2.4867712683365425e-13,7.75578640276249e-13,3.417072181384687e-13
16,5678,505,206,2.2433064973649954e-13,6.48865304394416e-13,2.7153899594916886e-13
16,5678,505,207,2.0516443906826953e-13,6.066582225667282e-13,2.5882101632164747e-13
16,5678,505,208,1.722075701978203e-13,5.95164752056637e-13,2.3251428711730284e-13
16,5678,505,209,1.6268047895490252e-13,5.402073153909957e-13,2.185193815737626e-13
16,5678,505,210,1.390206158352751e-13,4.589130222634088e-13,1.8569658177717414e-13
16,5678,505,211,1.2163637293552814e-13,4.510691890415019e-13,1.5652234004307605e-13
16,5678,505,212,1.0022214416982367e-13,4.1957640062512186e-13,1.4873091421527195e-13
16,5678,505,213,7.292679421130141e-14,2.8213177786844224e-13,1.319059019804723e-13
16,5678,505,214,6.788666036745184e-14,2.5893317103814434e-13,1.1239924225445567e-13
16,5678,505,215,6.756768925301982e-14,2.4531550732684465e-13,9.6519595368612e-14
16,5678,505,216,5.600025172843063e-14,2.350578666572195e-13,8.542508291317229e-14
16,5678,505,217,4.6087867780041265e-14,1.9254332037325214e-13,8.504047890640933e-14
16,5678,505,218,3.521478385255893e-14,1.6427871856589107e-13,6.352269857734999e-14
16,5678,505,219,3.467152239438761e-14,1.3914442557315948e-13,5.731606686136207e-14
16,5678,505,220,3.461521585758799e-14,1.298781549892e-13,5.6585112215298384e-14
16,5678,505,221,3.241375492431554e-14,1.2333784789617396e-13,4.8697299008521184e-14
16,5678,505,222,3.2051817735660486e-14,1.0361773092289431e-13,3.756066147656966e-14
16,5678,505,223,2.558940338975426e-14,9.795281977422036e-14,3.0098123378663814e-14
16,5678,505,224,2.5540584844716116e-14,9.342943941820669e-14,2.8336449920368544e-14
16,5678,505,225,2.039183741195271e-14,8.238133073990739e-14,2.451003528182819e-14
16,5678,505,226,1.920705791435748e-14,6.397940691830503e-14,2.1273004649946115e-14
16,5678,505,227,1.4517968139277868e-14,5.340896887066658e-14,1.5327215639797492e-14
16,5678,505,228,1.3875795021223143e-14,5.11324887978815e-14,1.3466028908854044e-14
16,5678,505,229,1.275300725482953e-14,4.124559483645133e-14,1.315383237643167e-14
16,5678,505,230,1.0973077685628066e-14,4.121025277549363e-14,1.141594028549173e-14
16,5678,505,231,1.0452485523461428e-14,3.123818462603161e-14,8.325161546487535e-15
16,5678,505,232,7.362190987150172e-15,3.0209869633306985e-14,7.648034828190512e-15
16,5678,505,233,4.8213641429435256e-15,1.87302321911806e-14,5.004644732510629e-15
16,5678,505,234,4.439069860994897e-15,1.6116753211198012e-14,4.834607480090227e-15
16,5678,505,235,4.4264951764675484e-15,1.184623036093367e-14,4.209697760290752e-15
16,5678,505,236,3.405630962273438e-15,9.503181294982347e-15,3.5123206531825052e-15
16,5678,505,237,2.575357215355209e-15,9.003420652681254e-15,3.1349735941161313e-15
16,5678,505,238,1.9213930529433293e-15,6.416963896224102e-15,2.318951397796536e-15
16,5678,505,239,1.6491816175439715e-15,4.469159288483794e-15,2.004198147696421e-15
16,5678,505,240,1.2844910538971148e-15,4.0103078783931186e-15,1.7085390734005444e-15
16,5678,505,241,1.2130925866030013e-15,3.2585519448604782e-15,1.2171690287683702e-15
16,5678,505,242,9.999999999999892e-16,3.053635248961945e-15,9.999999999999892e-16
16,5678,505,243,9.999999999999892e-16,1.6795810404574584e-15,9.999999999999892e-16
16,5678,505,244,9.999999999999892e-16,1.5549619400334443e-15,9.999999999999892e-16
16,5678,505,245,9.999999999999892e-16,9.999999999999912e-16,9.999999999999892e-16
16,5678,505,246,9.999999999999892e-16,9.999999999999912e-16,9.999999999999892e-16
16,5678,505,247,9.999999999999892e-16,9.999999999999912e-16,9.999999999999892e-16
16,5678,505,248,9.999999999999892e-16,9.999999999999912e-16,9.999999999999892e-16
16,5678,505,249,9.999999999999892e-16,9.999999999999912e-16,9.999999999999892e-16
16,5678,505,250,9.999999999999892e-16,9.999999999999912e-16,9.999999999999892e-16
16,5678,505,251,9.999999999999892e-16,9.999999999999912e-16,9.999999999999892e-16
16,5678,505,252,9.999999999999892e-16,9.999999999999912e-16,9.999999999999892e-16
16,5678,505,253,9.999999999999892e-16,9.999999999999912e-16,9.999999999999892e-16
16,5678,505,254,9.999999999999892e-16,9.999999999999912e-16,9.999999999999892e-16
16,5678,505,255,9.999999999999892e-16,9.999999999999912e-16,9.999999999999892e-16
16,5678,505,256,9.999999999999892e-16,9.999999999999912e-16,9.999999999999892e-16
16,6666,101,1,0.875736617664858,0.8774876209270545,0.8754323812953382
16,6666,101,2,0.07538495633077506,0.07399842538090375,0.07591916321184096
16,6666,101,3,0.022166062447476823,0.021945258882156912,0.022266239763117285
16,6666,101,4,0.009695362066303028,0.009444546800245117,0.009807977064670233
16,6666,101,5,0.005224134015046011,0.005479756855184771,0.005261024269896654
16,6666,101,6,0.0033725942773790195,0.003111761752247523,0.0033011971859993232
16,6666,101,7,0.002828354712057787,0.003034842103363243,0.0027480315165490433
16,6666,101,8,0.00186478305797226,0.001880806939559975,0.0018927920523904014
16,6666,101,9,0.0009458522311126281,0.0009589449204683779,0.0008629019845476632
16,6666,101,10,0.0008657072232259622,0.0006903726618228561,0.0007880381483351539
16,6666,101,11,0.000557685855773804,0.0004805407901112281,0.0004923666769780914
16,6666,101,12,0.0002799697306051868,0.00026468576145622464,0.00025667931095770376
16,6666,101,13,0.0002035249279052923,0.00023416777864316402,0.0001867815682883314
16,6666,101,14,0.000172613296668877,0.00019871459495468655,0.0001517731738450637
16,6666,101,15,0.0001355032690415966,0.00013989899115038833,0.00010748907797542133
16,6666,101,16,8.21213660264524e-05,0.00010091376778746677,7.731564890183374e-05
16,6666,101,17,6.84802716648693e-05,8.38850840407223e-05,6.38078343072418e-05
16,6666,101,18,5.8105078089738045e-05,7.851786463114101e-05,5.5973734051877904e-05
16,6666,101,19,5.007870698583139e-05,6.266538775419573e-05,4.86263938112741e-05
16,6666,101,20,4.796743699800865e-05,4.2864689806036525e-05,4.658871514683142e-05
16,6666,101,21,4.765517420343827e-05,4.255371507836599e-05,3.780521355035458e-05
16,6666,101,22,2.8923389084880858e-05,3.897207653072528e-05,3.2700389376978755e-05
16,6666,101,23,2.8250935044584633e-05,3.71083344806441e-05,3.2258639199756684e-05
16,6666,101,24,2.480790650451187e-05,2.164119053901073e-05,2.7009306272434285e-05
16,6666,101,25,1.9420782984840603e-05,1.789046039394879e-05,1.495976905846315e-05
16,6666,101,26,1.743710358230393e-05,1.6881954518147682e-05,1.0726328847274898e-05
16,6666,101,27,1.47134165697376e-05,1.5053754764189431e-05,1.037351584206634e-05
16,6666,101,28,1.261050716044175e-05,1.3413496104767156e-05,9.161852079865893e-06
16,6666,101,29,1.0501517318947946e-05,1.1365668154619775e-05,9.060303261574091e-06
16,6666,101,30,7.003621525085324e-06,8.16725702216601e-06,7.05264726658378e-06
16,6666,101,31,6.919196180494467e-06,7.281701281749878e-06,5.5465265451126454e-06
16,6666,101,32,5.6591547384296955e-06,6.676654939451931e-06,4.682223810956405e-06
16,6666,101,33,4.079602082075919e-06,5.087556240281619e-06,4.0199012172908e-06
16,6666,101,34,3.6563174526377267e-06,4.471258663905801e-06,3.054511875853134e-06
16,6666,101,35,3.4483785448874372e-06,3.850787216980541e-06,3.0090885183593632e-06
16,6666,101,36,2.4669186456476946e-06,3.232176982097252e-06,2.7479118596192157e-06
16,6666,101,37,2.1859701489077343e-06,2.548074164843474e-06,2.1605714480151863e-06
16,6666,101,38,2.0591820449816047e-06,2.4943052595027938e-06,1.8680388530294716e-06
16,6666,101,39,2.011108084597487e-06,2.2776230293209344e-06,1.6694326287093846e-06
16,6666,101,40,1.762542628089258e-06,2.1498244670920925e-06,1.3174633336791683e-06
16,6666,101,41,1.608924873222648e-06,1.9796807706091245e-06,1.1640452867574304e-06
16,6666,101,42,1.4944817790991498e-06,1.4714710893334503e-06,1.1123171818602014e-06
16,6666,101,43,1.4332035593099454e-06,1.4035202860887924e-06,9.870120615677199e-07
16,6666,101,44,1.0469209718310406e-06,1.3071151930317539e-06,8.993783944473503e-07
16,6666,101,45,8.658569472904884e-07,1.1318868792803208e-06,7.538138915070429e-07
16,6666,101,46,8.449813886426337e-07,9.922346014812041e-07,6.790846141886053e-07
16,6666,101,47,7.646375348481203e-07,9.700135310005814e-07,6.478508021971037e-07
16,6666,101,48,6.444238244883341e-07,7.882574181784561e-07,5.159421145557627e-07
16,6666,101,49,4.7531615986529856e-07,6.983313027714511e-07,4.790490189119539e-07
16,6666,101,50,4.433228137050158e-07,6.478697088527657e-07,4.337231630294979e-07
16,6666,101,51,4.4045790513328094e-07,6.249196806714693e-07,3.838234210734887e-07
16,6666,101,52,4.006974704151746e-07,6.013069598249103e-07,3.261459205800304e-07
16,6666,101,53,3.329187950403766e-07,4.849698306456026e-07,3.121245350234036e-07
16,6666,101,54,2.9497758742843074e-07,4.710110644917997e-07,2.7475317828288045e-07
16,6666,101,55,2.7854506006820663e-07,4.112312325943662e-07,2.6756537097914255e-07
16,6666,101,56,2.396550175115364e-07,3.5479668689009157e-07,2.3353433625513305e-07
16,6666,101,57,2.2587291261206264e-07,3.02286443195702e-07,1.963376912163667e-07
16,6666,101,58,2.0765000959167577e-07,2.773314827373785e-07,1.815376153430392e-07
16,6666,101,59,1.903506743440014e-07,2.6424791272705295e-07,1.721504264206554e-07
16,6666,101,60,1.6420399032530366e-07,2.511149630976208e-07,1.4739628320246411e-07
16,6666,101,61,1.5338423244123705e-07,1.9926447713088055e-07,1.3200220649495894e-07
16,6666,101,62,1.3756778510555674e-07,1.9770604152263884e-07,1.2476305850273662e-07
16,6666,101,63,1.2230903438612802e-07,1.6672464021447504e-07,1.124359332404567e-07
16,6666,101,64,1.1343043431610412e-07,1.606836251618591e-07,1.0081952441422688e-07
16,6666,101,65,1.1105987421009845e-07,1.5323704073391527e-07,9.912552204091587e-08
16,6666,101,66,8.631102284324202e-08,1.1502283721668172e-07,8.21440081765105e-08
16,6666,101,67,6.421661471353115e-08,1.1233045882358294e-07,7.945368289384675e-08
16,6666,101,68,6.230953230837676e-08,1.0058714864636549e-07,7.145587066221558e-08
16,6666,101,69,6.230067328490808e-08,9.005240276991235e-08,6.050096924063657e-08
16,6666,101,70,5.914313615592536e-08,7.07420360147786e-08,5.838293417094544e-08
16,6666,101,71,5.661879854383649e-08,7.046540559934657e-08,5.482116418620354e-08
16,6666,101,72,5.392802092860224e-08,6.705764633097913e-08,5.066815009681964e-08
16,6666,101,73,5.0052819765196406e-08,6.134107904652932e-08,4.395521088527089e-08
16,6666,101,74,3.656256744089498e-08,5.551613256408744e-08,3.9197612903195255e-08
16,6666,101,75,3.291625737814382e-08,4.7950770450522455e-08,3.397628675893847e-08
16,6666,101,76,2.8400917044564763e-08,4.2589960160631666e-08,3.2922564323102593e-08
16,6666,101,77,2.7583056434964555e-08,3.975285422920153e-08,3.20676905670339e-08
16,6666,101,78,2.6837932170822044e-08,3.8930492568845784e-08,2.631842389289101e-08
16,6666,101,79,2.5250283036486188e-08,3.5914581449928446e-08,2.3806711124141397e-08
16,6666,101,80,2.1785261268427884e-08,3.180439932911593e-08,2.131466047716542e-08
16,6666,101,81,2.0794274720261975e-08,3.109444714237788e-08,1.838564411899557e-08
16,6666,101,82,1.6714557780870465e-08,3.042081597313657e-08,1.7053283485827673e-08
16,6666,101,83,1.6092165953103342e-08,2.7706334933176523e-08,1.5685300830864155e-08
16,6666,101,84,1.4280359326551703e-08,2.6823247699649814e-08,1.345572342054164e-08
16,6666,101,85,1.3329430677599e-08,2.282049292489058e-08,1.30176687288195e-08
16,6666,101,86,1.2092935693235283e-08,2.2559093362147335e-08,1.196885726852204e-08
16,6666,101,87,9.282324288635873e-09,1.9025476938794048e-08,1.0608048347688399e-08
16,6666,101,88,9.059945298673355e-09,1.808243432712359e-08,9.889957678595597e-09
16,6666,101,89,8.829030529133838e-09,1.7317820292697495e-08,9.1484899348748e-09
16,6666,101,90,7.822351612190035e-09,1.4907138099658777e-08,7.722770416407507e-09
16,6666,101,91,7.518323732879331e-09,1.3474169940005545e-08,7.566677404254422e-09
16,6666,101,92,6.530126356934471e-09,1.2426562362548836e-08,6.447343284389511e-09
16,6666,101,93,5.7809964122611885e-09,1.1508265236895307e-08,6.222104123937884e-09
16,6666,101,94,5.556841109549578e-09,1.0206226116491746e-08,5.654083740172259e-09
16,6666,101,95,5.295563287924113e-09,9.187904887380325e-09,5.5351142789863364e-09
16,6666,101,96,5.247281732686154e-09,8.245284072038359e-09,4.913788813399484e-09
16,6666,101,97,4.765275505559485e-09,6.862900191279248e-09,4.577378127609063e-09
16,6666,101,98,4.626413798499816e-09,6.772531450159816e-09,3.917521359924998e-09
16,6666,101,99,4.194725925263352e-09,6.08880101946934e-09,3.75987085873315e-09
16,6666,101,100,3.2839564868535065e-09,5.628575808767618e-09,3.3251500352209396e-09
16,6666,101,101,3.0526037343260345e-09,5.48130755462206e-09,3.0741165768843827e-09
16,6666,101,102,3.045277022518178e-09,5.161170264823987e-09,2.782744729802474e-09
16,6666,101,103,2.94200751652696e-09,4.755653181873762e-09,2.4503890972565107e-09
16,6666,101,104,2.4734806998091937e-09,4.5057295727805174e-09,2.3657228365989727e-09
16,6666,101,105,2.4443755008017204e-09,4.2665327294415874e-09,2.230693835101159e-09
16,6666,101,106,2.4031199366340185e-09,4.1854762523238435e-09,1.9867129204510312e-09
16,6666,101,107,2.3037216179152838e-09,4.0105311512496554e-09,1.9562259203046763e-09
16,6666,101,108,2.1644437110134627e-09,3.776173398658345e-09,1.8693399991931987e-09
16,6666,101,109,2.0918646255982543e-09,3.427722579207179e-09,1.7302103634254988e-09
16,6666,101,110,1.907169421669777e-09,3.011913181245614e-09,1.5053196478984596e-09
16,6666,101,111,1.6457335291574244e-09,2.797782687029622e-09,1.4772929139064685e-09
16,6666,101,112,1.3832247535592804e-09,2.2856579999032305e-09,1.3085001093753368e-09
16,6666,101,113,1.1486418836645803e-09,2.1981648033064015e-09,1.2036010632851158e-09
16,6666,101,114,1.1022898718651955e-09,2.129244658101638e-09,1.1784762811896293e-09
16,6666,101,115,9.383032230014485e-10,1.997820329628518e-09,1.153173980456637e-09
16,6666,101,116,9.180570951497221e-10,1.9542639649106025e-09,1.0335636370680908e-09
16,6666,101,117,8.693248147387648e-10,1.6570303098581656e-09,9.617906778771962e-10
16,6666,101,118,8.562365388433377e-10,1.6476998773635116e-09,8.457082026052337e-10
16,6666,101,119,8.075720824922972e-10,1.3959897291490403e-09,7.715552702923986e-10
16,6666,101,120,7.291378413775961e-10,1.270857768290324e-09,7.588727268576362e-10
16,6666,101,121,6.188409745076357e-10,1.170923142256277e-09,7.073516793622388e-10
16,6666,101,122,5.961665383346068e-10,1.0538127385308089e-09,6.388257301806883e-10
16,6666,101,123,5.06127483392424e-10,1.020729817345351e-09,5.997675458874097e-10
16,6666,101,124,4.768346105797782e-10,9.97053485078962e-10,5.636493611757938e-10
16,6666,101,125,4.4859155401377597e-10,8.482329874629133e-10,4.976771183315291e-10
16,6666,101,126,4.135807725541499e-10,7.579003803882063e-10,4.384366643891515e-10
16,6666,101,127,3.953578510182792e-10,7.482208090605796e-10,3.95467500749486e-10
16,6666,101,128,3.8723150702855126e-10,6.950673547710765e-10,3.6782686710661995e-10
16,6666,101,129,3.400376864541243e-10,6.045817549715701e-10,3.3969388547731824e-10
16,6666,101,130,3.199485238472422e-10,5.978526668088032e-10,3.213363343473013e-10
16,6666,101,131,2.6127948962018814e-10,5.296101541262781e-10,2.9768887248224966e-10
16,6666,101,132,2.330712368144329e-10,4.578049560140383e-10,2.853434832022624e-10
16,6666,101,133,2.0214961713815646e-10,4.4406686832649953e-10,2.556747857608009e-10
16,6666,101,134,1.9071339354187932e-10,4.0900421662132156e-10,2.3485237223680446e-10
16,6666,101,135,1.8960084290476238e-10,3.7441881745407647e-10,2.0155721718674385e-10
16,6666,101,136,1.7564536295812005e-10,3.5250238260372316e-10,1.8947680888522643e-10
16,6666,101,137,1.7350718728245603e-10,3.334220390722084e-10,1.8278659008832105e-10
16,6666,101,138,1.5709419755345405e-10,3.2530536088563777e-10,1.661314053478703e-10
16,6666,101,139,1.3157102497613686e-10,3.111777488267706e-10,1.4592986154120615e-10
16,6666,101,140,1.2879852164044648e-10,2.7576741051641047e-10,1.3906179332910692e-10
16,6666,101,141,1.211144581474127e-10,2.6161572731641917e-10,1.3514826984490598e-10
16,6666,101,142,9.795458455225404e-11,2.4414777459048743e-10,1.205639796540418e-10
16,6666,101,143,9.56665013438651e-11,2.1659970704042225e-10,1.1486592794245112e-10
16,6666,101,144,7.931843131516115e-11,1.9899483635637498e-10,1.0297658638434679e-10
16,6666,101,145,6.674701432801038e-11,1.907064498054913e-10,9.170536653476854e-11
16,6666,101,146,6.663237032407448e-11,1.8564916185030496e-10,8.392289525414272e-11
16,6666,101,147,5.997138259538986e-11,1.5508683588090818e-10,7.893522624506049e-11
16,6666,101,148,5.766023850646083e-11,1.3962040333722203e-10,6.986684820036008e-11
16,6666,101,149,4.9979364806049075e-11,1.37678461468981e-10,6.672544079909393e-11
16,6666,101,150,4.2087423079191156e-11,1.3071140827399003e-10,6.134631610262836e-11
16,6666,101,151,4.0188903234564975e-11,1.2652444520517553e-10,4.9907734178867574e-11
16,6666,101,152,3.8548171675947294e-11,1.1579109239084119e-10,4.6899457982683676e-11
16,6666,101,153,3.6507072990846964e-11,1.1317607160323219e-10,4.5428673762592064e-11
16,6666,101,154,3.0549776712758406e-11,1.079097528602825e-10,3.9591456114630013e-11
16,6666,101,155,2.9695039152737405e-11,9.978870124165908e-11,3.854950933722958e-11
16,6666,101,156,2.8421556540177443e-11,8.599092600440021e-11,3.2124608306419744e-11
16,6666,101,157,2.592412115932241e-11,7.882907261785339e-11,2.974606844666155e-11
16,6666,101,158,2.4732245132641793e-11,7.613947421755493e-11,2.8986941730411602e-11
16,6666,101,159,2.2660354123469234e-11,7.373774415070177e-11,2.6543727066905046e-11
16,6666,101,160,2.0990716972299563e-11,6.173416034354984e-11,2.5634294663434155e-11
16,6666,101,161,1.9650729703538322e-11,5.718473698570474e-11,2.2645290125879705e-11
16,6666,101,162,1.6918492168244792e-11,5.1990875736236e-11,1.9017079269548923e-11
16,6666,101,163,1.691524022730108e-11,4.975895240830116e-11,1.8120259452383082e-11
16,6666,101,164,1.6481526634231154e-11,4.718809895231061e-11,1.7207902552964157e-11
16,6666,101,165,1.3397080678761729e-11,4.372244067023575e-11,1.675272176808059e-11
16,6666,101,166,1.2861596735796775e-11,4.280597447083945e-11,1.401436950558318e-11
16,6666,101,167,1.1464440974534682e-11,4.0487755769544073e-11,1.3122230984701092e-11
16,6666,101,168,1.0481432822165956e-11,3.4881277369158746e-11,1.260488765082988e-11
16,6666,101,169,9.903321367838608e-12,3.314976872854307e-11,1.157561764937219e-11
16,6666,101,170,8.904323943537186e-12,3.255139942711777e-11,1.0310974398911965e-11
16,6666,101,171,8.687857194985455e-12,2.8578949785422148e-11,9.351506569125418e-12
16,6666,101,172,7.742472478407075e-12,2.5897040326907723e-11,8.297888941283614e-12
16,6666,101,173,7.060373009590104e-12,2.2359145649031385e-11,7.821626152623206e-12
16,6666,101,174,6.906084860013085e-12,2.0680390445189532e-11,7.308757896457986e-12
16,6666,101,175,6.2054705021524335e-12,1.6987395971291224e-11,6.609344696876807e-12
16,6666,101,176,6.097588915691206e-12,1.6445300384313673e-11,6.353241082820492e-12
16,6666,101,177,5.7818907094743855e-12,1.3744242366748863e-11,5.989680447189771e-12
16,6666,101,178,5.284039276694861e-12,1.3454685473159766e-11,5.161905680127697e-12
16,6666,101,179,5.1773488467289786e-12,1.319495198984571e-11,4.91969748256985e-12
16,6666,101,180,4.32538774797433e-12,1.121304918458715e-11,4.375992203694874e-12
16,6666,101,181,3.705606951879819e-12,1.0762938632884397e-11,3.819350658457681e-12
16,6666,101,182,3.644107550152732e-12,1.0235095482867704e-11,3.557399581416926e-12
16,6666,101,183,3.257072529706969e-12,1.0066774982253816e-11,3.378059766613741e-12
16,6666,101,184,3.1318131533430116e-12,8.647018192031418e-12,3.0378931872880385e-12
16,6666,101,185,2.553530555263318e-12,8.340596642748155e-12,2.757737165935649e-12
16,6666,101,186,2.114542940956297e-12,8.119149474917676e-12,2.524797650019709e-12
16,6666,101,187,1.9963768688053294e-12,7.063402400129021e-12,2.4273489172969027e-12
16,6666,101,188,1.84891645412922e-12,5.824832449363348e-12,2.1811341261175626e-12
16,6666,101,189,1.5661273168374667e-12,5.705871896540386e-12,1.7300728846716713e-12
16,6666,101,190,1.4812158133212801e-12,4.5346126066077406e-12,1.6669686199571315e-12
16,6666,101,191,1.3143844064258116e-12,4.395774141792763e-12,1.4851314954694712e-12
16,6666,101,192,1.1029955975810167e-12,4.000959480993262e-12,1.34217998571116e-12
16,6666,101,193,1.0631815451213853e-12,3.639896587160446e-12,1.2596438965297268e-12
16,6666,101,194,9.291681417798698e-13,3.1872826072102095e-12,1.1683759530337897e-12
16,6666,101,195,8.642470018423169e-13,3.019299715020416e-12,1.0750685475019476e-12
16,6666,101,196,7.746517721182368e-13,2.779271664288193e-12,9.095556031836503e-13
16,6666,101,197,6.301982658065661e-13,2.4618741651743426e-12,8.864168167003567e-13
16,6666,101,198,5.308357005480243e-13,2.2907172599807324e-12,8.051322602685971e-13
16,6666,101,199,4.857291889946977e-13,2.144869011723576e-12,7.105918307678357e-13
16,6666,101,200,4.1491480617536007e-13,2.113899857144138e-12,6.451298701211368e-13
16,6666,101,201,3.981063920059354e-13,1.9477126343188293e-12,5.635825151974744e-13
16,6666,101,202,3.5681450579001356e-13,1.5674534722441064e-12,5.252950697156648e-13
16,6666,101,203,2.9514992306880506e-13,1.4861186864574273e-12,4.970533840286075e-13
16,6666,101,204,2.720931943293511e-13,1.3436791667432822e-12,4.196939727594689e-13
16,6666,101,205,2.7189921595870254e-13,1.122079474787424e-12,3.9612331268701686e-13
16,6666,101,206,2.407063549571992e-13,1.0794758082946258e-12,3.4421102869101887e-13
16,6666,101,207,2.1155125416635944e-13,9.526522117363746e-13,2.9876062893526066e-13
16,6666,101,208,1.9917767159277463e-13,8.690941382749342e-13,2.4050321768515897e-13
16,6666,101,209,1.5544740530625894e-13,7.598470198351407e-13,2.0056231403010223e-13
16,6666,101,210,1.1967799707450843e-13,7.131613064267775e-13,1.7370165936541967e-13
16,6666,101,211,1.100429780606238e-13,6.092657122380436e-13,1.578661134517355e-13
16,6666,101,212,1.0138341206288247e-13,5.812797244184806e-13,1.4419294601666163e-13
16,6666,101,213,8.122005774900797e-14,5.347164463653877e-13,1.2073326975780336e-13
16,6666,101,214,7.467120477983551e-14,4.545768755312261e-13,1.1500450668906528e-13
16,6666,101,215,6.248669178838224e-14,3.85059136908276e-13,1.1060724296999685e-13
16,6666,101,216,5.658768551165242e-14,3.7525488223990576e-13,1.0747933865325119e-13
16,6666,101,217,3.975262023799722e-14,3.203795808967924e-13,8.475804283446089e-14
16,6666,101,218,3.4978154753565505e-14,2.7232640189381926e-13,7.493133852710156e-14
16,6666,101,219,3.2005343219171144e-14,2.6538877969804155e-13,7.032291510961573e-14
16,6666,101,220,3.112071707551116e-14,1.8999546122649512e-13,5.072286650920231e-14
16,6666,101,221,2.964779507895104e-14,1.808721713451707e-13,4.024009938790334e-14
16,6666,101,222,2.2804079175187913e-14,1.3964526399883404e-13,3.6159908974191694e-14
16,6666,101,223,2.2788158335211536e-14,1.0602337400276018e-13,2.8118015047027604e-14
16,6666,101,224,1.8441332067601727e-14,1.0210028443116263e-13,2.5378546787386273e-14
16,6666,101,225,1.8227288793757403e-14,9.744031670495556e-14,2.42953954555234e-14
16,6666,101,226,1.439743381044252e-14,9.020387189220508e-14,2.1580142874116288e-14
16,6666,101,227,1.3536695141424699e-14,6.866957212277376e-14,1.601880988481714e-14
16,6666,101,228,1.1004370064433884e-14,6.601648222480353e-14,1.5528876330236112e-14
16,6666,101,229,9.507082744526945e-15,5.139658398369867e-14,1.1588215544024213e-14
16,6666,101,230,7.260886204913048e-15,4.004126894997517e-14,1.05030440614035e-14
16,6666,101,231,5.5784220762909536e-15,3.324915745934562e-14,8.374544826892434e-15
16,6666,101,232,3.99822318715671e-15,3.32357466015302e-14,7.781522477453342e-15
16,6666,101,233,3.874519221475972e-15,3.169424004964923e-14,7.40399528171069e-15
16,6666,101,234,2.7490416181989823e-15,2.8304532711214722e-14,5.930186011632544e-15
16,6666,101,235,2.3160341456301637e-15,2.008092878946263e-14,5.489641380315194e-15
16,6666,101,236,2.152116512988894e-15,1.591511144188997e-14,4.5972173989998015e-15
16,6666,101,237,2.0175240272011785e-15,1.50883376182247e-14,3.0067895666278983e-15
16,6666,101,238,1.899862377241558e-15,1.3427679255785737e-14,2.9813170704377376e-15
16,6666,101,239,1.5377450346427108e-15,1.2063774780860327e-14,2.5910664940346795e-15
16,6666,101,240,9.99999999999989e-16,7.144685976697655e-15,1.9249602591014697e-15
16,6666,101,241,9.99999999999989e-16,6.86055440114743e-15,1.2033265076221478e-15
16,6666,101,242,9.99999999999989e-16,5.279464876934533e-15,1.1967701802426744e-15
16,6666,101,243,9.99999999999989e-16,4.4886142886317375e-15,1.0103624106592188e-15
16,6666,101,244,9.99999999999989e-16,2.796417216952306e-15,9.999999999999894e-16
16,6666,101,245,9.99999999999989e-16,2.163719800284713e-15,9.999999999999894e-16
16,6666,101,246,9.99999999999989e-16,1.6765632104583142e-15,9.999999999999894e-16
16,6666,101,247,9.99999999999989e-16,1.4688691602865858e-15,9.999999999999894e-16
16,6666,101,248,9.99999999999989e-16,9.999999999999936e-16,9.999999999999894e-16
16,6666,101,249,9.99999999999989e-16,9.999999999999936e-16,9.999999999999894e-16
16,6666,101,250,9.99999999999989e-16,9.999999999999936e-16,9.999999999999894e-16
16,6666,101,251,9.99999999999989e-16,9.999999999999936e-16,9.999999999999894e-16
16,6666,101,252,9.99999999999989e-16,9.999999999999936e-16,9.999999999999894e-16
16,6666,101,253,9.99999999999989e-16,9.999999999999936e-16,9.999999999999894e-16
16,6666,101,254,9.99999999999989e-16,9.999999999999936e-16,9.999999999999894e-16
16,6666,101,255,9.99999999999989e-16,9.999999999999936e-16,9.999999999999894e-16
16,6666,101,256,9.99999999999989e-16,9.999999999999936e-16,9.999999999999894e-16
16,6666,202,1,0.875736617664858,0.8777172613513903,0.8753653147165381
16,6666,202,2,0.07538495633077506,0.07451311898689919,0.07653588577463243
16,6666,202,3,0.022166062447476823,0.02187115332151902,0.02208168799298905
16,6666,202,4,0.009695362066303028,0.009458332390304395,0.009769727416605907
16,6666,202,5,0.005224134015046011,0.004858573933269143,0.005184344796807779
16,6666,202,6,0.0033725942773790195,0.003223216851256143,0.0033599948451221817
16,6666,202,7,0.002828354712057787,0.0027533878968270483,0.0025210553913012405
16,6666,202,8,0.00186478305797226,0.0018179810328934711,0.00185579065577466
16,6666,202,9,0.0009458522311126281,0.0009057792609090018,0.0008410988540288664
16,6666,202,10,0.0008657072232259622,0.0009022920359466346,0.0007913801593437705
16,6666,202,11,0.000557685855773804,0.0005937960810624835,0.0005272201324005933
16,6666,202,12,0.0002799697306051868,0.0002998987427106558,0.00024152219864325154
16,6666,202,13,0.0002035249279052923,0.00019112673381052643,0.0001702032438717014
16,6666,202,14,0.000172613296668877,0.00017453620410955896,0.00015211850960699034
16,6666,202,15,0.0001355032690415966,0.00013484945753220815,0.00010936632029479065
16,6666,202,16,8.21213660264524e-05,8.602567767553895e-05,7.251644384221237e-05
16,6666,202,17,6.84802716648693e-05,6.81942840880106e-05,5.836291732360772e-05
16,6666,202,18,5.8105078089738045e-05,5.633892380416218e-05,5.3346038163639655e-05
16,6666,202,19,5.007870698583139e-05,5.214252697318921e-05,4.409766280775782e-05
16,6666,202,20,4.796743699800865e-05,4.569460343152719e-05,4.019847644218292e-05
16,6666,202,21,4.765517420343827e-05,4.275835159074822e-05,3.781559723930394e-05
16,6666,202,22,2.8923389084880858e-05,3.803193617902369e-05,3.2814236595548005e-05
16,6666,202,23,2.8250935044584633e-05,3.1135259866835244e-05,2.6019371848500704e-05
16,6666,202,24,2.480790650451187e-05,2.514042849337785e-05,2.0643236489340367e-05
16,6666,202,25,1.9420782984840603e-05,1.8717695201731032e-05,1.6807912892757813e-05
16,6666,202,26,1.743710358230393e-05,1.736858689762459e-05,1.3953675514846512e-05
16,6666,202,27,1.47134165697376e-05,1.6834611816493344e-05,1.1416608944030414e-05
16,6666,202,28,1.261050716044175e-05,1.3977429140075258e-05,9.100205654319147e-06
16,6666,202,29,1.0501517318947946e-05,1.0658427272958971e-05,8.475458502913024e-06
16,6666,202,30,7.003621525085324e-06,9.16714067383769e-06,6.656986481800388e-06
16,6666,202,31,6.919196180494467e-06,6.409505302244664e-06,5.117813619896161e-06
16,6666,202,32,5.6591547384296955e-06,5.3396196107066595e-06,4.4328169337953085e-06
16,6666,202,33,4.079602082075919e-06,4.426294670795748e-06,3.7278098297467253e-06
16,6666,202,34,3.6563174526377267e-06,4.321924133460626e-06,3.4421441441200285e-06
16,6666,202,35,3.4483785448874372e-06,3.6216885289893106e-06,2.6646444689115784e-06
16,6666,202,36,2.4669186456476946e-06,2.9412831220337383e-06,2.5571128864807166e-06
16,6666,202,37,2.1859701489077343e-06,2.8551490765135236e-06,2.4291520296718296e-06
16,6666,202,38,2.0591820449816047e-06,2.301569496832639e-06,2.1033141166302664e-06
16,6666,202,39,2.011108084597487e-06,2.158746532697674e-06,1.7720689208337234e-06
16,6666,202,40,1.762542628089258e-06,2.0452607969970173e-06,1.4143624265374282e-06
16,6666,202,41,1.608924873222648e-06,1.8188111941429235e-06,1.2035015552813287e-06
16,6666,202,42,1.4944817790991498e-06,1.416029583988628e-06,1.1672209056050032e-06
16,6666,202,43,1.4332035593099454e-06,1.403731326158452e-06,9.850802977574358e-07
16,6666,202,44,1.0469209718310406e-06,1.2556270016458627e-06,8.856795548792191e-07
16,6666,202,45,8.658569472904884e-07,1.1281490172823625e-06,8.021444334637628e-07
16,6666,202,46,8.449813886426337e-07,9.029893076691782e-07,7.03145209425579e-07
16,6666,202,47,7.646375348481203e-07,7.553736526904971e-07,6.522565989344464e-07
16,6666,202,48,6.444238244883341e-07,7.204697658874947e-07,5.205474586940363e-07
16,6666,202,49,4.7531615986529856e-07,5.559964845476799e-07,4.529632425372087e-07
16,6666,202,50,4.433228137050158e-07,5.467461107107633e-07,4.15282359793546e-07
16,6666,202,51,4.4045790513328094e-07,4.878642462759561e-07,3.389695135530881e-07
16,6666,202,52,4.006974704151746e-07,4.3906478853517576e-07,3.0033088950133216e-07
16,6666,202,53,3.329187950403766e-07,4.0225751959214406e-07,2.8068915828638e-07
16,6666,202,54,2.9497758742843074e-07,3.748329638631573e-07,2.6658524408453655e-07
16,6666,202,55,2.7854506006820663e-07,3.7121515513571925e-07,2.4754639608590716e-07
16,6666,202,56,2.396550175115364e-07,3.352652587296706e-07,1.883590832031663e-07
16,6666,202,57,2.2587291261206264e-07,3.018865033747473e-07,1.8403750720971637e-07
16,6666,202,58,2.0765000959167577e-07,2.680255045240191e-07,1.7714152052185334e-07
16,6666,202,59,1.903506743440014e-07,2.2558834072270702e-07,1.6770898270313997e-07
16,6666,202,60,1.6420399032530366e-07,2.1475946932856136e-07,1.4265611622143707e-07
16,6666,202,61,1.5338423244123705e-07,1.914326431284714e-07,1.1932096784990698e-07
16,6666,202,62,1.3756778510555674e-07,1.8827571614741292e-07,1.0368197762119002e-07
16,6666,202,63,1.2230903438612802e-07,1.6595902849187537e-07,1.0005816426823575e-07
16,6666,202,64,1.1343043431610412e-07,1.5059426569855677e-07,8.86997371290377e-08
16,6666,202,65,1.1105987421009845e-07,1.382334958891371e-07,7.628205673617329e-08
16,6666,202,66,8.631102284324202e-08,1.1652060367454771e-07,7.045624830933877e-08
16,6666,202,67,6.421661471353115e-08,9.739555736279976e-08,6.348447348795854e-08
16,6666,202,68,6.230953230837676e-08,9.453409820713237e-08,5.9133101491464974e-08
16,6666,202,69,6.230067328490808e-08,8.558496750251907e-08,5.324127795302836e-08
16,6666,202,70,5.914313615592536e-08,7.498935159741865e-08,5.2631646985369505e-08
16,6666,202,71,5.661879854383649e-08,7.325678874278285e-08,5.1018204854140506e-08
16,6666,202,72,5.392802092860224e-08,7.060959197790214e-08,4.213146357463914e-08
16,6666,202,73,5.0052819765196406e-08,5.3815229333992224e-08,3.708342603424169e-08
16,6666,202,74,3.656256744089498e-08,5.174793722234317e-08,3.3584584826594994e-08
16,6666,202,75,3.291625737814382e-08,4.989611306759135e-08,3.121641655167332e-08
16,6666,202,76,2.8400917044564763e-08,4.442598024774881e-08,2.9613814248249756e-08
16,6666,202,77,2.7583056434964555e-08,4.097316909860582e-08,2.8513208868856098e-08
16,6666,202,78,2.6837932170822044e-08,3.91029020702004e-08,2.2801805929490932e-08
16,6666,202,79,2.5250283036486188e-08,3.5567628591032795e-08,2.193742664471707e-08
16,6666,202,80,2.1785261268427884e-08,3.418592572203387e-08,2.0786005718903703e-08
16,6666,202,81,2.0794274720261975e-08,3.2850891309676327e-08,1.9766572903189078e-08
16,6666,202,82,1.6714557780870465e-08,3.000957780600961e-08,1.6264711049919487e-08
16,6666,202,83,1.6092165953103342e-08,2.9720275187673125e-08,1.4176693088201926e-08
16,6666,202,84,1.4280359326551703e-08,2.1084862960163974e-08,1.357006613564778e-08
16,6666,202,85,1.3329430677599e-08,2.051690548434844e-08,1.2312240925028188e-08
16,6666,202,86,1.2092935693235283e-08,1.7622555919351623e-08,1.2090384295255305e-08
16,6666,202,87,9.282324288635873e-09,1.6174921284900053e-08,1.0393323031322267e-08
16,6666,202,88,9.059945298673355e-09,1.4516991779037618e-08,1.005285678652301e-08
16,6666,202,89,8.829030529133838e-09,1.4050395063020489e-08,8.792089269957684e-09
16,6666,202,90,7.822351612190035e-09,1.3247085672575828e-08,7.494615888946561e-09
16,6666,202,91,7.518323732879331e-09,1.0993734881152164e-08,6.742404736160675e-09
16,6666,202,92,6.530126356934471e-09,1.0875950172430513e-08,6.222345304195106e-09
16,6666,202,93,5.7809964122611885e-09,9.365200678631704e-09,6.045864173127423e-09
16,6666,202,94,5.556841109549578e-09,9.137320634598413e-09,5.687381097468257e-09
16,6666,202,95,5.295563287924113e-09,8.501527678739795e-09,5.659499085705084e-09
16,6666,202,96,5.247281732686154e-09,7.558013916040498e-09,4.939400035260932e-09
16,6666,202,97,4.765275505559485e-09,7.411442524463289e-09,4.7998128072048e-09
16,6666,202,98,4.626413798499816e-09,7.178028682315474e-09,4.111062714869979e-09
16,6666,202,99,4.194725925263352e-09,6.0280657650515916e-09,3.6333472454470784e-09
16,6666,202,100,3.2839564868535065e-09,5.6791628332890455e-09,3.606394787323914e-09
16,6666,202,101,3.0526037343260345e-09,5.447221384974614e-09,2.958418893394188e-09
16,6666,202,102,3.045277022518178e-09,4.99706599477786e-09,2.6080372910557618e-09
16,6666,202,103,2.94200751652696e-09,4.827942806620675e-09,2.5627469084596372e-09
16,6666,202,104,2.4734806998091937e-09,4.610249826863304e-09,2.415889369479021e-09
16,6666,202,105,2.4443755008017204e-09,4.263101037660969e-09,2.1070618846555893e-09
16,6666,202,106,2.4031199366340185e-09,3.833529236626357e-09,2.0789527930432843e-09
16,6666,202,107,2.3037216179152838e-09,3.6046075537795926e-09,1.80826771590869e-09
16,6666,202,108,2.1644437110134627e-09,3.1169975063459695e-09,1.7510412547251768e-09
16,6666,202,109,2.0918646255982543e-09,2.999799297098206e-09,1.6337823002289702e-09
16,6666,202,110,1.907169421669777e-09,2.7073161088682614e-09,1.5161863907839711e-09
16,6666,202,111,1.6457335291574244e-09,2.5028827407292442e-09,1.3647212211920993e-09
16,6666,202,112,1.3832247535592804e-09,2.300789546316581e-09,1.2271112146910793e-09
16,6666,202,113,1.1486418836645803e-09,2.1786559217115835e-09,1.0905440931281585e-09
16,6666,202,114,1.1022898718651955e-09,1.833812673674841e-09,1.0517519428195696e-09
16,6666,202,115,9.383032230014485e-10,1.7338691059295432e-09,9.973440604615323e-10
16,6666,202,116,9.180570951497221e-10,1.6476724488967128e-09,9.545915274447112e-10
16,6666,202,117,8.693248147387648e-10,1.6152292621867275e-09,8.764982281378853e-10
16,6666,202,118,8.562365388433377e-10,1.5506946617652074e-09,8.347806511366674e-10
16,6666,202,119,8.075720824922972e-10,1.40949559110458e-09,7.317755811706958e-10
16,6666,202,120,7.291378413775961e-10,1.2493838869233717e-09,6.540840343572948e-10
16,6666,202,121,6.188409745076357e-10,1.172536096914747e-09,5.981802707829288e-10
16,6666,202,122,5.961665383346068e-10,1.1475758410776207e-09,5.500496795270836e-10
16,6666,202,123,5.06127483392424e-10,9.75859537464622e-10,5.094867568763685e-10
16,6666,202,124,4.768346105797782e-10,9.449251385646673e-10,4.859268448496553e-10
16,6666,202,125,4.4859155401377597e-10,8.810496664278118e-10,4.6278804014608606e-10
16,6666,202,126,4.135807725541499e-10,8.238305786938164e-10,4.035705206795498e-10
16,6666,202,127,3.953578510182792e-10,8.082306927446317e-10,4.0121340710686875e-10
16,6666,202,128,3.8723150702855126e-10,7.085832563279198e-10,3.773143253890856e-10
16,6666,202,129,3.400376864541243e-10,6.281629503277996e-10,3.4476306243732013e-10
16,6666,202,130,3.199485238472422e-10,6.197305990052698e-10,2.9788006038708374e-10
16,6666,202,131,2.6127948962018814e-10,5.559756837355173e-10,2.643442203514216e-10
16,6666,202,132,2.330712368144329e-10,4.948940518914417e-10,2.2903280635529552e-10
16,6666,202,133,2.0214961713815646e-10,4.8403170983383e-10,2.2219026980994571e-10
16,6666,202,134,1.9071339354187932e-10,4.3652303470945874e-10,2.0651949695662995e-10
16,6666,202,135,1.8960084290476238e-10,4.181442171210993e-10,1.9452364635249546e-10
16,6666,202,136,1.7564536295812005e-10,3.641686923389148e-10,1.8227294523153821e-10
16,6666,202,137,1.7350718728245603e-10,3.5429875702027785e-10,1.697000073711738e-10
16,6666,202,138,1.5709419755345405e-10,3.259463553711494e-10,1.660410852786308e-10
16,6666,202,139,1.3157102497613686e-10,2.8905882064632584e-10,1.4255177544904488e-10
16,6666,202,140,1.2879852164044648e-10,2.7631833873680776e-10,1.3861328454104254e-10
16,6666,202,141,1.211144581474127e-10,2.5398252235623565e-10,1.2067441348323655e-10
16,6666,202,142,9.795458455225404e-11,2.4153002247009886e-10,1.1307316101381764e-10
16,6666,202,143,9.56665013438651e-11,2.4095356095936533e-10,1.0735655091634685e-10
16,6666,202,144,7.931843131516115e-11,2.044047260662485e-10,9.676463185545197e-11
16,6666,202,145,6.674701432801038e-11,1.8674431099801842e-10,9.211400330784444e-11
16,6666,202,146,6.663237032407448e-11,1.7515398670096458e-10,7.802941839674141e-11
16,6666,202,147,5.997138259538986e-11,1.6798579282064222e-10,6.893014520247021e-11
16,6666,202,148,5.766023850646083e-11,1.5672168523537627e-10,6.829552096620674e-11
16,6666,202,149,4.9979364806049075e-11,1.4588970961094682e-10,6.522820341269713e-11
16,6666,202,150,4.2087423079191156e-11,1.4443506044164958e-10,5.5231368982708644e-11
16,6666,202,151,4.0188903234564975e-11,1.2312261351571838e-10,5.105160099127464e-11
16,6666,202,152,3.8548171675947294e-11,9.673290545986204e-11,4.7672162583600385e-11
16,6666,202,153,3.6507072990846964e-11,8.879551345589475e-11,4.5432388175016755e-11
16,6666,202,154,3.0549776712758406e-11,7.923417705260468e-11,4.03646260031612e-11
16,6666,202,155,2.9695039152737405e-11,7.134879795047345e-11,3.6143814719772155e-11
16,6666,202,156,2.8421556540177443e-11,6.724933761305117e-11,3.5018737037653785e-11
16,6666,202,157,2.592412115932241e-11,6.101816909640273e-11,3.1703703513547e-11
16,6666,202,158,2.4732245132641793e-11,5.94209187323241e-11,2.8465587152892538e-11
16,6666,202,159,2.2660354123469234e-11,5.332431832853985e-11,2.5277120193404948e-11
16,6666,202,160,2.0990716972299563e-11,4.979335140501315e-11,2.437069867471956e-11
16,6666,202,161,1.9650729703538322e-11,4.914205154921601e-11,1.9762393598842238e-11
16,6666,202,162,1.6918492168244792e-11,4.7848870531472845e-11,1.9192846780740078e-11
16,6666,202,163,1.691524022730108e-11,4.6481471907484825e-11,1.714887193388935e-11
16,6666,202,164,1.6481526634231154e-11,4.265152429842757e-11,1.480707243574535e-11
16,6666,202,165,1.3397080678761729e-11,3.863289173639887e-11,1.4211511554114492e-11
16,6666,202,166,1.2861596735796775e-11,3.8419415444394596e-11,1.264913286981711e-11
16,6666,202,167,1.1464440974534682e-11,3.439674057554171e-11,1.1761410915867885e-11
16,6666,202,168,1.0481432822165956e-11,3.243239714670136e-11,1.1549804123278153e-11
16,6666,202,169,9.903321367838608e-12,2.8368442863754387e-11,1.0102378929882726e-11
16,6666,202,170,8.904323943537186e-12,2.529832787835838e-11,9.328574347437977e-12
16,6666,202,171,8.687857194985455e-12,2.2815380402944676e-11,8.554438219852724e-12
16,6666,202,172,7.742472478407075e-12,2.0545144785112014e-11,8.236617871338536e-12
16,6666,202,173,7.060373009590104e-12,2.0306612446611558e-11,7.014749001286626e-12
16,6666,202,174,6.906084860013085e-12,1.9301051456241755e-11,6.655841630001337e-12
16,6666,202,175,6.2054705021524335e-12,1.7763492808892316e-11,6.136613844104659e-12
16,6666,202,176,6.097588915691206e-12,1.53207809410305e-11,6.011395620137966e-12
16,6666,202,177,5.7818907094743855e-12,1.4059849423385297e-11,5.001755889797941e-12
16,6666,202,178,5.284039276694861e-12,1.3891146148991252e-11,4.870013643477144e-12
16,6666,202,179,5.1773488467289786e-12,1.3778853874795366e-11,3.918311029221084e-12
16,6666,202,180,4.32538774797433e-12,1.2591750430485007e-11,3.5275812357140933e-12
16,6666,202,181,3.705606951879819e-12,1.134887888004392e-11,3.2880553332936684e-12
16,6666,202,182,3.644107550152732e-12,9.987255179016578e-12,3.2592749087654057e-12
16,6666,202,183,3.257072529706969e-12,9.29791668621671e-12,3.125057051906343e-12
16,6666,202,184,3.1318131533430116e-12,8.962836481188866e-12,2.6950044468831656e-12
16,6666,202,185,2.553530555263318e-12,7.894781263939307e-12,2.4695721829393445e-12
16,6666,202,186,2.114542940956297e-12,7.638158755892528e-12,2.174227360368463e-12
16,6666,202,187,1.9963768688053294e-12,7.379039655122821e-12,2.0387998970329743e-12
16,6666,202,188,1.84891645412922e-12,6.427101901612038e-12,1.991681945092925e-12
16,6666,202,189,1.5661273168374667e-12,6.109313146305494e-12,1.7357203726579558e-12
16,6666,202,190,1.4812158133212801e-12,4.962754805238421e-12,1.5478619420843686e-12
16,6666,202,191,1.3143844064258116e-12,4.6814598476933184e-12,1.345973039961295e-12
16,6666,202,192,1.1029955975810167e-12,3.9767807993232475e-12,1.2731789233872406e-12
16,6666,202,193,1.0631815451213853e-12,3.808250239034363e-12,1.14643194937823e-12
16,6666,202,194,9.291681417798698e-13,3.7190697753980626e-12,1.1344343515991703e-12
16,6666,202,195,8.642470018423169e-13,3.328991649060649e-12,1.0682666187757073e-12
16,6666,202,196,7.746517721182368e-13,2.9060542189888653e-12,9.699792972128326e-13
16,6666,202,197,6.301982658065661e-13,2.3647803610100023e-12,7.915976232829761e-13
16,6666,202,198,5.308357005480243e-13,2.0940447991016715e-12,7.315635820107474e-13
16,6666,202,199,4.857291889946977e-13,1.8945987810896606e-12,5.845820439229091e-13
16,6666,202,200,4.1491480617536007e-13,1.7734754847532273e-12,5.442136466705877e-13
16,6666,202,201,3.981063920059354e-13,1.6816866364119424e-12,4.977901332535033e-13
16,6666,202,202,3.5681450579001356e-13,1.5743538927794678e-12,4.796145146703058e-13
16,6666,202,203,2.9514992306880506e-13,1.3710005864119748e-12,4.235062820620783e-13
16,6666,202,204,2.720931943293511e-13,1.1590917801326784e-12,3.7994104283614994e-13
16,6666,202,205,2.7189921595870254e-13,1.0570734538912364e-12,3.4021932428714404e-13
16,6666,202,206,2.407063549571992e-13,9.670507365488903e-13,2.963556868457004e-13
16,6666,202,207,2.1155125416635944e-13,8.411887414407992e-13,2.7025299980339844e-13
16,6666,202,208,1.9917767159277463e-13,7.282738734357374e-13,2.4156297929338326e-13
16,6666,202,209,1.5544740530625894e-13,7.043520714054328e-13,2.054624217690142e-13
16,6666,202,210,1.1967799707450843e-13,6.469970037500816e-13,1.8614203319600814e-13
16,6666,202,211,1.100429780606238e-13,5.879897075423481e-13,1.8189657212088928e-13
16,6666,202,212,1.0138341206288247e-13,5.170382998551294e-13,1.5654627422158389e-13
16,6666,202,213,8.122005774900797e-14,4.758100797958094e-13,1.3946054815036173e-13
16,6666,202,214,7.467120477983551e-14,4.1284813424574065e-13,1.2386682270477796e-13
16,6666,202,215,6.248669178838224e-14,3.7782434203100886e-13,1.1999935589620078e-13
16,6666,202,216,5.658768551165242e-14,3.2891481451898673e-13,9.601221178047048e-14
16,6666,202,217,3.975262023799722e-14,2.8699649383971253e-13,8.517522354837241e-14
16,6666,202,218,3.4978154753565505e-14,2.7012535804489007e-13,7.819225879876461e-14
16,6666,202,219,3.2005343219171144e-14,2.5019401242586506e-13,5.763536031366056e-14
16,6666,202,220,3.112071707551116e-14,1.818969034846855e-13,5.5099238128322645e-14
16,6666,202,221,2.964779507895104e-14,1.4989771917050473e-13,4.367469164324641e-14
16,6666,202,222,2.2804079175187913e-14,1.3565541988939833e-13,3.857565024569172e-14
16,6666,202,223,2.2788158335211536e-14,1.12329080941898e-13,3.085511087074069e-14
16,6666,202,224,1.8441332067601727e-14,9.292476066530666e-14,2.741524136429467e-14
16,6666,202,225,1.8227288793757403e-14,8.696439371833563e-14,2.2164456380236964e-14
16,6666,202,226,1.439743381044252e-14,8.55498471727388e-14,1.958708835779648e-14
16,6666,202,227,1.3536695141424699e-14,7.116040361459239e-14,1.5034281883300066e-14
16,6666,202,228,1.1004370064433884e-14,6.411595329993124e-14,1.3321401184707332e-14
16,6666,202,229,9.507082744526945e-15,5.0705877537674615e-14,1.2963521362847592e-14
16,6666,202,230,7.260886204913048e-15,3.9152303358504955e-14,1.0968073881615253e-14
16,6666,202,231,5.5784220762909536e-15,2.8023975074541872e-14,1.0337029354020385e-14
16,6666,202,232,3.99822318715671e-15,2.2206426172075277e-14,9.196225268448927e-15
16,6666,202,233,3.874519221475972e-15,1.921570039529661e-14,6.8837433157181335e-15
16,6666,202,234,2.7490416181989823e-15,1.6663178128733158e-14,4.675246415161595e-15
16,6666,202,235,2.3160341456301637e-15,1.4576431463543173e-14,3.9873785668955996e-15
16,6666,202,236,2.152116512988894e-15,1.3775498469095062e-14,3.95884441276069e-15
16,6666,202,237,2.0175240272011785e-15,1.1062940841667323e-14,2.444961539002843e-15
16,6666,202,238,1.899862377241558e-15,9.15410159082962e-15,2.414759745312862e-15
16,6666,202,239,1.5377450346427108e-15,6.6045825854551176e-15,2.145015220062483e-15
16,6666,202,240,9.99999999999989e-16,5.625128237737607e-15,1.0817832654541251e-15
16,6666,202,241,9.99999999999989e-16,3.8267146618498135e-15,1.0548803755995274e-15
16,6666,202,242,9.99999999999989e-16,2.800320137014124e-15,9.99999999999989e-16
16,6666,202,243,9.99999999999989e-16,2.722399702461126e-15,9.99999999999989e-16
16,6666,202,244,9.99999999999989e-16,2.5238797920933883e-15,9.99999999999989e-16
16,6666,202,245,9.99999999999989e-16,2.0051550061745036e-15,9.99999999999989e-16
16,6666,202,246,9.99999999999989e-16,1.377738276866067e-15,9.99999999999989e-16
16,6666,202,247,9.99999999999989e-16,9.999999999999924e-16,9.99999999999989e-16
16,6666,202,248,9.99999999999989e-16,9.999999999999924e-16,9.99999999999989e-16
16,6666,202,249,9.99999999999989e-16,9.999999999999924e-16,9.99999999999989e-16
16,6666,202,250,9.99999999999989e-16,9.999999999999924e-16,9.99999999999989e-16
16,6666,202,251,9.99999999999989e-16,9.999999999999924e-16,9.99999999999989e-16
16,6666,202,252,9.99999999999989e-16,9.999999999999924e-16,9.99999999999989e-16
16,6666,202,253,9.99999999999989e-16,9.999999999999924e-16,9.99999999999989e-16
16,6666,202,254,9.99999999999989e-16,9.999999999999924e-16,9.99999999999989e-16
16,6666,202,255,9.99999999999989e-16,9.999999999999924e-16,9.99999999999989e-16
16,6666,202,256,9.99999999999989e-16,9.999999999999924e-16,9.99999999999989e-16
16,6666,303,1,0.875736617664858,0.8760954360358925,0.8758973930926387
16,6666,303,2,0.07538495633077506,0.0752474599045998,0.07535280957820784
16,6666,303,3,0.022166062447476823,0.02237279628264158,0.02240822970719429
16,6666,303,4,0.009695362066303028,0.009390844954093735,0.009769602902681846
16,6666,303,5,0.005224134015046011,0.005179991784592576,0.005201514281389962
16,6666,303,6,0.0033725942773790195,0.0031704093423829873,0.003317087222433773
16,6666,303,7,0.002828354712057787,0.0029478407376761595,0.0027434203436872747
16,6666,303,8,0.00186478305797226,0.0018461674910197935,0.0018763895279820737
16,6666,303,9,0.0009458522311126281,0.0009103561175342226,0.000865762862931152
16,6666,303,10,0.0008657072232259622,0.0008534157362170141,0.0008291605663117916
16,6666,303,11,0.000557685855773804,0.0005811510806088814,0.0005151222451614399
16,6666,303,12,0.0002799697306051868,0.0002491582876203303,0.00026007192156039376
16,6666,303,13,0.0002035249279052923,0.00021056847081615002,0.0001655329882915003
16,6666,303,14,0.000172613296668877,0.00018580683084002805,0.00015011199398534718
16,6666,303,15,0.0001355032690415966,0.00011717606144206073,0.00011287992869353784
16,6666,303,16,8.21213660264524e-05,8.025251009869452e-05,7.946556287226025e-05
16,6666,303,17,6.84802716648693e-05,7.491781333164733e-05,6.643030919697935e-05
16,6666,303,18,5.8105078089738045e-05,6.800285201122156e-05,5.793447963352635e-05
16,6666,303,19,5.007870698583139e-05,6.429051580456842e-05,5.139439072986193e-05
16,6666,303,20,4.796743699800865e-05,6.230938418938591e-05,4.347746303637811e-05
16,6666,303,21,4.765517420343827e-05,4.732777424119995e-05,4.22826558493906e-05
16,6666,303,22,2.8923389084880858e-05,4.1877328043905685e-05,3.221496660152749e-05
16,6666,303,23,2.8250935044584633e-05,2.9178563561151705e-05,3.073012054705982e-05
16,6666,303,24,2.480790650451187e-05,2.800312406739583e-05,2.1310265964519025e-05
16,6666,303,25,1.9420782984840603e-05,2.0690731714217066e-05,1.776862136712446e-05
16,6666,303,26,1.743710358230393e-05,1.8454865500563464e-05,1.3190930052934516e-05
16,6666,303,27,1.47134165697376e-05,1.7114363325982668e-05,1.197564066291429e-05
16,6666,303,28,1.261050716044175e-05,1.4606900720727054e-05,1.0804641995112022e-05
16,6666,303,29,1.0501517318947946e-05,1.3022098093465591e-05,9.898783535183779e-06
16,6666,303,30,7.003621525085324e-06,7.000320600880353e-06,7.17224433201749e-06
16,6666,303,31,6.919196180494467e-06,6.447198972439544e-06,4.794941428037299e-06
16,6666,303,32,5.6591547384296955e-06,5.567702349530923e-06,4.600843053647333e-06
16,6666,303,33,4.079602082075919e-06,5.2890550250876515e-06,3.2648345135214388e-06
16,6666,303,34,3.6563174526377267e-06,4.425963306983566e-06,2.7815942586509235e-06
16,6666,303,35,3.4483785448874372e-06,3.747377924764245e-06,2.734139292775856e-06
16,6666,303,36,2.4669186456476946e-06,3.062977418386741e-06,2.7139751392999737e-06
16,6666,303,37,2.1859701489077343e-06,2.6324597879380273e-06,2.2663074646487834e-06
16,6666,303,38,2.0591820449816047e-06,2.1273112281400014e-06,1.6402958693711988e-06
16,6666,303,39,2.011108084597487e-06,2.0710661046781916e-06,1.5080987149015298e-06
16,6666,303,40,1.762542628089258e-06,1.7586871140405875e-06,1.4026648346630663e-06
16,6666,303,41,1.608924873222648e-06,1.6563231932023713e-06,1.2353380874665682e-06
16,6666,303,42,1.4944817790991498e-06,1.5323250551917065e-06,1.1618190475810775e-06
16,6666,303,43,1.4332035593099454e-06,1.3347585533738808e-06,9.404939667762889e-07
16,6666,303,44,1.0469209718310406e-06,1.2100737740774525e-06,8.641610294415757e-07
16,6666,303,45,8.658569472904884e-07,1.1789358529853414e-06,7.585701917483285e-07
16,6666,303,46,8.449813886426337e-07,1.1063286052190978e-06,7.226801559144938e-07
16,6666,303,47,7.646375348481203e-07,8.667995716735703e-07,5.237388546034619e-07
16,6666,303,48,6.444238244883341e-07,7.551894097687199e-07,4.441393056808352e-07
16,6666,303,49,4.7531615986529856e-07,7.108623223351147e-07,3.697001271659999e-07
16,6666,303,50,4.433228137050158e-07,6.984822295084319e-07,3.580662209525191e-07
16,6666,303,51,4.4045790513328094e-07,6.349193246197591e-07,3.3411619187295886e-07
16,6666,303,52,4.006974704151746e-07,5.040527663278528e-07,3.0917161622939277e-07
16,6666,303,53,3.329187950403766e-07,4.922723045481426e-07,2.861095373897623e-07
16,6666,303,54,2.9497758742843074e-07,4.2024269921927757e-07,2.8339663960404386e-07
16,6666,303,55,2.7854506006820663e-07,4.0923214504914757e-07,2.448053442452883e-07
16,6666,303,56,2.396550175115364e-07,3.2477580832554977e-07,2.2159198132170738e-07
16,6666,303,57,2.2587291261206264e-07,2.993527686233049e-07,2.1637811118578682e-07
16,6666,303,58,2.0765000959167577e-07,2.665635476215018e-07,1.8099506328577415e-07
16,6666,303,59,1.903506743440014e-07,2.6482668004466606e-07,1.4479086635932753e-07
16,6666,303,60,1.6420399032530366e-07,2.4631157399635467e-07,1.3901930783142238e-07
16,6666,303,61,1.5338423244123705e-07,1.9357902340430454e-07,1.2821079174781992e-07
16,6666,303,62,1.3756778510555674e-07,1.8854269848781576e-07,1.1514752769680511e-07
16,6666,303,63,1.2230903438612802e-07,1.8434848424785795e-07,1.0793669725867933e-07
16,6666,303,64,1.1343043431610412e-07,1.7364351784780606e-07,1.033872096708947e-07
16,6666,303,65,1.1105987421009845e-07,1.5702509319709148e-07,9.13128701931061e-08
16,6666,303,66,8.631102284324202e-08,1.2123678100660912e-07,7.940698798485475e-08
16,6666,303,67,6.421661471353115e-08,1.171470133616938e-07,7.586398224859771e-08
16,6666,303,68,6.230953230837676e-08,1.0940533728940596e-07,7.188044628784012e-08
16,6666,303,69,6.230067328490808e-08,9.324452738331682e-08,6.148318931139765e-08
16,6666,303,70,5.914313615592536e-08,9.219999588933068e-08,5.2278370196491936e-08
16,6666,303,71,5.661879854383649e-08,7.178789947846349e-08,4.657860872472773e-08
16,6666,303,72,5.392802092860224e-08,6.578418393144435e-08,4.495741774298542e-08
16,6666,303,73,5.0052819765196406e-08,6.355170250914034e-08,3.910154660028317e-08
16,6666,303,74,3.656256744089498e-08,5.413077637554348e-08,3.594395636777404e-08
16,6666,303,75,3.291625737814382e-08,5.168406814683766e-08,3.053785578282795e-08
16,6666,303,76,2.8400917044564763e-08,5.0529214475486356e-08,2.912532372262437e-08
16,6666,303,77,2.7583056434964555e-08,4.833210518405822e-08,2.8613857479290494e-08
16,6666,303,78,2.6837932170822044e-08,4.2490184597801924e-08,2.245636906551536e-08
16,6666,303,79,2.5250283036486188e-08,3.5297222982832134e-08,2.0563009456453654e-08
16,6666,303,80,2.1785261268427884e-08,3.279698549005632e-08,1.979260956180632e-08
16,6666,303,81,2.0794274720261975e-08,3.017203017000635e-08,1.7708174778375082e-08
16,6666,303,82,1.6714557780870465e-08,2.803496441093089e-08,1.5084704661109216e-08
16,6666,303,83,1.6092165953103342e-08,2.6738989589436277e-08,1.4663582449351925e-08
16,6666,303,84,1.4280359326551703e-08,2.428870690943095e-08,1.4495918497054592e-08
16,6666,303,85,1.3329430677599e-08,2.1686924195875406e-08,1.2357189473362293e-08
16,6666,303,86,1.2092935693235283e-08,2.0674364790056052e-08,1.1610427278879731e-08
16,6666,303,87,9.282324288635873e-09,1.960284837773783e-08,1.0438554331117536e-08
16,6666,303,88,9.059945298673355e-09,1.6399055595114845e-08,9.353216430510632e-09
16,6666,303,89,8.829030529133838e-09,1.6185769095338114e-08,8.417854637783845e-09
16,6666,303,90,7.822351612190035e-09,1.4587228589083671e-08,7.996479790890553e-09
16,6666,303,91,7.518323732879331e-09,1.2586497448896038e-08,6.991646511221437e-09
16,6666,303,92,6.530126356934471e-09,1.2215339842324276e-08,6.445045656910316e-09
16,6666,303,93,5.7809964122611885e-09,1.0265035705030257e-08,5.795351374988382e-09
16,6666,303,94,5.556841109549578e-09,1.010236003837004e-08,5.71605066300066e-09
16,6666,303,95,5.295563287924113e-09,8.647677892422977e-09,5.087422871455124e-09
16,6666,303,96,5.247281732686154e-09,8.483408383000049e-09,4.990374402998325e-09
16,6666,303,97,4.765275505559485e-09,7.2041991534665925e-09,4.258633457018149e-09
16,6666,303,98,4.626413798499816e-09,7.044577247853235e-09,3.892149984968086e-09
16,6666,303,99,4.194725925263352e-09,6.85752011685773e-09,3.681343599961184e-09
16,6666,303,100,3.2839564868535065e-09,5.866793471521024e-09,3.035513006457404e-09
16,6666,303,101,3.0526037343260345e-09,5.679527952743198e-09,2.622449254505794e-09
16,6666,303,102,3.045277022518178e-09,4.803661519818288e-09,2.560988458794063e-09
16,6666,303,103,2.94200751652696e-09,4.778607789799341e-09,2.32148333537493e-09
16,6666,303,104,2.4734806998091937e-09,4.41243490505991e-09,2.22225775550846e-09
16,6666,303,105,2.4443755008017204e-09,4.403800858112749e-09,2.0855205427109872e-09
16,6666,303,106,2.4031199366340185e-09,3.76877602043777e-09,2.0119621507932733e-09
16,6666,303,107,2.3037216179152838e-09,3.4845081031236497e-09,1.815041705127932e-09
16,6666,303,108,2.1644437110134627e-09,3.2388663184767094e-09,1.6495792617978973e-09
16,6666,303,109,2.0918646255982543e-09,3.016254367412962e-09,1.4755634712048334e-09
16,6666,303,110,1.907169421669777e-09,2.9075863350304905e-09,1.372758062157576e-09
16,6666,303,111,1.6457335291574244e-09,2.5479622212769046e-09,1.2478129510437871e-09
16,6666,303,112,1.3832247535592804e-09,2.360311872989795e-09,1.2227962972311062e-09
16,6666,303,113,1.1486418836645803e-09,2.0934369012688636e-09,1.0703221091616592e-09
16,6666,303,114,1.1022898718651955e-09,2.0653180498486874e-09,1.0290930698840314e-09
16,6666,303,115,9.383032230014485e-10,1.9449843161777844e-09,9.513588487942934e-10
16,6666,303,116,9.180570951497221e-10,1.766122877544784e-09,8.140333178061585e-10
16,6666,303,117,8.693248147387648e-10,1.560471086508318e-09,7.459262876288792e-10
16,6666,303,118,8.562365388433377e-10,1.4778579389464974e-09,7.263063454321227e-10
16,6666,303,119,8.075720824922972e-10,1.3991741317738463e-09,6.91492785445442e-10
16,6666,303,120,7.291378413775961e-10,1.2361902715318072e-09,6.287215779870496e-10
16,6666,303,121,6.188409745076357e-10,1.190615249327123e-09,5.56658711473705e-10
16,6666,303,122,5.961665383346068e-10,1.1542068397448242e-09,4.900615237396176e-10
16,6666,303,123,5.06127483392424e-10,1.0168837672758791e-09,4.246874479454231e-10
16,6666,303,124,4.768346105797782e-10,9.47962997888877e-10,4.1775011049627554e-10
16,6666,303,125,4.4859155401377597e-10,9.206003580179044e-10,4.0398763261417695e-10
16,6666,303,126,4.135807725541499e-10,8.745943347275781e-10,3.8400955556104707e-10
16,6666,303,127,3.953578510182792e-10,7.910175375494874e-10,3.6734862461063353e-10
16,6666,303,128,3.8723150702855126e-10,7.046119782874359e-10,3.315956312062524e-10
16,6666,303,129,3.400376864541243e-10,6.689013116701906e-10,2.9853321718556075e-10
16,6666,303,130,3.199485238472422e-10,6.306100808827485e-10,2.897340017625321e-10
16,6666,303,131,2.6127948962018814e-10,5.843498445431024e-10,2.3252663828223287e-10
16,6666,303,132,2.330712368144329e-10,4.472147894506967e-10,2.2087410904820477e-10
16,6666,303,133,2.0214961713815646e-10,4.4008532907552745e-10,1.9028812802717296e-10
16,6666,303,134,1.9071339354187932e-10,4.279955822389446e-10,1.8714431730930622e-10
16,6666,303,135,1.8960084290476238e-10,3.881641423133829e-10,1.8121721730530348e-10
16,6666,303,136,1.7564536295812005e-10,3.7760983514986676e-10,1.7083082386609e-10
16,6666,303,137,1.7350718728245603e-10,3.745325503452538e-10,1.5983588186127796e-10
16,6666,303,138,1.5709419755345405e-10,3.3142746949411434e-10,1.3950880953089067e-10
16,6666,303,139,1.3157102497613686e-10,2.8875175857053987e-10,1.3736734756296097e-10
16,6666,303,140,1.2879852164044648e-10,2.828765774953393e-10,1.335094770804326e-10
16,6666,303,141,1.211144581474127e-10,2.2530498676487213e-10,1.112136464757247e-10
16,6666,303,142,9.795458455225404e-11,2.099750162190202e-10,1.0074638648753176e-10
16,6666,303,143,9.56665013438651e-11,2.0826218198366643e-10,9.869094226572645e-11
16,6666,303,144,7.931843131516115e-11,1.7313828363188434e-10,9.574860573852504e-11
16,6666,303,145,6.674701432801038e-11,1.6476019208805903e-10,8.098554156041956e-11
16,6666,303,146,6.663237032407448e-11,1.516419184034213e-10,7.772025689510321e-11
16,6666,303,147,5.997138259538986e-11,1.486679932223582e-10,7.041540277842401e-11
16,6666,303,148,5.766023850646083e-11,1.3946492915140442e-10,6.789696652746049e-11
16,6666,303,149,4.9979364806049075e-11,1.382034000830885e-10,6.262444746563642e-11
16,6666,303,150,4.2087423079191156e-11,1.2704725451983938e-10,6.028190197887776e-11
16,6666,303,151,4.0188903234564975e-11,1.1594490703304374e-10,5.1761057952113274e-11
16,6666,303,152,3.8548171675947294e-11,1.1459784165332622e-10,4.2645476791598355e-11
16,6666,303,153,3.6507072990846964e-11,9.318223318625215e-11,4.024608196406596e-11
16,6666,303,154,3.0549776712758406e-11,9.057615155073785e-11,3.621316286728564e-11
16,6666,303,155,2.9695039152737405e-11,7.807865772536729e-11,3.391071446602122e-11
16,6666,303,156,2.8421556540177443e-11,7.364158427584787e-11,3.2252197598984345e-11
16,6666,303,157,2.592412115932241e-11,7.126770447121464e-11,3.109812086221287e-11
16,6666,303,158,2.4732245132641793e-11,6.320897126475583e-11,2.5743484459365316e-11
16,6666,303,159,2.2660354123469234e-11,5.861107771954964e-11,2.394329117523302e-11
16,6666,303,160,2.0990716972299563e-11,5.5328640478153034e-11,2.1455051392683477e-11
16,6666,303,161,1.9650729703538322e-11,5.068322257532817e-11,2.065818786604646e-11
16,6666,303,162,1.6918492168244792e-11,4.8382427721844426e-11,1.9576994721092878e-11
16,6666,303,163,1.691524022730108e-11,4.342250316747516e-11,1.6994784463524712e-11
16,6666,303,164,1.6481526634231154e-11,3.957798962585691e-11,1.4819983518403318e-11
16,6666,303,165,1.3397080678761729e-11,3.8268232011048646e-11,1.3907228789503177e-11
16,6666,303,166,1.2861596735796775e-11,3.5245112439655986e-11,1.2416705521614303e-11
16,6666,303,167,1.1464440974534682e-11,3.131081774549488e-11,1.195383669251604e-11
16,6666,303,168,1.0481432822165956e-11,2.8801162326603956e-11,1.1177112573784019e-11
16,6666,303,169,9.903321367838608e-12,2.5502990618156485e-11,1.089030514722296e-11
16,6666,303,170,8.904323943537186e-12,2.294747621467821e-11,8.93196029421152e-12
16,6666,303,171,8.687857194985455e-12,2.131296837465291e-11,8.103432804029501e-12
16,6666,303,172,7.742472478407075e-12,2.0138863964698747e-11,7.390669953584903e-12
16,6666,303,173,7.060373009590104e-12,1.8593093291023794e-11,7.186160448923202e-12
16,6666,303,174,6.906084860013085e-12,1.6126475492787558e-11,6.206581010126081e-12
16,6666,303,175,6.2054705021524335e-12,1.5679575946156157e-11,6.078479448615975e-12
16,6666,303,176,6.097588915691206e-12,1.3852841500639837e-11,5.869686754788083e-12
16,6666,303,177,5.7818907094743855e-12,1.3247309945635007e-11,4.958079525232731e-12
16,6666,303,178,5.284039276694861e-12,1.240824889444945e-11,4.7550059720268706e-12
16,6666,303,179,5.1773488467289786e-12,1.072108238986471e-11,4.542089105129814e-12
16,6666,303,180,4.32538774797433e-12,9.736772693364006e-12,4.109813224446425e-12
16,6666,303,181,3.705606951879819e-12,9.062693967352018e-12,3.6646100475146515e-12
16,6666,303,182,3.644107550152732e-12,8.742685906448845e-12,2.939428908052214e-12
16,6666,303,183,3.257072529706969e-12,8.398854295554945e-12,2.7287260689482973e-12
16,6666,303,184,3.1318131533430116e-12,6.734088409041076e-12,2.456711380634884e-12
16,6666,303,185,2.553530555263318e-12,6.355635467263711e-12,2.2435683350782088e-12
16,6666,303,186,2.114542940956297e-12,5.61844388492439e-12,2.104194812819872e-12
16,6666,303,187,1.9963768688053294e-12,5.425721888577956e-12,1.955155057194379e-12
16,6666,303,188,1.84891645412922e-12,4.847561317758594e-12,1.8250651852966296e-12
16,6666,303,189,1.5661273168374667e-12,4.514063653961155e-12,1.7254726739515896e-12
16,6666,303,190,1.4812158133212801e-12,4.2472556061078715e-12,1.5068696655751766e-12
16,6666,303,191,1.3143844064258116e-12,3.562576857418291e-12,1.3898764782346945e-12
16,6666,303,192,1.1029955975810167e-12,3.1568833628317104e-12,1.2056809977957799e-12
16,6666,303,193,1.0631815451213853e-12,2.9555816288981245e-12,1.162026176004049e-12
16,6666,303,194,9.291681417798698e-13,2.7026138939018664e-12,1.037704619361219e-12
16,6666,303,195,8.642470018423169e-13,2.4385050837136275e-12,9.731679778066249e-13
16,6666,303,196,7.746517721182368e-13,2.4061400620239803e-12,9.434832191240902e-13
16,6666,303,197,6.301982658065661e-13,2.1720497272091446e-12,8.403578983522231e-13
16,6666,303,198,5.308357005480243e-13,1.914791491168068e-12,8.285759825092094e-13
16,6666,303,199,4.857291889946977e-13,1.7380208105409604e-12,6.971791386890066e-13
16,6666,303,200,4.1491480617536007e-13,1.7082513930408202e-12,5.902370966580707e-13
16,6666,303,201,3.981063920059354e-13,1.556063829962802e-12,5.207561844016966e-13
16,6666,303,202,3.5681450579001356e-13,1.301299005334073e-12,4.4397198439775975e-13
16,6666,303,203,2.9514992306880506e-13,1.1964036743326734e-12,3.6939580466077554e-13
16,6666,303,204,2.720931943293511e-13,1.1485861411018546e-12,3.2300541315385273e-13
16,6666,303,205,2.7189921595870254e-13,9.947580495427232e-13,2.643835777308732e-13
16,6666,303,206,2.407063549571992e-13,9.441885975911828e-13,2.44122779236366e-13
16,6666,303,207,2.1155125416635944e-13,8.690804428871004e-13,2.386269938034648e-13
16,6666,303,208,1.9917767159277463e-13,7.204005174214271e-13,2.333459610922567e-13
16,6666,303,209,1.5544740530625894e-13,6.993097520017673e-13,1.73016097873683e-13
16,6666,303,210,1.1967799707450843e-13,5.977760382141629e-13,1.626173109443857e-13
16,6666,303,211,1.100429780606238e-13,4.5200247156852055e-13,1.4331064274685672e-13
16,6666,303,212,1.0138341206288247e-13,4.2261120504720315e-13,1.2099722364856245e-13
16,6666,303,213,8.122005774900797e-14,4.0732661590737374e-13,1.1096537558280546e-13
16,6666,303,214,7.467120477983551e-14,3.0763832539554963e-13,9.421891728833972e-14
16,6666,303,215,6.248669178838224e-14,3.0049812441991633e-13,8.511292159162498e-14
16,6666,303,216,5.658768551165242e-14,2.679922083602258e-13,7.538268376864195e-14
16,6666,303,217,3.975262023799722e-14,1.982150225810169e-13,6.848137272048651e-14
16,6666,303,218,3.4978154753565505e-14,1.7239241660491546e-13,6.319153928652023e-14
16,6666,303,219,3.2005343219171144e-14,1.37298368347648e-13,5.14305393630964e-14
16,6666,303,220,3.112071707551116e-14,1.3095917202107784e-13,4.851630444627569e-14
16,6666,303,221,2.964779507895104e-14,1.198707229709128e-13,4.3203532223888996e-14
16,6666,303,222,2.2804079175187913e-14,1.1572042179040516e-13,4.027843483307382e-14
16,6666,303,223,2.2788158335211536e-14,1.0593138929285331e-13,3.2357542779850253e-14
16,6666,303,224,1.8441332067601727e-14,7.998656023536443e-14,2.624290788780411e-14
16,6666,303,225,1.8227288793757403e-14,6.562014148001974e-14,2.323059508760088e-14
16,6666,303,226,1.439743381044252e-14,6.334937012085287e-14,1.7012314525515887e-14
16,6666,303,227,1.3536695141424699e-14,5.733793895215137e-14,1.698569662903244e-14
16,6666,303,228,1.1004370064433884e-14,5.0243050319903786e-14,1.220299741906601e-14
16,6666,303,229,9.507082744526945e-15,4.495384144823164e-14,1.1365238220578086e-14
16,6666,303,230,7.260886204913048e-15,3.34408049591079e-14,9.32050645137821e-15
16,6666,303,231,5.5784220762909536e-15,2.7870157688997087e-14,8.251939020392128e-15
16,6666,303,232,3.99822318715671e-15,2.4656242293106476e-14,6.772705064848376e-15
16,6666,303,233,3.874519221475972e-15,2.3573258490414647e-14,4.6124962110198715e-15
16,6666,303,234,2.7490416181989823e-15,1.760357284748952e-14,3.857069518712291e-15
16,6666,303,235,2.3160341456301637e-15,1.6233306452134585e-14,3.3986009567489222e-15
16,6666,303,236,2.152116512988894e-15,1.4485896976521802e-14,2.620918838577938e-15
16,6666,303,237,2.0175240272011785e-15,1.4187186346396255e-14,2.46633663262517e-15
16,6666,303,238,1.899862377241558e-15,9.996225483392218e-15,2.3443011553474657e-15
16,6666,303,239,1.5377450346427108e-15,9.166152659130848e-15,1.7310235333553177e-15
16,6666,303,240,9.99999999999989e-16,8.639273439682149e-15,1.1593774299347803e-15
16,6666,303,241,9.99999999999989e-16,7.220044417841214e-15,1.0385653492626916e-15
16,6666,303,242,9.99999999999989e-16,4.567983333096741e-15,1.0317296216447399e-15
16,6666,303,243,9.99999999999989e-16,4.33447637372562e-15,9.999999999999892e-16
16,6666,303,244,9.99999999999989e-16,3.1492993952291832e-15,9.999999999999892e-16
16,6666,303,245,9.99999999999989e-16,2.6062417409889243e-15,9.999999999999892e-16
16,6666,303,246,9.99999999999989e-16,1.729456455455129e-15,9.999999999999892e-16
16,6666,303,247,9.99999999999989e-16,9.999999999999928e-16,9.999999999999892e-16
16,6666,303,248,9.99999999999989e-16,9.999999999999928e-16,9.999999999999892e-16
16,6666,303,249,9.99999999999989e-16,9.999999999999928e-16,9.999999999999892e-16
16,6666,303,250,9.99999999999989e-16,9.999999999999928e-16,9.999999999999892e-16
16,6666,303,251,9.99999999999989e-16,9.999999999999928e-16,9.999999999999892e-16
16,6666,303,252,9.99999999999989e-16,9.999999999999928e-16,9.999999999999892e-16
16,6666,303,253,9.99999999999989e-16,9.999999999999928e-16,9.999999999999892e-16
16,6666,303,254,9.99999999999989e-16,9.999999999999928e-16,9.999999999999892e-16
16,6666,303,255,9.99999999999989e-16,9.999999999999928e-16,9.999999999999892e-16
16,6666,303,256,9.99999999999989e-16,9.999999999999928e-16,9.999999999999892e-16
16,6666,404,1,0.875736617664858,0.8776019715015217,0.8752022879070822
16,6666,404,2,0.07538495633077506,0.07460763904284161,0.07589185588406416
16,6666,404,3,0.022166062447476823,0.021730799040180535,0.022484620183800996
16,6666,404,4,0.009695362066303028,0.009441359337521093,0.009728230749532302
16,6666,404,5,0.005224134015046011,0.005267043895460556,0.005199117165374192
16,6666,404,6,0.0033725942773790195,0.0031088258681670456,0.003369779469350841
16,6666,404,7,0.002828354712057787,0.002630501656372645,0.002640308552133545
16,6666,404,8,0.00186478305797226,0.0019376881670488128,0.0018478714265979766
16,6666,404,9,0.0009458522311126281,0.0008389434437298474,0.0009029576667754114
16,6666,404,10,0.0008657072232259622,0.0007755114668417981,0.0008919446121354786
16,6666,404,11,0.000557685855773804,0.0005571730015049175,0.0005235200903309328
16,6666,404,12,0.0002799697306051868,0.00035067098767958447,0.00028786706327316327
16,6666,404,13,0.0002035249279052923,0.00019573984233447615,0.00019828684409508188
16,6666,404,14,0.000172613296668877,0.00018391565408454194,0.00015038755887791572
16,6666,404,15,0.0001355032690415966,0.00012449342416213748,0.00010708092913390871
16,6666,404,16,8.21213660264524e-05,9.410498904815062e-05,8.493440056126947e-05
16,6666,404,17,6.84802716648693e-05,8.783794235541208e-05,6.686679219387229e-05
16,6666,404,18,5.8105078089738045e-05,7.081555313707262e-05,5.800002830406697e-05
16,6666,404,19,5.007870698583139e-05,5.845503404280611e-05,5.164135591246213e-05
16,6666,404,20,4.796743699800865e-05,4.89913944199956e-05,4.9527710492394703e-05
16,6666,404,21,4.765517420343827e-05,4.489489581627057e-05,3.907621012920129e-05
16,6666,404,22,2.8923389084880858e-05,3.772994429624023e-05,3.590344069765128e-05
16,6666,404,23,2.8250935044584633e-05,3.2470214296333987e-05,3.490259416842211e-05
16,6666,404,24,2.480790650451187e-05,2.7429212914777986e-05,2.331421123934891e-05
16,6666,404,25,1.9420782984840603e-05,2.4777742299892963e-05,2.0137681732189737e-05
16,6666,404,26,1.743710358230393e-05,1.741530206772354e-05,1.878587402565304e-05
16,6666,404,27,1.47134165697376e-05,1.3003770775512997e-05,1.3576404467079433e-05
16,6666,404,28,1.261050716044175e-05,1.076209167451209e-05,1.0791216870731423e-05
16,6666,404,29,1.0501517318947946e-05,9.233753897447916e-06,9.071463828207526e-06
16,6666,404,30,7.003621525085324e-06,8.704262975266664e-06,8.40827908699932e-06
16,6666,404,31,6.919196180494467e-06,7.308182684284082e-06,7.074330643885109e-06
16,6666,404,32,5.6591547384296955e-06,6.096681501922262e-06,5.006799282190277e-06
16,6666,404,33,4.079602082075919e-06,5.4426697528827066e-06,4.822330262959814e-06
16,6666,404,34,3.6563174526377267e-06,4.606269316857475e-06,3.940641185935951e-06
16,6666,404,35,3.4483785448874372e-06,3.922821279355808e-06,3.5231169434121365e-06
16,6666,404,36,2.4669186456476946e-06,3.7382256716260845e-06,3.1479966208358455e-06
16,6666,404,37,2.1859701489077343e-06,3.2911258648431234e-06,2.264306489493366e-06
16,6666,404,38,2.0591820449816047e-06,2.5719983776409084e-06,2.1382821485597765e-06
16,6666,404,39,2.011108084597487e-06,2.236740679977917e-06,1.8334565234315256e-06
16,6666,404,40,1.762542628089258e-06,2.2042194367079093e-06,1.681230254755773e-06
16,6666,404,41,1.608924873222648e-06,2.100184998352313e-06,1.475431145372647e-06
16,6666,404,42,1.4944817790991498e-06,1.7602741552977849e-06,1.3995299794573465e-06
16,6666,404,43,1.4332035593099454e-06,1.6115671225893148e-06,1.2911187478834058e-06
16,6666,404,44,1.0469209718310406e-06,1.5925221091654908e-06,9.581313897343198e-07
16,6666,404,45,8.658569472904884e-07,1.2901341972865383e-06,8.918846305160597e-07
16,6666,404,46,8.449813886426337e-07,1.2276075959646535e-06,7.492202213814168e-07
16,6666,404,47,7.646375348481203e-07,1.1116808619349518e-06,6.853749026651977e-07
16,6666,404,48,6.444238244883341e-07,1.0321098824141827e-06,6.164033312241782e-07
16,6666,404,49,4.7531615986529856e-07,8.237642649543961e-07,5.259666084314431e-07
16,6666,404,50,4.433228137050158e-07,7.107286975577973e-07,4.6527302838544225e-07
16,6666,404,51,4.4045790513328094e-07,6.081709463190447e-07,4.3003821737372517e-07
16,6666,404,52,4.006974704151746e-07,5.91471327066413e-07,3.692296075358059e-07
16,6666,404,53,3.329187950403766e-07,4.821234031279439e-07,3.5998463154085604e-07
16,6666,404,54,2.9497758742843074e-07,4.355545243591586e-07,2.9661106743104634e-07
16,6666,404,55,2.7854506006820663e-07,3.8776861826400397e-07,2.756610393030111e-07
16,6666,404,56,2.396550175115364e-07,3.1651136496862436e-07,2.6223968976809417e-07
16,6666,404,57,2.2587291261206264e-07,3.107637313452264e-07,2.42340477749736e-07
16,6666,404,58,2.0765000959167577e-07,3.0837983886391517e-07,2.3777122206296134e-07
16,6666,404,59,1.903506743440014e-07,2.703323868462748e-07,1.6323899422251887e-07
16,6666,404,60,1.6420399032530366e-07,2.573822920718887e-07,1.4843590448161895e-07
16,6666,404,61,1.5338423244123705e-07,2.0168298373377062e-07,1.3435623808164898e-07
16,6666,404,62,1.3756778510555674e-07,1.7696859167843517e-07,1.2898678513837104e-07
16,6666,404,63,1.2230903438612802e-07,1.6731282036418014e-07,1.2222743926631667e-07
16,6666,404,64,1.1343043431610412e-07,1.5844038459101356e-07,1.1473266032377253e-07
16,6666,404,65,1.1105987421009845e-07,1.4472739797384755e-07,1.0789946569417322e-07
16,6666,404,66,8.631102284324202e-08,1.3773381911657507e-07,9.11479582600117e-08
16,6666,404,67,6.421661471353115e-08,1.179864158508628e-07,7.726984881366491e-08
16,6666,404,68,6.230953230837676e-08,1.1570658135060899e-07,7.670685822641313e-08
16,6666,404,69,6.230067328490808e-08,9.95911236914498e-08,6.660825137411941e-08
16,6666,404,70,5.914313615592536e-08,8.748115866830531e-08,6.430336422478482e-08
16,6666,404,71,5.661879854383649e-08,8.336018708654847e-08,6.330363627005047e-08
16,6666,404,72,5.392802092860224e-08,8.031219086940485e-08,5.755741231373445e-08
16,6666,404,73,5.0052819765196406e-08,7.162717935057509e-08,4.760694209678946e-08
16,6666,404,74,3.656256744089498e-08,5.72937459634397e-08,4.400509126207476e-08
16,6666,404,75,3.291625737814382e-08,5.475218916330975e-08,3.9689824553716095e-08
16,6666,404,76,2.8400917044564763e-08,5.059485526653816e-08,3.4774022953156684e-08
16,6666,404,77,2.7583056434964555e-08,4.782590078064791e-08,3.3724418182466023e-08
16,6666,404,78,2.6837932170822044e-08,4.380938614583865e-08,2.9188229916253916e-08
16,6666,404,79,2.5250283036486188e-08,3.9891869421220556e-08,2.8752686614805903e-08
16,6666,404,80,2.1785261268427884e-08,3.409097508169849e-08,2.51644418090905e-08
16,6666,404,81,2.0794274720261975e-08,3.390975248316514e-08,2.4898078293372767e-08
16,6666,404,82,1.6714557780870465e-08,3.318616682988855e-08,2.0195106783790464e-08
16,6666,404,83,1.6092165953103342e-08,2.9428038285613765e-08,1.9693578439358798e-08
16,6666,404,84,1.4280359326551703e-08,2.78098413146895e-08,1.8208646673996697e-08
16,6666,404,85,1.3329430677599e-08,2.7124654068449198e-08,1.650687090393012e-08
16,6666,404,86,1.2092935693235283e-08,2.2751847540176305e-08,1.541733665026204e-08
16,6666,404,87,9.282324288635873e-09,2.1310838235972063e-08,1.4017456237699217e-08
16,6666,404,88,9.059945298673355e-09,2.0756011374961873e-08,1.2398036889571954e-08
16,6666,404,89,8.829030529133838e-09,2.0477286879595128e-08,1.091328006045639e-08
16,6666,404,90,7.822351612190035e-09,1.6905156452425478e-08,1.0696571486293176e-08
16,6666,404,91,7.518323732879331e-09,1.6650174932862153e-08,9.274113967209984e-09
16,6666,404,92,6.530126356934471e-09,1.6374535658679783e-08,8.439437055509876e-09
16,6666,404,93,5.7809964122611885e-09,1.455789062322661e-08,7.129428727127498e-09
16,6666,404,94,5.556841109549578e-09,1.2578244670672118e-08,7.047456068964761e-09
16,6666,404,95,5.295563287924113e-09,1.174674183746459e-08,6.774407821537263e-09
16,6666,404,96,5.247281732686154e-09,1.099018758154909e-08,6.4032190716604405e-09
16,6666,404,97,4.765275505559485e-09,1.075982872167333e-08,6.352340447534483e-09
16,6666,404,98,4.626413798499816e-09,9.68977884902607e-09,5.3459704124778856e-09
16,6666,404,99,4.194725925263352e-09,9.0648962217567e-09,5.00794856151233e-09
16,6666,404,100,3.2839564868535065e-09,8.472238842697266e-09,4.200381449328165e-09
16,6666,404,101,3.0526037343260345e-09,7.596185901217473e-09,4.042681979278902e-09
16,6666,404,102,3.045277022518178e-09,6.79640869841044e-09,3.6826010541333934e-09
16,6666,404,103,2.94200751652696e-09,6.176277541828697e-09,3.609513248209585e-09
16,6666,404,104,2.4734806998091937e-09,5.612553790286857e-09,3.51806080472331e-09
16,6666,404,105,2.4443755008017204e-09,5.391976234125205e-09,3.2004271782756805e-09
16,6666,404,106,2.4031199366340185e-09,5.339742855725807e-09,2.753554657375836e-09
16,6666,404,107,2.3037216179152838e-09,5.038306822907779e-09,2.5936988224312463e-09
16,6666,404,108,2.1644437110134627e-09,4.972243882818869e-09,2.199092231500153e-09
16,6666,404,109,2.0918646255982543e-09,4.606155616157164e-09,2.1457381427291667e-09
16,6666,404,110,1.907169421669777e-09,3.920814596756939e-09,2.0504473669682943e-09
16,6666,404,111,1.6457335291574244e-09,3.7995718502763736e-09,1.8153047178874637e-09
16,6666,404,112,1.3832247535592804e-09,3.233305244870607e-09,1.672297225210161e-09
16,6666,404,113,1.1486418836645803e-09,2.8812646896505832e-09,1.6183780055909546e-09
16,6666,404,114,1.1022898718651955e-09,2.7648345158499577e-09,1.4606632049602253e-09
16,6666,404,115,9.383032230014485e-10,2.726855335483669e-09,1.3880783010437825e-09
16,6666,404,116,9.180570951497221e-10,2.5699691574659495e-09,1.1993905763212036e-09
16,6666,404,117,8.693248147387648e-10,2.472809212816075e-09,1.1767807034258198e-09
16,6666,404,118,8.562365388433377e-10,2.2270182943790636e-09,1.1060351868852104e-09
16,6666,404,119,8.075720824922972e-10,2.115568120522418e-09,9.443078669768735e-10
16,6666,404,120,7.291378413775961e-10,1.964892006247848e-09,8.096230601982812e-10
16,6666,404,121,6.188409745076357e-10,1.8484979354444189e-09,7.50669426580097e-10
16,6666,404,122,5.961665383346068e-10,1.5545605990877069e-09,6.700334174870986e-10
16,6666,404,123,5.06127483392424e-10,1.4483952284386765e-09,6.551565594075559e-10
16,6666,404,124,4.768346105797782e-10,1.3465562958911439e-09,6.179165337675628e-10
16,6666,404,125,4.4859155401377597e-10,1.0396111834882587e-09,5.289325869918445e-10
16,6666,404,126,4.135807725541499e-10,9.769712486311356e-10,5.025872425860519e-10
16,6666,404,127,3.953578510182792e-10,8.976686068803196e-10,4.4825043511390805e-10
16,6666,404,128,3.8723150702855126e-10,8.250266432090985e-10,4.401979195272537e-10
16,6666,404,129,3.400376864541243e-10,8.084186933954962e-10,4.334823659613026e-10
16,6666,404,130,3.199485238472422e-10,7.214477666138276e-10,3.9459396822649957e-10
16,6666,404,131,2.6127948962018814e-10,6.960135200688025e-10,3.708899777890161e-10
16,6666,404,132,2.330712368144329e-10,6.698061332020657e-10,3.163281453493793e-10
16,6666,404,133,2.0214961713815646e-10,6.482995150756974e-10,2.8677971184766766e-10
16,6666,404,134,1.9071339354187932e-10,6.28669646354206e-10,2.82459870395658e-10
16,6666,404,135,1.8960084290476238e-10,5.675378050632582e-10,2.5275929388739816e-10
16,6666,404,136,1.7564536295812005e-10,5.249949112556372e-10,2.4295359646499685e-10
16,6666,404,137,1.7350718728245603e-10,4.688093071531468e-10,2.337547968406437e-10
16,6666,404,138,1.5709419755345405e-10,4.4156260070090314e-10,2.1143637874466326e-10
16,6666,404,139,1.3157102497613686e-10,4.0258845542264503e-10,1.9678642658445148e-10
16,6666,404,140,1.2879852164044648e-10,3.7644075724111083e-10,1.8314265392278147e-10
16,6666,404,141,1.211144581474127e-10,3.7018374639314595e-10,1.5162812004489336e-10
16,6666,404,142,9.795458455225404e-11,3.2745438265045523e-10,1.424180238887852e-10
16,6666,404,143,9.56665013438651e-11,3.23425635923817e-10,1.3023370788885383e-10
16,6666,404,144,7.931843131516115e-11,2.8472783896500443e-10,1.230198543161413e-10
16,6666,404,145,6.674701432801038e-11,2.570769956624376e-10,1.0406594478070143e-10
16,6666,404,146,6.663237032407448e-11,2.2524596510006418e-10,1.0209089462235779e-10
16,6666,404,147,5.997138259538986e-11,2.2091260948370148e-10,9.649238882020459e-11
16,6666,404,148,5.766023850646083e-11,2.0582331972701295e-10,8.52789571114192e-11
16,6666,404,149,4.9979364806049075e-11,1.9614505850916577e-10,7.993142669851767e-11
16,6666,404,150,4.2087423079191156e-11,1.8085475556408864e-10,7.424271645704182e-11
16,6666,404,151,4.0188903234564975e-11,1.7429030802362906e-10,7.081323618971986e-11
16,6666,404,152,3.8548171675947294e-11,1.581164851032271e-10,5.902963923736184e-11
16,6666,404,153,3.6507072990846964e-11,1.4515796601041746e-10,5.7185130976599486e-11
16,6666,404,154,3.0549776712758406e-11,1.391191343940141e-10,4.926562019490928e-11
16,6666,404,155,2.9695039152737405e-11,1.2062209475631856e-10,4.757621847445026e-11
16,6666,404,156,2.8421556540177443e-11,1.1667325610891225e-10,4.088977182997372e-11
16,6666,404,157,2.592412115932241e-11,1.1063104975133058e-10,4.0196373559748365e-11
16,6666,404,158,2.4732245132641793e-11,1.0036543528790256e-10,3.9176648684346016e-11
16,6666,404,159,2.2660354123469234e-11,9.164485724147038e-11,3.710468745754188e-11
16,6666,404,160,2.0990716972299563e-11,8.170817401426291e-11,3.3568336273389735e-11
16,6666,404,161,1.9650729703538322e-11,7.408881332864212e-11,3.214111338712359e-11
16,6666,404,162,1.6918492168244792e-11,6.960804465405166e-11,2.923551112393498e-11
16,6666,404,163,1.691524022730108e-11,6.682019767950298e-11,2.7403918732226356e-11
16,6666,404,164,1.6481526634231154e-11,5.902849419739484e-11,2.5803822239673137e-11
16,6666,404,165,1.3397080678761729e-11,5.330996364739749e-11,2.3696385641746914e-11
16,6666,404,166,1.2861596735796775e-11,4.867921586705449e-11,2.136538678131496e-11
16,6666,404,167,1.1464440974534682e-11,4.3337872229735665e-11,1.770971306654343e-11
16,6666,404,168,1.0481432822165956e-11,4.0868410696633324e-11,1.6116754491301374e-11
16,6666,404,169,9.903321367838608e-12,3.7554406584083e-11,1.55177493965225e-11
16,6666,404,170,8.904323943537186e-12,3.388984534600126e-11,1.427287832420448e-11
16,6666,404,171,8.687857194985455e-12,3.319008857081716e-11,1.347397012279613e-11
16,6666,404,172,7.742472478407075e-12,3.192260534798218e-11,1.1981013243057057e-11
16,6666,404,173,7.060373009590104e-12,3.073805606571316e-11,9.837627926404732e-12
16,6666,404,174,6.906084860013085e-12,2.6684981137285303e-11,8.817526432610491e-12
16,6666,404,175,6.2054705021524335e-12,2.6007148632048742e-11,8.568199029436752e-12
16,6666,404,176,6.097588915691206e-12,2.4396751820637853e-11,7.763323974639074e-12
16,6666,404,177,5.7818907094743855e-12,1.967917399737671e-11,7.702350663133694e-12
16,6666,404,178,5.284039276694861e-12,1.8191365578540994e-11,6.6024376200158775e-12
16,6666,404,179,5.1773488467289786e-12,1.7120503172205744e-11,5.984119481517145e-12
16,6666,404,180,4.32538774797433e-12,1.5163112223913914e-11,5.715375211079448e-12
16,6666,404,181,3.705606951879819e-12,1.3671077813846632e-11,5.314358588039724e-12
16,6666,404,182,3.644107550152732e-12,1.279827771046174e-11,4.828883007389722e-12
16,6666,404,183,3.257072529706969e-12,1.2519699567149831e-11,4.318957614691027e-12
16,6666,404,184,3.1318131533430116e-12,1.066048856022617e-11,3.625392951442682e-12
16,6666,404,185,2.553530555263318e-12,9.582574524607026e-12,3.5219865607996043e-12
16,6666,404,186,2.114542940956297e-12,8.807592151904676e-12,3.12325092933419e-12
16,6666,404,187,1.9963768688053294e-12,8.688559878189038e-12,2.7919488500022046e-12
16,6666,404,188,1.84891645412922e-12,8.492529144359635e-12,2.652078291830864e-12
16,6666,404,189,1.5661273168374667e-12,8.218032726653236e-12,2.3304646936846687e-12
16,6666,404,190,1.4812158133212801e-12,7.873565495860794e-12,2.1484880897827806e-12
16,6666,404,191,1.3143844064258116e-12,6.908390565185983e-12,1.8576480533563212e-12
16,6666,404,192,1.1029955975810167e-12,5.8549289583741445e-12,1.723170995363247e-12
16,6666,404,193,1.0631815451213853e-12,5.433207014716389e-12,1.5198652066581819e-12
16,6666,404,194,9.291681417798698e-13,4.473288367556219e-12,1.4377047076470236e-12
16,6666,404,195,8.642470018423169e-13,4.282256785380883e-12,1.3012809490795247e-12
16,6666,404,196,7.746517721182368e-13,3.607899343001473e-12,1.1559482388580253e-12
16,6666,404,197,6.301982658065661e-13,3.5132670889319453e-12,1.0434414230524605e-12
16,6666,404,198,5.308357005480243e-13,2.893478258948816e-12,9.312635820246658e-13
16,6666,404,199,4.857291889946977e-13,2.7464406974477114e-12,8.270545820658722e-13
16,6666,404,200,4.1491480617536007e-13,2.7029929025361346e-12,8.071596099512736e-13
16,6666,404,201,3.981063920059354e-13,2.59877750043685e-12,6.393020075814037e-13
16,6666,404,202,3.5681450579001356e-13,2.5689326168536522e-12,5.736792625458541e-13
16,6666,404,203,2.9514992306880506e-13,2.1202457063606056e-12,5.547872820588607e-13
16,6666,404,204,2.720931943293511e-13,1.813899739681094e-12,5.362873889898726e-13
16,6666,404,205,2.7189921595870254e-13,1.5396635924333518e-12,4.790660304371979e-13
16,6666,404,206,2.407063549571992e-13,1.5062076219565042e-12,4.3586525687031773e-13
16,6666,404,207,2.1155125416635944e-13,1.2485260603096581e-12,3.904214200406269e-13
16,6666,404,208,1.9917767159277463e-13,1.0554314179512484e-12,3.3720200720449303e-13
16,6666,404,209,1.5544740530625894e-13,9.570591124724089e-13,2.9241592201974116e-13
16,6666,404,210,1.1967799707450843e-13,9.007057221715443e-13,2.6920133057310086e-13
16,6666,404,211,1.100429780606238e-13,8.583609362207312e-13,2.390757664915534e-13
16,6666,404,212,1.0138341206288247e-13,7.318301412621387e-13,2.0000405753238292e-13
16,6666,404,213,8.122005774900797e-14,5.55672397842651e-13,1.731392699323398e-13
16,6666,404,214,7.467120477983551e-14,4.895033583843041e-13,1.638242604925791e-13
16,6666,404,215,6.248669178838224e-14,4.1634987084907886e-13,1.4809299198097795e-13
16,6666,404,216,5.658768551165242e-14,3.9375841522548885e-13,1.3911929450771152e-13
16,6666,404,217,3.975262023799722e-14,3.8283087929720464e-13,1.1794010822113844e-13
16,6666,404,218,3.4978154753565505e-14,3.4377803179102797e-13,8.916752057669961e-14
16,6666,404,219,3.2005343219171144e-14,3.0448626454322205e-13,7.966934623762644e-14
16,6666,404,220,3.112071707551116e-14,2.548924458562206e-13,7.607988672966748e-14
16,6666,404,221,2.964779507895104e-14,2.3867442274477977e-13,5.2488683673667324e-14
16,6666,404,222,2.2804079175187913e-14,2.187958014573631e-13,4.8337200401429414e-14
16,6666,404,223,2.2788158335211536e-14,1.8103027798582098e-13,4.1583435196763756e-14
16,6666,404,224,1.8441332067601727e-14,1.7519899793699467e-13,3.36770538962623e-14
16,6666,404,225,1.8227288793757403e-14,1.4805277199805508e-13,3.120334627316243e-14
16,6666,404,226,1.439743381044252e-14,1.2640065276020065e-13,2.6564953046120062e-14
16,6666,404,227,1.3536695141424699e-14,1.1790548811332074e-13,2.32143185994553e-14
16,6666,404,228,1.1004370064433884e-14,1.1137771043604553e-13,2.010050140851268e-14
16,6666,404,229,9.507082744526945e-15,9.598013432769454e-14,1.820872676722426e-14
16,6666,404,230,7.260886204913048e-15,7.677543506077577e-14,1.7025795929088395e-14
16,6666,404,231,5.5784220762909536e-15,7.255352248351264e-14,1.3985505699492431e-14
16,6666,404,232,3.99822318715671e-15,6.853930411411927e-14,1.1569827777035315e-14
16,6666,404,233,3.874519221475972e-15,4.961059482172097e-14,1.1391822613908964e-14
16,6666,404,234,2.7490416181989823e-15,4.1556663639853874e-14,8.143441537982503e-15
16,6666,404,235,2.3160341456301637e-15,3.483666489228019e-14,7.293648749928154e-15
16,6666,404,236,2.152116512988894e-15,3.107997076030318e-14,5.048795082107856e-15
16,6666,404,237,2.0175240272011785e-15,2.8247383784576006e-14,4.8587561907133275e-15
16,6666,404,238,1.899862377241558e-15,2.2712456226276952e-14,3.425175473604262e-15
16,6666,404,239,1.5377450346427108e-15,2.1525356325452333e-14,2.9792356937226215e-15
16,6666,404,240,9.99999999999989e-16,1.3956810885955592e-14,2.7683081416078032e-15
16,6666,404,241,9.99999999999989e-16,1.0144209964651873e-14,2.0910018964430904e-15
16,6666,404,242,9.99999999999989e-16,7.847680016321741e-15,1.3282486662051066e-15
16,6666,404,243,9.99999999999989e-16,7.470341428596087e-15,1.3046798433721664e-15
16,6666,404,244,9.99999999999989e-16,3.2860614647976336e-15,9.999999999999892e-16
16,6666,404,245,9.99999999999989e-16,2.936491883293253e-15,9.999999999999892e-16
16,6666,404,246,9.99999999999989e-16,2.6082081019753335e-15,9.999999999999892e-16
16,6666,404,247,9.99999999999989e-16,1.798507214474485e-15,9.999999999999892e-16
16,6666,404,248,9.99999999999989e-16,1.0436401623434396e-15,9.999999999999892e-16
16,6666,404,249,9.99999999999989e-16,9.999999999999946e-16,9.999999999999892e-16
16,6666,404,250,9.99999999999989e-16,9.999999999999946e-16,9.999999999999892e-16
16,6666,404,251,9.99999999999989e-16,9.999999999999946e-16,9.999999999999892e-16
16,6666,404,252,9.99999999999989e-16,9.999999999999946e-16,9.999999999999892e-16
16,6666,404,253,9.99999999999989e-16,9.999999999999946e-16,9.999999999999892e-16
16,6666,404,254,9.99999999999989e-16,9.999999999999946e-16,9.999999999999892e-16
16,6666,404,255,9.99999999999989e-16,9.999999999999946e-16,9.999999999999892e-16
16,6666,404,256,9.99999999999989e-16,9.999999999999946e-16,9.999999999999892e-16
16,6666,505,1,0.875736617664858,0.8763431965175236,0.8755642450245141
16,6666,505,2,0.07538495633077506,0.07558497041813768,0.07584012678468671
16,6666,505,3,0.022166062447476823,0.021952189891983283,0.02229681789464383
16,6666,505,4,0.009695362066303028,0.009473105443955073,0.00971186054248736
16,6666,505,5,0.005224134015046011,0.005310435829626202,0.00524888764258795
16,6666,505,6,0.0033725942773790195,0.0032107661640816956,0.003381968924518999
16,6666,505,7,0.002828354712057787,0.0027327686508192197,0.0026071870309825437
16,6666,505,8,0.00186478305797226,0.0018949104411204157,0.001826070461560286
16,6666,505,9,0.0009458522311126281,0.0008707334723597191,0.0008941708927365569
16,6666,505,10,0.0008657072232259622,0.0007428819913339051,0.0008462372842863897
16,6666,505,11,0.000557685855773804,0.0005045096475736559,0.0005418289644515887
16,6666,505,12,0.0002799697306051868,0.0002905634240829395,0.000249227015982549
16,6666,505,13,0.0002035249279052923,0.00019339141228960025,0.000180622728743376
16,6666,505,14,0.000172613296668877,0.00015541318425794682,0.0001469038667823183
16,6666,505,15,0.0001355032690415966,0.00015083272404225583,0.00011725664678686104
16,6666,505,16,8.21213660264524e-05,8.780522726213313e-05,7.570597717605822e-05
16,6666,505,17,6.84802716648693e-05,7.57504023447487e-05,6.411876457135826e-05
16,6666,505,18,5.8105078089738045e-05,6.147560406277084e-05,6.0078422285796646e-05
16,6666,505,19,5.007870698583139e-05,5.145151404143965e-05,5.0626631093159827e-05
16,6666,505,20,4.796743699800865e-05,4.556327576999255e-05,4.5256186170375775e-05
16,6666,505,21,4.765517420343827e-05,4.32590288412478e-05,4.042926316264043e-05
16,6666,505,22,2.8923389084880858e-05,3.3861571641446906e-05,3.4215954598627735e-05
16,6666,505,23,2.8250935044584633e-05,3.133547521908071e-05,3.074341215127411e-05
16,6666,505,24,2.480790650451187e-05,2.7191622544581252e-05,2.277465596704103e-05
16,6666,505,25,1.9420782984840603e-05,2.0928541758520884e-05,2.0851971394283934e-05
16,6666,505,26,1.743710358230393e-05,1.5424089963646863e-05,1.4904385283926177e-05
16,6666,505,27,1.47134165697376e-05,1.4754269790687886e-05,1.4400591579738385e-05
16,6666,505,28,1.261050716044175e-05,1.2550304019441061e-05,1.1525345497565228e-05
16,6666,505,29,1.0501517318947946e-05,1.1480111752968386e-05,1.028729616011495e-05
16,6666,505,30,7.003621525085324e-06,6.3927903419290524e-06,9.177005887201475e-06
16,6666,505,31,6.919196180494467e-06,6.223382669768858e-06,6.6216194756819774e-06
16,6666,505,32,5.6591547384296955e-06,5.030582769126055e-06,4.579943677280989e-06
16,6666,505,33,4.079602082075919e-06,4.426458361412787e-06,3.566821717496797e-06
16,6666,505,34,3.6563174526377267e-06,4.0311379848495435e-06,3.525290438648412e-06
16,6666,505,35,3.4483785448874372e-06,2.908061134752662e-06,2.838422761120416e-06
16,6666,505,36,2.4669186456476946e-06,2.7041822188413607e-06,2.4218414286088293e-06
16,6666,505,37,2.1859701489077343e-06,2.414738600567184e-06,1.849257123913867e-06
16,6666,505,38,2.0591820449816047e-06,2.315782316980137e-06,1.6938110828110476e-06
16,6666,505,39,2.011108084597487e-06,2.2984858806699862e-06,1.4741795383694234e-06
16,6666,505,40,1.762542628089258e-06,1.689608022354622e-06,1.4066893539717766e-06
16,6666,505,41,1.608924873222648e-06,1.5389829635241206e-06,1.0958167122835513e-06
16,6666,505,42,1.4944817790991498e-06,1.4334742080739718e-06,1.0324924390372464e-06
16,6666,505,43,1.4332035593099454e-06,1.4001102513445548e-06,9.373661263519957e-07
16,6666,505,44,1.0469209718310406e-06,1.3124774756433288e-06,8.690017463298983e-07
16,6666,505,45,8.658569472904884e-07,1.1771832288399878e-06,7.466901043015529e-07
16,6666,505,46,8.449813886426337e-07,1.0116835986278846e-06,6.618262770720121e-07
16,6666,505,47,7.646375348481203e-07,8.246449145112747e-07,5.74289792921686e-07
16,6666,505,48,6.444238244883341e-07,7.630115049635649e-07,5.208908202994769e-07
16,6666,505,49,4.7531615986529856e-07,6.566573901095199e-07,4.848960076860483e-07
16,6666,505,50,4.433228137050158e-07,6.393160007990238e-07,4.300423484105168e-07
16,6666,505,51,4.4045790513328094e-07,6.041952748220416e-07,3.862165732907159e-07
16,6666,505,52,4.006974704151746e-07,4.409092053645597e-07,3.522590797828971e-07
16,6666,505,53,3.329187950403766e-07,3.9154379659926954e-07,3.1045326653392676e-07
16,6666,505,54,2.9497758742843074e-07,3.641871686401926e-07,2.736631647301349e-07
16,6666,505,55,2.7854506006820663e-07,3.3593867090900825e-07,2.650282441245037e-07
16,6666,505,56,2.396550175115364e-07,3.0250611234810116e-07,2.3379607689837405e-07
16,6666,505,57,2.2587291261206264e-07,2.643984675908112e-07,2.131425737742502e-07
16,6666,505,58,2.0765000959167577e-07,2.3736851260413345e-07,2.0376224245180523e-07
16,6666,505,59,1.903506743440014e-07,2.265174923806651e-07,1.8141162613331706e-07
16,6666,505,60,1.6420399032530366e-07,1.9475654444344228e-07,1.6413650126708015e-07
16,6666,505,61,1.5338423244123705e-07,1.7628776374219527e-07,1.4966667591228087e-07
16,6666,505,62,1.3756778510555674e-07,1.6516131382410718e-07,1.3169540436230587e-07
16,6666,505,63,1.2230903438612802e-07,1.5520042757098986e-07,1.1228635966952958e-07
16,6666,505,64,1.1343043431610412e-07,1.2680318774988342e-07,1.0792679769155207e-07
16,6666,505,65,1.1105987421009845e-07,1.1841207677034593e-07,1.0549318062797184e-07
16,6666,505,66,8.631102284324202e-08,1.1583749311625095e-07,1.0128018740726465e-07
16,6666,505,67,6.421661471353115e-08,1.0577984446647821e-07,7.674085174827781e-08
16,6666,505,68,6.230953230837676e-08,8.995262839695765e-08,7.003516140513581e-08
16,6666,505,69,6.230067328490808e-08,8.171298288822344e-08,6.809386257346578e-08
16,6666,505,70,5.914313615592536e-08,7.973437981564039e-08,6.345531864749942e-08
16,6666,505,71,5.661879854383649e-08,6.178768258444583e-08,5.28899786942158e-08
16,6666,505,72,5.392802092860224e-08,5.984420520347631e-08,4.774390418448822e-08
16,6666,505,73,5.0052819765196406e-08,5.799555538078528e-08,4.590098229896841e-08
16,6666,505,74,3.656256744089498e-08,4.38252761593666e-08,4.308946530930509e-08
16,6666,505,75,3.291625737814382e-08,4.0919115962348566e-08,3.660446341636319e-08
16,6666,505,76,2.8400917044564763e-08,3.7498627439193956e-08,3.285309111841791e-08
16,6666,505,77,2.7583056434964555e-08,3.7032093100289664e-08,2.9200078481194698e-08
16,6666,505,78,2.6837932170822044e-08,2.939264332013205e-08,2.7449081375926178e-08
16,6666,505,79,2.5250283036486188e-08,2.7850044638575736e-08,2.3286412414281323e-08
16,6666,505,80,2.1785261268427884e-08,2.7038198924057654e-08,2.164223315746612e-08
16,6666,505,81,2.0794274720261975e-08,2.4306892213195383e-08,2.0431686022376013e-08
16,6666,505,82,1.6714557780870465e-08,2.3160574604761336e-08,1.7290785469864522e-08
16,6666,505,83,1.6092165953103342e-08,2.135073293955058e-08,1.5589101980259395e-08
16,6666,505,84,1.4280359326551703e-08,1.6757736185363233e-08,1.4355983562484248e-08
16,6666,505,85,1.3329430677599e-08,1.5876531793622467e-08,1.269242294706219e-08
16,6666,505,86,1.2092935693235283e-08,1.4931707671231832e-08,1.2043032915995201e-08
16,6666,505,87,9.282324288635873e-09,1.3775758628462275e-08,1.1601971121350345e-08
16,6666,505,88,9.059945298673355e-09,1.2948552107100745e-08,1.026526079414681e-08
16,6666,505,89,8.829030529133838e-09,1.1612406928949224e-08,9.668947551707707e-09
16,6666,505,90,7.822351612190035e-09,1.0794828878684489e-08,8.395056241512176e-09
16,6666,505,91,7.518323732879331e-09,1.0509718105889467e-08,8.262717979985697e-09
16,6666,505,92,6.530126356934471e-09,9.875753124372545e-09,6.978082357947888e-09
16,6666,505,93,5.7809964122611885e-09,9.403750789115955e-09,6.344612237534188e-09
16,6666,505,94,5.556841109549578e-09,8.222547822944728e-09,6.176162744509152e-09
16,6666,505,95,5.295563287924113e-09,7.212229924810914e-09,5.773006540114334e-09
16,6666,505,96,5.247281732686154e-09,7.012140363872198e-09,4.9730650859204986e-09
16,6666,505,97,4.765275505559485e-09,6.640753613239815e-09,4.285618210405356e-09
16,6666,505,98,4.626413798499816e-09,6.367571216510167e-09,4.110293708425901e-09
16,6666,505,99,4.194725925263352e-09,5.994792065666662e-09,3.73623083348006e-09
16,6666,505,100,3.2839564868535065e-09,5.2333233845520705e-09,3.5102930750554617e-09
16,6666,505,101,3.0526037343260345e-09,5.177217675846629e-09,3.2592033182641218e-09
16,6666,505,102,3.045277022518178e-09,4.56974616655897e-09,3.1623718346381868e-09
16,6666,505,103,2.94200751652696e-09,4.446378565614021e-09,2.8859104406658815e-09
16,6666,505,104,2.4734806998091937e-09,3.800572855360057e-09,2.699007991243455e-09
16,6666,505,105,2.4443755008017204e-09,3.6082253294012657e-09,2.471137700127845e-09
16,6666,505,106,2.4031199366340185e-09,3.1402821143451648e-09,2.2090816482945323e-09
16,6666,505,107,2.3037216179152838e-09,2.905017420079735e-09,1.9898183714611273e-09
16,6666,505,108,2.1644437110134627e-09,2.7406056251497937e-09,1.835402228621444e-09
16,6666,505,109,2.0918646255982543e-09,2.71420456307434e-09,1.7725518815211617e-09
16,6666,505,110,1.907169421669777e-09,2.5638724041528666e-09,1.6028816749285695e-09
16,6666,505,111,1.6457335291574244e-09,2.268452456186475e-09,1.492926030062059e-09
16,6666,505,112,1.3832247535592804e-09,2.176682626460821e-09,1.389226094391515e-09
16,6666,505,113,1.1486418836645803e-09,2.0431199837099015e-09,1.2510610094772584e-09
16,6666,505,114,1.1022898718651955e-09,1.8976669697747373e-09,1.1913155601787455e-09
16,6666,505,115,9.383032230014485e-10,1.6310175650842771e-09,1.0478075216695227e-09
16,6666,505,116,9.180570951497221e-10,1.5861469513409506e-09,1.0149699160753489e-09
16,6666,505,117,8.693248147387648e-10,1.4000961249433536e-09,9.981030197450968e-10
16,6666,505,118,8.562365388433377e-10,1.3589341302957427e-09,9.687939671029627e-10
16,6666,505,119,8.075720824922972e-10,1.1909915439570191e-09,8.319512899903974e-10
16,6666,505,120,7.291378413775961e-10,9.9006782396338e-10,7.207284376504973e-10
16,6666,505,121,6.188409745076357e-10,9.81221089597176e-10,6.739434898401286e-10
16,6666,505,122,5.961665383346068e-10,9.166456372417751e-10,6.047178743018552e-10
16,6666,505,123,5.06127483392424e-10,8.476334597948519e-10,5.713635039082402e-10
16,6666,505,124,4.768346105797782e-10,7.854930860247951e-10,5.395239952636192e-10
16,6666,505,125,4.4859155401377597e-10,7.498986438995423e-10,5.139075896453261e-10
16,6666,505,126,4.135807725541499e-10,6.397073027937006e-10,4.994838653592089e-10
16,6666,505,127,3.953578510182792e-10,5.423561326561315e-10,4.155030327034805e-10
16,6666,505,128,3.8723150702855126e-10,5.061997239022126e-10,4.0050807021355873e-10
16,6666,505,129,3.400376864541243e-10,4.5329803027980303e-10,3.8007125700575827e-10
16,6666,505,130,3.199485238472422e-10,4.2929419863645983e-10,3.4398582361327485e-10
16,6666,505,131,2.6127948962018814e-10,4.241935015615056e-10,3.118944990067623e-10
16,6666,505,132,2.330712368144329e-10,4.1609483803787037e-10,2.922374635068958e-10
16,6666,505,133,2.0214961713815646e-10,3.438384002523534e-10,2.587098684476961e-10
16,6666,505,134,1.9071339354187932e-10,3.372209106689199e-10,2.359848968763249e-10
16,6666,505,135,1.8960084290476238e-10,3.1101685870630363e-10,2.2965111434662245e-10
16,6666,505,136,1.7564536295812005e-10,2.8828763933572333e-10,2.0546983800784228e-10
16,6666,505,137,1.7350718728245603e-10,2.535429927162803e-10,1.9300936579773542e-10
16,6666,505,138,1.5709419755345405e-10,2.4207991491185536e-10,1.7693242836534819e-10
16,6666,505,139,1.3157102497613686e-10,2.1891248308861104e-10,1.5024404848542122e-10
16,6666,505,140,1.2879852164044648e-10,2.1297567304250468e-10,1.4254566149169915e-10
16,6666,505,141,1.211144581474127e-10,1.9394492468582677e-10,1.3051256764668498e-10
16,6666,505,142,9.795458455225404e-11,1.7973770737233213e-10,1.2358728430206924e-10
16,6666,505,143,9.56665013438651e-11,1.6897104662007915e-10,1.1145662733239801e-10
16,6666,505,144,7.931843131516115e-11,1.6364834238113433e-10,1.0755877181589615e-10
16,6666,505,145,6.674701432801038e-11,1.3867427417065671e-10,9.779064138490025e-11
16,6666,505,146,6.663237032407448e-11,1.1516695617431677e-10,8.861603231594486e-11
16,6666,505,147,5.997138259538986e-11,1.0914414788134426e-10,8.186117382303975e-11
16,6666,505,148,5.766023850646083e-11,9.993416286963256e-11,6.956599299262397e-11
16,6666,505,149,4.9979364806049075e-11,9.409081292843871e-11,6.531443713671694e-11
16,6666,505,150,4.2087423079191156e-11,9.063504376227825e-11,6.102591771283607e-11
16,6666,505,151,4.0188903234564975e-11,8.499765560609178e-11,5.534080452780378e-11
16,6666,505,152,3.8548171675947294e-11,8.018562518091432e-11,5.0550874049395035e-11
16,6666,505,153,3.6507072990846964e-11,7.579341884078925e-11,4.71902811521193e-11
16,6666,505,154,3.0549776712758406e-11,7.557131393493065e-11,4.114136542636491e-11
16,6666,505,155,2.9695039152737405e-11,6.612564806783526e-11,3.812905468399178e-11
16,6666,505,156,2.8421556540177443e-11,6.14687007478605e-11,3.612924586207232e-11
16,6666,505,157,2.592412115932241e-11,5.487251546559543e-11,3.371054841069717e-11
16,6666,505,158,2.4732245132641793e-11,5.236229188030798e-11,3.028392531214155e-11
16,6666,505,159,2.2660354123469234e-11,4.987473007433399e-11,2.792283460048374e-11
16,6666,505,160,2.0990716972299563e-11,4.7198692683329184e-11,2.5883864574549404e-11
16,6666,505,161,1.9650729703538322e-11,4.6152122715997354e-11,2.494755455277929e-11
16,6666,505,162,1.6918492168244792e-11,3.555614538695004e-11,2.2712990476213994e-11
16,6666,505,163,1.691524022730108e-11,3.424878214529719e-11,2.0515378224350635e-11
16,6666,505,164,1.6481526634231154e-11,3.2451494564429125e-11,2.0180876589619753e-11
16,6666,505,165,1.3397080678761729e-11,3.192315925179822e-11,1.731587050618187e-11
16,6666,505,166,1.2861596735796775e-11,2.5781466519563962e-11,1.684635575617553e-11
16,6666,505,167,1.1464440974534682e-11,2.5243546500908577e-11,1.5262878386797466e-11
16,6666,505,168,1.0481432822165956e-11,2.2142633119641638e-11,1.499138850604311e-11
16,6666,505,169,9.903321367838608e-12,2.1224122391784472e-11,1.2684082315463353e-11
16,6666,505,170,8.904323943537186e-12,2.0084877882010713e-11,1.124348582099741e-11
16,6666,505,171,8.687857194985455e-12,1.921635040868389e-11,1.0482764797883664e-11
16,6666,505,172,7.742472478407075e-12,1.8615679075655053e-11,9.584746465501142e-12
16,6666,505,173,7.060373009590104e-12,1.6451562709955926e-11,9.177783444586811e-12
16,6666,505,174,6.906084860013085e-12,1.5428779222309237e-11,8.082536176338301e-12
16,6666,505,175,6.2054705021524335e-12,1.3021248552828556e-11,7.7294257850713e-12
16,6666,505,176,6.097588915691206e-12,1.1401601315806385e-11,7.636315275473493e-12
16,6666,505,177,5.7818907094743855e-12,1.1224461210484625e-11,6.1517542839232205e-12
16,6666,505,178,5.284039276694861e-12,9.922956399587063e-12,5.755484371199052e-12
16,6666,505,179,5.1773488467289786e-12,9.327039682041914e-12,5.259635335048803e-12
16,6666,505,180,4.32538774797433e-12,7.843666894919739e-12,4.576624283457009e-12
16,6666,505,181,3.705606951879819e-12,7.532673514822481e-12,3.889919650340068e-12
16,6666,505,182,3.644107550152732e-12,6.835347522966738e-12,3.795825789190684e-12
16,6666,505,183,3.257072529706969e-12,5.751109992531207e-12,3.5957528716719676e-12
16,6666,505,184,3.1318131533430116e-12,5.441126389101275e-12,3.292649710707549e-12
16,6666,505,185,2.553530555263318e-12,5.0640538742659465e-12,3.03080703506759e-12
16,6666,505,186,2.114542940956297e-12,4.697605062850962e-12,2.7119274817852122e-12
16,6666,505,187,1.9963768688053294e-12,4.395808920848136e-12,2.5469158246365117e-12
16,6666,505,188,1.84891645412922e-12,4.2629144541198076e-12,2.4261435571280654e-12
16,6666,505,189,1.5661273168374667e-12,4.14252502491223e-12,2.2620681142174915e-12
16,6666,505,190,1.4812158133212801e-12,4.034729356929016e-12,2.0261038370961083e-12
16,6666,505,191,1.3143844064258116e-12,3.457418959835282e-12,1.7926620392124676e-12
16,6666,505,192,1.1029955975810167e-12,2.971917860960544e-12,1.6221522970725382e-12
16,6666,505,193,1.0631815451213853e-12,2.599237603418453e-12,1.4359737720699533e-12
16,6666,505,194,9.291681417798698e-13,2.064843072100968e-12,1.3467370510411802e-12
16,6666,505,195,8.642470018423169e-13,1.875928105119158e-12,1.078094442621757e-12
16,6666,505,196,7.746517721182368e-13,1.7450221206384844e-12,1.0157919426758139e-12
16,6666,505,197,6.301982658065661e-13,1.6898886357511463e-12,9.231400067137551e-13
16,6666,505,198,5.308357005480243e-13,1.5161935787877538e-12,8.843602017478272e-13
16,6666,505,199,4.857291889946977e-13,1.4265641491640572e-12,7.97193274621401e-13
16,6666,505,200,4.1491480617536007e-13,1.1747784137867617e-12,6.746398233769379e-13
16,6666,505,201,3.981063920059354e-13,1.1198985041567278e-12,6.080041376569783e-13
16,6666,505,202,3.5681450579001356e-13,9.378642340801129e-13,5.592062488049599e-13
16,6666,505,203,2.9514992306880506e-13,8.09430819137023e-13,5.19614314866172e-13
16,6666,505,204,2.720931943293511e-13,7.360818311606033e-13,4.5413114780999966e-13
16,6666,505,205,2.7189921595870254e-13,6.789765774139938e-13,3.595969972202282e-13
16,6666,505,206,2.407063549571992e-13,6.38069465162364e-13,3.434924885781806e-13
16,6666,505,207,2.1155125416635944e-13,5.582090610113483e-13,3.0243583677450837e-13
16,6666,505,208,1.9917767159277463e-13,4.822719768876902e-13,2.455316510272129e-13
16,6666,505,209,1.5544740530625894e-13,4.163874173547111e-13,2.3916255045757575e-13
16,6666,505,210,1.1967799707450843e-13,3.69408873952578e-13,1.9913124328569136e-13
16,6666,505,211,1.100429780606238e-13,3.0297133641853484e-13,1.7697985633649262e-13
16,6666,505,212,1.0138341206288247e-13,2.759529763059017e-13,1.6669414762290894e-13
16,6666,505,213,8.122005774900797e-14,2.6468494239980695e-13,1.395767369484855e-13
16,6666,505,214,7.467120477983551e-14,2.1977543998086108e-13,1.3261200460033922e-13
16,6666,505,215,6.248669178838224e-14,1.5337890441249574e-13,1.2137292649053316e-13
16,6666,505,216,5.658768551165242e-14,1.512064707878006e-13,1.0022716597420786e-13
16,6666,505,217,3.975262023799722e-14,1.2644300574639424e-13,8.798296814273292e-14
16,6666,505,218,3.4978154753565505e-14,1.2097430251502382e-13,7.956734084694554e-14
16,6666,505,219,3.2005343219171144e-14,1.1355461202201105e-13,7.431876723688144e-14
16,6666,505,220,3.112071707551116e-14,1.0910707626742864e-13,6.374631432849443e-14
16,6666,505,221,2.964779507895104e-14,8.672318554482703e-14,5.512366884415509e-14
16,6666,505,222,2.2804079175187913e-14,8.272118633738059e-14,3.633688365514799e-14
16,6666,505,223,2.2788158335211536e-14,7.775842988489928e-14,3.240510447398597e-14
16,6666,505,224,1.8441332067601727e-14,7.421281853075539e-14,2.9097408006044085e-14
16,6666,505,225,1.8227288793757403e-14,6.269398678434353e-14,2.861214524743627e-14
16,6666,505,226,1.439743381044252e-14,5.674370406905737e-14,2.548985945534917e-14
16,6666,505,227,1.3536695141424699e-14,4.1027742560772944e-14,2.12976302001088e-14
16,6666,505,228,1.1004370064433884e-14,3.48892569747041e-14,2.025501824661916e-14
16,6666,505,229,9.507082744526945e-15,3.4575824788279714e-14,1.620382100011287e-14
16,6666,505,230,7.260886204913048e-15,2.4967227058965192e-14,1.3465700150678713e-14
16,6666,505,231,5.5784220762909536e-15,2.2764393627260083e-14,1.3288945499053727e-14
16,6666,505,232,3.99822318715671e-15,2.2724461208871547e-14,9.77734049129825e-15
16,6666,505,233,3.874519221475972e-15,1.9019365856911592e-14,9.742723020942563e-15
16,6666,505,234,2.7490416181989823e-15,1.7019878621015547e-14,8.446065334411766e-15
16,6666,505,235,2.3160341456301637e-15,1.515259653722355e-14,4.600299016439462e-15
16,6666,505,236,2.152116512988894e-15,1.3251552124466994e-14,4.460199279720663e-15
16,6666,505,237,2.0175240272011785e-15,1.0189086390392702e-14,4.3787027966353736e-15
16,6666,505,238,1.899862377241558e-15,9.560208717169724e-15,2.2781053641168626e-15
16,6666,505,239,1.5377450346427108e-15,5.151376464999571e-15,2.1012230488510668e-15
16,6666,505,240,9.99999999999989e-16,4.882955935458519e-15,2.0815104899871562e-15
16,6666,505,241,9.99999999999989e-16,4.413845694313543e-15,1.4104842955726223e-15
16,6666,505,242,9.99999999999989e-16,3.6377128802849886e-15,9.99999999999989e-16
16,6666,505,243,9.99999999999989e-16,2.3318537623917706e-15,9.99999999999989e-16
16,6666,505,244,9.99999999999989e-16,1.4437590221613158e-15,9.99999999999989e-16
16,6666,505,245,9.99999999999989e-16,9.999999999999914e-16,9.99999999999989e-16
16,6666,505,246,9.99999999999989e-16,9.999999999999914e-16,9.99999999999989e-16
16,6666,505,247,9.99999999999989e-16,9.999999999999914e-16,9.99999999999989e-16
16,6666,505,248,9.99999999999989e-16,9.999999999999914e-16,9.99999999999989e-16
16,6666,505,249,9.99999999999989e-16,9.999999999999914e-16,9.99999999999989e-16
16,6666,505,250,9.99999999999989e-16,9.999999999999914e-16,9.99999999999989e-16
16,6666,505,251,9.99999999999989e-16,9.999999999999914e-16,9.99999999999989e-16
16,6666,505,252,9.99999999999989e-16,9.999999999999914e-16,9.99999999999989e-16
16,6666,505,253,9.99999999999989e-16,9.999999999999914e-16,9.99999999999989e-16
16,6666,505,254,9.99999999999989e-16,9.999999999999914e-16,9.99999999999989e-16
16,6666,505,255,9.99999999999989e-16,9.999999999999914e-16,9.99999999999989e-16
16,6666,505,256,9.99999999999989e-16,9.999999999999914e-16,9.99999999999989e-16
16,9012,101,1,0.8906792124476115,0.8922965658609121,0.892314859825629
16,9012,101,2,0.04964982440451865,0.049211353667191135,0.04841851775219812
16,9012,101,3,0.02523923126745419,0.02487521531827375,0.02513494450962262
16,9012,101,4,0.02006997092461851,0.01966313923793787,0.020295899838040924
16,9012,101,5,0.0057884883191736064,0.005564027220520371,0.006009822997678191
16,9012,101,6,0.002505996262099005,0.0024557899946311638,0.0024159312976780997
16,9012,101,7,0.0014448129402657918,0.0014433379186168849,0.0013885532957328207
16,9012,101,8,0.0012743709476429287,0.001269159290799574,0.0010906404713411269
16,9012,101,9,0.00073054835994159,0.0006831830575936652,0.0006400693596137329
16,9012,101,10,0.0006544336767406462,0.0006694839785318581,0.0005418708985459154
16,9012,101,11,0.0005054847927075658,0.00043304920079072933,0.00041911954954311714
16,9012,101,12,0.00026298600492765284,0.0002556469557230787,0.00028819180317123805
16,9012,101,13,0.00024805797998072286,0.00023246863068986814,0.0002076640830865139
16,9012,101,14,0.00017600446915030653,0.0001484150868085779,0.00016249797697344192
16,9012,101,15,0.00013205685745935886,0.0001466329909002827,0.00012718263969279536
16,9012,101,16,0.00012320919452951976,0.0001178662003454214,0.0001139620002251813
16,9012,101,17,0.00010158074964109906,0.00010905166693413485,8.400081423705228e-05
16,9012,101,18,9.049881611407286e-05,9.138071396950496e-05,7.3164680341855e-05
16,9012,101,19,5.547462777726761e-05,5.102060060163022e-05,5.0120881653051016e-05
16,9012,101,20,4.729351380274246e-05,4.79211459035924e-05,4.0217939131420326e-05
16,9012,101,21,3.600869723151064e-05,4.115161643038023e-05,3.2518577580538494e-05
16,9012,101,22,3.1708685496206784e-05,2.6255469681244074e-05,2.9178116824826056e-05
16,9012,101,23,2.1513926919737975e-05,2.3472932621675015e-05,1.7285060393429466e-05
16,9012,101,24,1.8467215778799482e-05,1.8578677668211413e-05,1.4303563392942086e-05
16,9012,101,25,1.376626764586434e-05,1.60253951499453e-05,1.1479645310265023e-05
16,9012,101,26,1.2393462331253696e-05,1.3703244097966526e-05,1.0397064041315725e-05
16,9012,101,27,1.2017119468284327e-05,1.2334720619075536e-05,8.872115278619159e-06
16,9012,101,28,9.691061811449511e-06,1.2296310486020317e-05,8.586980501532109e-06
16,9012,101,29,8.574156380108874e-06,1.049978732275765e-05,6.259614012119487e-06
16,9012,101,30,7.412671267678229e-06,7.969001524735509e-06,6.094857947422319e-06
16,9012,101,31,5.614272182325638e-06,6.811393712530372e-06,4.939649043822452e-06
16,9012,101,32,5.485500032042431e-06,5.9986622976237955e-06,4.6595735248440644e-06
16,9012,101,33,4.747271822673643e-06,4.324323540898488e-06,3.3571608372106316e-06
16,9012,101,34,4.500245503902776e-06,3.6760651512015275e-06,3.1681856511799997e-06
16,9012,101,35,2.775809291165409e-06,3.599631261129986e-06,2.5990507676750345e-06
16,9012,101,36,2.689045342327677e-06,3.055571570198558e-06,2.5634524425500053e-06
16,9012,101,37,2.5007703898464285e-06,2.820496670675561e-06,1.873601725440267e-06
16,9012,101,38,2.4175971666159544e-06,2.197029626297205e-06,1.6648355926516187e-06
16,9012,101,39,1.707755682865144e-06,1.9421782022310843e-06,1.4813006462634134e-06
16,9012,101,40,1.6766332459048715e-06,1.7458181898923487e-06,1.2864178815390184e-06
16,9012,101,41,1.3936305321823477e-06,1.5728925443460793e-06,1.2572764665637116e-06
16,9012,101,42,1.3595727048767203e-06,1.4939803780540244e-06,9.119270434744932e-07
16,9012,101,43,1.3068109361192694e-06,1.4458690290031535e-06,8.47688498114337e-07
16,9012,101,44,1.1630334117349306e-06,1.333804066831023e-06,8.268798588645931e-07
16,9012,101,45,1.1168393463567504e-06,1.2175339688639295e-06,7.190230390084041e-07
16,9012,101,46,1.0588967192831904e-06,9.983719571178048e-07,6.172718039878052e-07
16,9012,101,47,8.672620830030082e-07,9.614861545731973e-07,5.37488894787151e-07
16,9012,101,48,7.980423568557206e-07,9.012905129508466e-07,5.028377050844195e-07
16,9012,101,49,6.103471088770113e-07,7.013366444158037e-07,4.1788107539955054e-07
16,9012,101,50,5.400140431841778e-07,6.831863683861391e-07,3.998085287750957e-07
16,9012,101,51,4.61620040737282e-07,5.670260498023326e-07,3.5736360471418855e-07
16,9012,101,52,4.3998790575491e-07,4.480606887421901e-07,2.9630241347988407e-07
16,9012,101,53,3.9485077923110906e-07,3.920533054059716e-07,2.624904607975699e-07
16,9012,101,54,3.3657677329360005e-07,3.709128218077649e-07,2.5903735085155943e-07
16,9012,101,55,3.1595670244092637e-07,3.604797173150805e-07,2.1915975784148759e-07
16,9012,101,56,2.874959562294922e-07,3.1537927471061635e-07,2.013850595782505e-07
16,9012,101,57,2.2555578820447456e-07,2.611961559348023e-07,1.7092186467080503e-07
16,9012,101,58,1.8553227933283858e-07,2.56933415012564e-07,1.420730150437709e-07
16,9012,101,59,1.574973092249543e-07,2.504385528932288e-07,1.1713770581564596e-07
16,9012,101,60,1.4937183109958325e-07,2.316925873773861e-07,1.0686788019244696e-07
16,9012,101,61,1.4723115544347996e-07,1.690955013676962e-07,1.025443753969275e-07
16,9012,101,62,1.322665542318741e-07,1.6517189662794172e-07,9.188819285539371e-08
16,9012,101,63,1.24876750284102e-07,1.4258199607853055e-07,7.981680920870061e-08
16,9012,101,64,1.2307726926184942e-07,1.2008159963342318e-07,6.967019233638317e-08
16,9012,101,65,1.0960361592108242e-07,1.1890999888946556e-07,6.563599851885667e-08
16,9012,101,66,8.145182758715632e-08,1.0946865111846037e-07,5.470713500000678e-08
16,9012,101,67,7.116394637346334e-08,1.0909138902459787e-07,5.0154309883605325e-08
16,9012,101,68,7.071616982897917e-08,1.0303079494264982e-07,4.795244686917803e-08
16,9012,101,69,6.516869360007177e-08,8.745739298586114e-08,4.590977017350107e-08
16,9012,101,70,5.562940845383637e-08,7.249818579342296e-08,3.6135733408186307e-08
16,9012,101,71,5.366923671204575e-08,7.159166653315319e-08,3.304031742619678e-08
16,9012,101,72,4.645975536489833e-08,6.679855732402663e-08,3.0966888037162074e-08
16,9012,101,73,4.2678128935975054e-08,6.004188003283604e-08,2.7267152672067255e-08
16,9012,101,74,4.236582009933701e-08,5.06515596899217e-08,2.6480115292487762e-08
16,9012,101,75,3.971984666603703e-08,4.6079229743844e-08,2.4641750885639756e-08
16,9012,101,76,3.5367600261164703e-08,4.4698187647816685e-08,2.2195354259549948e-08
16,9012,101,77,3.4165898702281346e-08,4.104443460307478e-08,2.0908020246702628e-08
16,9012,101,78,3.177870449041255e-08,3.780300086241113e-08,1.587640071121156e-08
16,9012,101,79,2.8786195031761095e-08,3.584224642315041e-08,1.5503928913499353e-08
16,9012,101,80,2.5778866442106503e-08,3.43883140850588e-08,1.403699797888557e-08
16,9012,101,81,2.5592484593155104e-08,3.039553679949325e-08,1.2693404485397516e-08
16,9012,101,82,1.9410988032887828e-08,2.967788491672982e-08,1.222700541080125e-08
16,9012,101,83,1.9103050556642986e-08,2.5700181147620813e-08,1.166978640789436e-08
16,9012,101,84,1.697998816071838e-08,2.4319363656166855e-08,9.531185767502814e-09
16,9012,101,85,1.658363777879239e-08,2.4053529728796654e-08,8.623042471263177e-09
16,9012,101,86,1.4181182029815986e-08,2.0939000771276633e-08,8.094988173486056e-09
16,9012,101,87,1.394637995767609e-08,1.8591712109566898e-08,7.266333297235779e-09
16,9012,101,88,1.1089933381674104e-08,1.767740005526483e-08,6.4932599672337025e-09
16,9012,101,89,1.0957042113782656e-08,1.705087821034912e-08,6.370132563328572e-09
16,9012,101,90,9.557273516051799e-09,1.3436831389567112e-08,5.938689333841549e-09
16,9012,101,91,8.373023654524466e-09,1.2575534996616552e-08,5.561652272581514e-09
16,9012,101,92,8.040541878099613e-09,1.1021441093531737e-08,4.8566636537086415e-09
16,9012,101,93,7.2983087698885654e-09,1.0010961297225364e-08,4.2681994756724615e-09
16,9012,101,94,7.0814495082169955e-09,9.673763522299815e-09,3.944079404852915e-09
16,9012,101,95,6.771031075384586e-09,8.41307132846775e-09,3.569836506117871e-09
16,9012,101,96,5.452413996171583e-09,7.934464584402809e-09,3.4381083494634643e-09
16,9012,101,97,5.132930113746832e-09,7.178090856993109e-09,3.282276065076341e-09
16,9012,101,98,4.458114988691474e-09,7.071862167267382e-09,3.007272696102143e-09
16,9012,101,99,4.409234034654762e-09,6.790110614814923e-09,2.7572216498495688e-09
16,9012,101,100,3.904054574333828e-09,5.9759301250328255e-09,2.2585966465344973e-09
16,9012,101,101,3.370988859133201e-09,5.8828153592883e-09,2.1540416845225428e-09
16,9012,101,102,3.3206695383815395e-09,5.53457771220615e-09,2.007600087305939e-09
16,9012,101,103,3.3076941739008907e-09,5.42359800047791e-09,1.8808418832386296e-09
16,9012,101,104,2.795093995612972e-09,4.962603196057317e-09,1.7014680716070504e-09
16,9012,101,105,2.5084601733280776e-09,4.510093948742938e-09,1.54929196584446e-09
16,9012,101,106,2.4557461434020695e-09,3.524332167610302e-09,1.4393612243517355e-09
16,9012,101,107,2.304792943915376e-09,3.306974568736427e-09,1.3912122438310486e-09
16,9012,101,108,2.12513167191502e-09,2.906568564872286e-09,1.2214604896514999e-09
16,9012,101,109,1.9598840252999044e-09,2.8715109636733204e-09,1.0890613828730873e-09
16,9012,101,110,1.8560333435588507e-09,2.7492186292716688e-09,1.0604841802361756e-09
16,9012,101,111,1.6252267457014763e-09,2.4534374848959684e-09,1.0185826385029307e-09
16,9012,101,112,1.6003250764198508e-09,2.395244019989718e-09,8.998138701955042e-10
16,9012,101,113,1.3334468606869113e-09,2.1262497868812973e-09,8.191022696815938e-10
16,9012,101,114,1.2201438902373118e-09,2.039561847543592e-09,7.214569007902953e-10
16,9012,101,115,1.1822565618506942e-09,1.9066596982393978e-09,5.914491258189361e-10
16,9012,101,116,1.1030412709930516e-09,1.5911780298582661e-09,5.523859350054965e-10
16,9012,101,117,9.530113974823352e-10,1.487135239335905e-09,5.261067071540758e-10
16,9012,101,118,8.763210793610018e-10,1.2710273189843551e-09,4.714673434168219e-10
16,9012,101,119,7.715711390016251e-10,1.2051967033311524e-09,4.651228857156702e-10
16,9012,101,120,7.268562701990885e-10,1.111978015263148e-09,3.872193921939628e-10
16,9012,101,121,6.970015278895227e-10,1.0217828444547905e-09,3.433239189023454e-10
16,9012,101,122,6.686556800693564e-10,9.821131577981321e-10,3.182410272776785e-10
16,9012,101,123,6.174561766566959e-10,9.464602480586732e-10,2.87814104842886e-10
16,9012,101,124,5.753241840302898e-10,8.829747872441618e-10,2.646855164892322e-10
16,9012,101,125,4.478629781073782e-10,8.480308756252401e-10,2.573120086867166e-10
16,9012,101,126,4.290544754340894e-10,7.741382911238107e-10,2.461459901373808e-10
16,9012,101,127,4.010860924889023e-10,6.6540156267235e-10,2.336487650274813e-10
16,9012,101,128,3.8970040051279375e-10,6.162691246036811e-10,2.21449416851945e-10
16,9012,101,129,3.7478833033342173e-10,5.920490327702578e-10,1.969609366837784e-10
16,9012,101,130,3.06639519744381e-10,5.502747697741318e-10,1.839081045232676e-10
16,9012,101,131,2.785198886875094e-10,5.370686525817718e-10,1.7399612148896029e-10
16,9012,101,132,2.590441898033338e-10,5.109936876581662e-10,1.5703273326450167e-10
16,9012,101,133,2.4811595654904603e-10,5.005090802015176e-10,1.4336490190948711e-10
16,9012,101,134,2.38714809391302e-10,4.306514965867414e-10,1.3538417677159225e-10
16,9012,101,135,2.268490799379656e-10,3.9365325641099166e-10,1.2509312743717266e-10
16,9012,101,136,2.2572772538307432e-10,3.256008753528546e-10,1.1332682111043716e-10
16,9012,101,137,2.003448694728373e-10,3.047594998382028e-10,1.0007599258515953e-10
16,9012,101,138,1.9348078854711585e-10,2.996797071632076e-10,8.908299345157261e-11
16,9012,101,139,1.5243734024954685e-10,2.6230490856184793e-10,8.336704533841212e-11
16,9012,101,140,1.504587009481559e-10,2.5782648973071813e-10,7.844595124050561e-11
16,9012,101,141,1.4680045229358506e-10,2.2793999624867142e-10,7.225686350666986e-11
16,9012,101,142,1.3360460910092495e-10,2.1784929015900342e-10,6.928955849147269e-11
16,9012,101,143,1.1942074511494525e-10,2.096351657913298e-10,6.48231995893508e-11
16,9012,101,144,1.0177499358491455e-10,1.9647107412692402e-10,6.151575245111803e-11
16,9012,101,145,9.281116596290951e-11,1.8693215987337917e-10,4.796784008522263e-11
16,9012,101,146,9.071243486164567e-11,1.6355028045264864e-10,4.3071654509599736e-11
16,9012,101,147,7.790680254002014e-11,1.5633905669799196e-10,3.873135336560645e-11
16,9012,101,148,6.639782270433016e-11,1.4077754406658523e-10,3.595440653776741e-11
16,9012,101,149,6.597355271502976e-11,1.352476454400266e-10,3.2526278645069e-11
16,9012,101,150,6.131521931520763e-11,1.2660910012152644e-10,3.0855074122819955e-11
16,9012,101,151,5.3094679603854204e-11,1.2578395455936445e-10,3.0199470734022576e-11
16,9012,101,152,4.892048214370316e-11,1.1426538222549935e-10,2.889024235939344e-11
16,9012,101,153,4.570144225762586e-11,9.8966164463182e-11,2.570840024724129e-11
16,9012,101,154,4.128010999943458e-11,9.67970697191464e-11,2.355704394734908e-11
16,9012,101,155,3.668201395597901e-11,9.429077997283476e-11,2.089137286279803e-11
16,9012,101,156,3.6522862973989194e-11,8.53321210581089e-11,1.8984886594641565e-11
16,9012,101,157,2.976603460397174e-11,7.02343310962879e-11,1.8136903219855457e-11
16,9012,101,158,2.962904920163398e-11,6.60231186873144e-11,1.7646813066761774e-11
16,9012,101,159,2.8651535689039693e-11,5.391527346968714e-11,1.4334762690708728e-11
16,9012,101,160,2.6544435627086505e-11,5.368685855819227e-11,1.3177298278134267e-11
16,9012,101,161,2.4969363780018528e-11,4.8893030146206445e-11,1.2419081336799106e-11
16,9012,101,162,2.3502123514397567e-11,4.692526484309717e-11,1.2065722409693714e-11
16,9012,101,163,2.007652310181912e-11,4.1646995051519365e-11,1.1114554015423286e-11
16,9012,101,164,1.9281663867096653e-11,4.0167076599520954e-11,9.914459157579986e-12
16,9012,101,165,1.878408335090781e-11,3.375628314942477e-11,9.552501009583963e-12
16,9012,101,166,1.752693186515873e-11,3.365991217431629e-11,8.34806037304851e-12
16,9012,101,167,1.5860997665887383e-11,3.23595462414101e-11,7.903613319712166e-12
16,9012,101,168,1.3273389474426075e-11,3.05400358671055e-11,7.369031601143296e-12
16,9012,101,169,1.1549374017058586e-11,2.822677344096816e-11,6.5461493945239856e-12
16,9012,101,170,1.1480120184937342e-11,2.2391922770067285e-11,6.323321492757782e-12
16,9012,101,171,1.1296843518563054e-11,2.1011712128671198e-11,5.393987554091042e-12
16,9012,101,172,1.0506925610874622e-11,2.0420196397920354e-11,5.054753198553856e-12
16,9012,101,173,9.1486790267973e-12,1.7712888276693743e-11,4.4042896123664e-12
16,9012,101,174,8.425038681344834e-12,1.7648912039615932e-11,4.094344180012929e-12
16,9012,101,175,7.063542882754064e-12,1.6536047623062385e-11,3.673450835824682e-12
16,9012,101,176,7.0247529565555106e-12,1.6317101939143995e-11,3.4105676481972054e-12
16,9012,101,177,6.508522067885506e-12,1.2290805998798693e-11,2.8376018697280926e-12
16,9012,101,178,5.9224605539267565e-12,1.1012353939097013e-11,2.6661947898395046e-12
16,9012,101,179,5.449763594638895e-12,1.0576611843570567e-11,2.5092384133468474e-12
16,9012,101,180,4.471003975718768e-12,9.791346200043636e-12,2.171958127614256e-12
16,9012,101,181,4.4048899807005655e-12,9.458368214699326e-12,2.0943541032899754e-12
16,9012,101,182,3.954050676279483e-12,7.780628993910549e-12,1.8498680647305513e-12
16,9012,101,183,3.323146076692284e-12,7.68841428945487e-12,1.6196182880570196e-12
16,9012,101,184,3.027257098697987e-12,7.589985758093188e-12,1.5387178394157736e-12
16,9012,101,185,2.987330298090792e-12,6.935584913164e-12,1.4862677978242165e-12
16,9012,101,186,2.284690454017834e-12,6.708029005136562e-12,1.1653226316067108e-12
16,9012,101,187,2.1646453490046297e-12,5.55860780441768e-12,1.0166133697845878e-12
16,9012,101,188,2.1608365047690596e-12,5.225027492152933e-12,9.25727203118841e-13
16,9012,101,189,1.8132990547752784e-12,4.8312812486102646e-12,8.836976347017745e-13
16,9012,101,190,1.6897963255723317e-12,4.35473191509401e-12,8.390980276397989e-13
16,9012,101,191,1.6824946375035774e-12,3.655255371412023e-12,7.74497327493397e-13
16,9012,101,192,1.4490591382499022e-12,3.133881806046835e-12,6.480685861297377e-13
16,9012,101,193,1.1782217391669757e-12,2.9172882302847404e-12,5.404074573700096e-13
16,9012,101,194,1.1184409911006291e-12,2.781117121299311e-12,5.042647819901114e-13
16,9012,101,195,9.0648968941097e-13,2.71493065381634e-12,4.769070214827833e-13
16,9012,101,196,7.39219686381796e-13,2.359942151630376e-12,4.471452059284427e-13
16,9012,101,197,7.378409457859758e-13,2.129521698769518e-12,3.912514369725412e-13
16,9012,101,198,7.01456414980419e-13,1.903183669292146e-12,3.616794128242667e-13
16,9012,101,199,6.311275021031647e-13,1.5816807761931176e-12,3.1104254949406244e-13
16,9012,101,200,6.309246556937017e-13,1.4779294788527729e-12,2.7038343544857165e-13
16,9012,101,201,4.653325258973811e-13,1.1432414875853809e-12,2.564761507335939e-13
16,9012,101,202,4.405473112843871e-13,1.1037753974785553e-12,2.408307997040022e-13
16,9012,101,203,3.9696022122937264e-13,1.0183082391378323e-12,2.042240552115559e-13
16,9012,101,204,3.6037095558469936e-13,9.327623546778515e-13,1.8457617277038226e-13
16,9012,101,205,2.8566372063850205e-13,8.109884458465859e-13,1.5361907991666728e-13
16,9012,101,206,2.832896782489948e-13,7.25855324872792e-13,1.3363675972895939e-13
16,9012,101,207,2.6489868476769845e-13,6.981395097473672e-13,1.2712834081386412e-13
16,9012,101,208,2.2473258592021294e-13,6.366065317758263e-13,1.1231864453217682e-13
16,9012,101,209,1.9897969780982062e-13,6.111238781086738e-13,9.62537111015651e-14
16,9012,101,210,1.7578493248202976e-13,5.72126643643643e-13,8.363478696493864e-14
16,9012,101,211,1.7557304899689154e-13,5.546124956784216e-13,7.211085559850574e-14
16,9012,101,212,1.6360251428407032e-13,4.693577395163647e-13,6.762322355602015e-14
16,9012,101,213,1.4311185939492728e-13,3.928510216681596e-13,6.259645337800707e-14
16,9012,101,214,1.3097425150286255e-13,3.7260158159091615e-13,5.620637603140343e-14
16,9012,101,215,1.1218592532908269e-13,3.156838377854553e-13,5.110600736612036e-14
16,9012,101,216,1.0014601734794694e-13,3.006704640329739e-13,3.9970655793452664e-14
16,9012,101,217,8.005120837376372e-14,2.711046613894303e-13,3.00530251278442e-14
16,9012,101,218,7.627152751172927e-14,2.287671491762951e-13,3.004666877875028e-14
16,9012,101,219,6.433868686187962e-14,1.7217685909904367e-13,2.5884205707289437e-14
16,9012,101,220,5.695862591385727e-14,1.5660045491762789e-13,2.1980275153111246e-14
16,9012,101,221,5.5033753961003456e-14,1.3722089120031427e-13,2.0820066487597823e-14
16,9012,101,222,4.354054012710247e-14,1.2824670518657445e-13,1.6381223269605324e-14
16,9012,101,223,3.636252803162634e-14,1.1523749267118355e-13,1.2376706381347316e-14
16,9012,101,224,3.410395294043388e-14,8.403051066142737e-14,1.0802235758335209e-14
16,9012,101,225,3.212902990083885e-14,7.899113554942105e-14,1.0770924950000048e-14
16,9012,101,226,2.630170083805713e-14,6.543185913060668e-14,8.295382263721936e-15
16,9012,101,227,2.3724159331769828e-14,6.270326527740549e-14,8.066842278451693e-15
16,9012,101,228,2.0127923065462294e-14,4.8015145451341715e-14,6.920606269215238e-15
16,9012,101,229,1.5054222933211568e-14,4.134608642050528e-14,5.0764328082163025e-15
16,9012,101,230,1.4539198112870846e-14,3.881152332536501e-14,4.041896672759934e-15
16,9012,101,231,9.674263729675424e-15,3.39752416198628e-14,4.032742586748988e-15
16,9012,101,232,8.003376095076999e-15,2.7028659652568e-14,2.758333975477463e-15
16,9012,101,233,5.860827396301248e-15,2.1927325938613933e-14,2.5926395985798756e-15
16,9012,101,234,4.853078692334073e-15,1.600125484976776e-14,2.0183588092281767e-15
16,9012,101,235,4.699934419481974e-15,1.0397960181723055e-14,1.9087102726005776e-15
16,9012,101,236,3.194976422427061e-15,9.602269816544612e-15,1.7402898127690635e-15
16,9012,101,237,2.8819206742249165e-15,8.354360091396151e-15,9.999999999999855e-16
16,9012,101,238,2.1593175048511197e-15,7.275161501878597e-15,9.999999999999855e-16
16,9012,101,239,1.9908035947781002e-15,4.989459053263255e-15,9.999999999999855e-16
16,9012,101,240,1.869593337839055e-15,4.2035807199641836e-15,9.999999999999855e-16
16,9012,101,241,1.5355860135585964e-15,3.954196983981095e-15,9.999999999999855e-16
16,9012,101,242,1.3272738664118507e-15,2.5484068254401944e-15,9.999999999999855e-16
16,9012,101,243,9.9999999999999e-16,1.960732111454403e-15,9.999999999999855e-16
16,9012,101,244,9.9999999999999e-16,1.9379913216566567e-15,9.999999999999855e-16
16,9012,101,245,9.9999999999999e-16,1.0841199709582841e-15,9.999999999999855e-16
16,9012,101,246,9.9999999999999e-16,9.999999999999914e-16,9.999999999999855e-16
16,9012,101,247,9.9999999999999e-16,9.999999999999914e-16,9.999999999999855e-16
16,9012,101,248,9.9999999999999e-16,9.999999999999914e-16,9.999999999999855e-16
16,9012,101,249,9.9999999999999e-16,9.999999999999914e-16,9.999999999999855e-16
16,9012,101,250,9.9999999999999e-16,9.999999999999914e-16,9.999999999999855e-16
16,9012,101,251,9.9999999999999e-16,9.999999999999914e-16,9.999999999999855e-16
16,9012,101,252,9.9999999999999e-16,9.999999999999914e-16,9.999999999999855e-16
16,9012,101,253,9.9999999999999e-16,9.999999999999914e-16,9.999999999999855e-16
16,9012,101,254,9.9999999999999e-16,9.999999999999914e-16,9.999999999999855e-16
16,9012,101,255,9.9999999999999e-16,9.999999999999914e-16,9.999999999999855e-16
16,9012,101,256,9.9999999999999e-16,9.999999999999914e-16,9.999999999999855e-16
16,9012,202,1,0.8906792124476115,0.8915510208901465,0.8900107241569482
16,9012,202,2,0.04964982440451865,0.05025264361499448,0.05019678187067087
16,9012,202,3,0.02523923126745419,0.024441477303219227,0.02554345314879387
16,9012,202,4,0.02006997092461851,0.01976102918811214,0.02034272873861252
16,9012,202,5,0.0057884883191736064,0.005683575039698768,0.005810749419320905
16,9012,202,6,0.002505996262099005,0.002352983750595174,0.002486951792543066
16,9012,202,7,0.0014448129402657918,0.0014269125312563321,0.001456636882649134
16,9012,202,8,0.0012743709476429287,0.0012061197396941823,0.0011932983419805432
16,9012,202,9,0.00073054835994159,0.0007466639482772135,0.0006279746939660769
16,9012,202,10,0.0006544336767406462,0.000630599604790006,0.000557734852772434
16,9012,202,11,0.0005054847927075658,0.0004528392549129279,0.000424452991545557
16,9012,202,12,0.00026298600492765284,0.0002704072240112701,0.0002579300048018421
16,9012,202,13,0.00024805797998072286,0.00023210752660466163,0.00023850345753222848
16,9012,202,14,0.00017600446915030653,0.00016050481757802672,0.00016240308449656029
16,9012,202,15,0.00013205685745935886,0.00015672269794636453,0.00012381430623275766
16,9012,202,16,0.00012320919452951976,0.00013830393702730584,0.00011816995872501561
16,9012,202,17,0.00010158074964109906,0.00011793387842019114,0.00010042942665480613
16,9012,202,18,9.049881611407286e-05,9.947204895944004e-05,7.07338922057883e-05
16,9012,202,19,5.547462777726761e-05,6.129081500943236e-05,5.151756547240382e-05
16,9012,202,20,4.729351380274246e-05,4.4691148231328805e-05,4.5361636932283515e-05
16,9012,202,21,3.600869723151064e-05,3.4702471515105634e-05,3.1884792397560363e-05
16,9012,202,22,3.1708685496206784e-05,2.4742214732882505e-05,2.726939537630773e-05
16,9012,202,23,2.1513926919737975e-05,2.1534327539435042e-05,2.0026394549808194e-05
16,9012,202,24,1.8467215778799482e-05,1.5368660314514526e-05,1.4212143955971405e-05
16,9012,202,25,1.376626764586434e-05,1.3943693794299733e-05,1.2524792276843219e-05
16,9012,202,26,1.2393462331253696e-05,1.2461998186465907e-05,9.232226565157095e-06
16,9012,202,27,1.2017119468284327e-05,1.0406195772402411e-05,7.625931056340477e-06
16,9012,202,28,9.691061811449511e-06,9.59459482669583e-06,6.6373744876600365e-06
16,9012,202,29,8.574156380108874e-06,8.208878933762863e-06,6.597379157509228e-06
16,9012,202,30,7.412671267678229e-06,7.842076609162235e-06,5.395767085330473e-06
16,9012,202,31,5.614272182325638e-06,6.494426427006328e-06,4.691759283451225e-06
16,9012,202,32,5.485500032042431e-06,6.075267081360937e-06,4.472110005334674e-06
16,9012,202,33,4.747271822673643e-06,4.744111386995331e-06,3.50106587164462e-06
16,9012,202,34,4.500245503902776e-06,4.178140484446368e-06,3.3455853876131653e-06
16,9012,202,35,2.775809291165409e-06,3.876815569084064e-06,3.065783586316285e-06
16,9012,202,36,2.689045342327677e-06,3.0465710762573683e-06,2.2994955915501597e-06
16,9012,202,37,2.5007703898464285e-06,2.682583940219374e-06,1.959884038426778e-06
16,9012,202,38,2.4175971666159544e-06,2.346635479233206e-06,1.60702597813047e-06
16,9012,202,39,1.707755682865144e-06,2.2839255091064068e-06,1.5990587417188396e-06
16,9012,202,40,1.6766332459048715e-06,2.0602030146435603e-06,1.1933217044649076e-06
16,9012,202,41,1.3936305321823477e-06,1.6573825312589147e-06,1.0848469468286841e-06
16,9012,202,42,1.3595727048767203e-06,1.4944468108522346e-06,1.0063221115833557e-06
16,9012,202,43,1.3068109361192694e-06,1.47964851851236e-06,9.229265109820747e-07
16,9012,202,44,1.1630334117349306e-06,1.224397322504908e-06,8.274215309042532e-07
16,9012,202,45,1.1168393463567504e-06,1.0323587486670562e-06,7.078382458619199e-07
16,9012,202,46,1.0588967192831904e-06,9.28557573759947e-07,6.620088384728245e-07
16,9012,202,47,8.672620830030082e-07,8.985714685964548e-07,6.458782038049642e-07
16,9012,202,48,7.980423568557206e-07,7.611640348880519e-07,5.294606602650137e-07
16,9012,202,49,6.103471088770113e-07,7.20966811432234e-07,5.204792946561007e-07
16,9012,202,50,5.400140431841778e-07,6.966986299233488e-07,4.5238884101593006e-07
16,9012,202,51,4.61620040737282e-07,5.248211248127665e-07,4.1781793422183215e-07
16,9012,202,52,4.3998790575491e-07,4.763727532161212e-07,2.9748072832427373e-07
16,9012,202,53,3.9485077923110906e-07,4.051986166224834e-07,2.6903899016678557e-07
16,9012,202,54,3.3657677329360005e-07,3.2670317043492245e-07,2.361906809226758e-07
16,9012,202,55,3.1595670244092637e-07,2.932372166557986e-07,2.0770733843018384e-07
16,9012,202,56,2.874959562294922e-07,2.652796403420824e-07,2.044371114003408e-07
16,9012,202,57,2.2555578820447456e-07,2.476077784365368e-07,1.7620240545145362e-07
16,9012,202,58,1.8553227933283858e-07,2.4149690973837434e-07,1.4241484707126765e-07
16,9012,202,59,1.574973092249543e-07,2.1200632090579048e-07,1.1653138625753344e-07
16,9012,202,60,1.4937183109958325e-07,1.8057927742864123e-07,1.0843529848889355e-07
16,9012,202,61,1.4723115544347996e-07,1.7306757866926964e-07,9.06611338409078e-08
16,9012,202,62,1.322665542318741e-07,1.5526105731478306e-07,8.569160260464552e-08
16,9012,202,63,1.24876750284102e-07,1.4405232599178954e-07,7.423818637462946e-08
16,9012,202,64,1.2307726926184942e-07,1.2767096302492908e-07,6.602502430957002e-08
16,9012,202,65,1.0960361592108242e-07,1.1856245521756695e-07,5.091746200623381e-08
16,9012,202,66,8.145182758715632e-08,1.0855476054095764e-07,5.065604800171944e-08
16,9012,202,67,7.116394637346334e-08,1.072098816961929e-07,4.850669228584088e-08
16,9012,202,68,7.071616982897917e-08,9.228412006332056e-08,4.407905929362922e-08
16,9012,202,69,6.516869360007177e-08,8.639603809361582e-08,3.876877033034577e-08
16,9012,202,70,5.562940845383637e-08,8.51274525510097e-08,3.477997812617388e-08
16,9012,202,71,5.366923671204575e-08,7.66479648876774e-08,3.295877692219275e-08
16,9012,202,72,4.645975536489833e-08,6.467857998437398e-08,2.9934350274226335e-08
16,9012,202,73,4.2678128935975054e-08,5.280267750507407e-08,2.9269786517969847e-08
16,9012,202,74,4.236582009933701e-08,5.168213393176505e-08,2.4467163795694835e-08
16,9012,202,75,3.971984666603703e-08,4.419624229515928e-08,2.302098454351346e-08
16,9012,202,76,3.5367600261164703e-08,4.36176966388394e-08,2.085021343173862e-08
16,9012,202,77,3.4165898702281346e-08,4.3071289270900385e-08,1.7846018811744028e-08
16,9012,202,78,3.177870449041255e-08,4.085140725546599e-08,1.62899507150365e-08
16,9012,202,79,2.8786195031761095e-08,3.455109324157457e-08,1.493679246882507e-08
16,9012,202,80,2.5778866442106503e-08,3.3476369609925155e-08,1.4517928557442739e-08
16,9012,202,81,2.5592484593155104e-08,2.953420806266091e-08,1.4049907601734462e-08
16,9012,202,82,1.9410988032887828e-08,2.8218580442751346e-08,1.317343549249081e-08
16,9012,202,83,1.9103050556642986e-08,2.593092285497666e-08,1.1527082332813895e-08
16,9012,202,84,1.697998816071838e-08,2.1896967450053374e-08,1.0171843895015099e-08
16,9012,202,85,1.658363777879239e-08,1.7969340920476556e-08,9.764789634370095e-09
16,9012,202,86,1.4181182029815986e-08,1.6468548631869686e-08,8.379733245472647e-09
16,9012,202,87,1.394637995767609e-08,1.555485539197843e-08,7.787950683676649e-09
16,9012,202,88,1.1089933381674104e-08,1.5328304682027304e-08,6.963329121126085e-09
16,9012,202,89,1.0957042113782656e-08,1.3293109478961709e-08,6.828860708618628e-09
16,9012,202,90,9.557273516051799e-09,1.2966544625302661e-08,5.836142826978599e-09
16,9012,202,91,8.373023654524466e-09,1.2599929077455848e-08,5.492724042227584e-09
16,9012,202,92,8.040541878099613e-09,1.143383074439086e-08,5.200002613771641e-09
16,9012,202,93,7.2983087698885654e-09,1.0816937714542515e-08,4.916345026169225e-09
16,9012,202,94,7.0814495082169955e-09,9.64249922586143e-09,4.542775979569975e-09
16,9012,202,95,6.771031075384586e-09,8.150508578424494e-09,3.891263423983066e-09
16,9012,202,96,5.452413996171583e-09,7.84129283134404e-09,3.8589286649480235e-09
16,9012,202,97,5.132930113746832e-09,7.296683730929255e-09,3.697332074347286e-09
16,9012,202,98,4.458114988691474e-09,7.0965145868683404e-09,3.0250023495829675e-09
16,9012,202,99,4.409234034654762e-09,6.306580576285464e-09,2.8022784948878595e-09
16,9012,202,100,3.904054574333828e-09,6.107655977517313e-09,2.7063570911179406e-09
16,9012,202,101,3.370988859133201e-09,5.756648997450924e-09,2.4107036150942734e-09
16,9012,202,102,3.3206695383815395e-09,5.11329102564772e-09,2.2100204104869535e-09
16,9012,202,103,3.3076941739008907e-09,4.589225347856292e-09,2.0018477880677958e-09
16,9012,202,104,2.795093995612972e-09,4.210139961797861e-09,1.823402336366955e-09
16,9012,202,105,2.5084601733280776e-09,3.959985864075476e-09,1.7732098315993804e-09
16,9012,202,106,2.4557461434020695e-09,3.744629517551669e-09,1.5913078382095356e-09
16,9012,202,107,2.304792943915376e-09,3.425487146712525e-09,1.5240280577649127e-09
16,9012,202,108,2.12513167191502e-09,3.2418396162033692e-09,1.4334438637444123e-09
16,9012,202,109,1.9598840252999044e-09,2.821027783050286e-09,1.283675179367442e-09
16,9012,202,110,1.8560333435588507e-09,2.744293105672048e-09,1.2314601761961158e-09
16,9012,202,111,1.6252267457014763e-09,2.6411294966369035e-09,1.0915812739640413e-09
16,9012,202,112,1.6003250764198508e-09,2.4274478039737224e-09,1.004656160003478e-09
16,9012,202,113,1.3334468606869113e-09,2.097015834464456e-09,8.420662711476866e-10
16,9012,202,114,1.2201438902373118e-09,2.0542333287949306e-09,8.226246739579306e-10
16,9012,202,115,1.1822565618506942e-09,1.8046373021457165e-09,7.024291939402654e-10
16,9012,202,116,1.1030412709930516e-09,1.552353643585318e-09,6.85903300191432e-10
16,9012,202,117,9.530113974823352e-10,1.471488985637061e-09,6.304623205345861e-10
16,9012,202,118,8.763210793610018e-10,1.4061302047578331e-09,5.208826834657719e-10
16,9012,202,119,7.715711390016251e-10,1.3282872605049009e-09,4.977079007714284e-10
16,9012,202,120,7.268562701990885e-10,1.1122203386481313e-09,4.885438836268255e-10
16,9012,202,121,6.970015278895227e-10,1.0857013086866187e-09,3.751966544407882e-10
16,9012,202,122,6.686556800693564e-10,9.700419009113713e-10,3.6152707634281563e-10
16,9012,202,123,6.174561766566959e-10,9.660514536522589e-10,3.582614803366716e-10
16,9012,202,124,5.753241840302898e-10,8.396053939923564e-10,3.369231789268784e-10
16,9012,202,125,4.478629781073782e-10,7.299151425383316e-10,3.0592691495170543e-10
16,9012,202,126,4.290544754340894e-10,7.181846104711803e-10,2.772479742634886e-10
16,9012,202,127,4.010860924889023e-10,6.245172429666626e-10,2.6938624124417987e-10
16,9012,202,128,3.8970040051279375e-10,5.60297267177703e-10,2.3802071116720104e-10
16,9012,202,129,3.7478833033342173e-10,5.405707340890839e-10,1.9991924873779333e-10
16,9012,202,130,3.06639519744381e-10,5.148650522124738e-10,1.9367179654138704e-10
16,9012,202,131,2.785198886875094e-10,4.3127186810823247e-10,1.7902203542164041e-10
16,9012,202,132,2.590441898033338e-10,4.018804747936515e-10,1.7178545590202544e-10
16,9012,202,133,2.4811595654904603e-10,3.911648150166902e-10,1.4122870479544584e-10
16,9012,202,134,2.38714809391302e-10,3.8248254563435884e-10,1.312317634299734e-10
16,9012,202,135,2.268490799379656e-10,3.329331181540611e-10,1.250534161158142e-10
16,9012,202,136,2.2572772538307432e-10,3.180962052339163e-10,1.2198412361382533e-10
16,9012,202,137,2.003448694728373e-10,3.1094552379718216e-10,1.1053448317223299e-10
16,9012,202,138,1.9348078854711585e-10,3.0129256457589835e-10,9.255301768171004e-11
16,9012,202,139,1.5243734024954685e-10,2.6945014893459104e-10,8.851699276682088e-11
16,9012,202,140,1.504587009481559e-10,2.502543428294995e-10,7.77876481876519e-11
16,9012,202,141,1.4680045229358506e-10,2.457500421248684e-10,7.709827357968096e-11
16,9012,202,142,1.3360460910092495e-10,2.3316486604614164e-10,6.127227222477367e-11
16,9012,202,143,1.1942074511494525e-10,2.0575877083072712e-10,5.814084174511292e-11
16,9012,202,144,1.0177499358491455e-10,1.7510363742423963e-10,5.4807388899833715e-11
16,9012,202,145,9.281116596290951e-11,1.736506271037071e-10,5.097380537638535e-11
16,9012,202,146,9.071243486164567e-11,1.6208422530371435e-10,4.918890192469004e-11
16,9012,202,147,7.790680254002014e-11,1.5041150140445545e-10,4.772629756524978e-11
16,9012,202,148,6.639782270433016e-11,1.3421084087018024e-10,4.278555550296801e-11
16,9012,202,149,6.597355271502976e-11,1.2913598298836296e-10,3.813887843702712e-11
16,9012,202,150,6.131521931520763e-11,1.1850123608785914e-10,3.296844178358467e-11
16,9012,202,151,5.3094679603854204e-11,1.1245651392746145e-10,3.127552542535676e-11
16,9012,202,152,4.892048214370316e-11,1.0339802333966241e-10,3.0308763681981935e-11
16,9012,202,153,4.570144225762586e-11,9.78348658931522e-11,2.7984044260375714e-11
16,9012,202,154,4.128010999943458e-11,7.841212431033573e-11,2.6713282871571566e-11
16,9012,202,155,3.668201395597901e-11,7.38430628870261e-11,2.2916948444799452e-11
16,9012,202,156,3.6522862973989194e-11,7.258575613924685e-11,2.0510254154334596e-11
16,9012,202,157,2.976603460397174e-11,6.768447786467933e-11,1.9657758966879616e-11
16,9012,202,158,2.962904920163398e-11,6.672663674517203e-11,1.7637841401595067e-11
16,9012,202,159,2.8651535689039693e-11,5.5549091730007554e-11,1.6928374749177683e-11
16,9012,202,160,2.6544435627086505e-11,4.911906629209526e-11,1.498439357793973e-11
16,9012,202,161,2.4969363780018528e-11,4.6592160002472595e-11,1.3730384720347748e-11
16,9012,202,162,2.3502123514397567e-11,4.393784535596707e-11,1.3175744842861899e-11
16,9012,202,163,2.007652310181912e-11,4.248788722497079e-11,1.1577750442556958e-11
16,9012,202,164,1.9281663867096653e-11,3.793737021311559e-11,1.0973504654170936e-11
16,9012,202,165,1.878408335090781e-11,3.5741530253950744e-11,1.0046415451131551e-11
16,9012,202,166,1.752693186515873e-11,3.2454146503336234e-11,9.324508443552452e-12
16,9012,202,167,1.5860997665887383e-11,2.8793378458909005e-11,8.782340809655065e-12
16,9012,202,168,1.3273389474426075e-11,2.8165104426601142e-11,8.249010396445963e-12
16,9012,202,169,1.1549374017058586e-11,2.4878696363430338e-11,7.235858575245647e-12
16,9012,202,170,1.1480120184937342e-11,2.065399730730984e-11,5.87050894453433e-12
16,9012,202,171,1.1296843518563054e-11,1.9374559526519713e-11,5.569706490383718e-12
16,9012,202,172,1.0506925610874622e-11,1.9147279735999013e-11,5.046414062325514e-12
16,9012,202,173,9.1486790267973e-12,1.77305632598441e-11,4.809753961541654e-12
16,9012,202,174,8.425038681344834e-12,1.605169979359547e-11,4.6035276152234454e-12
16,9012,202,175,7.063542882754064e-12,1.5788247773998674e-11,4.302677381622282e-12
16,9012,202,176,7.0247529565555106e-12,1.5239417133192102e-11,3.651399052040275e-12
16,9012,202,177,6.508522067885506e-12,1.355919836820477e-11,3.5856816921954935e-12
16,9012,202,178,5.9224605539267565e-12,1.2258117136005106e-11,3.1519127834074036e-12
16,9012,202,179,5.449763594638895e-12,1.186837070803183e-11,2.8915322024625005e-12
16,9012,202,180,4.471003975718768e-12,9.876983958039352e-12,2.693253271135231e-12
16,9012,202,181,4.4048899807005655e-12,8.687109849096315e-12,2.4441106437440267e-12
16,9012,202,182,3.954050676279483e-12,8.176374414822915e-12,2.193801039614989e-12
16,9012,202,183,3.323146076692284e-12,7.274921885465261e-12,1.9647336960936876e-12
16,9012,202,184,3.027257098697987e-12,7.03848537386332e-12,1.7741715511357642e-12
16,9012,202,185,2.987330298090792e-12,5.906919752099056e-12,1.6735843500290875e-12
16,9012,202,186,2.284690454017834e-12,5.833395015847076e-12,1.3714406341586399e-12
16,9012,202,187,2.1646453490046297e-12,5.626360552134116e-12,1.306528423053821e-12
16,9012,202,188,2.1608365047690596e-12,5.412314179318496e-12,1.1412962781721781e-12
16,9012,202,189,1.8132990547752784e-12,4.458331118057525e-12,9.857127194299312e-13
16,9012,202,190,1.6897963255723317e-12,4.184415930261724e-12,8.344588196519368e-13
16,9012,202,191,1.6824946375035774e-12,3.7603206165902836e-12,8.069911836178816e-13
16,9012,202,192,1.4490591382499022e-12,3.673405733360333e-12,7.193732453785976e-13
16,9012,202,193,1.1782217391669757e-12,3.405280285206602e-12,6.026105096033532e-13
16,9012,202,194,1.1184409911006291e-12,2.7260822574989708e-12,5.685737252858518e-13
16,9012,202,195,9.0648968941097e-13,2.436301213414175e-12,5.356401904988624e-13
16,9012,202,196,7.39219686381796e-13,2.175109398536452e-12,4.487436410694878e-13
16,9012,202,197,7.378409457859758e-13,1.9736666799712453e-12,4.2598660765119867e-13
16,9012,202,198,7.01456414980419e-13,1.619440727836592e-12,4.18040379074374e-13
16,9012,202,199,6.311275021031647e-13,1.4578795256161877e-12,3.397688613817073e-13
16,9012,202,200,6.309246556937017e-13,1.3595438369514893e-12,2.890594477796397e-13
16,9012,202,201,4.653325258973811e-13,1.2516551737679343e-12,2.6921015492858555e-13
16,9012,202,202,4.405473112843871e-13,1.1552139200079712e-12,2.40231168219045e-13
16,9012,202,203,3.9696022122937264e-13,1.136852687535454e-12,2.1564886438536325e-13
16,9012,202,204,3.6037095558469936e-13,8.806368089074194e-13,2.0718031845371433e-13
16,9012,202,205,2.8566372063850205e-13,8.222906761454707e-13,1.8701892765042634e-13
16,9012,202,206,2.832896782489948e-13,6.860007841413243e-13,1.3972558501947995e-13
16,9012,202,207,2.6489868476769845e-13,6.357727193455454e-13,1.2894023256524427e-13
16,9012,202,208,2.2473258592021294e-13,4.918117709646838e-13,1.1822272640290282e-13
16,9012,202,209,1.9897969780982062e-13,4.608896242156689e-13,9.701429190838809e-14
16,9012,202,210,1.7578493248202976e-13,3.8481689153325506e-13,7.58183469556923e-14
16,9012,202,211,1.7557304899689154e-13,3.724560987264856e-13,6.847956712677802e-14
16,9012,202,212,1.6360251428407032e-13,3.5260624461961376e-13,6.277715373893689e-14
16,9012,202,213,1.4311185939492728e-13,2.8744092488040416e-13,5.716285521623037e-14
16,9012,202,214,1.3097425150286255e-13,2.716435766302149e-13,5.524806024973119e-14
16,9012,202,215,1.1218592532908269e-13,2.3210840280863163e-13,4.784107724629921e-14
16,9012,202,216,1.0014601734794694e-13,2.072872579635926e-13,3.6786899595155394e-14
16,9012,202,217,8.005120837376372e-14,1.824389775898433e-13,3.298081394232782e-14
16,9012,202,218,7.627152751172927e-14,1.7644180130155555e-13,3.0293920373064045e-14
16,9012,202,219,6.433868686187962e-14,1.4932552247491107e-13,2.782059745779634e-14
16,9012,202,220,5.695862591385727e-14,1.35798502206811e-13,2.415888364404532e-14
16,9012,202,221,5.5033753961003456e-14,1.1630283797138921e-13,1.877769021944711e-14
16,9012,202,222,4.354054012710247e-14,1.0397237820383211e-13,1.5359928388181132e-14
16,9012,202,223,3.636252803162634e-14,7.818975545399544e-14,1.3456870792000397e-14
16,9012,202,224,3.410395294043388e-14,7.422671094943969e-14,1.1771767822332227e-14
16,9012,202,225,3.212902990083885e-14,6.071161531084468e-14,1.175548469978957e-14
16,9012,202,226,2.630170083805713e-14,4.9300709344406846e-14,8.7971364436895e-15
16,9012,202,227,2.3724159331769828e-14,4.5392607163499166e-14,8.769354896505622e-15
16,9012,202,228,2.0127923065462294e-14,4.384543799180337e-14,5.596046439366222e-15
16,9012,202,229,1.5054222933211568e-14,2.554486345598339e-14,5.452783585847528e-15
16,9012,202,230,1.4539198112870846e-14,2.4362873300054788e-14,4.274410731562937e-15
16,9012,202,231,9.674263729675424e-15,2.1945421767543818e-14,3.7732208929850134e-15
16,9012,202,232,8.003376095076999e-15,1.8943381187462485e-14,3.1408723945920395e-15
16,9012,202,233,5.860827396301248e-15,1.7566988263629278e-14,2.9162828677402444e-15
16,9012,202,234,4.853078692334073e-15,1.4832824040426668e-14,2.3114588943922265e-15
16,9012,202,235,4.699934419481974e-15,8.104838696250989e-15,2.0806583445141947e-15
16,9012,202,236,3.194976422427061e-15,7.84075631470418e-15,1.4336355900690105e-15
16,9012,202,237,2.8819206742249165e-15,6.6939017664165755e-15,1.241123533087356e-15
16,9012,202,238,2.1593175048511197e-15,4.0829125958105596e-15,9.99999999999986e-16
16,9012,202,239,1.9908035947781002e-15,3.9986852848952664e-15,9.99999999999986e-16
16,9012,202,240,1.869593337839055e-15,3.702450314840896e-15,9.99999999999986e-16
16,9012,202,241,1.5355860135585964e-15,2.430538940005527e-15,9.99999999999986e-16
16,9012,202,242,1.3272738664118507e-15,1.486690115503849e-15,9.99999999999986e-16
16,9012,202,243,9.9999999999999e-16,1.4222320474586356e-15,9.99999999999986e-16
16,9012,202,244,9.9999999999999e-16,1.3900492537204707e-15,9.99999999999986e-16
16,9012,202,245,9.9999999999999e-16,9.99999999999991e-16,9.99999999999986e-16
16,9012,202,246,9.9999999999999e-16,9.99999999999991e-16,9.99999999999986e-16
16,9012,202,247,9.9999999999999e-16,9.99999999999991e-16,9.99999999999986e-16
16,9012,202,248,9.9999999999999e-16,9.99999999999991e-16,9.99999999999986e-16
16,9012,202,249,9.9999999999999e-16,9.99999999999991e-16,9.99999999999986e-16
16,9012,202,250,9.9999999999999e-16,9.99999999999991e-16,9.99999999999986e-16
16,9012,202,251,9.9999999999999e-16,9.99999999999991e-16,9.99999999999986e-16
16,9012,202,252,9.9999999999999e-16,9.99999999999991e-16,9.99999999999986e-16
16,9012,202,253,9.9999999999999e-16,9.99999999999991e-16,9.99999999999986e-16
16,9012,202,254,9.9999999999999e-16,9.99999999999991e-16,9.99999999999986e-16
16,9012,202,255,9.9999999999999e-16,9.99999999999991e-16,9.99999999999986e-16
16,9012,202,256,9.9999999999999e-16,9.99999999999991e-16,9.99999999999986e-16
16,9012,303,1,0.8906792124476115,0.8935868265559015,0.8903198541843169
16,9012,303,2,0.04964982440451865,0.05374034763738379,0.049946677496702466
16,9012,303,3,0.02523923126745419,0.02354612235976526,0.025452176430045194
16,9012,303,4,0.02006997092461851,0.016999872658012113,0.0203766306606423
16,9012,303,5,0.0057884883191736064,0.0045579034190607794,0.005830303557075308
16,9012,303,6,0.002505996262099005,0.002215038745466343,0.00246920595757218
16,9012,303,7,0.0014448129402657918,0.0015260827815345218,0.0014729511749413042
16,9012,303,8,0.0012743709476429287,0.0010987089489357567,0.0011728029157718788
16,9012,303,9,0.00073054835994159,0.0006698999250158244,0.0006183154396388709
16,9012,303,10,0.0006544336767406462,0.0005251900481351615,0.0005727040448082015
16,9012,303,11,0.0005054847927075658,0.00034175527349706257,0.00041970098776191855
16,9012,303,12,0.00026298600492765284,0.00019978509539662488,0.0002444496346427544
16,9012,303,13,0.00024805797998072286,0.00016945375042908898,0.0002425842374213993
16,9012,303,14,0.00017600446915030653,0.00012062923669898081,0.00017002732625276317
16,9012,303,15,0.00013205685745935886,0.0001200323103688901,0.0001312466032311218
16,9012,303,16,0.00012320919452951976,0.00011553211501007991,0.0001156579914883953
16,9012,303,17,0.00010158074964109906,0.00010220908979180791,9.703570416074224e-05
16,9012,303,18,9.049881611407286e-05,6.074578339111194e-05,6.876543787386179e-05
16,9012,303,19,5.547462777726761e-05,5.271517598947987e-05,5.161981482266934e-05
16,9012,303,20,4.729351380274246e-05,4.9049678062908736e-05,4.274535081972124e-05
16,9012,303,21,3.600869723151064e-05,3.1951360184454825e-05,3.185773233435923e-05
16,9012,303,22,3.1708685496206784e-05,2.4809704022385483e-05,2.5775606698047e-05
16,9012,303,23,2.1513926919737975e-05,2.0867214370700392e-05,1.9457430584090894e-05
16,9012,303,24,1.8467215778799482e-05,2.0322585158541515e-05,1.5192028850696522e-05
16,9012,303,25,1.376626764586434e-05,1.8530812741644764e-05,1.3486537054884079e-05
16,9012,303,26,1.2393462331253696e-05,1.2778791786624317e-05,9.957451065653322e-06
16,9012,303,27,1.2017119468284327e-05,1.265739184006026e-05,8.458145618864686e-06
16,9012,303,28,9.691061811449511e-06,9.878049971513209e-06,7.529993303513163e-06
16,9012,303,29,8.574156380108874e-06,7.015269286471425e-06,6.891543953537398e-06
16,9012,303,30,7.412671267678229e-06,6.329119610765761e-06,6.258663310059482e-06
16,9012,303,31,5.614272182325638e-06,4.714325659937376e-06,4.925569372184753e-06
16,9012,303,32,5.485500032042431e-06,4.631202131347693e-06,4.796932139813574e-06
16,9012,303,33,4.747271822673643e-06,3.061540182715501e-06,3.877514922387805e-06
16,9012,303,34,4.500245503902776e-06,2.8919557236431763e-06,3.253400982355436e-06
16,9012,303,35,2.775809291165409e-06,2.640198394721959e-06,2.747313707125087e-06
16,9012,303,36,2.689045342327677e-06,2.561593501293661e-06,2.4293627677030434e-06
16,9012,303,37,2.5007703898464285e-06,1.6367900835921521e-06,2.0374662433616395e-06
16,9012,303,38,2.4175971666159544e-06,1.3959743616731033e-06,1.7749631850647278e-06
16,9012,303,39,1.707755682865144e-06,1.3144521858220613e-06,1.5677835911399499e-06
16,9012,303,40,1.6766332459048715e-06,1.1217088462244554e-06,1.2272971542953294e-06
16,9012,303,41,1.3936305321823477e-06,1.0478150054437162e-06,1.1039450268171935e-06
16,9012,303,42,1.3595727048767203e-06,9.129748771754679e-07,1.0399142680786098e-06
16,9012,303,43,1.3068109361192694e-06,8.654786968432676e-07,9.088615052677865e-07
16,9012,303,44,1.1630334117349306e-06,8.144189336470394e-07,8.894882217986592e-07
16,9012,303,45,1.1168393463567504e-06,7.361316154014286e-07,8.266704561165196e-07
16,9012,303,46,1.0588967192831904e-06,5.889201183789105e-07,6.614658157141276e-07
16,9012,303,47,8.672620830030082e-07,5.788102252900096e-07,6.051227971256036e-07
16,9012,303,48,7.980423568557206e-07,5.053984177107605e-07,5.280129836254054e-07
16,9012,303,49,6.103471088770113e-07,4.666052402251459e-07,5.224624322701848e-07
16,9012,303,50,5.400140431841778e-07,4.48914366781594e-07,4.5610471256217874e-07
16,9012,303,51,4.61620040737282e-07,4.0598340267074124e-07,4.2723413598777124e-07
16,9012,303,52,4.3998790575491e-07,3.575957142379359e-07,3.410529050241488e-07
16,9012,303,53,3.9485077923110906e-07,3.2191587225168183e-07,2.933682048033814e-07
16,9012,303,54,3.3657677329360005e-07,2.559580232587759e-07,2.522349514410038e-07
16,9012,303,55,3.1595670244092637e-07,2.2355672644927623e-07,2.4172727716124315e-07
16,9012,303,56,2.874959562294922e-07,2.164334006888687e-07,2.1184743328721666e-07
16,9012,303,57,2.2555578820447456e-07,1.9343787835830735e-07,1.871260067234504e-07
16,9012,303,58,1.8553227933283858e-07,1.6738936747245724e-07,1.5045712573726744e-07
16,9012,303,59,1.574973092249543e-07,1.6226289623994852e-07,1.2797152621449895e-07
16,9012,303,60,1.4937183109958325e-07,1.5876849325164168e-07,1.2469763020206652e-07
16,9012,303,61,1.4723115544347996e-07,1.3885187315589503e-07,1.1045065392098944e-07
16,9012,303,62,1.322665542318741e-07,1.3575990612915542e-07,9.58418792062653e-08
16,9012,303,63,1.24876750284102e-07,1.2530546216154383e-07,8.622512038502726e-08
16,9012,303,64,1.2307726926184942e-07,1.1806286740226857e-07,8.109137035939539e-08
16,9012,303,65,1.0960361592108242e-07,1.1573716892955402e-07,6.918039335612711e-08
16,9012,303,66,8.145182758715632e-08,9.575639090883424e-08,6.52539153056672e-08
16,9012,303,67,7.116394637346334e-08,9.094422602212035e-08,5.719651519751355e-08
16,9012,303,68,7.071616982897917e-08,8.470828060085762e-08,4.978085820528528e-08
16,9012,303,69,6.516869360007177e-08,6.111329466464401e-08,4.8369406197481144e-08
16,9012,303,70,5.562940845383637e-08,4.824976137651127e-08,4.3810227370701206e-08
16,9012,303,71,5.366923671204575e-08,4.542659894533032e-08,3.737588500677516e-08
16,9012,303,72,4.645975536489833e-08,4.041116414074191e-08,3.672690599156388e-08
16,9012,303,73,4.2678128935975054e-08,3.906985266917005e-08,3.22632704191871e-08
16,9012,303,74,4.236582009933701e-08,3.752490728555255e-08,2.9497767641432285e-08
16,9012,303,75,3.971984666603703e-08,3.3435348836470353e-08,2.868244057280137e-08
16,9012,303,76,3.5367600261164703e-08,3.017670354980928e-08,2.389982269516316e-08
16,9012,303,77,3.4165898702281346e-08,2.6236735581511448e-08,2.1732045215307646e-08
16,9012,303,78,3.177870449041255e-08,2.613094676391261e-08,1.848587176774025e-08
16,9012,303,79,2.8786195031761095e-08,2.2628651086373467e-08,1.744790187895685e-08
16,9012,303,80,2.5778866442106503e-08,2.1420499465862155e-08,1.6599940801614637e-08
16,9012,303,81,2.5592484593155104e-08,1.7472361195689316e-08,1.572077203038757e-08
16,9012,303,82,1.9410988032887828e-08,1.665868568033966e-08,1.367314036974768e-08
16,9012,303,83,1.9103050556642986e-08,1.4396851217112604e-08,1.2113409675653759e-08
16,9012,303,84,1.697998816071838e-08,1.428364283812237e-08,1.0764688165118795e-08
16,9012,303,85,1.658363777879239e-08,1.3244642570432493e-08,9.581289674918507e-09
16,9012,303,86,1.4181182029815986e-08,1.1727515470043295e-08,9.063323775533209e-09
16,9012,303,87,1.394637995767609e-08,1.125405112279109e-08,8.138704425861303e-09
16,9012,303,88,1.1089933381674104e-08,1.01448249365603e-08,7.536008510524722e-09
16,9012,303,89,1.0957042113782656e-08,9.425078759666738e-09,6.539548981190958e-09
16,9012,303,90,9.557273516051799e-09,7.934652630931967e-09,6.3747841284176616e-09
16,9012,303,91,8.373023654524466e-09,7.80197327674895e-09,6.0084394965625106e-09
16,9012,303,92,8.040541878099613e-09,7.474709678755587e-09,5.300270253870068e-09
16,9012,303,93,7.2983087698885654e-09,6.535711753226686e-09,4.992926052086368e-09
16,9012,303,94,7.0814495082169955e-09,5.810613121236144e-09,4.34557113000484e-09
16,9012,303,95,6.771031075384586e-09,5.745304937193651e-09,4.1662642508846256e-09
16,9012,303,96,5.452413996171583e-09,5.2122089451331904e-09,3.651465234602683e-09
16,9012,303,97,5.132930113746832e-09,4.757998391445949e-09,3.5419742586811357e-09
16,9012,303,98,4.458114988691474e-09,3.8659802473845475e-09,3.2386505508434988e-09
16,9012,303,99,4.409234034654762e-09,3.673506424774468e-09,3.0838918132665865e-09
16,9012,303,100,3.904054574333828e-09,3.5811198466461487e-09,2.786274852526213e-09
16,9012,303,101,3.370988859133201e-09,3.2192604991297846e-09,2.4719067776987245e-09
16,9012,303,102,3.3206695383815395e-09,2.964986606715927e-09,2.4205588119161432e-09
16,9012,303,103,3.3076941739008907e-09,2.902945611274003e-09,2.2798852929342185e-09
16,9012,303,104,2.795093995612972e-09,2.6627789930681097e-09,2.1265530845805816e-09
16,9012,303,105,2.5084601733280776e-09,2.529892318037394e-09,1.919006320349453e-09
16,9012,303,106,2.4557461434020695e-09,2.132607707177041e-09,1.6528056122294915e-09
16,9012,303,107,2.304792943915376e-09,1.937627100867535e-09,1.5309061100284278e-09
16,9012,303,108,2.12513167191502e-09,1.7998407418873634e-09,1.421767431119386e-09
16,9012,303,109,1.9598840252999044e-09,1.7026247538472645e-09,1.3882120260774939e-09
16,9012,303,110,1.8560333435588507e-09,1.5160271229313602e-09,1.2493119405784286e-09
16,9012,303,111,1.6252267457014763e-09,1.4174609981349814e-09,1.1339777341898194e-09
16,9012,303,112,1.6003250764198508e-09,1.3158335090083483e-09,1.0952108343193462e-09
16,9012,303,113,1.3334468606869113e-09,1.2082168510487052e-09,1.0241993411530387e-09
16,9012,303,114,1.2201438902373118e-09,1.180307375694738e-09,9.464962368059694e-10
16,9012,303,115,1.1822565618506942e-09,1.070879283422583e-09,8.208542311926299e-10
16,9012,303,116,1.1030412709930516e-09,9.71927439548911e-10,7.909662378006726e-10
16,9012,303,117,9.530113974823352e-10,8.732083282143964e-10,6.835519478489728e-10
16,9012,303,118,8.763210793610018e-10,8.170603896990979e-10,6.286816394027546e-10
16,9012,303,119,7.715711390016251e-10,7.609525362276119e-10,5.587964849930952e-10
16,9012,303,120,7.268562701990885e-10,7.040733265234348e-10,5.397667741177772e-10
16,9012,303,121,6.970015278895227e-10,6.567050014285689e-10,5.158169925311656e-10
16,9012,303,122,6.686556800693564e-10,5.962863920104153e-10,3.7292010760633066e-10
16,9012,303,123,6.174561766566959e-10,5.782667325626505e-10,3.350379171994324e-10
16,9012,303,124,5.753241840302898e-10,5.681001709841717e-10,3.183883427490748e-10
16,9012,303,125,4.478629781073782e-10,4.756190172513426e-10,2.7490410368204376e-10
16,9012,303,126,4.290544754340894e-10,4.642708529524431e-10,2.616053542563202e-10
16,9012,303,127,4.010860924889023e-10,4.230013713282762e-10,2.5270286929466266e-10
16,9012,303,128,3.8970040051279375e-10,4.1334744187035586e-10,2.3295118173134175e-10
16,9012,303,129,3.7478833033342173e-10,3.788605985624215e-10,2.1428863707200098e-10
16,9012,303,130,3.06639519744381e-10,3.6831625392723804e-10,2.0135458695524865e-10
16,9012,303,131,2.785198886875094e-10,3.168595948325537e-10,1.788406812861643e-10
16,9012,303,132,2.590441898033338e-10,2.970376520555077e-10,1.7288021192205968e-10
16,9012,303,133,2.4811595654904603e-10,2.660148499979431e-10,1.6380866851344774e-10
16,9012,303,134,2.38714809391302e-10,2.5192677595343405e-10,1.593146049447418e-10
16,9012,303,135,2.268490799379656e-10,2.3029921734330105e-10,1.328456750789676e-10
16,9012,303,136,2.2572772538307432e-10,2.271129712347156e-10,1.2702784178850303e-10
16,9012,303,137,2.003448694728373e-10,2.178660398599436e-10,1.224547059455821e-10
16,9012,303,138,1.9348078854711585e-10,2.0479010117399315e-10,1.0774598209629968e-10
16,9012,303,139,1.5243734024954685e-10,1.8158761611403265e-10,9.681312666737836e-11
16,9012,303,140,1.504587009481559e-10,1.4882948259313114e-10,8.786887960296211e-11
16,9012,303,141,1.4680045229358506e-10,1.4465611884405718e-10,8.637089431727305e-11
16,9012,303,142,1.3360460910092495e-10,1.2458903890828917e-10,7.867696930948032e-11
16,9012,303,143,1.1942074511494525e-10,1.1542841479479631e-10,6.435597969686303e-11
16,9012,303,144,1.0177499358491455e-10,1.1403191298688283e-10,6.116923402629599e-11
16,9012,303,145,9.281116596290951e-11,9.40919989777044e-11,5.686460862009485e-11
16,9012,303,146,9.071243486164567e-11,9.230195653348848e-11,5.107181600164729e-11
16,9012,303,147,7.790680254002014e-11,7.671169703541192e-11,4.437223395418186e-11
16,9012,303,148,6.639782270433016e-11,7.432180071161406e-11,4.203461919844622e-11
16,9012,303,149,6.597355271502976e-11,6.611387686206426e-11,3.915325881069757e-11
16,9012,303,150,6.131521931520763e-11,6.067284537889242e-11,3.768188488296403e-11
16,9012,303,151,5.3094679603854204e-11,5.3673649959876804e-11,3.554309673736493e-11
16,9012,303,152,4.892048214370316e-11,5.299203288758001e-11,3.266609001777709e-11
16,9012,303,153,4.570144225762586e-11,5.119666012575483e-11,3.063009942267584e-11
16,9012,303,154,4.128010999943458e-11,4.3639910404217804e-11,2.7937748974860972e-11
16,9012,303,155,3.668201395597901e-11,4.333603322645284e-11,2.588968930189117e-11
16,9012,303,156,3.6522862973989194e-11,4.1747108726491816e-11,2.4620812001250482e-11
16,9012,303,157,2.976603460397174e-11,3.700336980165066e-11,2.2130311731330982e-11
16,9012,303,158,2.962904920163398e-11,3.4239062993088206e-11,2.0694475156448886e-11
16,9012,303,159,2.8651535689039693e-11,2.957267496114739e-11,1.8725170899776558e-11
16,9012,303,160,2.6544435627086505e-11,2.9337971331093726e-11,1.838865907194659e-11
16,9012,303,161,2.4969363780018528e-11,2.8082542079337056e-11,1.5828106711523086e-11
16,9012,303,162,2.3502123514397567e-11,2.371449550017787e-11,1.5227078720287783e-11
16,9012,303,163,2.007652310181912e-11,2.1817836517135922e-11,1.2836878949257857e-11
16,9012,303,164,1.9281663867096653e-11,2.0915486702909103e-11,1.1773326536201895e-11
16,9012,303,165,1.878408335090781e-11,1.8068350128969028e-11,1.0629259391128795e-11
16,9012,303,166,1.752693186515873e-11,1.7485599780245078e-11,1.035641249669839e-11
16,9012,303,167,1.5860997665887383e-11,1.686000319372701e-11,9.21461690417589e-12
16,9012,303,168,1.3273389474426075e-11,1.644671497089126e-11,8.603880509606422e-12
16,9012,303,169,1.1549374017058586e-11,1.5289258130151193e-11,8.27071564773182e-12
16,9012,303,170,1.1480120184937342e-11,1.1777167653371664e-11,7.277258150433805e-12
16,9012,303,171,1.1296843518563054e-11,1.1525480262797931e-11,6.67915953076907e-12
16,9012,303,172,1.0506925610874622e-11,1.0076203538691249e-11,6.13532722630077e-12
16,9012,303,173,9.1486790267973e-12,9.256041141141592e-12,5.303829047381151e-12
16,9012,303,174,8.425038681344834e-12,8.823299082084951e-12,5.127990225529998e-12
16,9012,303,175,7.063542882754064e-12,8.666208094147312e-12,4.7895104607528186e-12
16,9012,303,176,7.0247529565555106e-12,6.68759692675697e-12,4.257077042210228e-12
16,9012,303,177,6.508522067885506e-12,6.577462391672993e-12,3.596645157275937e-12
16,9012,303,178,5.9224605539267565e-12,6.493044373456904e-12,3.4628952370415996e-12
16,9012,303,179,5.449763594638895e-12,5.580315737415014e-12,3.2897388722290732e-12
16,9012,303,180,4.471003975718768e-12,4.938003542234805e-12,3.0229634668295678e-12
16,9012,303,181,4.4048899807005655e-12,4.223565444370116e-12,2.9232702633800488e-12
16,9012,303,182,3.954050676279483e-12,4.007299117587802e-12,2.6174125865944995e-12
16,9012,303,183,3.323146076692284e-12,3.904954130898852e-12,2.1732145070882936e-12
16,9012,303,184,3.027257098697987e-12,3.656555730723503e-12,1.8709066433041533e-12
16,9012,303,185,2.987330298090792e-12,2.9703707323667227e-12,1.716436627659905e-12
16,9012,303,186,2.284690454017834e-12,2.8318420815242414e-12,1.6321962443388992e-12
16,9012,303,187,2.1646453490046297e-12,2.7348704891246675e-12,1.3930586636352397e-12
16,9012,303,188,2.1608365047690596e-12,2.2874374769902248e-12,1.208911558950064e-12
16,9012,303,189,1.8132990547752784e-12,2.074957569851513e-12,1.16152895407388e-12
16,9012,303,190,1.6897963255723317e-12,1.8172996772981084e-12,1.0327354246849634e-12
16,9012,303,191,1.6824946375035774e-12,1.6723519052974419e-12,9.908511313661187e-13
16,9012,303,192,1.4490591382499022e-12,1.502086535616279e-12,9.181011646106593e-13
16,9012,303,193,1.1782217391669757e-12,1.4331775489622896e-12,8.131676079206023e-13
16,9012,303,194,1.1184409911006291e-12,1.3011711699656512e-12,6.484959112621853e-13
16,9012,303,195,9.0648968941097e-13,1.1787683654818788e-12,5.96104581805935e-13
16,9012,303,196,7.39219686381796e-13,1.04931769030964e-12,5.04008131196828e-13
16,9012,303,197,7.378409457859758e-13,9.555059272590607e-13,4.609134529883411e-13
16,9012,303,198,7.01456414980419e-13,9.04261093557328e-13,4.048368075504822e-13
16,9012,303,199,6.311275021031647e-13,8.653481856839547e-13,3.714605274805149e-13
16,9012,303,200,6.309246556937017e-13,7.162629222249612e-13,3.480124856381935e-13
16,9012,303,201,4.653325258973811e-13,6.94633748005383e-13,3.135794744914719e-13
16,9012,303,202,4.405473112843871e-13,6.286338109775535e-13,2.7010872295722403e-13
16,9012,303,203,3.9696022122937264e-13,5.642112240913998e-13,2.303436245645789e-13
16,9012,303,204,3.6037095558469936e-13,5.078865477709377e-13,2.127731304359847e-13
16,9012,303,205,2.8566372063850205e-13,4.431632423568328e-13,1.8940069192713367e-13
16,9012,303,206,2.832896782489948e-13,4.257853885171194e-13,1.807264830105058e-13
16,9012,303,207,2.6489868476769845e-13,3.6350889254413223e-13,1.6961303880395124e-13
16,9012,303,208,2.2473258592021294e-13,3.455258438764695e-13,1.4115569655294915e-13
16,9012,303,209,1.9897969780982062e-13,2.8294878237816684e-13,1.3663662821385273e-13
16,9012,303,210,1.7578493248202976e-13,2.5904324224130817e-13,1.2533692460637238e-13
16,9012,303,211,1.7557304899689154e-13,2.2516397783338142e-13,9.711064610801361e-14
16,9012,303,212,1.6360251428407032e-13,2.1894955079881952e-13,9.692943023903325e-14
16,9012,303,213,1.4311185939492728e-13,1.9653943277387637e-13,8.824038099099338e-14
16,9012,303,214,1.3097425150286255e-13,1.6318876851662153e-13,6.629434388137916e-14
16,9012,303,215,1.1218592532908269e-13,1.268400650012769e-13,5.450225136062357e-14
16,9012,303,216,1.0014601734794694e-13,1.1444367945410549e-13,4.462855821007481e-14
16,9012,303,217,8.005120837376372e-14,9.334293137744405e-14,3.907301435749567e-14
16,9012,303,218,7.627152751172927e-14,8.571236183026585e-14,3.54316258731091e-14
16,9012,303,219,6.433868686187962e-14,8.077496710997167e-14,3.471995056701999e-14
16,9012,303,220,5.695862591385727e-14,6.522434071771483e-14,2.85303194643509e-14
16,9012,303,221,5.5033753961003456e-14,5.743362221463096e-14,2.5915492725947587e-14
16,9012,303,222,4.354054012710247e-14,4.4206075362528686e-14,2.3282370719836834e-14
16,9012,303,223,3.636252803162634e-14,4.182453088786691e-14,2.074036597086784e-14
16,9012,303,224,3.410395294043388e-14,4.1688336513017275e-14,1.6764623566559296e-14
16,9012,303,225,3.212902990083885e-14,3.498367172180515e-14,1.2616411407247533e-14
16,9012,303,226,2.630170083805713e-14,3.2735629542256914e-14,1.0413196595758893e-14
16,9012,303,227,2.3724159331769828e-14,2.816602333730695e-14,1.0297545096315073e-14
16,9012,303,228,2.0127923065462294e-14,2.4001205793753322e-14,8.752388040223352e-15
16,9012,303,229,1.5054222933211568e-14,2.1173489962879114e-14,7.549224557984064e-15
16,9012,303,230,1.4539198112870846e-14,1.6451316301514258e-14,5.3060610961384406e-15
16,9012,303,231,9.674263729675424e-15,1.4735243991107414e-14,4.040076821460819e-15
16,9012,303,232,8.003376095076999e-15,1.20601423739497e-14,3.4900901199013662e-15
16,9012,303,233,5.860827396301248e-15,1.2051546501351963e-14,3.0474575924999634e-15
16,9012,303,234,4.853078692334073e-15,9.347504937715885e-15,2.5557783893654586e-15
16,9012,303,235,4.699934419481974e-15,8.640144823386948e-15,2.077225965779329e-15
16,9012,303,236,3.194976422427061e-15,6.811058770102287e-15,1.7588227139985087e-15
16,9012,303,237,2.8819206742249165e-15,4.819097036341457e-15,1.5725600825537783e-15
16,9012,303,238,2.1593175048511197e-15,4.7601550641817845e-15,1.1522504834070037e-15
16,9012,303,239,1.9908035947781002e-15,4.224776714242039e-15,9.999999999999857e-16
16,9012,303,240,1.869593337839055e-15,3.3971949638936587e-15,9.999999999999857e-16
16,9012,303,241,1.5355860135585964e-15,2.5056017829986264e-15,9.999999999999857e-16
16,9012,303,242,1.3272738664118507e-15,2.411315264815447e-15,9.999999999999857e-16
16,9012,303,243,9.9999999999999e-16,1.0719350858947853e-15,9.999999999999857e-16
16,9012,303,244,9.9999999999999e-16,9.999999999999908e-16,9.999999999999857e-16
16,9012,303,245,9.9999999999999e-16,9.999999999999908e-16,9.999999999999857e-16
16,9012,303,246,9.9999999999999e-16,9.999999999999908e-16,9.999999999999857e-16
16,9012,303,247,9.9999999999999e-16,9.999999999999908e-16,9.999999999999857e-16
16,9012,303,248,9.9999999999999e-16,9.999999999999908e-16,9.999999999999857e-16
16,9012,303,249,9.9999999999999e-16,9.999999999999908e-16,9.999999999999857e-16
16,9012,303,250,9.9999999999999e-16,9.999999999999908e-16,9.999999999999857e-16
16,9012,303,251,9.9999999999999e-16,9.999999999999908e-16,9.999999999999857e-16
16,9012,303,252,9.9999999999999e-16,9.999999999999908e-16,9.999999999999857e-16
16,9012,303,253,9.9999999999999e-16,9.999999999999908e-16,9.999999999999857e-16
16,9012,303,254,9.9999999999999e-16,9.999999999999908e-16,9.999999999999857e-16
16,9012,303,255,9.9999999999999e-16,9.999999999999908e-16,9.999999999999857e-16
16,9012,303,256,9.9999999999999e-16,9.999999999999908e-16,9.999999999999857e-16
16,9012,404,1,0.8906792124476115,0.8917752531843003,0.8985880652432408
16,9012,404,2,0.04964982440451865,0.04978235449771787,0.04398423817391933
16,9012,404,3,0.02523923126745419,0.0246018209810514,0.024853556328489543
16,9012,404,4,0.02006997092461851,0.01960980719441197,0.01947506071000013
16,9012,404,5,0.0057884883191736064,0.005712490515921148,0.005865517112585428
16,9012,404,6,0.002505996262099005,0.002459202730857878,0.0023371316437717964
16,9012,404,7,0.0014448129402657918,0.0014381788306557254,0.001199830111765064
16,9012,404,8,0.0012743709476429287,0.001249736160424406,0.00089223201032875
16,9012,404,9,0.00073054835994159,0.0007612972302110927,0.0005668801266140896
16,9012,404,10,0.0006544336767406462,0.0006984674950047708,0.0005227463321456449
16,9012,404,11,0.0005054847927075658,0.00042253402731890643,0.00038294049305294864
16,9012,404,12,0.00026298600492765284,0.00024977859621548874,0.00034413652323710337
16,9012,404,13,0.00024805797998072286,0.00022937745556688208,0.00020643755469072203
16,9012,404,14,0.00017600446915030653,0.00018701133729577565,0.0001527711159165957
16,9012,404,15,0.00013205685745935886,0.000137918407739393,0.00014713355463426888
16,9012,404,16,0.00012320919452951976,0.00012715836525977627,0.00010934888184933648
16,9012,404,17,0.00010158074964109906,0.00010116888089296734,7.710017644704728e-05
16,9012,404,18,9.049881611407286e-05,9.791515463781046e-05,6.542730786830081e-05
16,9012,404,19,5.547462777726761e-05,6.52230019829667e-05,4.3588351676229685e-05
16,9012,404,20,4.729351380274246e-05,5.7151477727216146e-05,3.106259335853752e-05
16,9012,404,21,3.600869723151064e-05,3.457837379066393e-05,2.655604844748255e-05
16,9012,404,22,3.1708685496206784e-05,3.176127060702541e-05,2.2271618092392875e-05
16,9012,404,23,2.1513926919737975e-05,2.307417529792734e-05,1.575503918116024e-05
16,9012,404,24,1.8467215778799482e-05,2.0549318327904532e-05,1.1838688767477603e-05
16,9012,404,25,1.376626764586434e-05,1.663470554667572e-05,1.0043884451907116e-05
16,9012,404,26,1.2393462331253696e-05,1.3749823834832537e-05,9.026845184884937e-06
16,9012,404,27,1.2017119468284327e-05,1.2075293701361504e-05,7.667922026082911e-06
16,9012,404,28,9.691061811449511e-06,1.091455319201082e-05,6.1257969018913e-06
16,9012,404,29,8.574156380108874e-06,9.798334578958899e-06,5.587007980252163e-06
16,9012,404,30,7.412671267678229e-06,8.196979718497372e-06,5.037595747742599e-06
16,9012,404,31,5.614272182325638e-06,5.982141082001957e-06,4.695460115229426e-06
16,9012,404,32,5.485500032042431e-06,5.3148612657115e-06,4.083291611956176e-06
16,9012,404,33,4.747271822673643e-06,4.558123789620876e-06,3.592534447491769e-06
16,9012,404,34,4.500245503902776e-06,4.331801548694623e-06,2.8426265610453673e-06
16,9012,404,35,2.775809291165409e-06,3.778022754908978e-06,2.6783606350131223e-06
16,9012,404,36,2.689045342327677e-06,3.354157181434413e-06,2.4479670874415145e-06
16,9012,404,37,2.5007703898464285e-06,2.9896486673822475e-06,1.64589880174019e-06
16,9012,404,38,2.4175971666159544e-06,2.808797070484444e-06,1.4614351891569067e-06
16,9012,404,39,1.707755682865144e-06,2.46638414054539e-06,1.3902868733141658e-06
16,9012,404,40,1.6766332459048715e-06,2.0373517456684766e-06,1.2727227237344433e-06
16,9012,404,41,1.3936305321823477e-06,2.022406931528495e-06,8.604510614725333e-07
16,9012,404,42,1.3595727048767203e-06,1.6681059199779954e-06,8.078292810833193e-07
16,9012,404,43,1.3068109361192694e-06,1.5655867759896647e-06,7.911508020678267e-07
16,9012,404,44,1.1630334117349306e-06,1.3228205440499157e-06,7.559387696118493e-07
16,9012,404,45,1.1168393463567504e-06,1.0722983618268297e-06,5.625641825804849e-07
16,9012,404,46,1.0588967192831904e-06,9.774645401533257e-07,5.414284089349768e-07
16,9012,404,47,8.672620830030082e-07,9.152274657077068e-07,5.274565732382953e-07
16,9012,404,48,7.980423568557206e-07,8.33065801470881e-07,4.4093900125082684e-07
16,9012,404,49,6.103471088770113e-07,6.971723272678118e-07,3.937900367832149e-07
16,9012,404,50,5.400140431841778e-07,5.946049780738451e-07,3.687124445064406e-07
16,9012,404,51,4.61620040737282e-07,5.496372456350188e-07,3.575949348080982e-07
16,9012,404,52,4.3998790575491e-07,4.879853952628359e-07,2.658239678509297e-07
16,9012,404,53,3.9485077923110906e-07,4.498215573294575e-07,2.2852498768277335e-07
16,9012,404,54,3.3657677329360005e-07,3.9518095087348534e-07,2.1755878103887838e-07
16,9012,404,55,3.1595670244092637e-07,3.4990556925497937e-07,1.7992494669568521e-07
16,9012,404,56,2.874959562294922e-07,3.1399329633052953e-07,1.506108301603617e-07
16,9012,404,57,2.2555578820447456e-07,2.9104069307303935e-07,1.4706984867263454e-07
16,9012,404,58,1.8553227933283858e-07,2.7275562199366633e-07,1.1941729174648155e-07
16,9012,404,59,1.574973092249543e-07,2.130626964971795e-07,1.1376537681998797e-07
16,9012,404,60,1.4937183109958325e-07,1.852242347130699e-07,9.940116543936803e-08
16,9012,404,61,1.4723115544347996e-07,1.7937157440838782e-07,8.424695504527634e-08
16,9012,404,62,1.322665542318741e-07,1.5178435192230856e-07,7.016922769364909e-08
16,9012,404,63,1.24876750284102e-07,1.367839684643099e-07,5.8596791867631116e-08
16,9012,404,64,1.2307726926184942e-07,1.1944736467602003e-07,5.353767262358272e-08
16,9012,404,65,1.0960361592108242e-07,1.1669933762656006e-07,5.1520582988365544e-08
16,9012,404,66,8.145182758715632e-08,1.0768613606751655e-07,4.774833401305918e-08
16,9012,404,67,7.116394637346334e-08,1.0568298340117372e-07,3.9689920348891185e-08
16,9012,404,68,7.071616982897917e-08,8.943474454328904e-08,3.8756001993239e-08
16,9012,404,69,6.516869360007177e-08,7.874801003473172e-08,3.360642317152649e-08
16,9012,404,70,5.562940845383637e-08,7.38697023718905e-08,3.01154853651055e-08
16,9012,404,71,5.366923671204575e-08,6.805363006814574e-08,2.8791718655916626e-08
16,9012,404,72,4.645975536489833e-08,6.52033401502628e-08,2.684055492333362e-08
16,9012,404,73,4.2678128935975054e-08,6.055068256886453e-08,2.1945719935972902e-08
16,9012,404,74,4.236582009933701e-08,4.9515134119998774e-08,2.0560362755387668e-08
16,9012,404,75,3.971984666603703e-08,4.8205359868631195e-08,1.9990772710555578e-08
16,9012,404,76,3.5367600261164703e-08,4.5689172982879855e-08,1.9353014269576013e-08
16,9012,404,77,3.4165898702281346e-08,4.114593821710447e-08,1.8349736945730934e-08
16,9012,404,78,3.177870449041255e-08,3.8304690146546446e-08,1.6702462060828706e-08
16,9012,404,79,2.8786195031761095e-08,3.541056373704347e-08,1.4162246107268046e-08
16,9012,404,80,2.5778866442106503e-08,3.279860735633181e-08,1.3802174704721404e-08
16,9012,404,81,2.5592484593155104e-08,3.179849502085793e-08,1.242563419038026e-08
16,9012,404,82,1.9410988032887828e-08,2.7943137884200857e-08,1.2250877605517353e-08
16,9012,404,83,1.9103050556642986e-08,2.4501967368105927e-08,1.009541845193119e-08
16,9012,404,84,1.697998816071838e-08,2.395434164032021e-08,9.928595193445623e-09
16,9012,404,85,1.658363777879239e-08,2.0413977761954777e-08,8.652115062674799e-09
16,9012,404,86,1.4181182029815986e-08,2.021845885451126e-08,7.160248905188683e-09
16,9012,404,87,1.394637995767609e-08,1.9322258521116416e-08,6.611225405707197e-09
16,9012,404,88,1.1089933381674104e-08,1.6528506755438712e-08,5.61153235206954e-09
16,9012,404,89,1.0957042113782656e-08,1.54467350127911e-08,5.324315551034893e-09
16,9012,404,90,9.557273516051799e-09,1.241637594990111e-08,4.580134677006107e-09
16,9012,404,91,8.373023654524466e-09,1.2192065872848116e-08,4.179730923214972e-09
16,9012,404,92,8.040541878099613e-09,1.1744208312747389e-08,3.749945937106828e-09
16,9012,404,93,7.2983087698885654e-09,9.882927489622366e-09,3.6974816070053306e-09
16,9012,404,94,7.0814495082169955e-09,9.775725997286308e-09,3.281481301923322e-09
16,9012,404,95,6.771031075384586e-09,8.642229694002131e-09,3.0962330300728265e-09
16,9012,404,96,5.452413996171583e-09,8.510503999187813e-09,2.8200299684307626e-09
16,9012,404,97,5.132930113746832e-09,7.966263179223178e-09,2.58651589372925e-09
16,9012,404,98,4.458114988691474e-09,7.307529969528112e-09,2.4363311710611963e-09
16,9012,404,99,4.409234034654762e-09,6.980865947894034e-09,2.3427105597426613e-09
16,9012,404,100,3.904054574333828e-09,6.800023091656606e-09,2.0494735002164643e-09
16,9012,404,101,3.370988859133201e-09,6.267887782689924e-09,1.923139353445907e-09
16,9012,404,102,3.3206695383815395e-09,5.128124145764317e-09,1.860151316171045e-09
16,9012,404,103,3.3076941739008907e-09,5.014370404122879e-09,1.6461470515003512e-09
16,9012,404,104,2.795093995612972e-09,4.519371733639496e-09,1.5644949137303614e-09
16,9012,404,105,2.5084601733280776e-09,4.4575339811954885e-09,1.4236808155677577e-09
16,9012,404,106,2.4557461434020695e-09,3.8509752783505125e-09,1.2513951191344814e-09
16,9012,404,107,2.304792943915376e-09,3.6013675424465613e-09,1.136282664078245e-09
16,9012,404,108,2.12513167191502e-09,3.4128999713415738e-09,1.077596882170058e-09
16,9012,404,109,1.9598840252999044e-09,3.0106890281189533e-09,1.040551846535518e-09
16,9012,404,110,1.8560333435588507e-09,2.933713231159459e-09,9.026758306276959e-10
16,9012,404,111,1.6252267457014763e-09,2.625897872655953e-09,7.929777224655356e-10
16,9012,404,112,1.6003250764198508e-09,2.5622044888868714e-09,7.194206184010302e-10
16,9012,404,113,1.3334468606869113e-09,2.394933933640497e-09,6.942985748137739e-10
16,9012,404,114,1.2201438902373118e-09,2.2173130576736902e-09,6.127406531969146e-10
16,9012,404,115,1.1822565618506942e-09,2.149717027799462e-09,5.701460995305504e-10
16,9012,404,116,1.1030412709930516e-09,1.940986796801823e-09,5.228097320292918e-10
16,9012,404,117,9.530113974823352e-10,1.7969832833252994e-09,4.852336682658579e-10
16,9012,404,118,8.763210793610018e-10,1.367645134881934e-09,4.700416422352854e-10
16,9012,404,119,7.715711390016251e-10,1.3154372757827034e-09,4.3478907597463524e-10
16,9012,404,120,7.268562701990885e-10,1.1252098497268042e-09,3.910556809378798e-10
16,9012,404,121,6.970015278895227e-10,1.093912243456014e-09,3.278316406332471e-10
16,9012,404,122,6.686556800693564e-10,1.0393458918906903e-09,3.132507972673795e-10
16,9012,404,123,6.174561766566959e-10,9.614894084018434e-10,2.931281225834135e-10
16,9012,404,124,5.753241840302898e-10,8.837781707240727e-10,2.6587008352661204e-10
16,9012,404,125,4.478629781073782e-10,7.348726957364507e-10,2.329517543957958e-10
16,9012,404,126,4.290544754340894e-10,7.200616687322893e-10,2.0002778496210294e-10
16,9012,404,127,4.010860924889023e-10,6.903844229876444e-10,1.7350976371163082e-10
16,9012,404,128,3.8970040051279375e-10,6.530754302392289e-10,1.624013125519726e-10
16,9012,404,129,3.7478833033342173e-10,5.677825838956126e-10,1.4554071878736343e-10
16,9012,404,130,3.06639519744381e-10,5.497798406024874e-10,1.3973116285033782e-10
16,9012,404,131,2.785198886875094e-10,5.026080097794919e-10,1.247450807416041e-10
16,9012,404,132,2.590441898033338e-10,4.763795816326984e-10,1.142400681232254e-10
16,9012,404,133,2.4811595654904603e-10,4.683315154903777e-10,1.0969860328632683e-10
16,9012,404,134,2.38714809391302e-10,4.479746057323086e-10,9.91813839319412e-11
16,9012,404,135,2.268490799379656e-10,4.0845180677909127e-10,8.404319925269535e-11
16,9012,404,136,2.2572772538307432e-10,3.307169783143513e-10,7.540813397279565e-11
16,9012,404,137,2.003448694728373e-10,3.027694340771918e-10,7.428040674198017e-11
16,9012,404,138,1.9348078854711585e-10,2.8645898841737266e-10,7.056174467307708e-11
16,9012,404,139,1.5243734024954685e-10,2.5348923807478267e-10,6.115420484972673e-11
16,9012,404,140,1.504587009481559e-10,2.509265756987367e-10,5.673079257243281e-11
16,9012,404,141,1.4680045229358506e-10,2.1975291021657427e-10,5.125476862302057e-11
16,9012,404,142,1.3360460910092495e-10,1.9513622340318707e-10,4.869995163273841e-11
16,9012,404,143,1.1942074511494525e-10,1.928138700069321e-10,4.6843406824208725e-11
16,9012,404,144,1.0177499358491455e-10,1.796829078958983e-10,4.4333982342451883e-11
16,9012,404,145,9.281116596290951e-11,1.6044162117103656e-10,4.235329255203437e-11
16,9012,404,146,9.071243486164567e-11,1.5816087940505377e-10,3.754806938164068e-11
16,9012,404,147,7.790680254002014e-11,1.3933730971816014e-10,3.5647318825810805e-11
16,9012,404,148,6.639782270433016e-11,1.3015130630490467e-10,3.196506075921143e-11
16,9012,404,149,6.597355271502976e-11,1.1363271985728526e-10,2.7694968809998593e-11
16,9012,404,150,6.131521931520763e-11,1.111820960964651e-10,2.66133269309692e-11
16,9012,404,151,5.3094679603854204e-11,1.0758913096516702e-10,2.57628006276392e-11
16,9012,404,152,4.892048214370316e-11,9.365864217493816e-11,2.350768041996355e-11
16,9012,404,153,4.570144225762586e-11,9.2391380058819e-11,1.924030110526853e-11
16,9012,404,154,4.128010999943458e-11,8.826534159187687e-11,1.6689200891459154e-11
16,9012,404,155,3.668201395597901e-11,8.01683360115291e-11,1.542507312005549e-11
16,9012,404,156,3.6522862973989194e-11,7.739458956082644e-11,1.4692353140784532e-11
16,9012,404,157,2.976603460397174e-11,6.609628241019705e-11,1.326893575606479e-11
16,9012,404,158,2.962904920163398e-11,6.07485750747774e-11,1.1182076718815235e-11
16,9012,404,159,2.8651535689039693e-11,5.726480406545514e-11,1.0482165680058787e-11
16,9012,404,160,2.6544435627086505e-11,5.094061122500235e-11,9.786729314321186e-12
16,9012,404,161,2.4969363780018528e-11,5.027693266984825e-11,9.458685654540476e-12
16,9012,404,162,2.3502123514397567e-11,4.590154584999429e-11,8.581575290591602e-12
16,9012,404,163,2.007652310181912e-11,4.38363664947687e-11,7.663519373615893e-12
16,9012,404,164,1.9281663867096653e-11,4.030830822111849e-11,7.482863664029041e-12
16,9012,404,165,1.878408335090781e-11,3.666468551729673e-11,7.137037606898382e-12
16,9012,404,166,1.752693186515873e-11,3.096661326117016e-11,6.210193710401197e-12
16,9012,404,167,1.5860997665887383e-11,2.8005157182706304e-11,5.439335094677681e-12
16,9012,404,168,1.3273389474426075e-11,2.5484482245345684e-11,5.0983855210855155e-12
16,9012,404,169,1.1549374017058586e-11,2.161620507201793e-11,4.752741309088679e-12
16,9012,404,170,1.1480120184937342e-11,1.9329162222597195e-11,4.384898524387514e-12
16,9012,404,171,1.1296843518563054e-11,1.7914317209154676e-11,3.937004839733477e-12
16,9012,404,172,1.0506925610874622e-11,1.7811066814006455e-11,3.60560687930631e-12
16,9012,404,173,9.1486790267973e-12,1.6057012825955937e-11,3.2169420435357037e-12
16,9012,404,174,8.425038681344834e-12,1.5795301934426458e-11,2.934888089191699e-12
16,9012,404,175,7.063542882754064e-12,1.4604599889338287e-11,2.5435751631127506e-12
16,9012,404,176,7.0247529565555106e-12,1.403805694800232e-11,2.377172849448539e-12
16,9012,404,177,6.508522067885506e-12,1.2520670381755218e-11,2.1672878649860357e-12
16,9012,404,178,5.9224605539267565e-12,1.0991236348994582e-11,2.030826384986398e-12
16,9012,404,179,5.449763594638895e-12,9.961390662524802e-12,1.9019963474955306e-12
16,9012,404,180,4.471003975718768e-12,9.38740301936607e-12,1.7665203611375203e-12
16,9012,404,181,4.4048899807005655e-12,8.887668569200162e-12,1.6608444995780042e-12
16,9012,404,182,3.954050676279483e-12,7.304749122853651e-12,1.510445796869234e-12
16,9012,404,183,3.323146076692284e-12,6.805433518032925e-12,1.3515690854563842e-12
16,9012,404,184,3.027257098697987e-12,6.333669732701114e-12,1.0443741174340884e-12
16,9012,404,185,2.987330298090792e-12,5.9224670048948055e-12,9.939039080335578e-13
16,9012,404,186,2.284690454017834e-12,5.636623622441894e-12,8.81135438304351e-13
16,9012,404,187,2.1646453490046297e-12,4.671601152435069e-12,8.472147223510448e-13
16,9012,404,188,2.1608365047690596e-12,4.265766986165562e-12,7.520570291101883e-13
16,9012,404,189,1.8132990547752784e-12,3.97256718469272e-12,6.826319349396931e-13
16,9012,404,190,1.6897963255723317e-12,3.829111625338834e-12,5.86307598670425e-13
16,9012,404,191,1.6824946375035774e-12,3.4443361651764144e-12,4.952032697045127e-13
16,9012,404,192,1.4490591382499022e-12,3.3640484588049146e-12,4.452180663664882e-13
16,9012,404,193,1.1782217391669757e-12,2.580349150272592e-12,4.265353547826093e-13
16,9012,404,194,1.1184409911006291e-12,2.3223327045194986e-12,3.833538328589901e-13
16,9012,404,195,9.0648968941097e-13,2.2909727570565133e-12,3.370261985266747e-13
16,9012,404,196,7.39219686381796e-13,2.1555624947223546e-12,2.816320518714678e-13
16,9012,404,197,7.378409457859758e-13,2.106642306454512e-12,2.6433895066941905e-13
16,9012,404,198,7.01456414980419e-13,1.6938307903502412e-12,2.1737170448998282e-13
16,9012,404,199,6.311275021031647e-13,1.6563227888763013e-12,2.0999553789994333e-13
16,9012,404,200,6.309246556937017e-13,1.4169165384939316e-12,2.0284834195873247e-13
16,9012,404,201,4.653325258973811e-13,1.3575926917677691e-12,1.8303369592631486e-13
16,9012,404,202,4.405473112843871e-13,1.1601921561435732e-12,1.613932937221702e-13
16,9012,404,203,3.9696022122937264e-13,9.652050033503016e-13,1.5387233568478397e-13
16,9012,404,204,3.6037095558469936e-13,8.935494053747366e-13,1.2412826427074777e-13
16,9012,404,205,2.8566372063850205e-13,7.742327251648576e-13,1.0933425248528614e-13
16,9012,404,206,2.832896782489948e-13,7.079294700757007e-13,9.52149788582049e-14
16,9012,404,207,2.6489868476769845e-13,6.849157936545588e-13,8.653165367941623e-14
16,9012,404,208,2.2473258592021294e-13,6.27609582337207e-13,7.199682799990717e-14
16,9012,404,209,1.9897969780982062e-13,4.798762091327614e-13,6.952466940906284e-14
16,9012,404,210,1.7578493248202976e-13,4.488769586330803e-13,5.944333320189216e-14
16,9012,404,211,1.7557304899689154e-13,3.777943806248255e-13,4.9970770766278904e-14
16,9012,404,212,1.6360251428407032e-13,3.6911946842869904e-13,4.9843252341580363e-14
16,9012,404,213,1.4311185939492728e-13,3.105713970649229e-13,4.0497428916416186e-14
16,9012,404,214,1.3097425150286255e-13,3.070796981632473e-13,3.3378630999268826e-14
16,9012,404,215,1.1218592532908269e-13,2.4753183858605786e-13,2.975719333055493e-14
16,9012,404,216,1.0014601734794694e-13,2.1162512861424246e-13,2.6984954111672472e-14
16,9012,404,217,8.005120837376372e-14,1.8624432677951177e-13,2.171980837339674e-14
16,9012,404,218,7.627152751172927e-14,1.7797185373342336e-13,1.977219437375491e-14
16,9012,404,219,6.433868686187962e-14,1.5519736730509713e-13,1.8155857773552567e-14
16,9012,404,220,5.695862591385727e-14,1.3684267706587167e-13,1.4589972124284562e-14
16,9012,404,221,5.5033753961003456e-14,1.1026131125880853e-13,1.4178901613082046e-14
16,9012,404,222,4.354054012710247e-14,9.468070237821004e-14,1.2051067532851748e-14
16,9012,404,223,3.636252803162634e-14,9.146744035887103e-14,1.0765378411479231e-14
16,9012,404,224,3.410395294043388e-14,8.10078438688035e-14,9.935148150184482e-15
16,9012,404,225,3.212902990083885e-14,6.801626816470588e-14,7.770318421719935e-15
16,9012,404,226,2.630170083805713e-14,5.563106562383769e-14,7.136953792211623e-15
16,9012,404,227,2.3724159331769828e-14,4.943012796417287e-14,4.613473741258979e-15
16,9012,404,228,2.0127923065462294e-14,4.085772199759033e-14,4.346928109131597e-15
16,9012,404,229,1.5054222933211568e-14,3.583936634815208e-14,4.042001468921914e-15
16,9012,404,230,1.4539198112870846e-14,3.1362739333507675e-14,3.3546557322116074e-15
16,9012,404,231,9.674263729675424e-15,2.3823069912460398e-14,2.2977681677943617e-15
16,9012,404,232,8.003376095076999e-15,2.0591756100451544e-14,2.0221054706987703e-15
16,9012,404,233,5.860827396301248e-15,1.3308772215782178e-14,1.7538255987845939e-15
16,9012,404,234,4.853078692334073e-15,1.1233374207564071e-14,1.0973178662771603e-15
16,9012,404,235,4.699934419481974e-15,1.05182918615184e-14,1.0121339937555954e-15
16,9012,404,236,3.194976422427061e-15,9.644425550003542e-15,9.999999999999837e-16
16,9012,404,237,2.8819206742249165e-15,8.792269946026788e-15,9.999999999999837e-16
16,9012,404,238,2.1593175048511197e-15,6.887865148816268e-15,9.999999999999837e-16
16,9012,404,239,1.9908035947781002e-15,5.248753364753483e-15,9.999999999999837e-16
16,9012,404,240,1.869593337839055e-15,3.5472265582716725e-15,9.999999999999837e-16
16,9012,404,241,1.5355860135585964e-15,2.9921042624515137e-15,9.999999999999837e-16
16,9012,404,242,1.3272738664118507e-15,2.837100934764327e-15,9.999999999999837e-16
16,9012,404,243,9.9999999999999e-16,2.747603233674517e-15,9.999999999999837e-16
16,9012,404,244,9.9999999999999e-16,1.5287234196528585e-15,9.999999999999837e-16
16,9012,404,245,9.9999999999999e-16,1.0162975538931747e-15,9.999999999999837e-16
16,9012,404,246,9.9999999999999e-16,9.999999999999924e-16,9.999999999999837e-16
16,9012,404,247,9.9999999999999e-16,9.999999999999924e-16,9.999999999999837e-16
16,9012,404,248,9.9999999999999e-16,9.999999999999924e-16,9.999999999999837e-16
16,9012,404,249,9.9999999999999e-16,9.999999999999924e-16,9.999999999999837e-16
16,9012,404,250,9.9999999999999e-16,9.999999999999924e-16,9.999999999999837e-16
16,9012,404,251,9.9999999999999e-16,9.999999999999924e-16,9.999999999999837e-16
16,9012,404,252,9.9999999999999e-16,9.999999999999924e-16,9.999999999999837e-16
16,9012,404,253,9.9999999999999e-16,9.999999999999924e-16,9.999999999999837e-16
16,9012,404,254,9.9999999999999e-16,9.999999999999924e-16,9.999999999999837e-16
16,9012,404,255,9.9999999999999e-16,9.999999999999924e-16,9.999999999999837e-16
16,9012,404,256,9.9999999999999e-16,9.999999999999924e-16,9.999999999999837e-16
16,9012,505,1,0.8906792124476115,0.8912129900473167,0.8895377634016749
16,9012,505,2,0.04964982440451865,0.0508384625966549,0.050403331390063005
16,9012,505,3,0.02523923126745419,0.024480811292696407,0.02569969844840243
16,9012,505,4,0.02006997092461851,0.019304784195543382,0.020324819999568703
16,9012,505,5,0.0057884883191736064,0.0056416877421122625,0.006000372521229112
16,9012,505,6,0.002505996262099005,0.0023986062517072503,0.002426478686530078
16,9012,505,7,0.0014448129402657918,0.0015073786243883086,0.0014525319042295005
16,9012,505,8,0.0012743709476429287,0.0013913957927236783,0.0011239876714603482
16,9012,505,9,0.00073054835994159,0.0007335085195417249,0.0007000748251637278
16,9012,505,10,0.0006544336767406462,0.0005668900005360282,0.000591014339419149
16,9012,505,11,0.0005054847927075658,0.0004036219955752009,0.00040874962948819017
16,9012,505,12,0.00026298600492765284,0.0002821835392156478,0.00025736227973041935
16,9012,505,13,0.00024805797998072286,0.00020569922480926173,0.0002249824276158185
16,9012,505,14,0.00017600446915030653,0.00018682295699099595,0.0001716914159000148
16,9012,505,15,0.00013205685745935886,0.00017251444366882753,0.00012323077208650259
16,9012,505,16,0.00012320919452951976,0.0001281593285866511,0.00012126206451237024
16,9012,505,17,0.00010158074964109906,9.192974263435983e-05,8.145483805396928e-05
16,9012,505,18,9.049881611407286e-05,7.873537089142028e-05,7.042096806561009e-05
16,9012,505,19,5.547462777726761e-05,5.9934569122037304e-05,5.084864957478011e-05
16,9012,505,20,4.729351380274246e-05,5.284644384165039e-05,4.369419516305543e-05
16,9012,505,21,3.600869723151064e-05,4.454107093373108e-05,3.1751095191651905e-05
16,9012,505,22,3.1708685496206784e-05,3.291309403958578e-05,2.3670729363661957e-05
16,9012,505,23,2.1513926919737975e-05,2.1634687254426033e-05,2.132494536943502e-05
16,9012,505,24,1.8467215778799482e-05,2.097308849344066e-05,1.5395078669218435e-05
16,9012,505,25,1.376626764586434e-05,2.0553777809958915e-05,1.3246452569146628e-05
16,9012,505,26,1.2393462331253696e-05,1.5500210017683034e-05,1.1922164647144006e-05
16,9012,505,27,1.2017119468284327e-05,1.2866016956528794e-05,8.54808111785374e-06
16,9012,505,28,9.691061811449511e-06,1.1137306539701216e-05,8.052999903418812e-06
16,9012,505,29,8.574156380108874e-06,1.0304599573422383e-05,6.322661098435534e-06
16,9012,505,30,7.412671267678229e-06,8.845317717341654e-06,6.084869912664606e-06
16,9012,505,31,5.614272182325638e-06,7.287563211472606e-06,5.433038281726438e-06
16,9012,505,32,5.485500032042431e-06,5.968769641801632e-06,4.323283213670121e-06
16,9012,505,33,4.747271822673643e-06,5.0610075424307035e-06,3.3927435497794834e-06
16,9012,505,34,4.500245503902776e-06,4.896820519915495e-06,3.1223197192654616e-06
16,9012,505,35,2.775809291165409e-06,4.813289552471745e-06,3.0669177289203442e-06
16,9012,505,36,2.689045342327677e-06,3.6177741098191278e-06,2.604052199644324e-06
16,9012,505,37,2.5007703898464285e-06,3.4036033529552704e-06,2.0317907186906408e-06
16,9012,505,38,2.4175971666159544e-06,2.823574459507117e-06,1.9330173948242594e-06
16,9012,505,39,1.707755682865144e-06,2.3010532788368664e-06,1.6469339577507923e-06
16,9012,505,40,1.6766332459048715e-06,2.2694056735228493e-06,1.5002565329266785e-06
16,9012,505,41,1.3936305321823477e-06,1.9918143000429e-06,1.201416101112697e-06
16,9012,505,42,1.3595727048767203e-06,1.910719096938875e-06,1.1504767593966125e-06
16,9012,505,43,1.3068109361192694e-06,1.9010441417676842e-06,9.871859891052681e-07
16,9012,505,44,1.1630334117349306e-06,1.347215496650626e-06,8.469942756960427e-07
16,9012,505,45,1.1168393463567504e-06,1.2637981954967283e-06,7.017259333276902e-07
16,9012,505,46,1.0588967192831904e-06,1.1782178681450534e-06,5.989751942303423e-07
16,9012,505,47,8.672620830030082e-07,1.1033962423756877e-06,5.684703658846269e-07
16,9012,505,48,7.980423568557206e-07,9.140268141848831e-07,5.385276502901771e-07
16,9012,505,49,6.103471088770113e-07,8.070617622403048e-07,4.800464070763809e-07
16,9012,505,50,5.400140431841778e-07,7.261541305337994e-07,4.168161351469381e-07
16,9012,505,51,4.61620040737282e-07,6.713234206553772e-07,3.472359822941419e-07
16,9012,505,52,4.3998790575491e-07,5.67735021780237e-07,3.263780766133447e-07
16,9012,505,53,3.9485077923110906e-07,5.025799241856675e-07,3.2149892279881064e-07
16,9012,505,54,3.3657677329360005e-07,4.087751634807307e-07,2.8237458913068927e-07
16,9012,505,55,3.1595670244092637e-07,3.7272395949382617e-07,2.5808778185335594e-07
16,9012,505,56,2.874959562294922e-07,3.5945899829204424e-07,1.934564754930525e-07
16,9012,505,57,2.2555578820447456e-07,2.9797389102476967e-07,1.7063253704235695e-07
16,9012,505,58,1.8553227933283858e-07,2.4471029096886177e-07,1.4957785890260387e-07
16,9012,505,59,1.574973092249543e-07,2.2210500391181765e-07,1.2824303970705236e-07
16,9012,505,60,1.4937183109958325e-07,2.0047379771914336e-07,1.1088809387993597e-07
16,9012,505,61,1.4723115544347996e-07,1.8001629630592213e-07,1.0292960027614726e-07
16,9012,505,62,1.322665542318741e-07,1.7882700158824609e-07,9.302604960059425e-08
16,9012,505,63,1.24876750284102e-07,1.6264141465442925e-07,8.20435144709029e-08
16,9012,505,64,1.2307726926184942e-07,1.5716417963427882e-07,7.960146120034038e-08
16,9012,505,65,1.0960361592108242e-07,1.2859759571786745e-07,6.804409144795788e-08
16,9012,505,66,8.145182758715632e-08,1.1485474436051292e-07,6.362206256440252e-08
16,9012,505,67,7.116394637346334e-08,1.1248404755850342e-07,5.4573123305848984e-08
16,9012,505,68,7.071616982897917e-08,1.074689601100263e-07,4.969976323519711e-08
16,9012,505,69,6.516869360007177e-08,1.0370949993486935e-07,4.49931087601356e-08
16,9012,505,70,5.562940845383637e-08,9.205925263518207e-08,3.9919504603764685e-08
16,9012,505,71,5.366923671204575e-08,8.676446951984585e-08,3.4656152137505984e-08
16,9012,505,72,4.645975536489833e-08,8.357726472717871e-08,3.4243268055991337e-08
16,9012,505,73,4.2678128935975054e-08,6.935419060094846e-08,3.0199139553103534e-08
16,9012,505,74,4.236582009933701e-08,6.065609040875643e-08,2.684565881264095e-08
16,9012,505,75,3.971984666603703e-08,5.5861365810052164e-08,2.548429959186161e-08
16,9012,505,76,3.5367600261164703e-08,5.274258212587132e-08,2.127996711515359e-08
16,9012,505,77,3.4165898702281346e-08,5.091641709773224e-08,2.0226175040046002e-08
16,9012,505,78,3.177870449041255e-08,3.9946302581146204e-08,1.697818000505137e-08
16,9012,505,79,2.8786195031761095e-08,3.669791756941347e-08,1.5674077134395833e-08
16,9012,505,80,2.5778866442106503e-08,3.4801217372456674e-08,1.3814974292874982e-08
16,9012,505,81,2.5592484593155104e-08,3.3595993616611993e-08,1.3284220696261659e-08
16,9012,505,82,1.9410988032887828e-08,2.993574156683015e-08,1.2022085054178066e-08
16,9012,505,83,1.9103050556642986e-08,2.722141324355096e-08,1.173001104697643e-08
16,9012,505,84,1.697998816071838e-08,2.493464939591176e-08,9.750480943770825e-09
16,9012,505,85,1.658363777879239e-08,2.461564865031122e-08,9.493857574603601e-09
16,9012,505,86,1.4181182029815986e-08,2.3308661841787135e-08,8.103593537774277e-09
16,9012,505,87,1.394637995767609e-08,2.1935251736614892e-08,7.4892337468661e-09
16,9012,505,88,1.1089933381674104e-08,2.053285573096482e-08,7.4233725205379625e-09
16,9012,505,89,1.0957042113782656e-08,1.990416452557127e-08,6.206391202617328e-09
16,9012,505,90,9.557273516051799e-09,1.5221935879065875e-08,5.870888444682299e-09
16,9012,505,91,8.373023654524466e-09,1.4849328425130842e-08,5.270581915343915e-09
16,9012,505,92,8.040541878099613e-09,1.4450289394996194e-08,5.1752698251210335e-09
16,9012,505,93,7.2983087698885654e-09,1.4196928881973028e-08,4.667757269371192e-09
16,9012,505,94,7.0814495082169955e-09,1.2436970373217382e-08,3.876663423879824e-09
16,9012,505,95,6.771031075384586e-09,1.076046956512789e-08,3.800088800635106e-09
16,9012,505,96,5.452413996171583e-09,1.03624929057535e-08,3.6407982781065144e-09
16,9012,505,97,5.132930113746832e-09,8.256493927206915e-09,3.253162429532803e-09
16,9012,505,98,4.458114988691474e-09,8.081266879511082e-09,2.9826011379812952e-09
16,9012,505,99,4.409234034654762e-09,7.1120188854122e-09,2.7995736537601914e-09
16,9012,505,100,3.904054574333828e-09,6.47514524478651e-09,2.6842546285685448e-09
16,9012,505,101,3.370988859133201e-09,5.607092551991907e-09,2.5856709237148464e-09
16,9012,505,102,3.3206695383815395e-09,5.429188410155341e-09,2.2477909067563906e-09
16,9012,505,103,3.3076941739008907e-09,5.09693991804986e-09,2.179993580528599e-09
16,9012,505,104,2.795093995612972e-09,4.9373762752335935e-09,1.871328661636516e-09
16,9012,505,105,2.5084601733280776e-09,4.4172058432840125e-09,1.8169747212606364e-09
16,9012,505,106,2.4557461434020695e-09,3.978648375729515e-09,1.7240617772764714e-09
16,9012,505,107,2.304792943915376e-09,3.6072851606703755e-09,1.3955956308947e-09
16,9012,505,108,2.12513167191502e-09,3.0136265006342674e-09,1.2941170682726761e-09
16,9012,505,109,1.9598840252999044e-09,2.8591069154236274e-09,1.2035750021708805e-09
16,9012,505,110,1.8560333435588507e-09,2.607419291662981e-09,1.0854831355514868e-09
16,9012,505,111,1.6252267457014763e-09,2.403160357585976e-09,1.0416776278205756e-09
16,9012,505,112,1.6003250764198508e-09,2.3356595420955763e-09,1.0156937999787756e-09
16,9012,505,113,1.3334468606869113e-09,1.994834159075261e-09,9.372042818503258e-10
16,9012,505,114,1.2201438902373118e-09,1.9796618454902017e-09,8.91489433836018e-10
16,9012,505,115,1.1822565618506942e-09,1.7278233617772745e-09,8.052864975321234e-10
16,9012,505,116,1.1030412709930516e-09,1.6953653938246456e-09,6.799363625715001e-10
16,9012,505,117,9.530113974823352e-10,1.6293978702188794e-09,6.185906039721396e-10
16,9012,505,118,8.763210793610018e-10,1.5728802518798173e-09,5.324255352955949e-10
16,9012,505,119,7.715711390016251e-10,1.4436269069885344e-09,4.757152170394952e-10
16,9012,505,120,7.268562701990885e-10,1.2635396492708798e-09,4.225950984391132e-10
16,9012,505,121,6.970015278895227e-10,1.2421772487720546e-09,4.07502110147041e-10
16,9012,505,122,6.686556800693564e-10,1.2094616197460281e-09,3.540014024414726e-10
16,9012,505,123,6.174561766566959e-10,1.1184084235765344e-09,3.1838402249126913e-10
16,9012,505,124,5.753241840302898e-10,9.440173519007e-10,2.785385146853449e-10
16,9012,505,125,4.478629781073782e-10,8.8591841968315e-10,2.73501282591383e-10
16,9012,505,126,4.290544754340894e-10,7.69928081652601e-10,2.6156204487811347e-10
16,9012,505,127,4.010860924889023e-10,7.044355560337747e-10,2.451512920823139e-10
16,9012,505,128,3.8970040051279375e-10,6.940905807897825e-10,2.2941783607825347e-10
16,9012,505,129,3.7478833033342173e-10,6.719314855561688e-10,2.1474523176862543e-10
16,9012,505,130,3.06639519744381e-10,6.546444416048078e-10,1.9323851469808088e-10
16,9012,505,131,2.785198886875094e-10,5.625647595138583e-10,1.7986904477042802e-10
16,9012,505,132,2.590441898033338e-10,5.592598028756986e-10,1.7556364673876484e-10
16,9012,505,133,2.4811595654904603e-10,5.140500943240873e-10,1.6145359776847777e-10
16,9012,505,134,2.38714809391302e-10,4.824469123958111e-10,1.3723475475820413e-10
16,9012,505,135,2.268490799379656e-10,4.291588041345975e-10,1.2114776944570186e-10
16,9012,505,136,2.2572772538307432e-10,4.149175536700359e-10,1.188757145765468e-10
16,9012,505,137,2.003448694728373e-10,4.0153459756201943e-10,1.0512033072112524e-10
16,9012,505,138,1.9348078854711585e-10,3.6865481474294764e-10,9.801749445848985e-11
16,9012,505,139,1.5243734024954685e-10,3.547435377219661e-10,8.585405322468757e-11
16,9012,505,140,1.504587009481559e-10,3.0439512399081587e-10,7.902918129954642e-11
16,9012,505,141,1.4680045229358506e-10,2.889037143380676e-10,7.47229357112635e-11
16,9012,505,142,1.3360460910092495e-10,2.7825682149344195e-10,7.034487126625268e-11
16,9012,505,143,1.1942074511494525e-10,2.4293279743572265e-10,6.033866252836974e-11
16,9012,505,144,1.0177499358491455e-10,2.228321683989024e-10,5.499722064783914e-11
16,9012,505,145,9.281116596290951e-11,2.161506674074184e-10,5.3801511514070615e-11
16,9012,505,146,9.071243486164567e-11,2.0378586546024204e-10,4.6548540265692824e-11
16,9012,505,147,7.790680254002014e-11,1.9042296290265088e-10,4.4287364581082134e-11
16,9012,505,148,6.639782270433016e-11,1.7516243302679767e-10,4.1300956681228753e-11
16,9012,505,149,6.597355271502976e-11,1.5436054079972737e-10,3.8896103639821815e-11
16,9012,505,150,6.131521931520763e-11,1.5155168397544938e-10,3.3862408300221566e-11
16,9012,505,151,5.3094679603854204e-11,1.5024084173570716e-10,3.1552354804080546e-11
16,9012,505,152,4.892048214370316e-11,1.222743126756231e-10,2.8289999103357076e-11
16,9012,505,153,4.570144225762586e-11,1.0326422162668089e-10,2.811939865216996e-11
16,9012,505,154,4.128010999943458e-11,9.800410233481041e-11,2.5818653874360493e-11
16,9012,505,155,3.668201395597901e-11,8.341586508577644e-11,2.4284582201449134e-11
16,9012,505,156,3.6522862973989194e-11,8.182925610189676e-11,2.1833250967316365e-11
16,9012,505,157,2.976603460397174e-11,7.72379417192475e-11,1.9247382427659872e-11
16,9012,505,158,2.962904920163398e-11,7.287089972279015e-11,1.6587125667051567e-11
16,9012,505,159,2.8651535689039693e-11,7.114259173837841e-11,1.5356118011795095e-11
16,9012,505,160,2.6544435627086505e-11,6.41469724634209e-11,1.4074011550593043e-11
16,9012,505,161,2.4969363780018528e-11,6.138079050879236e-11,1.3490610460937024e-11
16,9012,505,162,2.3502123514397567e-11,5.656862252081317e-11,1.2520311127038692e-11
16,9012,505,163,2.007652310181912e-11,5.070896831029946e-11,1.0287670296196425e-11
16,9012,505,164,1.9281663867096653e-11,4.404760638635589e-11,9.599190554094071e-12
16,9012,505,165,1.878408335090781e-11,4.237782509412609e-11,8.900111781151303e-12
16,9012,505,166,1.752693186515873e-11,3.862381818594082e-11,8.419205969416825e-12
16,9012,505,167,1.5860997665887383e-11,3.547404815801286e-11,7.268940569022448e-12
16,9012,505,168,1.3273389474426075e-11,3.112568556686934e-11,6.966222973002944e-12
16,9012,505,169,1.1549374017058586e-11,2.7923169721206752e-11,6.140914241059307e-12
16,9012,505,170,1.1480120184937342e-11,2.764848902659754e-11,5.530521017913832e-12
16,9012,505,171,1.1296843518563054e-11,2.6445340872194274e-11,4.9116389031893056e-12
16,9012,505,172,1.0506925610874622e-11,2.400665225104104e-11,4.714956208345564e-12
16,9012,505,173,9.1486790267973e-12,2.2353190249253564e-11,4.195513267637296e-12
16,9012,505,174,8.425038681344834e-12,2.129053735358558e-11,3.989177728640903e-12
16,9012,505,175,7.063542882754064e-12,2.089872954725685e-11,3.686372641454964e-12
16,9012,505,176,7.0247529565555106e-12,1.75841388644391e-11,3.2733002101402233e-12
16,9012,505,177,6.508522067885506e-12,1.538014159240894e-11,3.002177673553764e-12
16,9012,505,178,5.9224605539267565e-12,1.485327604067484e-11,2.6758199824529314e-12
16,9012,505,179,5.449763594638895e-12,1.3858259967328208e-11,2.4364293656496897e-12
16,9012,505,180,4.471003975718768e-12,1.295943320694956e-11,2.3757100754035787e-12
16,9012,505,181,4.4048899807005655e-12,1.1021008665208428e-11,2.1451832218736703e-12
16,9012,505,182,3.954050676279483e-12,1.0513259427323577e-11,2.0846837891286545e-12
16,9012,505,183,3.323146076692284e-12,7.944024841600943e-12,1.7866416772120002e-12
16,9012,505,184,3.027257098697987e-12,7.1352229736024405e-12,1.628076912245711e-12
16,9012,505,185,2.987330298090792e-12,6.664315522958063e-12,1.47054035810386e-12
16,9012,505,186,2.284690454017834e-12,6.383458634710349e-12,1.2692953451769936e-12
16,9012,505,187,2.1646453490046297e-12,5.992223292999713e-12,1.18203923237009e-12
16,9012,505,188,2.1608365047690596e-12,5.486981506184519e-12,1.0190686804296495e-12
16,9012,505,189,1.8132990547752784e-12,5.133951878942736e-12,8.754010742618425e-13
16,9012,505,190,1.6897963255723317e-12,4.620263429745149e-12,8.480438675694499e-13
16,9012,505,191,1.6824946375035774e-12,3.93410824690499e-12,7.852311523665564e-13
16,9012,505,192,1.4490591382499022e-12,3.883914078220541e-12,6.964327631015793e-13
16,9012,505,193,1.1782217391669757e-12,3.451782815641755e-12,6.642019765856568e-13
16,9012,505,194,1.1184409911006291e-12,3.068518659091126e-12,5.975085602582739e-13
16,9012,505,195,9.0648968941097e-13,2.998149616566192e-12,4.834492622955544e-13
16,9012,505,196,7.39219686381796e-13,2.8950807676324144e-12,4.326395373661776e-13
16,9012,505,197,7.378409457859758e-13,2.36068080092373e-12,3.898895129247523e-13
16,9012,505,198,7.01456414980419e-13,2.3217456869587256e-12,3.648778819397175e-13
16,9012,505,199,6.311275021031647e-13,1.880313701275926e-12,3.4194432490318587e-13
16,9012,505,200,6.309246556937017e-13,1.4741063918946292e-12,3.027987297038319e-13
16,9012,505,201,4.653325258973811e-13,1.3724801926442055e-12,2.617500782386063e-13
16,9012,505,202,4.405473112843871e-13,1.3312847331575303e-12,2.409912244501977e-13
16,9012,505,203,3.9696022122937264e-13,1.2105431677169033e-12,2.0082970778282772e-13
16,9012,505,204,3.6037095558469936e-13,1.1287644266502339e-12,1.8624804953586173e-13
16,9012,505,205,2.8566372063850205e-13,1.1009581662297113e-12,1.726952098075703e-13
16,9012,505,206,2.832896782489948e-13,9.861113508006758e-13,1.5455777259467048e-13
16,9012,505,207,2.6489868476769845e-13,8.934306601149837e-13,1.3146126424311055e-13
16,9012,505,208,2.2473258592021294e-13,8.239389666434102e-13,1.2814128205250603e-13
16,9012,505,209,1.9897969780982062e-13,6.641980011093337e-13,1.1678787951024236e-13
16,9012,505,210,1.7578493248202976e-13,5.720008196945492e-13,9.198262271285563e-14
16,9012,505,211,1.7557304899689154e-13,5.498491001957238e-13,7.209136494485625e-14
16,9012,505,212,1.6360251428407032e-13,4.764472212195919e-13,6.768472422011373e-14
16,9012,505,213,1.4311185939492728e-13,4.5043365092046276e-13,6.303016053882872e-14
16,9012,505,214,1.3097425150286255e-13,4.2673211944444953e-13,4.940938746082257e-14
16,9012,505,215,1.1218592532908269e-13,3.7825444284692523e-13,4.4267309852942597e-14
16,9012,505,216,1.0014601734794694e-13,3.630569865078116e-13,3.848558532129777e-14
16,9012,505,217,8.005120837376372e-14,3.3567090148232077e-13,3.370578347721632e-14
16,9012,505,218,7.627152751172927e-14,2.622792873212249e-13,2.7476534357324435e-14
16,9012,505,219,6.433868686187962e-14,1.911284367398924e-13,2.648064258176965e-14
16,9012,505,220,5.695862591385727e-14,1.5672904831457047e-13,2.4541455833232585e-14
16,9012,505,221,5.5033753961003456e-14,1.4800717212894134e-13,1.6983675877186434e-14
16,9012,505,222,4.354054012710247e-14,1.2255887262515095e-13,1.371446625663118e-14
16,9012,505,223,3.636252803162634e-14,1.1114664439519419e-13,1.347383069929466e-14
16,9012,505,224,3.410395294043388e-14,9.295619924846576e-14,1.0885912758177085e-14
16,9012,505,225,3.212902990083885e-14,7.551741519985942e-14,9.582925808228255e-15
16,9012,505,226,2.630170083805713e-14,7.061226380963278e-14,9.457926582627226e-15
16,9012,505,227,2.3724159331769828e-14,6.230665892403897e-14,8.711974330224732e-15
16,9012,505,228,2.0127923065462294e-14,5.4258113777823567e-14,7.504899887494549e-15
16,9012,505,229,1.5054222933211568e-14,4.613835991793756e-14,5.918661302809213e-15
16,9012,505,230,1.4539198112870846e-14,3.665357396802138e-14,5.808124543795255e-15
16,9012,505,231,9.674263729675424e-15,3.337614731362648e-14,4.943613792253502e-15
16,9012,505,232,8.003376095076999e-15,3.0373304022568533e-14,3.886215449329423e-15
16,9012,505,233,5.860827396301248e-15,2.6644068775719294e-14,2.3797918726193452e-15
16,9012,505,234,4.853078692334073e-15,1.791316488412498e-14,2.210144796698724e-15
16,9012,505,235,4.699934419481974e-15,1.2784962074509198e-14,2.0889778562919943e-15
16,9012,505,236,3.194976422427061e-15,1.2013441736918035e-14,1.9276377913709502e-15
16,9012,505,237,2.8819206742249165e-15,1.0289803517897563e-14,1.070407645669733e-15
16,9012,505,238,2.1593175048511197e-15,6.681824920648709e-15,1.0397591214705984e-15
16,9012,505,239,1.9908035947781002e-15,5.3766545625934815e-15,9.999999999999865e-16
16,9012,505,240,1.869593337839055e-15,4.487061203496758e-15,9.999999999999865e-16
16,9012,505,241,1.5355860135585964e-15,3.2558295184897155e-15,9.999999999999865e-16
16,9012,505,242,1.3272738664118507e-15,3.0712254489793497e-15,9.999999999999865e-16
16,9012,505,243,9.9999999999999e-16,2.6531406729218542e-15,9.999999999999865e-16
16,9012,505,244,9.9999999999999e-16,1.746657557275472e-15,9.999999999999865e-16
16,9012,505,245,9.9999999999999e-16,1.491637790780844e-15,9.999999999999865e-16
16,9012,505,246,9.9999999999999e-16,1.049115133434445e-15,9.999999999999865e-16
16,9012,505,247,9.9999999999999e-16,9.999999999999928e-16,9.999999999999865e-16
16,9012,505,248,9.9999999999999e-16,9.999999999999928e-16,9.999999999999865e-16
16,9012,505,249,9.9999999999999e-16,9.999999999999928e-16,9.999999999999865e-16
16,9012,505,250,9.9999999999999e-16,9.999999999999928e-16,9.999999999999865e-16
16,9012,505,251,9.9999999999999e-16,9.999999999999928e-16,9.999999999999865e-16
16,9012,505,252,9.9999999999999e-16,9.999999999999928e-16,9.999999999999865e-16
16,9012,505,253,9.9999999999999e-16,9.999999999999928e-16,9.999999999999865e-16
16,9012,505,254,9.9999999999999e-16,9.999999999999928e-16,9.999999999999865e-16
16,9012,505,255,9.9999999999999e-16,9.999999999999928e-16,9.999999999999865e-16
16,9012,505,256,9.9999999999999e-16,9.999999999999928e-16,9.999999999999865e-16
16,9999,101,1,0.8127854989847895,0.8142779960738298,0.812906328594533
16,9999,101,2,0.09524679843825912,0.09415200425404469,0.09544804369482365
16,9999,101,3,0.04888337452614027,0.04923636600381257,0.04940608234063834
16,9999,101,4,0.01332773007641898,0.013184790539983096,0.013387613854255602
16,9999,101,5,0.00745198395907135,0.0073957822096958475,0.007441793568871991
16,9999,101,6,0.004505991636857533,0.004421058869250245,0.004455476360414814
16,9999,101,7,0.00423921550602321,0.004316411422844322,0.004170669135654611
16,9999,101,8,0.004139613668441046,0.003949299613338916,0.0040970776070480795
16,9999,101,9,0.0030419709045243185,0.0029890541550140707,0.002842112423661727
16,9999,101,10,0.0015600630620558847,0.0015141042144446845,0.0015108110668488944
16,9999,101,11,0.0009962010594712592,0.0009668186138373712,0.0009589328960499528
16,9999,101,12,0.0009384424945681893,0.0009136055269187485,0.0008662894712999539
16,9999,101,13,0.0006113011627824169,0.0005666850300915259,0.0005459083172945279
16,9999,101,14,0.000398913009597587,0.0003965309565467794,0.0003124955362019258
16,9999,101,15,0.00028110783382717945,0.0002710783739349423,0.00027082092227264087
16,9999,101,16,0.0002594008043707947,0.00024244432979935682,0.00022826035062936876
16,9999,101,17,0.00024144179038143555,0.00019400821770771168,0.00021822401414105946
16,9999,101,18,0.0001785623679541849,0.00014236348817465769,0.0001639468141724474
16,9999,101,19,0.00011694511638044207,0.00010555654738983244,9.80229521425291e-05
16,9999,101,20,0.00011164959342387814,0.00010359077153752829,9.019336148387917e-05
16,9999,101,21,0.00010260485332056793,0.00010178179983010266,8.592135620612087e-05
16,9999,101,22,7.404371051667387e-05,7.516725381601346e-05,6.100305825374314e-05
16,9999,101,23,6.19211331459545e-05,7.411411238170343e-05,5.978095560343173e-05
16,9999,101,24,5.518609976685655e-05,4.933154267944684e-05,5.370945799557651e-05
16,9999,101,25,4.948636536044774e-05,4.638856423663335e-05,4.137295321277971e-05
16,9999,101,26,3.942304630263566e-05,4.2560154405260597e-05,3.75632607148537e-05
16,9999,101,27,3.5733972042206585e-05,3.470030789490982e-05,3.094224302844666e-05
16,9999,101,28,3.4563921199918024e-05,3.339343505371831e-05,2.6951921668551094e-05
16,9999,101,29,2.8376970313883282e-05,2.6982384759007753e-05,2.473201861107379e-05
16,9999,101,30,2.4805757481439244e-05,2.0663195763885275e-05,1.9336783461401768e-05
16,9999,101,31,2.1750373528726135e-05,2.063498813651094e-05,1.926799023229791e-05
16,9999,101,32,1.8065761422492606e-05,1.6175606695419225e-05,1.4995156830153044e-05
16,9999,101,33,1.74055653498406e-05,1.4376055410901707e-05,1.39117757299822e-05
16,9999,101,34,1.3147395889656403e-05,1.156273940133292e-05,1.0260561041106844e-05
16,9999,101,35,1.2431735545293666e-05,1.126486568256736e-05,9.118666826312294e-06
16,9999,101,36,8.989762163704204e-06,8.468053178244481e-06,7.269502699777011e-06
16,9999,101,37,8.864419357100423e-06,7.500166854661875e-06,6.766167597241014e-06
16,9999,101,38,7.830079985779545e-06,6.924419124214933e-06,6.123110928185117e-06
16,9999,101,39,7.205806143275516e-06,6.637210755385856e-06,5.670654421831015e-06
16,9999,101,40,7.120696279014266e-06,6.5501759049679954e-06,5.109720277443426e-06
16,9999,101,41,5.950409412939011e-06,4.690336438424548e-06,5.016983929670172e-06
16,9999,101,42,5.739435430770366e-06,4.490501549046161e-06,4.083460919836841e-06
16,9999,101,43,5.10481369517276e-06,3.871048319157899e-06,3.6284966123238936e-06
16,9999,101,44,4.078794775352422e-06,3.4420339725246647e-06,3.049861883993504e-06
16,9999,101,45,3.5119953892434793e-06,3.4040147293901035e-06,2.67106361453138e-06
16,9999,101,46,3.0968042973388343e-06,2.684590973679878e-06,2.2714674329794477e-06
16,9999,101,47,2.6612145366992132e-06,2.1737733635968744e-06,1.9677442387621975e-06
16,9999,101,48,2.311969753783541e-06,1.907587710902571e-06,1.83850117664727e-06
16,9999,101,49,2.203057882954789e-06,1.719754210912351e-06,1.718592539189721e-06
16,9999,101,50,2.083859590711958e-06,1.5354552032610278e-06,1.513181755046666e-06
16,9999,101,51,1.7135285459148024e-06,1.2870245794841492e-06,1.1979467880090915e-06
16,9999,101,52,1.5615154425706187e-06,1.1572680769702736e-06,1.1112658804893298e-06
16,9999,101,53,1.3391458758743319e-06,1.1126818197238675e-06,1.028603594216364e-06
16,9999,101,54,1.1455904341905724e-06,1.0874469102125924e-06,8.345517756501084e-07
16,9999,101,55,1.0677940353055773e-06,9.424456951509655e-07,8.072618369005887e-07
16,9999,101,56,1.0324485284095827e-06,8.786074527012422e-07,7.050077187546635e-07
16,9999,101,57,8.791492455471385e-07,8.076941748377685e-07,6.81060314366086e-07
16,9999,101,58,8.384369240019865e-07,6.677220711127386e-07,6.140782043503684e-07
16,9999,101,59,7.576515106976413e-07,6.409021593479503e-07,5.59355560694726e-07
16,9999,101,60,6.828530816307741e-07,5.971168040177377e-07,4.896933029015438e-07
16,9999,101,61,5.45639189696674e-07,5.631797889770628e-07,4.439079595053733e-07
16,9999,101,62,4.722756425126109e-07,4.996738242527013e-07,4.366273293577025e-07
16,9999,101,63,4.6908525154493765e-07,4.760202447299357e-07,3.734214711468379e-07
16,9999,101,64,4.405894782712209e-07,4.043219255193103e-07,3.6442503122344487e-07
16,9999,101,65,4.2755592607585523e-07,3.4343692893786774e-07,3.452261146841527e-07
16,9999,101,66,3.9341557341875506e-07,3.316246147822368e-07,3.205624917671855e-07
16,9999,101,67,3.7336364331882165e-07,3.214924734267368e-07,2.5491922577628495e-07
16,9999,101,68,3.2140021595430553e-07,2.715497938961142e-07,2.417831511883538e-07
16,9999,101,69,2.9902205795037116e-07,2.3451645517068885e-07,2.2868870644545522e-07
16,9999,101,70,2.838391308258996e-07,2.2365201785408265e-07,2.1744761614108558e-07
16,9999,101,71,2.574822321571419e-07,2.13795885215117e-07,1.9276875670023103e-07
16,9999,101,72,2.2432567220793864e-07,1.8873682872496387e-07,1.7576622273998254e-07
16,9999,101,73,1.9873623241500322e-07,1.807964162260744e-07,1.3664792690723493e-07
16,9999,101,74,1.759846316359349e-07,1.6057665903206695e-07,1.2860007555584058e-07
16,9999,101,75,1.6978278590428189e-07,1.4263519940002617e-07,1.200877137962064e-07
16,9999,101,76,1.5572546660056854e-07,1.4030386739054728e-07,1.0953492379401e-07
16,9999,101,77,1.43354815571296e-07,1.1487847653649685e-07,1.0652096613953665e-07
16,9999,101,78,1.3552442459271844e-07,1.0874037484460078e-07,8.847796809477316e-08
16,9999,101,79,1.301963596821764e-07,1.0211531996703638e-07,7.740397970174357e-08
16,9999,101,80,1.207831223822292e-07,8.711429260722768e-08,7.455891595086777e-08
16,9999,101,81,1.066570465504917e-07,8.38894625668679e-08,6.951474268457997e-08
16,9999,101,82,9.52209046847267e-08,7.090162165907366e-08,6.921326344393485e-08
16,9999,101,83,8.561613954121941e-08,6.447882696607164e-08,5.988282301704662e-08
16,9999,101,84,8.272804974746234e-08,6.085789611101182e-08,5.153220587954617e-08
16,9999,101,85,7.199598826885939e-08,5.7399627599061744e-08,5.0910424398638964e-08
16,9999,101,86,6.692849272593646e-08,5.2072752276766354e-08,4.80367705380847e-08
16,9999,101,87,6.347092989248869e-08,4.914053272199695e-08,4.2024000453746245e-08
16,9999,101,88,6.239886039341915e-08,4.050749150097448e-08,3.930639086568527e-08
16,9999,101,89,5.504440866622459e-08,4.009153073372785e-08,3.280399346543794e-08
16,9999,101,90,5.363355071829403e-08,3.842468713030903e-08,3.0990457487387335e-08
16,9999,101,91,4.482514404220568e-08,3.746765971954749e-08,2.902322124020734e-08
16,9999,101,92,4.314286524997135e-08,3.5383978274125624e-08,2.8438177600732167e-08
16,9999,101,93,4.1216652525006346e-08,3.399259602354765e-08,2.6267467889800825e-08
16,9999,101,94,3.908225577330216e-08,3.145689261129426e-08,2.5408198196284025e-08
16,9999,101,95,3.582615127419042e-08,3.0439303967461093e-08,2.063693728121743e-08
16,9999,101,96,2.8897148367558534e-08,2.7622783996965874e-08,1.808759597459927e-08
16,9999,101,97,2.6691352996037494e-08,2.5919265577109293e-08,1.763058452365773e-08
16,9999,101,98,2.4226662799100604e-08,2.453204377378265e-08,1.6228791015796574e-08
16,9999,101,99,2.3981577091536204e-08,2.233376402927481e-08,1.477039426213229e-08
16,9999,101,100,2.073026592123334e-08,2.0185273402969125e-08,1.4052075827931891e-08
16,9999,101,101,2.063843493694188e-08,1.885874180938064e-08,1.2843229572508305e-08
16,9999,101,102,1.9385041500635162e-08,1.678556799101841e-08,1.2106534318253218e-08
16,9999,101,103,1.730354335931324e-08,1.667522997475774e-08,1.1267625325122814e-08
16,9999,101,104,1.7233709280808985e-08,1.4659621946185178e-08,1.0857069570219989e-08
16,9999,101,105,1.600454751782417e-08,1.3163665976106685e-08,8.59098365452157e-09
16,9999,101,106,1.2082795365822023e-08,1.125917108636397e-08,8.488160678664466e-09
16,9999,101,107,1.1827632142718191e-08,1.0233092627299322e-08,7.576866864465844e-09
16,9999,101,108,1.1824584710042682e-08,8.708635927588626e-09,7.091874512719656e-09
16,9999,101,109,1.0625245751979125e-08,8.402608174359123e-09,6.477039265482517e-09
16,9999,101,110,9.24825247450145e-09,8.193441309069327e-09,5.916711025918686e-09
16,9999,101,111,9.081478433448827e-09,5.944990083663768e-09,5.243779482853888e-09
16,9999,101,112,7.92574620456879e-09,5.737987071012811e-09,4.625122092359488e-09
16,9999,101,113,7.890363919094419e-09,5.263071612103032e-09,4.204446598450203e-09
16,9999,101,114,7.368752326952494e-09,5.189973876473344e-09,4.141745614240491e-09
16,9999,101,115,6.551134819847057e-09,4.965622807270637e-09,3.886378483279307e-09
16,9999,101,116,6.099299504177766e-09,4.563154684675524e-09,3.5792256306357433e-09
16,9999,101,117,5.771957269078539e-09,4.3356746972010545e-09,3.369573393033069e-09
16,9999,101,118,5.301869892717005e-09,4.068123828476293e-09,3.2856090498315723e-09
16,9999,101,119,4.945325293894883e-09,3.7245609883258074e-09,2.6269586972633943e-09
16,9999,101,120,4.514016740079348e-09,3.396563065553395e-09,2.6146073130865725e-09
16,9999,101,121,4.507744854950855e-09,3.372982536190508e-09,2.4158075537177428e-09
16,9999,101,122,4.070658086586704e-09,3.0093634562181734e-09,2.127918413595818e-09
16,9999,101,123,4.012544648934879e-09,2.990083692462942e-09,1.92724174167269e-09
16,9999,101,124,3.474862818327317e-09,2.7217420279569184e-09,1.8993035445226194e-09
16,9999,101,125,2.9922558167718815e-09,2.610607616322788e-09,1.8187985012509946e-09
16,9999,101,126,2.9208269347398226e-09,2.3895004179947077e-09,1.6512966455089292e-09
16,9999,101,127,2.4435383896371536e-09,2.3819708285247606e-09,1.3474806696387935e-09
16,9999,101,128,2.342612369019335e-09,2.2077473997279725e-09,1.2923258935581847e-09
16,9999,101,129,2.2218783478665234e-09,1.8705089903261737e-09,1.2610793139471404e-09
16,9999,101,130,1.90933280723071e-09,1.8503139439171582e-09,1.1799846236029791e-09
16,9999,101,131,1.892623002727329e-09,1.6438959047690643e-09,1.0178765456035544e-09
16,9999,101,132,1.8392030704136793e-09,1.433045804245877e-09,9.798920097899109e-10
16,9999,101,133,1.5650963758912643e-09,1.4008862175354392e-09,9.331301826342065e-10
16,9999,101,134,1.3394270981440926e-09,1.193397765978606e-09,9.114916768382563e-10
16,9999,101,135,1.3041972230412643e-09,1.1837352858868345e-09,8.080396594091949e-10
16,9999,101,136,1.231835407771546e-09,1.0242375562741503e-09,6.947988438711762e-10
16,9999,101,137,1.0941595262421448e-09,9.878201612976192e-10,6.645596721795174e-10
16,9999,101,138,1.0293542342635507e-09,8.583264618430217e-10,6.167640033178573e-10
16,9999,101,139,9.585148292669859e-10,8.356888605861935e-10,5.608320646481382e-10
16,9999,101,140,8.384866908812742e-10,7.41335940487297e-10,4.55531540082541e-10
16,9999,101,141,8.062881744667524e-10,7.010084864392823e-10,4.4713628332273633e-10
16,9999,101,142,7.871956059278911e-10,6.047857351253058e-10,4.003852212659346e-10
16,9999,101,143,7.053096441391064e-10,5.861488478060084e-10,3.776166307719413e-10
16,9999,101,144,5.867547931066617e-10,5.402008076559327e-10,3.5770870138431053e-10
16,9999,101,145,5.425395397987747e-10,5.015536932465907e-10,3.3437471255746373e-10
16,9999,101,146,5.383630606023195e-10,4.720519699382989e-10,3.064811812362991e-10
16,9999,101,147,5.122036262692112e-10,4.233475455970278e-10,2.9517178248191727e-10
16,9999,101,148,4.59768990260026e-10,4.1423487417209584e-10,2.7224070843567246e-10
16,9999,101,149,4.2614163295046103e-10,3.446202739142886e-10,2.420158917262321e-10
16,9999,101,150,3.9294168050403804e-10,2.960937648537695e-10,2.3935851720879277e-10
16,9999,101,151,3.5071830143830954e-10,2.910749396084636e-10,2.0743603677484502e-10
16,9999,101,152,3.3666655111756684e-10,2.7560424714748893e-10,1.738503159462342e-10
16,9999,101,153,3.0225250223235883e-10,2.7296439996733987e-10,1.6944271514681133e-10
16,9999,101,154,2.576253369001372e-10,2.4234026355855114e-10,1.6632407079100817e-10
16,9999,101,155,2.4795156288226957e-10,2.308221880794765e-10,1.5226011159419598e-10
16,9999,101,156,2.364222026722791e-10,2.00922555013442e-10,1.3636107988598932e-10
16,9999,101,157,2.1858553067499828e-10,1.887566361130709e-10,1.312198872006618e-10
16,9999,101,158,1.9649935365435937e-10,1.8603516093352345e-10,1.0644117221505606e-10
16,9999,101,159,1.8129276965236231e-10,1.5566098020116046e-10,1.0234311162325055e-10
16,9999,101,160,1.6438555800259233e-10,1.462126842819576e-10,9.859256363773555e-11
16,9999,101,161,1.5833380751432032e-10,1.205312679640673e-10,9.015723567924456e-11
16,9999,101,162,1.4049943159212945e-10,1.1151494514747686e-10,7.827762596703361e-11
16,9999,101,163,1.2492261290923124e-10,1.0259763785040353e-10,7.378955177456375e-11
16,9999,101,164,1.1073329724132506e-10,9.726353909657983e-11,6.50775414189445e-11
16,9999,101,165,1.024355130732653e-10,9.481336613601655e-11,5.6522294961639805e-11
16,9999,101,166,9.963137654828331e-11,9.198092738176175e-11,5.296225387383006e-11
16,9999,101,167,9.77655128842745e-11,7.911910397423037e-11,5.239245896137473e-11
16,9999,101,168,8.631081756164259e-11,7.718872844843588e-11,4.732427946545422e-11
16,9999,101,169,8.586759438078482e-11,7.207668721235628e-11,4.1978472503294435e-11
16,9999,101,170,7.264430097419891e-11,7.006052289761744e-11,4.0650922303589003e-11
16,9999,101,171,7.046686336227299e-11,6.59152966101688e-11,3.694151040911706e-11
16,9999,101,172,6.964224950350655e-11,5.757442519860967e-11,3.463730682995237e-11
16,9999,101,173,5.569605489430982e-11,4.700926435280944e-11,3.3929374804300364e-11
16,9999,101,174,5.2406910072744185e-11,4.5760492979701814e-11,2.810700220214568e-11
16,9999,101,175,4.66060110559789e-11,4.137146522485736e-11,2.6794782805514277e-11
16,9999,101,176,4.2019424143760376e-11,3.525841882997592e-11,2.37678955743715e-11
16,9999,101,177,3.968081250005829e-11,3.043052730777753e-11,2.010885499091592e-11
16,9999,101,178,3.114361949361582e-11,3.015643503204663e-11,1.9519985799287028e-11
16,9999,101,179,2.9073369417619854e-11,2.9381667169103556e-11,1.743869722076801e-11
16,9999,101,180,2.7556267760073178e-11,2.6258227680011794e-11,1.55217530633078e-11
16,9999,101,181,2.7262944745629e-11,2.4634802369445564e-11,1.4736553742798496e-11
16,9999,101,182,2.519037083094992e-11,2.0912191535981708e-11,1.4431458554727637e-11
16,9999,101,183,2.455224858668589e-11,1.7867159528398807e-11,1.1637200030608257e-11
16,9999,101,184,2.3733309866648287e-11,1.7161106023388646e-11,1.0823213649234375e-11
16,9999,101,185,2.1575490806069738e-11,1.62325170733809e-11,9.419723917706858e-12
16,9999,101,186,1.9273826727703003e-11,1.5481136395078613e-11,8.83117569459169e-12
16,9999,101,187,1.5780054647291262e-11,1.2541917629904862e-11,8.18585166844098e-12
16,9999,101,188,1.5168910638526243e-11,1.2294627280806226e-11,7.664922251835926e-12
16,9999,101,189,1.3545128139110931e-11,1.1306902958495302e-11,7.247306471589651e-12
16,9999,101,190,1.3378639881310982e-11,9.297190181044314e-12,6.953259855332268e-12
16,9999,101,191,1.2619146963484472e-11,9.042068058067525e-12,6.258155859191476e-12
16,9999,101,192,1.0661012824212073e-11,8.093070051860857e-12,5.319816075392346e-12
16,9999,101,193,1.0022028947991167e-11,7.941659307922752e-12,4.663911231491058e-12
16,9999,101,194,8.86764939764658e-12,7.310081062938144e-12,4.2093430873043436e-12
16,9999,101,195,7.825347933939342e-12,6.185663138147744e-12,3.824029070700477e-12
16,9999,101,196,6.655014163001489e-12,5.661769223117122e-12,3.737879582762294e-12
16,9999,101,197,5.5221071388670276e-12,5.555593761079352e-12,3.257598721627092e-12
16,9999,101,198,5.294946474227793e-12,4.767526144247985e-12,3.1143255954106045e-12
16,9999,101,199,4.334843216662515e-12,4.546216394052129e-12,2.9387598957919475e-12
16,9999,101,200,4.030449379891883e-12,3.789256544150663e-12,2.6857273885157707e-12
16,9999,101,201,3.864980982994469e-12,3.771245652035255e-12,2.150070783525633e-12
16,9999,101,202,3.2532291620419824e-12,3.3880586358126416e-12,2.0700462073997367e-12
16,9999,101,203,3.061500546104755e-12,3.1258529120097716e-12,1.62356999026476e-12
16,9999,101,204,2.9526086521787755e-12,2.438784382463629e-12,1.608916040981121e-12
16,9999,101,205,2.4919714021072942e-12,2.027482108062251e-12,1.3626600736222418e-12
16,9999,101,206,2.2285830497703297e-12,1.9132374407813053e-12,1.2893179305952854e-12
16,9999,101,207,1.927715053698318e-12,1.8342011267078875e-12,9.68086360739861e-13
16,9999,101,208,1.877745718306008e-12,1.7107219128625782e-12,8.180579678607889e-13
16,9999,101,209,1.4693891823574094e-12,1.4743221634036162e-12,7.634126814657648e-13
16,9999,101,210,1.3414641931332563e-12,1.1730272009221243e-12,6.726596427791732e-13
16,9999,101,211,1.328070831405678e-12,1.1141345809116947e-12,5.614296024287626e-13
16,9999,101,212,9.498175468631325e-13,1.090969727562283e-12,4.831782551402865e-13
16,9999,101,213,8.910592524567829e-13,9.895986711484544e-13,4.338512908873576e-13
16,9999,101,214,7.407779801217103e-13,8.914975851318327e-13,3.802935463301174e-13
16,9999,101,215,6.515810951902712e-13,7.647431663591379e-13,3.575463780065704e-13
16,9999,101,216,6.211759781365751e-13,7.039512435454949e-13,2.9005948830783e-13
16,9999,101,217,6.111084267296855e-13,6.345879805350882e-13,2.5567613618744604e-13
16,9999,101,218,4.748472190998229e-13,5.123864778775217e-13,2.1363220844815847e-13
16,9999,101,219,3.752423844819442e-13,4.291959158837846e-13,2.0945843866937765e-13
16,9999,101,220,3.2022151186604466e-13,3.299991458390914e-13,2.034428265078556e-13
16,9999,101,221,3.153232966198386e-13,3.2610687998345807e-13,1.6150793912863036e-13
16,9999,101,222,2.405597440113935e-13,2.475274029326762e-13,1.4637711776688845e-13
16,9999,101,223,2.119844569848586e-13,2.3893941841863945e-13,1.180981598923564e-13
16,9999,101,224,2.0957649069839395e-13,1.7702189511947798e-13,1.0941420071397838e-13
16,9999,101,225,1.291126540213459e-13,1.364643902665875e-13,9.504002642324644e-14
16,9999,101,226,1.0720990078283509e-13,1.3209542245358055e-13,8.128077560472024e-14
16,9999,101,227,1.048015188543776e-13,1.0798759811040286e-13,6.327143805623352e-14
16,9999,101,228,8.859766671412551e-14,1.0367027250401962e-13,5.6189852126505155e-14
16,9999,101,229,8.010337791511227e-14,7.183923031246296e-14,3.876861992538156e-14
16,9999,101,230,6.821169061029573e-14,7.005164082526418e-14,3.240062699959882e-14
16,9999,101,231,5.973289483414239e-14,4.8965476339895046e-14,2.849816170823441e-14
16,9999,101,232,5.0529823658281114e-14,4.678540553775957e-14,2.2595988297131698e-14
16,9999,101,233,4.363315741037521e-14,3.4184094629822773e-14,1.9942482051391675e-14
16,9999,101,234,4.1081052866337005e-14,2.6682948405421837e-14,1.4622303556969976e-14
16,9999,101,235,3.7085054408646487e-14,2.3262072222247458e-14,1.1817804744367001e-14
16,9999,101,236,2.214948605679496e-14,2.022471924005747e-14,1.0891477751719037e-14
16,9999,101,237,1.916771574293333e-14,1.6719276580799408e-14,1.015977534927655e-14
16,9999,101,238,1.67357245376587e-14,1.6421237578588973e-14,8.479124661772943e-15
16,9999,101,239,1.4836159170411046e-14,1.2718412343954194e-14,8.247109106624935e-15
16,9999,101,240,8.985788027875292e-15,1.072529941277845e-14,5.49408708131966e-15
16,9999,101,241,7.541021728031443e-15,9.275340439259702e-15,5.070033031477662e-15
16,9999,101,242,5.79619668557081e-15,9.041552446150108e-15,2.7759548832216783e-15
16,9999,101,243,4.4245444336049814e-15,5.99655647860626e-15,2.3814917925700994e-15
16,9999,101,244,4.3773589747636896e-15,4.059245751084194e-15,2.175418964900503e-15
16,9999,101,245,1.3282251677592668e-15,2.867263473568517e-15,1.6470520051342437e-15
16,9999,101,246,1.014087135484645e-15,2.090324761408295e-15,9.999999999999916e-16
16,9999,101,247,9.999999999999938e-16,1.2340166631278275e-15,9.999999999999916e-16
16,9999,101,248,9.999999999999938e-16,9.99999999999993e-16,9.999999999999916e-16
16,9999,101,249,9.999999999999938e-16,9.99999999999993e-16,9.999999999999916e-16
16,9999,101,250,9.999999999999938e-16,9.99999999999993e-16,9.999999999999916e-16
16,9999,101,251,9.999999999999938e-16,9.99999999999993e-16,9.999999999999916e-16
16,9999,101,252,9.999999999999938e-16,9.99999999999993e-16,9.999999999999916e-16
16,9999,101,253,9.999999999999938e-16,9.99999999999993e-16,9.999999999999916e-16
16,9999,101,254,9.999999999999938e-16,9.99999999999993e-16,9.999999999999916e-16
16,9999,101,255,9.999999999999938e-16,9.99999999999993e-16,9.999999999999916e-16
16,9999,101,256,9.999999999999938e-16,9.99999999999993e-16,9.999999999999916e-16
16,9999,202,1,0.8127854989847895,0.8144120344171267,0.8137619560956619
16,9999,202,2,0.09524679843825912,0.094667758090736,0.09549458210787351
16,9999,202,3,0.04888337452614027,0.04835158156312509,0.0489181289214993
16,9999,202,4,0.01332773007641898,0.013423115090257452,0.013406283751877626
16,9999,202,5,0.00745198395907135,0.007327273113028737,0.007413033940861749
16,9999,202,6,0.004505991636857533,0.004302452058472542,0.004450625771383841
16,9999,202,7,0.00423921550602321,0.0041792980186883865,0.004172860120602916
16,9999,202,8,0.004139613668441046,0.004073163686185711,0.003945163502187267
16,9999,202,9,0.0030419709045243185,0.0031093970155542895,0.0027328448281883134
16,9999,202,10,0.0015600630620558847,0.0015301849005303497,0.001533506121839314
16,9999,202,11,0.0009962010594712592,0.0010120299380361824,0.0009131952950153243
16,9999,202,12,0.0009384424945681893,0.0008556942700318772,0.0008071568593037355
16,9999,202,13,0.0006113011627824169,0.000555882151852481,0.0005178116353057442
16,9999,202,14,0.000398913009597587,0.00039143689912816287,0.0003538815243452321
16,9999,202,15,0.00028110783382717945,0.00028118063242209176,0.000254551586294464
16,9999,202,16,0.0002594008043707947,0.00022260440195800402,0.0002211572705629624
16,9999,202,17,0.00024144179038143555,0.00019336310368757732,0.0001806258726714009
16,9999,202,18,0.0001785623679541849,0.00017530842619409542,0.0001406372296241415
16,9999,202,19,0.00011694511638044207,0.00013214715950995762,0.0001022819158762925
16,9999,202,20,0.00011164959342387814,0.0001163171023536061,9.503930868468102e-05
16,9999,202,21,0.00010260485332056793,9.692564706224547e-05,9.018703424223621e-05
16,9999,202,22,7.404371051667387e-05,7.771025741918261e-05,6.10768251683332e-05
16,9999,202,23,6.19211331459545e-05,7.359460482992391e-05,5.9897948896637086e-05
16,9999,202,24,5.518609976685655e-05,5.533673060128245e-05,4.674018920589255e-05
16,9999,202,25,4.948636536044774e-05,4.933797391070246e-05,4.3075568188172934e-05
16,9999,202,26,3.942304630263566e-05,4.6549188311796946e-05,4.114547923606205e-05
16,9999,202,27,3.5733972042206585e-05,3.6956858288138786e-05,3.27737731697963e-05
16,9999,202,28,3.4563921199918024e-05,3.422901858800898e-05,2.4383765267302256e-05
16,9999,202,29,2.8376970313883282e-05,3.2166342954488915e-05,2.4051375492756812e-05
16,9999,202,30,2.4805757481439244e-05,2.085775192160766e-05,2.2213222150208347e-05
16,9999,202,31,2.1750373528726135e-05,1.934345134567179e-05,1.730825277958658e-05
16,9999,202,32,1.8065761422492606e-05,1.7457590037146386e-05,1.4223653210583518e-05
16,9999,202,33,1.74055653498406e-05,1.2774013760319505e-05,1.3773438979591994e-05
16,9999,202,34,1.3147395889656403e-05,1.1586980058852554e-05,1.2213063223167615e-05
16,9999,202,35,1.2431735545293666e-05,1.1536909006338215e-05,9.56177131237678e-06
16,9999,202,36,8.989762163704204e-06,8.711080014690093e-06,8.691760634472236e-06
16,9999,202,37,8.864419357100423e-06,8.046908049797813e-06,7.423598917170401e-06
16,9999,202,38,7.830079985779545e-06,7.638042319230115e-06,6.696683396890167e-06
16,9999,202,39,7.205806143275516e-06,7.275515851715386e-06,5.658447039224738e-06
16,9999,202,40,7.120696279014266e-06,6.350574578844467e-06,5.190655955783213e-06
16,9999,202,41,5.950409412939011e-06,5.857021114572886e-06,4.7857546017851165e-06
16,9999,202,42,5.739435430770366e-06,5.591488548177481e-06,3.6541594406320385e-06
16,9999,202,43,5.10481369517276e-06,4.626527736238006e-06,3.293660575021847e-06
16,9999,202,44,4.078794775352422e-06,3.7447692059939217e-06,3.003928026092517e-06
16,9999,202,45,3.5119953892434793e-06,3.2820139049614465e-06,2.5873162579647847e-06
16,9999,202,46,3.0968042973388343e-06,3.1144363242528743e-06,2.1151580313387628e-06
16,9999,202,47,2.6612145366992132e-06,2.709698104241812e-06,1.75163401059064e-06
16,9999,202,48,2.311969753783541e-06,2.3338691604687643e-06,1.583261798120843e-06
16,9999,202,49,2.203057882954789e-06,2.075961900857399e-06,1.3536953755697958e-06
16,9999,202,50,2.083859590711958e-06,1.9639492514425103e-06,1.263527365156359e-06
16,9999,202,51,1.7135285459148024e-06,1.719644541294785e-06,1.0951573163275653e-06
16,9999,202,52,1.5615154425706187e-06,1.3721052228606298e-06,1.0039295164316854e-06
16,9999,202,53,1.3391458758743319e-06,1.2364491735970228e-06,9.93392381801713e-07
16,9999,202,54,1.1455904341905724e-06,1.178417238366524e-06,9.017471407227185e-07
16,9999,202,55,1.0677940353055773e-06,1.1133907478002242e-06,7.963941140030049e-07
16,9999,202,56,1.0324485284095827e-06,9.801651505571748e-07,6.887120745200285e-07
16,9999,202,57,8.791492455471385e-07,8.95214192739162e-07,6.662730442360893e-07
16,9999,202,58,8.384369240019865e-07,8.370542727299938e-07,6.43071188290515e-07
16,9999,202,59,7.576515106976413e-07,7.655795418140653e-07,5.577787502800518e-07
16,9999,202,60,6.828530816307741e-07,7.615947977851121e-07,4.888017623377031e-07
16,9999,202,61,5.45639189696674e-07,6.882046713780702e-07,4.4461665651861605e-07
16,9999,202,62,4.722756425126109e-07,5.92761695293547e-07,4.1568640522991785e-07
16,9999,202,63,4.6908525154493765e-07,5.576046142669607e-07,4.032449965223705e-07
16,9999,202,64,4.405894782712209e-07,4.961779671310915e-07,3.4475474509466193e-07
16,9999,202,65,4.2755592607585523e-07,4.4963861793584505e-07,3.081601901471978e-07
16,9999,202,66,3.9341557341875506e-07,3.716184606240022e-07,2.7842821649602194e-07
16,9999,202,67,3.7336364331882165e-07,3.6580417017793806e-07,2.7171582871832683e-07
16,9999,202,68,3.2140021595430553e-07,3.146843137986852e-07,2.441668573976981e-07
16,9999,202,69,2.9902205795037116e-07,2.9067084942554343e-07,2.1794612067702602e-07
16,9999,202,70,2.838391308258996e-07,2.787325945609234e-07,1.9838115078871176e-07
16,9999,202,71,2.574822321571419e-07,2.377159945039108e-07,1.748274911808103e-07
16,9999,202,72,2.2432567220793864e-07,2.2638084939974394e-07,1.7252565591912915e-07
16,9999,202,73,1.9873623241500322e-07,1.7944787023277629e-07,1.5347152697678674e-07
16,9999,202,74,1.759846316359349e-07,1.6903462597203743e-07,1.2446775833906615e-07
16,9999,202,75,1.6978278590428189e-07,1.555691322441983e-07,1.1613201751129899e-07
16,9999,202,76,1.5572546660056854e-07,1.4357630906491912e-07,1.124936577284972e-07
16,9999,202,77,1.43354815571296e-07,1.4239880559403462e-07,9.73921684968427e-08
16,9999,202,78,1.3552442459271844e-07,1.214837894661267e-07,9.531630414392038e-08
16,9999,202,79,1.301963596821764e-07,1.0944711044213982e-07,8.363033401927174e-08
16,9999,202,80,1.207831223822292e-07,9.834861264750488e-08,7.449883701688124e-08
16,9999,202,81,1.066570465504917e-07,9.084956275752029e-08,7.235149736642915e-08
16,9999,202,82,9.52209046847267e-08,8.450706065587753e-08,5.830842970816414e-08
16,9999,202,83,8.561613954121941e-08,7.901664465050161e-08,5.743662062831649e-08
16,9999,202,84,8.272804974746234e-08,7.629756454080466e-08,5.102867457892075e-08
16,9999,202,85,7.199598826885939e-08,7.285978406659537e-08,4.70848328799872e-08
16,9999,202,86,6.692849272593646e-08,6.790952535155759e-08,4.5426655918499195e-08
16,9999,202,87,6.347092989248869e-08,6.489825107661972e-08,3.8566154988582316e-08
16,9999,202,88,6.239886039341915e-08,5.721786877592133e-08,3.55827530611613e-08
16,9999,202,89,5.504440866622459e-08,4.9820978607954695e-08,3.451607229876639e-08
16,9999,202,90,5.363355071829403e-08,4.778737523395875e-08,3.186740251428556e-08
16,9999,202,91,4.482514404220568e-08,4.469777720927729e-08,2.9981474051338926e-08
16,9999,202,92,4.314286524997135e-08,4.2392525078674126e-08,2.5456586432249252e-08
16,9999,202,93,4.1216652525006346e-08,3.4583114726183894e-08,2.526235793006077e-08
16,9999,202,94,3.908225577330216e-08,3.11702710814634e-08,2.099349793122892e-08
16,9999,202,95,3.582615127419042e-08,3.0088058611348766e-08,1.9867241971988643e-08
16,9999,202,96,2.8897148367558534e-08,2.6532492098543648e-08,1.952977201052465e-08
16,9999,202,97,2.6691352996037494e-08,2.556712104275741e-08,1.881338717399236e-08
16,9999,202,98,2.4226662799100604e-08,2.540802974531691e-08,1.6650554844853265e-08
16,9999,202,99,2.3981577091536204e-08,2.1779790511533133e-08,1.542301946633667e-08
16,9999,202,100,2.073026592123334e-08,1.9858542228096244e-08,1.3343841509817469e-08
16,9999,202,101,2.063843493694188e-08,1.7925818202311976e-08,1.2048633445664302e-08
16,9999,202,102,1.9385041500635162e-08,1.7040373033331434e-08,1.1677929824262797e-08
16,9999,202,103,1.730354335931324e-08,1.6879295689561833e-08,1.035401912048261e-08
16,9999,202,104,1.7233709280808985e-08,1.5207504351454636e-08,1.0168118036057837e-08
16,9999,202,105,1.600454751782417e-08,1.4323813441085892e-08,7.990247298538796e-09
16,9999,202,106,1.2082795365822023e-08,1.3369837451734456e-08,7.084699643640445e-09
16,9999,202,107,1.1827632142718191e-08,1.1833124771670655e-08,6.639821167159544e-09
16,9999,202,108,1.1824584710042682e-08,1.1036401426225473e-08,6.512082520128728e-09
16,9999,202,109,1.0625245751979125e-08,9.501377795271243e-09,5.9633060788969196e-09
16,9999,202,110,9.24825247450145e-09,9.3019954805095e-09,5.679890666844855e-09
16,9999,202,111,9.081478433448827e-09,8.992486335383297e-09,5.1063805808211194e-09
16,9999,202,112,7.92574620456879e-09,8.743218278141738e-09,4.764406527829487e-09
16,9999,202,113,7.890363919094419e-09,7.328928867715524e-09,4.330271395327423e-09
16,9999,202,114,7.368752326952494e-09,6.368418829611371e-09,4.193387809621291e-09
16,9999,202,115,6.551134819847057e-09,5.901571454178792e-09,3.740522960511095e-09
16,9999,202,116,6.099299504177766e-09,5.396222418795472e-09,3.554712547059131e-09
16,9999,202,117,5.771957269078539e-09,5.154828203146418e-09,3.1988146957239795e-09
16,9999,202,118,5.301869892717005e-09,4.685399624724274e-09,3.085051838725845e-09
16,9999,202,119,4.945325293894883e-09,4.382968494198717e-09,2.8902215073854184e-09
16,9999,202,120,4.514016740079348e-09,3.9660926687955605e-09,2.843117393941066e-09
16,9999,202,121,4.507744854950855e-09,3.861213902604526e-09,2.5836240846933696e-09
16,9999,202,122,4.070658086586704e-09,3.449773600917279e-09,2.221209294768287e-09
16,9999,202,123,4.012544648934879e-09,3.440777652096084e-09,2.054520809365811e-09
16,9999,202,124,3.474862818327317e-09,3.381728482199154e-09,2.021255835216357e-09
16,9999,202,125,2.9922558167718815e-09,3.0089059084204993e-09,1.821897361408312e-09
16,9999,202,126,2.9208269347398226e-09,2.603738641775165e-09,1.7603279908114452e-09
16,9999,202,127,2.4435383896371536e-09,2.383480403421144e-09,1.6276159307937349e-09
16,9999,202,128,2.342612369019335e-09,2.2519120902974797e-09,1.3264369967151096e-09
16,9999,202,129,2.2218783478665234e-09,2.2072049459005184e-09,1.2239018893583318e-09
16,9999,202,130,1.90933280723071e-09,2.0333051677873854e-09,1.19376332781398e-09
16,9999,202,131,1.892623002727329e-09,1.932139167058356e-09,1.156859426843578e-09
16,9999,202,132,1.8392030704136793e-09,1.873421702282655e-09,1.004996861458169e-09
16,9999,202,133,1.5650963758912643e-09,1.5820705729415777e-09,9.5718010472993e-10
16,9999,202,134,1.3394270981440926e-09,1.5684094738547819e-09,8.424201061203932e-10
16,9999,202,135,1.3041972230412643e-09,1.3161404831543588e-09,7.53006434529401e-10
16,9999,202,136,1.231835407771546e-09,1.279917894673736e-09,7.05262561441348e-10
16,9999,202,137,1.0941595262421448e-09,1.1763926773739959e-09,6.068780378238057e-10
16,9999,202,138,1.0293542342635507e-09,1.0726876979448433e-09,5.942251798773364e-10
16,9999,202,139,9.585148292669859e-10,9.608212231054772e-10,5.761851169147973e-10
16,9999,202,140,8.384866908812742e-10,8.687036791227382e-10,5.631287259281009e-10
16,9999,202,141,8.062881744667524e-10,8.276644210674847e-10,4.874385082027819e-10
16,9999,202,142,7.871956059278911e-10,7.848608774522273e-10,4.553935542098033e-10
16,9999,202,143,7.053096441391064e-10,7.498918498403918e-10,4.1662232494164734e-10
16,9999,202,144,5.867547931066617e-10,7.086507854680992e-10,3.466379206102158e-10
16,9999,202,145,5.425395397987747e-10,6.220565765688132e-10,3.3274770024381423e-10
16,9999,202,146,5.383630606023195e-10,6.198501385137954e-10,2.7808512071314373e-10
16,9999,202,147,5.122036262692112e-10,5.439278722610466e-10,2.612777218129745e-10
16,9999,202,148,4.59768990260026e-10,4.926975479557251e-10,2.458694807792885e-10
16,9999,202,149,4.2614163295046103e-10,4.5352988086208957e-10,2.3280112996677924e-10
16,9999,202,150,3.9294168050403804e-10,4.268350951043441e-10,2.252577913049938e-10
16,9999,202,151,3.5071830143830954e-10,3.6596017906067223e-10,2.024588126582834e-10
16,9999,202,152,3.3666655111756684e-10,3.583656788772943e-10,1.8530911246819026e-10
16,9999,202,153,3.0225250223235883e-10,3.2496484199317904e-10,1.7380880720393653e-10
16,9999,202,154,2.576253369001372e-10,3.204805306039944e-10,1.4952193374778724e-10
16,9999,202,155,2.4795156288226957e-10,2.4592341135014095e-10,1.4633167033316593e-10
16,9999,202,156,2.364222026722791e-10,2.4351569742919356e-10,1.324923257356122e-10
16,9999,202,157,2.1858553067499828e-10,2.3707017684661955e-10,1.1890216215752418e-10
16,9999,202,158,1.9649935365435937e-10,2.331589947603167e-10,1.1421082469390188e-10
16,9999,202,159,1.8129276965236231e-10,2.1345482350249125e-10,1.1108496199571262e-10
16,9999,202,160,1.6438555800259233e-10,1.837264364238189e-10,1.0125821877474412e-10
16,9999,202,161,1.5833380751432032e-10,1.765201753538013e-10,7.941968077221352e-11
16,9999,202,162,1.4049943159212945e-10,1.5398785339879427e-10,7.196321576635282e-11
16,9999,202,163,1.2492261290923124e-10,1.490714212932161e-10,7.027221197216803e-11
16,9999,202,164,1.1073329724132506e-10,1.3554308070984553e-10,6.657889853622636e-11
16,9999,202,165,1.024355130732653e-10,1.121712604805356e-10,6.02308014399123e-11
16,9999,202,166,9.963137654828331e-11,1.1115323514426407e-10,5.515446164200415e-11
16,9999,202,167,9.77655128842745e-11,1.0862834945941747e-10,5.2337453254264134e-11
16,9999,202,168,8.631081756164259e-11,1.0079068938873566e-10,4.6704402015985407e-11
16,9999,202,169,8.586759438078482e-11,9.314508524425652e-11,4.4114909148490656e-11
16,9999,202,170,7.264430097419891e-11,8.983973994532782e-11,4.2666871935527925e-11
16,9999,202,171,7.046686336227299e-11,7.791106244282985e-11,3.762642863997489e-11
16,9999,202,172,6.964224950350655e-11,7.329255206973988e-11,3.63766309812748e-11
16,9999,202,173,5.569605489430982e-11,6.727978095823668e-11,3.058005368347318e-11
16,9999,202,174,5.2406910072744185e-11,6.597381272989282e-11,2.6336370965746417e-11
16,9999,202,175,4.66060110559789e-11,5.1442332983985294e-11,2.57037892632519e-11
16,9999,202,176,4.2019424143760376e-11,4.6638574902724876e-11,2.2644790291056496e-11
16,9999,202,177,3.968081250005829e-11,4.2430429066510076e-11,2.077613892520434e-11
16,9999,202,178,3.114361949361582e-11,3.9065015682134394e-11,2.027767599952143e-11
16,9999,202,179,2.9073369417619854e-11,3.575098956841421e-11,1.6683942087246208e-11
16,9999,202,180,2.7556267760073178e-11,3.461502139969766e-11,1.6048048648212862e-11
16,9999,202,181,2.7262944745629e-11,2.6405926567985923e-11,1.420336755819711e-11
16,9999,202,182,2.519037083094992e-11,2.600325243026655e-11,1.2643723244931566e-11
16,9999,202,183,2.455224858668589e-11,2.4505098990408963e-11,1.2128473044621825e-11
16,9999,202,184,2.3733309866648287e-11,2.297031595263336e-11,1.1863084338992578e-11
16,9999,202,185,2.1575490806069738e-11,2.1742594479473364e-11,1.0363497360761128e-11
16,9999,202,186,1.9273826727703003e-11,1.811418849325194e-11,8.908815853585432e-12
16,9999,202,187,1.5780054647291262e-11,1.6924454279671643e-11,7.94995875021334e-12
16,9999,202,188,1.5168910638526243e-11,1.4872930860571446e-11,7.75348536134503e-12
16,9999,202,189,1.3545128139110931e-11,1.2539963356920785e-11,6.756493144092555e-12
16,9999,202,190,1.3378639881310982e-11,1.2428967576275934e-11,6.475895847009544e-12
16,9999,202,191,1.2619146963484472e-11,1.1076029584200729e-11,5.886644255591157e-12
16,9999,202,192,1.0661012824212073e-11,9.567055368499895e-12,5.065028151245828e-12
16,9999,202,193,1.0022028947991167e-11,8.910190262809032e-12,4.5438919920086896e-12
16,9999,202,194,8.86764939764658e-12,8.823137116354601e-12,4.300553466790062e-12
16,9999,202,195,7.825347933939342e-12,7.846236077082694e-12,3.895673143402622e-12
16,9999,202,196,6.655014163001489e-12,6.924438871389485e-12,3.4854156110463866e-12
16,9999,202,197,5.5221071388670276e-12,6.048045221132324e-12,3.0250385463203737e-12
16,9999,202,198,5.294946474227793e-12,5.923245991373259e-12,2.7714355360469163e-12
16,9999,202,199,4.334843216662515e-12,4.757237288992112e-12,2.365509517698805e-12
16,9999,202,200,4.030449379891883e-12,4.538881009010057e-12,2.1932400312371305e-12
16,9999,202,201,3.864980982994469e-12,4.279589945628356e-12,2.0764842850379293e-12
16,9999,202,202,3.2532291620419824e-12,4.008831828285072e-12,1.5794808963371101e-12
16,9999,202,203,3.061500546104755e-12,3.8444119296381185e-12,1.5347443984717e-12
16,9999,202,204,2.9526086521787755e-12,3.77099560737297e-12,1.247125871959657e-12
16,9999,202,205,2.4919714021072942e-12,2.851570933172175e-12,1.1650442861423168e-12
16,9999,202,206,2.2285830497703297e-12,2.6612019674425963e-12,1.0997031934379938e-12
16,9999,202,207,1.927715053698318e-12,2.5326553444222783e-12,9.72559005692469e-13
16,9999,202,208,1.877745718306008e-12,2.2154453108476727e-12,8.933868083228953e-13
16,9999,202,209,1.4693891823574094e-12,2.097105619707846e-12,7.147087319887494e-13
16,9999,202,210,1.3414641931332563e-12,1.538467314118925e-12,6.084854537774953e-13
16,9999,202,211,1.328070831405678e-12,1.3624533643421817e-12,5.60962646560706e-13
16,9999,202,212,9.498175468631325e-13,1.309920962765513e-12,4.851438906717144e-13
16,9999,202,213,8.910592524567829e-13,1.227688474406374e-12,4.4483531136714745e-13
16,9999,202,214,7.407779801217103e-13,1.2021336751636906e-12,3.819135092978321e-13
16,9999,202,215,6.515810951902712e-13,1.1159589140690263e-12,3.446364568482955e-13
16,9999,202,216,6.211759781365751e-13,9.50461393874467e-13,2.9967083527818485e-13
16,9999,202,217,6.111084267296855e-13,8.686393942634637e-13,2.587297091630172e-13
16,9999,202,218,4.748472190998229e-13,8.348115506849855e-13,2.3463619887261843e-13
16,9999,202,219,3.752423844819442e-13,6.631832415696214e-13,2.2352283108750716e-13
16,9999,202,220,3.2022151186604466e-13,6.407024086858468e-13,1.80996614195575e-13
16,9999,202,221,3.153232966198386e-13,5.056828084933089e-13,1.581336257861297e-13
16,9999,202,222,2.405597440113935e-13,4.96343665097628e-13,1.47993976077591e-13
16,9999,202,223,2.119844569848586e-13,4.22892293153384e-13,1.2992812929834713e-13
16,9999,202,224,2.0957649069839395e-13,3.749103597853573e-13,1.0728716416590825e-13
16,9999,202,225,1.291126540213459e-13,2.886615790699618e-13,1.0307800855924124e-13
16,9999,202,226,1.0720990078283509e-13,2.2246350140707246e-13,7.891932478132267e-14
16,9999,202,227,1.048015188543776e-13,2.1362844032161102e-13,6.374031181191281e-14
16,9999,202,228,8.859766671412551e-14,1.5824856255777737e-13,4.807098353904509e-14
16,9999,202,229,8.010337791511227e-14,1.375453118202072e-13,4.5392344053109906e-14
16,9999,202,230,6.821169061029573e-14,1.0757321425246394e-13,4.3422741808444855e-14
16,9999,202,231,5.973289483414239e-14,1.0490132214665211e-13,3.319175067513624e-14
16,9999,202,232,5.0529823658281114e-14,9.079382471721165e-14,3.132850528303114e-14
16,9999,202,233,4.363315741037521e-14,8.831879331028362e-14,2.470952921591802e-14
16,9999,202,234,4.1081052866337005e-14,6.699080576541494e-14,2.268274522649104e-14
16,9999,202,235,3.7085054408646487e-14,4.93509480134285e-14,1.8301428228124472e-14
16,9999,202,236,2.214948605679496e-14,3.9566030040770437e-14,1.3784924042448363e-14
16,9999,202,237,1.916771574293333e-14,3.482341276013256e-14,1.1751406859095831e-14
16,9999,202,238,1.67357245376587e-14,2.9574623907626087e-14,9.960699991331335e-15
16,9999,202,239,1.4836159170411046e-14,2.398434726092573e-14,9.265549150834808e-15
16,9999,202,240,8.985788027875292e-15,2.0015099211435484e-14,6.167996478039943e-15
16,9999,202,241,7.541021728031443e-15,1.6841930170255618e-14,4.3989008793621835e-15
16,9999,202,242,5.79619668557081e-15,7.307101355210947e-15,3.758322750466758e-15
16,9999,202,243,4.4245444336049814e-15,7.102707339543553e-15,2.618558395301442e-15
16,9999,202,244,4.3773589747636896e-15,4.350556603983568e-15,1.996629394121018e-15
16,9999,202,245,1.3282251677592668e-15,3.779535792443438e-15,1.6515652068367187e-15
16,9999,202,246,1.014087135484645e-15,2.807557971553968e-15,9.999999999999924e-16
16,9999,202,247,9.999999999999938e-16,2.4200697618027617e-15,9.999999999999924e-16
16,9999,202,248,9.999999999999938e-16,1.4721079012329688e-15,9.999999999999924e-16
16,9999,202,249,9.999999999999938e-16,1.4472095541308948e-15,9.999999999999924e-16
16,9999,202,250,9.999999999999938e-16,9.999999999999948e-16,9.999999999999924e-16
16,9999,202,251,9.999999999999938e-16,9.999999999999948e-16,9.999999999999924e-16
16,9999,202,252,9.999999999999938e-16,9.999999999999948e-16,9.999999999999924e-16
16,9999,202,253,9.999999999999938e-16,9.999999999999948e-16,9.999999999999924e-16
16,9999,202,254,9.999999999999938e-16,9.999999999999948e-16,9.999999999999924e-16
16,9999,202,255,9.999999999999938e-16,9.999999999999948e-16,9.999999999999924e-16
16,9999,202,256,9.999999999999938e-16,9.999999999999948e-16,9.999999999999924e-16
16,9999,303,1,0.8127854989847895,0.8131413290940689,0.8129010420245746
16,9999,303,2,0.09524679843825912,0.09521512791990404,0.09550835367980945
16,9999,303,3,0.04888337452614027,0.0487927820127984,0.04932711097857119
16,9999,303,4,0.01332773007641898,0.01327873654297603,0.013419697983920504
16,9999,303,5,0.00745198395907135,0.007425519130545133,0.00748548259670299
16,9999,303,6,0.004505991636857533,0.004494887250055697,0.004512169042449394
16,9999,303,7,0.00423921550602321,0.0041835170695143425,0.004248043515578257
16,9999,303,8,0.004139613668441046,0.004086890400268351,0.004098274872280328
16,9999,303,9,0.0030419709045243185,0.0029534645798828126,0.0028081394032055105
16,9999,303,10,0.0015600630620558847,0.0016538008183105614,0.0015392456359500832
16,9999,303,11,0.0009962010594712592,0.0010721147145127572,0.0008953293622377513
16,9999,303,12,0.0009384424945681893,0.0009106211781181029,0.0008515334495984869
16,9999,303,13,0.0006113011627824169,0.000587726436280189,0.0005151428000237322
16,9999,303,14,0.000398913009597587,0.00037166088573269926,0.0003084650157022561
16,9999,303,15,0.00028110783382717945,0.0002701083196193517,0.00024558924075420617
16,9999,303,16,0.0002594008043707947,0.00023613359201002563,0.00021155833083412044
16,9999,303,17,0.00024144179038143555,0.00022163142242181174,0.00018680088150568638
16,9999,303,18,0.0001785623679541849,0.0001872500266914167,0.00015004283237269586
16,9999,303,19,0.00011694511638044207,0.0001270172233242446,9.687122167563804e-05
16,9999,303,20,0.00011164959342387814,0.00012558301501563337,9.11972817658985e-05
16,9999,303,21,0.00010260485332056793,9.222040359544258e-05,8.852930913936262e-05
16,9999,303,22,7.404371051667387e-05,7.795135787009109e-05,7.207771229044155e-05
16,9999,303,23,6.19211331459545e-05,7.103347985292973e-05,5.976986113026038e-05
16,9999,303,24,5.518609976685655e-05,5.276908506457883e-05,5.2046227382063986e-05
16,9999,303,25,4.948636536044774e-05,4.8258220484267526e-05,4.913922204845579e-05
16,9999,303,26,3.942304630263566e-05,4.160189805974284e-05,4.301988843174918e-05
16,9999,303,27,3.5733972042206585e-05,3.4681221033110884e-05,2.8356612049355724e-05
16,9999,303,28,3.4563921199918024e-05,3.197849831930812e-05,2.4778605759743048e-05
16,9999,303,29,2.8376970313883282e-05,2.4741576959069997e-05,2.277718848865824e-05
16,9999,303,30,2.4805757481439244e-05,2.0413600452348527e-05,1.9251522867560788e-05
16,9999,303,31,2.1750373528726135e-05,1.736732404338281e-05,1.8517725285460595e-05
16,9999,303,32,1.8065761422492606e-05,1.6897404014455162e-05,1.4934170767424554e-05
16,9999,303,33,1.74055653498406e-05,1.5330376446391167e-05,1.4642156805511915e-05
16,9999,303,34,1.3147395889656403e-05,1.1475926595474288e-05,1.2245988194572252e-05
16,9999,303,35,1.2431735545293666e-05,1.0672102958793745e-05,9.190974846554802e-06
16,9999,303,36,8.989762163704204e-06,9.914437924728534e-06,8.913069963346808e-06
16,9999,303,37,8.864419357100423e-06,9.801214650139358e-06,6.752570438480451e-06
16,9999,303,38,7.830079985779545e-06,7.677273680206337e-06,5.692115243458038e-06
16,9999,303,39,7.205806143275516e-06,7.651955414030605e-06,5.166381532975063e-06
16,9999,303,40,7.120696279014266e-06,7.030135020579714e-06,4.625636277131764e-06
16,9999,303,41,5.950409412939011e-06,6.373641184688615e-06,4.463509253170159e-06
16,9999,303,42,5.739435430770366e-06,5.632893020884308e-06,3.591991547982689e-06
16,9999,303,43,5.10481369517276e-06,4.989431922408993e-06,3.549518111624979e-06
16,9999,303,44,4.078794775352422e-06,3.938449935387603e-06,3.215045271114486e-06
16,9999,303,45,3.5119953892434793e-06,3.882079630092372e-06,2.468979956447511e-06
16,9999,303,46,3.0968042973388343e-06,3.621211781927899e-06,2.228374858658074e-06
16,9999,303,47,2.6612145366992132e-06,3.1247510056759795e-06,1.900294705610936e-06
16,9999,303,48,2.311969753783541e-06,2.249563757482461e-06,1.6654165305917343e-06
16,9999,303,49,2.203057882954789e-06,1.8985876630719569e-06,1.5128931932543375e-06
16,9999,303,50,2.083859590711958e-06,1.6806167369323637e-06,1.3089487892691377e-06
16,9999,303,51,1.7135285459148024e-06,1.465019044497155e-06,1.232603107937385e-06
16,9999,303,52,1.5615154425706187e-06,1.360340707924305e-06,1.2150265100784846e-06
16,9999,303,53,1.3391458758743319e-06,1.2795003128452557e-06,1.031991038318825e-06
16,9999,303,54,1.1455904341905724e-06,1.2317406193386665e-06,9.29920444698702e-07
16,9999,303,55,1.0677940353055773e-06,1.0807077673439708e-06,7.886250113979912e-07
16,9999,303,56,1.0324485284095827e-06,9.866373710879325e-07,7.709042594801211e-07
16,9999,303,57,8.791492455471385e-07,7.893596248208523e-07,7.044907332078985e-07
16,9999,303,58,8.384369240019865e-07,7.057648303456137e-07,6.438445884619192e-07
16,9999,303,59,7.576515106976413e-07,6.885537636709689e-07,5.764711202309929e-07
16,9999,303,60,6.828530816307741e-07,6.39859633676362e-07,4.941089647442207e-07
16,9999,303,61,5.45639189696674e-07,6.339450058400864e-07,4.644847234436361e-07
16,9999,303,62,4.722756425126109e-07,5.6603921952049e-07,3.9801110123062036e-07
16,9999,303,63,4.6908525154493765e-07,5.377469255391562e-07,3.6681091196462474e-07
16,9999,303,64,4.405894782712209e-07,4.609909642490001e-07,3.4890851217744855e-07
16,9999,303,65,4.2755592607585523e-07,4.4332292184171505e-07,3.162125468477052e-07
16,9999,303,66,3.9341557341875506e-07,3.828482343645732e-07,2.979906485170797e-07
16,9999,303,67,3.7336364331882165e-07,3.3826014290588845e-07,2.6659299129173874e-07
16,9999,303,68,3.2140021595430553e-07,2.8884328021818703e-07,2.3256728972522358e-07
16,9999,303,69,2.9902205795037116e-07,2.7426705691907834e-07,2.22724051069437e-07
16,9999,303,70,2.838391308258996e-07,2.7164030869072844e-07,1.9540220114080955e-07
16,9999,303,71,2.574822321571419e-07,2.585370562329166e-07,1.828761979112275e-07
16,9999,303,72,2.2432567220793864e-07,1.859984099368044e-07,1.724122310380534e-07
16,9999,303,73,1.9873623241500322e-07,1.650802906405598e-07,1.56799961750445e-07
16,9999,303,74,1.759846316359349e-07,1.592343046766235e-07,1.3145374672082598e-07
16,9999,303,75,1.6978278590428189e-07,1.3943171728993475e-07,1.1875395370829933e-07
16,9999,303,76,1.5572546660056854e-07,1.3650968076161415e-07,1.1285836203019129e-07
16,9999,303,77,1.43354815571296e-07,1.276189963448447e-07,1.0351623756347924e-07
16,9999,303,78,1.3552442459271844e-07,1.196702349910824e-07,9.354228668787042e-08
16,9999,303,79,1.301963596821764e-07,1.1047692642510522e-07,8.646029765507835e-08
16,9999,303,80,1.207831223822292e-07,1.043991855881855e-07,7.91762521125565e-08
16,9999,303,81,1.066570465504917e-07,1.0407910417001236e-07,7.239179111046718e-08
16,9999,303,82,9.52209046847267e-08,9.510102339654614e-08,6.315253658208425e-08
16,9999,303,83,8.561613954121941e-08,8.44526012449613e-08,6.117833742099225e-08
16,9999,303,84,8.272804974746234e-08,8.182080901080598e-08,5.278649397504332e-08
16,9999,303,85,7.199598826885939e-08,6.910457855763515e-08,4.84069558357211e-08
16,9999,303,86,6.692849272593646e-08,6.35881176019086e-08,4.329641834655091e-08
16,9999,303,87,6.347092989248869e-08,6.351295113515096e-08,3.97311276372821e-08
16,9999,303,88,6.239886039341915e-08,6.154199785094372e-08,3.808599768924592e-08
16,9999,303,89,5.504440866622459e-08,5.778324136338363e-08,3.19248740475576e-08
16,9999,303,90,5.363355071829403e-08,5.1515940239051005e-08,3.007498525400243e-08
16,9999,303,91,4.482514404220568e-08,4.466254243546779e-08,2.9593884474316874e-08
16,9999,303,92,4.314286524997135e-08,4.099616308360619e-08,2.6444291154832155e-08
16,9999,303,93,4.1216652525006346e-08,3.689584163585569e-08,2.323060047920664e-08
16,9999,303,94,3.908225577330216e-08,3.509412585671866e-08,2.078994665017182e-08
16,9999,303,95,3.582615127419042e-08,3.3641032884900416e-08,1.9133757330611144e-08
16,9999,303,96,2.8897148367558534e-08,3.231414286346671e-08,1.8621099685840983e-08
16,9999,303,97,2.6691352996037494e-08,3.036997387149278e-08,1.684947044093535e-08
16,9999,303,98,2.4226662799100604e-08,2.8942409900795045e-08,1.5881765642096708e-08
16,9999,303,99,2.3981577091536204e-08,2.2925901385931032e-08,1.543336878697688e-08
16,9999,303,100,2.073026592123334e-08,1.9639183119224133e-08,1.4113448938826913e-08
16,9999,303,101,2.063843493694188e-08,1.9068433160047472e-08,1.3058783411032038e-08
16,9999,303,102,1.9385041500635162e-08,1.777322785873995e-08,1.232572396422543e-08
16,9999,303,103,1.730354335931324e-08,1.593503401167745e-08,1.0790631928860901e-08
16,9999,303,104,1.7233709280808985e-08,1.443885405804257e-08,1.0287024104968923e-08
16,9999,303,105,1.600454751782417e-08,1.4420055386684624e-08,9.733670974399009e-09
16,9999,303,106,1.2082795365822023e-08,1.2759791131896337e-08,9.066677715883114e-09
16,9999,303,107,1.1827632142718191e-08,1.1130048295674803e-08,7.605889935913391e-09
16,9999,303,108,1.1824584710042682e-08,1.0482457164559228e-08,6.829174344429117e-09
16,9999,303,109,1.0625245751979125e-08,1.0423439306238096e-08,6.07242634991785e-09
16,9999,303,110,9.24825247450145e-09,9.116496888575924e-09,5.693457150243878e-09
16,9999,303,111,9.081478433448827e-09,8.729256512082634e-09,5.502449531990006e-09
16,9999,303,112,7.92574620456879e-09,7.468121957912242e-09,4.978129401583518e-09
16,9999,303,113,7.890363919094419e-09,7.023187390519603e-09,4.351659364955792e-09
16,9999,303,114,7.368752326952494e-09,6.701328657044822e-09,3.917043632149657e-09
16,9999,303,115,6.551134819847057e-09,6.3964734720012906e-09,3.7199507943091e-09
16,9999,303,116,6.099299504177766e-09,6.350426589433349e-09,3.5690720636400182e-09
16,9999,303,117,5.771957269078539e-09,5.909390428991617e-09,3.2010652372065878e-09
16,9999,303,118,5.301869892717005e-09,5.230664230463579e-09,3.1399085904091602e-09
16,9999,303,119,4.945325293894883e-09,4.474289534227786e-09,2.9956139534701403e-09
16,9999,303,120,4.514016740079348e-09,4.258918548221337e-09,2.474715834402597e-09
16,9999,303,121,4.507744854950855e-09,4.009213001891698e-09,2.3355957344688568e-09
16,9999,303,122,4.070658086586704e-09,3.58091768481005e-09,2.2099523945319947e-09
16,9999,303,123,4.012544648934879e-09,3.511738030744362e-09,2.1526560592705654e-09
16,9999,303,124,3.474862818327317e-09,2.938905651527583e-09,1.8566931696090835e-09
16,9999,303,125,2.9922558167718815e-09,2.894408354321751e-09,1.8306693622796168e-09
16,9999,303,126,2.9208269347398226e-09,2.625186479647161e-09,1.7163649557004145e-09
16,9999,303,127,2.4435383896371536e-09,2.4440691632926596e-09,1.5741596829345854e-09
16,9999,303,128,2.342612369019335e-09,2.2460744391963376e-09,1.5242701246351186e-09
16,9999,303,129,2.2218783478665234e-09,2.1529754740279436e-09,1.3638653534572573e-09
16,9999,303,130,1.90933280723071e-09,2.0322202629822745e-09,1.2634168022442746e-09
16,9999,303,131,1.892623002727329e-09,1.7877320994868019e-09,1.1100523278508805e-09
16,9999,303,132,1.8392030704136793e-09,1.7350687457351276e-09,1.054222109515351e-09
16,9999,303,133,1.5650963758912643e-09,1.490483703092596e-09,9.755770388418521e-10
16,9999,303,134,1.3394270981440926e-09,1.4311922928203723e-09,9.065979059309918e-10
16,9999,303,135,1.3041972230412643e-09,1.318090383845257e-09,8.291205796020323e-10
16,9999,303,136,1.231835407771546e-09,1.047680720742951e-09,7.762801883101687e-10
16,9999,303,137,1.0941595262421448e-09,1.039566830852856e-09,7.261372663874214e-10
16,9999,303,138,1.0293542342635507e-09,9.241081715775123e-10,6.325653272331068e-10
16,9999,303,139,9.585148292669859e-10,8.686544876117286e-10,5.332262821739626e-10
16,9999,303,140,8.384866908812742e-10,8.493912952444183e-10,5.087334056975498e-10
16,9999,303,141,8.062881744667524e-10,7.523386452914281e-10,5.00517140352302e-10
16,9999,303,142,7.871956059278911e-10,6.389992522252075e-10,4.44619570543848e-10
16,9999,303,143,7.053096441391064e-10,6.025100716230756e-10,4.2180285734494457e-10
16,9999,303,144,5.867547931066617e-10,5.947160513040455e-10,4.0490849101698113e-10
16,9999,303,145,5.425395397987747e-10,5.511596179766788e-10,3.5830192397086555e-10
16,9999,303,146,5.383630606023195e-10,5.365018598421089e-10,3.2501826026626255e-10
16,9999,303,147,5.122036262692112e-10,4.659861045329917e-10,2.860103341491836e-10
16,9999,303,148,4.59768990260026e-10,4.386947131298444e-10,2.7755726930151474e-10
16,9999,303,149,4.2614163295046103e-10,4.2731844504448973e-10,2.3866514747423064e-10
16,9999,303,150,3.9294168050403804e-10,4.1489900153385107e-10,2.354101785842206e-10
16,9999,303,151,3.5071830143830954e-10,3.722097267660142e-10,2.255904791254324e-10
16,9999,303,152,3.3666655111756684e-10,3.588017699610705e-10,1.9872155783000089e-10
16,9999,303,153,3.0225250223235883e-10,3.34710295185233e-10,1.9167938203697572e-10
16,9999,303,154,2.576253369001372e-10,3.266599971102047e-10,1.651013420185554e-10
16,9999,303,155,2.4795156288226957e-10,3.001060201742553e-10,1.5081944884042325e-10
16,9999,303,156,2.364222026722791e-10,2.853413293824426e-10,1.2978321802884097e-10
16,9999,303,157,2.1858553067499828e-10,2.366637201868651e-10,1.2341755069393305e-10
16,9999,303,158,1.9649935365435937e-10,2.1414299471751167e-10,1.1752878166549668e-10
16,9999,303,159,1.8129276965236231e-10,1.8743178551830187e-10,1.0970351472570127e-10
16,9999,303,160,1.6438555800259233e-10,1.7490343769039004e-10,1.0421055620409805e-10
16,9999,303,161,1.5833380751432032e-10,1.6378339130217867e-10,8.908882446692756e-11
16,9999,303,162,1.4049943159212945e-10,1.5224279972600686e-10,8.416143481158404e-11
16,9999,303,163,1.2492261290923124e-10,1.4648739153853188e-10,7.41146538281554e-11
16,9999,303,164,1.1073329724132506e-10,1.3992680601544158e-10,7.05644324236969e-11
16,9999,303,165,1.024355130732653e-10,1.3300298520591283e-10,6.72193738060182e-11
16,9999,303,166,9.963137654828331e-11,1.2917839986856637e-10,6.356679771151685e-11
16,9999,303,167,9.77655128842745e-11,1.2347776317688506e-10,5.6378852220040796e-11
16,9999,303,168,8.631081756164259e-11,1.0041872399241508e-10,5.2334683230137735e-11
16,9999,303,169,8.586759438078482e-11,8.868519657400755e-11,4.483336281510319e-11
16,9999,303,170,7.264430097419891e-11,7.887984534871144e-11,4.322386523969747e-11
16,9999,303,171,7.046686336227299e-11,7.598741687267205e-11,3.5371835986919983e-11
16,9999,303,172,6.964224950350655e-11,7.176474967185767e-11,3.449204944115398e-11
16,9999,303,173,5.569605489430982e-11,6.567232021955397e-11,3.38114542626861e-11
16,9999,303,174,5.2406910072744185e-11,6.275640004742086e-11,2.6717125948044195e-11
16,9999,303,175,4.66060110559789e-11,5.721805145694674e-11,2.5742750185730825e-11
16,9999,303,176,4.2019424143760376e-11,4.760062924994109e-11,2.4636563140358263e-11
16,9999,303,177,3.968081250005829e-11,4.11797410409708e-11,2.3879344207867068e-11
16,9999,303,178,3.114361949361582e-11,3.485886200254131e-11,2.0479240882129908e-11
16,9999,303,179,2.9073369417619854e-11,2.9142907599541956e-11,1.9109042804839222e-11
16,9999,303,180,2.7556267760073178e-11,2.8160825707485013e-11,1.78336635362313e-11
16,9999,303,181,2.7262944745629e-11,2.770429663698298e-11,1.7143488905485192e-11
16,9999,303,182,2.519037083094992e-11,2.4046193876189135e-11,1.3484299655138433e-11
16,9999,303,183,2.455224858668589e-11,2.301611263257978e-11,1.3034891618034254e-11
16,9999,303,184,2.3733309866648287e-11,2.2012737574603846e-11,1.1538419193003293e-11
16,9999,303,185,2.1575490806069738e-11,2.104812577848379e-11,1.0605086467109774e-11
16,9999,303,186,1.9273826727703003e-11,1.8956139861151918e-11,9.644269387321136e-12
16,9999,303,187,1.5780054647291262e-11,1.8536336863244585e-11,8.728037601661355e-12
16,9999,303,188,1.5168910638526243e-11,1.8054857301097815e-11,8.4020246584318e-12
16,9999,303,189,1.3545128139110931e-11,1.5168534015611006e-11,7.423243556248607e-12
16,9999,303,190,1.3378639881310982e-11,1.3158087662317987e-11,7.025042771643868e-12
16,9999,303,191,1.2619146963484472e-11,1.1722357692557586e-11,5.910076907327189e-12
16,9999,303,192,1.0661012824212073e-11,1.1053402067670188e-11,5.7467384630949974e-12
16,9999,303,193,1.0022028947991167e-11,9.464100049026974e-12,5.342959570221366e-12
16,9999,303,194,8.86764939764658e-12,9.299964562062376e-12,5.1706584396692125e-12
16,9999,303,195,7.825347933939342e-12,8.354747058880008e-12,4.317371708919989e-12
16,9999,303,196,6.655014163001489e-12,7.387247562774815e-12,3.798547756437091e-12
16,9999,303,197,5.5221071388670276e-12,6.437879072695386e-12,3.2717514282882736e-12
16,9999,303,198,5.294946474227793e-12,5.950524501265641e-12,2.929801757544516e-12
16,9999,303,199,4.334843216662515e-12,4.8535305069103635e-12,2.6922883615124444e-12
16,9999,303,200,4.030449379891883e-12,4.687277208608122e-12,2.379241712743354e-12
16,9999,303,201,3.864980982994469e-12,4.151270189751597e-12,2.1266153556908344e-12
16,9999,303,202,3.2532291620419824e-12,3.770126361395326e-12,2.004340631342839e-12
16,9999,303,203,3.061500546104755e-12,3.71368500537691e-12,1.6121466119701525e-12
16,9999,303,204,2.9526086521787755e-12,3.102544866093018e-12,1.5577273007380698e-12
16,9999,303,205,2.4919714021072942e-12,2.5682978775476495e-12,1.4257933301438968e-12
16,9999,303,206,2.2285830497703297e-12,2.341352615021877e-12,1.1673226256331306e-12
16,9999,303,207,1.927715053698318e-12,2.275374327523104e-12,1.1108611132130146e-12
16,9999,303,208,1.877745718306008e-12,2.1765891608449154e-12,1.0167587621379236e-12
16,9999,303,209,1.4693891823574094e-12,2.017438936157519e-12,8.658868919256154e-13
16,9999,303,210,1.3414641931332563e-12,1.6000361159371288e-12,7.401625584734241e-13
16,9999,303,211,1.328070831405678e-12,1.4865347099762387e-12,7.061587874781033e-13
16,9999,303,212,9.498175468631325e-13,1.1212766282096725e-12,5.968431284731208e-13
16,9999,303,213,8.910592524567829e-13,1.096175625184799e-12,5.388922215451978e-13
16,9999,303,214,7.407779801217103e-13,1.0175616382151127e-12,5.041830327646778e-13
16,9999,303,215,6.515810951902712e-13,8.582556965346622e-13,4.46745472026451e-13
16,9999,303,216,6.211759781365751e-13,8.283471758328474e-13,3.9611365171301547e-13
16,9999,303,217,6.111084267296855e-13,7.585985580033759e-13,3.211123872963108e-13
16,9999,303,218,4.748472190998229e-13,6.572166146923603e-13,2.7031087800566293e-13
16,9999,303,219,3.752423844819442e-13,5.936662300543511e-13,2.4058072401655883e-13
16,9999,303,220,3.2022151186604466e-13,4.602266499822873e-13,2.309235384917861e-13
16,9999,303,221,3.153232966198386e-13,4.3470230600919646e-13,1.8424155032269507e-13
16,9999,303,222,2.405597440113935e-13,3.9982353531327543e-13,1.6874916100214048e-13
16,9999,303,223,2.119844569848586e-13,3.1304452592253204e-13,1.361074571128427e-13
16,9999,303,224,2.0957649069839395e-13,3.1016384651600297e-13,1.1804960028900303e-13
16,9999,303,225,1.291126540213459e-13,2.1744298189543235e-13,1.1096124392147593e-13
16,9999,303,226,1.0720990078283509e-13,1.7853164282180295e-13,9.486663772113678e-14
16,9999,303,227,1.048015188543776e-13,1.7578050699027414e-13,8.136142043045498e-14
16,9999,303,228,8.859766671412551e-14,1.5239979762682556e-13,7.067927638723277e-14
16,9999,303,229,8.010337791511227e-14,1.4478622907634495e-13,5.782927495792582e-14
16,9999,303,230,6.821169061029573e-14,1.368636746204236e-13,4.698771135802548e-14
16,9999,303,231,5.973289483414239e-14,1.0849605880675878e-13,3.4625897435486315e-14
16,9999,303,232,5.0529823658281114e-14,8.065567766232029e-14,3.1968901134331644e-14
16,9999,303,233,4.363315741037521e-14,7.244212467680551e-14,2.3775462180828857e-14
16,9999,303,234,4.1081052866337005e-14,6.102305359430121e-14,2.095169795157147e-14
16,9999,303,235,3.7085054408646487e-14,6.010829883827845e-14,1.8250688538416554e-14
16,9999,303,236,2.214948605679496e-14,4.253118831180677e-14,1.6284961125002108e-14
16,9999,303,237,1.916771574293333e-14,3.271933991811261e-14,9.709348891960937e-15
16,9999,303,238,1.67357245376587e-14,2.897280082860241e-14,9.353153102887202e-15
16,9999,303,239,1.4836159170411046e-14,2.5181021080334154e-14,6.0856497338311005e-15
16,9999,303,240,8.985788027875292e-15,2.0243699871381468e-14,5.822685264580535e-15
16,9999,303,241,7.541021728031443e-15,1.1649564626305587e-14,4.7979874886562466e-15
16,9999,303,242,5.79619668557081e-15,9.2425778849606e-15,4.123960852126874e-15
16,9999,303,243,4.4245444336049814e-15,8.406107519110467e-15,2.8842281100168638e-15
16,9999,303,244,4.3773589747636896e-15,6.277107941556398e-15,2.489571143154593e-15
16,9999,303,245,1.3282251677592668e-15,4.969326402513936e-15,1.5448996062283055e-15
16,9999,303,246,1.014087135484645e-15,2.9133738786939705e-15,1.3721034299300662e-15
16,9999,303,247,9.999999999999938e-16,2.8998888279696173e-15,1.1298662899167864e-15
16,9999,303,248,9.999999999999938e-16,2.5567129708443067e-15,9.99999999999993e-16
16,9999,303,249,9.999999999999938e-16,9.999999999999948e-16,9.99999999999993e-16
16,9999,303,250,9.999999999999938e-16,9.999999999999948e-16,9.99999999999993e-16
16,9999,303,251,9.999999999999938e-16,9.999999999999948e-16,9.99999999999993e-16
16,9999,303,252,9.999999999999938e-16,9.999999999999948e-16,9.99999999999993e-16
16,9999,303,253,9.999999999999938e-16,9.999999999999948e-16,9.99999999999993e-16
16,9999,303,254,9.999999999999938e-16,9.999999999999948e-16,9.99999999999993e-16
16,9999,303,255,9.999999999999938e-16,9.999999999999948e-16,9.99999999999993e-16
16,9999,303,256,9.999999999999938e-16,9.999999999999948e-16,9.99999999999993e-16
16,9999,404,1,0.8127854989847895,0.8153231192689792,0.8124860582241956
16,9999,404,2,0.09524679843825912,0.09569423354694144,0.09597035623139195
16,9999,404,3,0.04888337452614027,0.047229229315515375,0.049601029714412485
16,9999,404,4,0.01332773007641898,0.012996630522230676,0.013095621823689176
16,9999,404,5,0.00745198395907135,0.007506781447165956,0.007469009172129073
16,9999,404,6,0.004505991636857533,0.0042009870044113955,0.004472633158890404
16,9999,404,7,0.00423921550602321,0.004154541359317764,0.004092020685760848
16,9999,404,8,0.004139613668441046,0.003943056739629657,0.0040599024698131665
16,9999,404,9,0.0030419709045243185,0.003133466022929056,0.0028824965705544657
16,9999,404,10,0.0015600630620558847,0.0014473029440490474,0.0015800431452502898
16,9999,404,11,0.0009962010594712592,0.0009198971407897231,0.0009780857062099805
16,9999,404,12,0.0009384424945681893,0.0007479775198121746,0.0008365099697951836
16,9999,404,13,0.0006113011627824169,0.0006411812108256194,0.0005284784185572821
16,9999,404,14,0.000398913009597587,0.0004009008965147087,0.0003459784082858465
16,9999,404,15,0.00028110783382717945,0.00026392969362456044,0.0002737916145847531
16,9999,404,16,0.0002594008043707947,0.0002197634198508396,0.00021877420796670958
16,9999,404,17,0.00024144179038143555,0.00017792129399169464,0.00019832403386116707
16,9999,404,18,0.0001785623679541849,0.00015023868900976024,0.00016998011496757967
16,9999,404,19,0.00011694511638044207,0.00011336173904891651,8.915321498051809e-05
16,9999,404,20,0.00011164959342387814,0.00010697908346708962,8.841266362185065e-05
16,9999,404,21,0.00010260485332056793,9.641898854090958e-05,6.963010614539038e-05
16,9999,404,22,7.404371051667387e-05,8.313061143830964e-05,6.020980875493068e-05
16,9999,404,23,6.19211331459545e-05,7.22416245690975e-05,5.438902455724593e-05
16,9999,404,24,5.518609976685655e-05,5.112200035945727e-05,5.000952918818069e-05
16,9999,404,25,4.948636536044774e-05,5.0326435042140054e-05,4.7284679098428265e-05
16,9999,404,26,3.942304630263566e-05,3.3671965748686076e-05,3.551490721622792e-05
16,9999,404,27,3.5733972042206585e-05,2.7398906762397885e-05,3.0133626284635227e-05
16,9999,404,28,3.4563921199918024e-05,2.4473230873838057e-05,2.9049916727629828e-05
16,9999,404,29,2.8376970313883282e-05,2.1873320328931077e-05,2.471506450885585e-05
16,9999,404,30,2.4805757481439244e-05,2.0280417811740076e-05,2.0070878258471996e-05
16,9999,404,31,2.1750373528726135e-05,1.7168607511378455e-05,1.7828576899634545e-05
16,9999,404,32,1.8065761422492606e-05,1.6003578252647594e-05,1.5358178486737134e-05
16,9999,404,33,1.74055653498406e-05,1.3373217292287439e-05,1.522876617551783e-05
16,9999,404,34,1.3147395889656403e-05,1.256691714065221e-05,1.210605827092788e-05
16,9999,404,35,1.2431735545293666e-05,1.1247741571182288e-05,8.601703727072937e-06
16,9999,404,36,8.989762163704204e-06,9.581644295802362e-06,8.367384298159204e-06
16,9999,404,37,8.864419357100423e-06,8.210494966059386e-06,7.059762627843196e-06
16,9999,404,38,7.830079985779545e-06,6.41671052667435e-06,6.5761600512491385e-06
16,9999,404,39,7.205806143275516e-06,5.522650263894353e-06,5.464900175548454e-06
16,9999,404,40,7.120696279014266e-06,5.356559057677538e-06,5.2179941916715816e-06
16,9999,404,41,5.950409412939011e-06,5.1031809641565635e-06,4.825841098223889e-06
16,9999,404,42,5.739435430770366e-06,4.094169779981172e-06,4.091675888358067e-06
16,9999,404,43,5.10481369517276e-06,3.407284127244316e-06,3.5021903430523974e-06
16,9999,404,44,4.078794775352422e-06,3.3224262534973693e-06,3.038841728104422e-06
16,9999,404,45,3.5119953892434793e-06,2.5168513763953626e-06,2.77069998849543e-06
16,9999,404,46,3.0968042973388343e-06,2.271079825716427e-06,2.515625500059673e-06
16,9999,404,47,2.6612145366992132e-06,2.174982873174517e-06,2.212809478197502e-06
16,9999,404,48,2.311969753783541e-06,2.050426877811319e-06,1.8409063301616341e-06
16,9999,404,49,2.203057882954789e-06,1.7419875451562435e-06,1.5508096469656359e-06
16,9999,404,50,2.083859590711958e-06,1.6475182504394555e-06,1.3057052853585142e-06
16,9999,404,51,1.7135285459148024e-06,1.4458929291650368e-06,1.1819060880880617e-06
16,9999,404,52,1.5615154425706187e-06,1.0224012120960352e-06,1.0357485429117126e-06
16,9999,404,53,1.3391458758743319e-06,9.324974702843723e-07,9.41241241714996e-07
16,9999,404,54,1.1455904341905724e-06,9.160812725048786e-07,8.560711531684318e-07
16,9999,404,55,1.0677940353055773e-06,7.832548190565442e-07,7.275143227769924e-07
16,9999,404,56,1.0324485284095827e-06,7.441190992622246e-07,7.19697862809021e-07
16,9999,404,57,8.791492455471385e-07,7.047251335024369e-07,6.354752269636046e-07
16,9999,404,58,8.384369240019865e-07,6.468396483574649e-07,6.32618568144736e-07
16,9999,404,59,7.576515106976413e-07,6.377259863185535e-07,5.72883192478642e-07
16,9999,404,60,6.828530816307741e-07,5.153936223829839e-07,4.950868734358613e-07
16,9999,404,61,5.45639189696674e-07,4.619188528702828e-07,4.253817806753385e-07
16,9999,404,62,4.722756425126109e-07,4.314399409657347e-07,4.070050975584425e-07
16,9999,404,63,4.6908525154493765e-07,3.923702384120152e-07,3.800894781838657e-07
16,9999,404,64,4.405894782712209e-07,3.3280676600869394e-07,3.467355856629817e-07
16,9999,404,65,4.2755592607585523e-07,3.294537948934955e-07,2.970734117826016e-07
16,9999,404,66,3.9341557341875506e-07,3.118640672011145e-07,2.788169624705403e-07
16,9999,404,67,3.7336364331882165e-07,2.609846124770134e-07,2.510810033541478e-07
16,9999,404,68,3.2140021595430553e-07,2.3995007401907257e-07,2.3264520265629944e-07
16,9999,404,69,2.9902205795037116e-07,2.2379494803304532e-07,1.9864099680248e-07
16,9999,404,70,2.838391308258996e-07,2.144420057798462e-07,1.8939026809770755e-07
16,9999,404,71,2.574822321571419e-07,1.8921904928174218e-07,1.85414567048077e-07
16,9999,404,72,2.2432567220793864e-07,1.8293711478376777e-07,1.6515620658094856e-07
16,9999,404,73,1.9873623241500322e-07,1.61377000056716e-07,1.4753518273153122e-07
16,9999,404,74,1.759846316359349e-07,1.562087590837599e-07,1.343327064563104e-07
16,9999,404,75,1.6978278590428189e-07,1.3138210225881386e-07,1.1200526141865218e-07
16,9999,404,76,1.5572546660056854e-07,1.1068316264957896e-07,1.0439825427041483e-07
16,9999,404,77,1.43354815571296e-07,1.0214785400844646e-07,9.688759176089214e-08
16,9999,404,78,1.3552442459271844e-07,9.969229457164565e-08,9.209517107754455e-08
16,9999,404,79,1.301963596821764e-07,8.424270916025782e-08,8.312236979112763e-08
16,9999,404,80,1.207831223822292e-07,8.066666178487118e-08,8.155236625545436e-08
16,9999,404,81,1.066570465504917e-07,7.227042196608943e-08,7.185252322356263e-08
16,9999,404,82,9.52209046847267e-08,7.106458250209471e-08,6.563460970699477e-08
16,9999,404,83,8.561613954121941e-08,6.398094367586127e-08,5.223683932198091e-08
16,9999,404,84,8.272804974746234e-08,6.195344256564615e-08,5.1850671257099834e-08
16,9999,404,85,7.199598826885939e-08,5.786524634118557e-08,4.778885822614121e-08
16,9999,404,86,6.692849272593646e-08,5.356722009122458e-08,4.532638906060521e-08
16,9999,404,87,6.347092989248869e-08,4.722521979976753e-08,4.420957399048569e-08
16,9999,404,88,6.239886039341915e-08,4.361214623660984e-08,3.4089902643947485e-08
16,9999,404,89,5.504440866622459e-08,4.0443027413523244e-08,3.228473721532918e-08
16,9999,404,90,5.363355071829403e-08,3.978351557948672e-08,3.200717717383859e-08
16,9999,404,91,4.482514404220568e-08,3.123631755742017e-08,3.0521617345016075e-08
16,9999,404,92,4.314286524997135e-08,2.8646656926501335e-08,2.8898643314886326e-08
16,9999,404,93,4.1216652525006346e-08,2.4649051365870314e-08,2.6919759361724323e-08
16,9999,404,94,3.908225577330216e-08,2.4250002418410866e-08,2.3332540261551936e-08
16,9999,404,95,3.582615127419042e-08,2.3441559286475788e-08,2.189574557033601e-08
16,9999,404,96,2.8897148367558534e-08,2.0959838123643194e-08,1.9158200597860768e-08
16,9999,404,97,2.6691352996037494e-08,2.0693181766170375e-08,1.903373112417345e-08
16,9999,404,98,2.4226662799100604e-08,1.752655822171359e-08,1.7270794316937306e-08
16,9999,404,99,2.3981577091536204e-08,1.708092832184296e-08,1.5024270091352083e-08
16,9999,404,100,2.073026592123334e-08,1.4013155569374208e-08,1.4327768533717167e-08
16,9999,404,101,2.063843493694188e-08,1.2319605596106484e-08,1.3866937658726395e-08
16,9999,404,102,1.9385041500635162e-08,1.1521718539745721e-08,1.3742728139945785e-08
16,9999,404,103,1.730354335931324e-08,1.0252055160736564e-08,1.2102365709701545e-08
16,9999,404,104,1.7233709280808985e-08,9.324545978767324e-09,1.018150242676252e-08
16,9999,404,105,1.600454751782417e-08,8.604983546153374e-09,9.499137443049269e-09
16,9999,404,106,1.2082795365822023e-08,8.296037555418544e-09,8.98973922630945e-09
16,9999,404,107,1.1827632142718191e-08,8.088214847125103e-09,8.052282990781467e-09
16,9999,404,108,1.1824584710042682e-08,7.484417075732956e-09,7.097605497065265e-09
16,9999,404,109,1.0625245751979125e-08,7.450434441569223e-09,6.58563830598494e-09
16,9999,404,110,9.24825247450145e-09,5.755953447174485e-09,5.9155556529575814e-09
16,9999,404,111,9.081478433448827e-09,5.5134785943350005e-09,5.812868226817939e-09
16,9999,404,112,7.92574620456879e-09,5.2810317960557676e-09,5.292394207220312e-09
16,9999,404,113,7.890363919094419e-09,4.867645322909398e-09,4.724744210347757e-09
16,9999,404,114,7.368752326952494e-09,4.5149014452740726e-09,4.089596005776446e-09
16,9999,404,115,6.551134819847057e-09,4.134808044634544e-09,4.0401255952667e-09
16,9999,404,116,6.099299504177766e-09,4.052698426684768e-09,3.4930920545776558e-09
16,9999,404,117,5.771957269078539e-09,3.637632527241329e-09,3.4457825319306813e-09
16,9999,404,118,5.301869892717005e-09,2.977039888315375e-09,3.1556424669628394e-09
16,9999,404,119,4.945325293894883e-09,2.9754771306736972e-09,3.0040380618468945e-09
16,9999,404,120,4.514016740079348e-09,2.833894572757431e-09,2.7875904793616953e-09
16,9999,404,121,4.507744854950855e-09,2.5834109914414225e-09,2.4961408037525614e-09
16,9999,404,122,4.070658086586704e-09,2.5357544802152636e-09,2.3567963217451564e-09
16,9999,404,123,4.012544648934879e-09,2.1404699667158264e-09,2.103975340951468e-09
16,9999,404,124,3.474862818327317e-09,2.1236699890683003e-09,2.0003224450403524e-09
16,9999,404,125,2.9922558167718815e-09,1.9585736294032244e-09,1.864316405261866e-09
16,9999,404,126,2.9208269347398226e-09,1.846083705194649e-09,1.643938759494974e-09
16,9999,404,127,2.4435383896371536e-09,1.603164909864895e-09,1.5924136795757278e-09
16,9999,404,128,2.342612369019335e-09,1.421934165641489e-09,1.4048425076996387e-09
16,9999,404,129,2.2218783478665234e-09,1.3247740976801565e-09,1.325974860175615e-09
16,9999,404,130,1.90933280723071e-09,1.3023504452840499e-09,1.196904693537844e-09
16,9999,404,131,1.892623002727329e-09,1.2455979649546211e-09,1.08187417834659e-09
16,9999,404,132,1.8392030704136793e-09,1.0903279692908886e-09,9.669546547276444e-10
16,9999,404,133,1.5650963758912643e-09,1.0316843901858594e-09,8.740675619049378e-10
16,9999,404,134,1.3394270981440926e-09,9.176594037654474e-10,7.786885816140662e-10
16,9999,404,135,1.3041972230412643e-09,9.009307325631563e-10,7.544702551931363e-10
16,9999,404,136,1.231835407771546e-09,8.710678071394407e-10,7.082373950870201e-10
16,9999,404,137,1.0941595262421448e-09,8.104273684167524e-10,6.668886991415736e-10
16,9999,404,138,1.0293542342635507e-09,6.962469159388835e-10,5.944191846247049e-10
16,9999,404,139,9.585148292669859e-10,6.821282031428131e-10,5.144241046671483e-10
16,9999,404,140,8.384866908812742e-10,6.481423850305159e-10,4.848288441661989e-10
16,9999,404,141,8.062881744667524e-10,6.033287538135299e-10,4.599343349818825e-10
16,9999,404,142,7.871956059278911e-10,5.453812872607412e-10,4.382398607331109e-10
16,9999,404,143,7.053096441391064e-10,4.5431953243005456e-10,3.6262723959681276e-10
16,9999,404,144,5.867547931066617e-10,4.199132460456726e-10,3.4915423465886216e-10
16,9999,404,145,5.425395397987747e-10,4.16694334457757e-10,3.213265846956707e-10
16,9999,404,146,5.383630606023195e-10,3.9825904255796225e-10,2.9108165426503506e-10
16,9999,404,147,5.122036262692112e-10,3.391930893085767e-10,2.7616534974696845e-10
16,9999,404,148,4.59768990260026e-10,2.9880708347273545e-10,2.3206476888785595e-10
16,9999,404,149,4.2614163295046103e-10,2.7912900487191895e-10,2.282400533756442e-10
16,9999,404,150,3.9294168050403804e-10,2.7068944341395395e-10,2.0417924942146973e-10
16,9999,404,151,3.5071830143830954e-10,2.481739776096079e-10,1.9577527582949004e-10
16,9999,404,152,3.3666655111756684e-10,2.3938388444471323e-10,1.7721242769556342e-10
16,9999,404,153,3.0225250223235883e-10,2.192255258241704e-10,1.6862016233597438e-10
16,9999,404,154,2.576253369001372e-10,2.1098498043527868e-10,1.6129156074364565e-10
16,9999,404,155,2.4795156288226957e-10,1.9682955798720693e-10,1.56328180956583e-10
16,9999,404,156,2.364222026722791e-10,1.792748094062018e-10,1.390576084231988e-10
16,9999,404,157,2.1858553067499828e-10,1.6668012523841292e-10,1.3605239048798107e-10
16,9999,404,158,1.9649935365435937e-10,1.3356103026517876e-10,1.1802898678149057e-10
16,9999,404,159,1.8129276965236231e-10,1.326315443334069e-10,1.1184226737547935e-10
16,9999,404,160,1.6438555800259233e-10,1.2366993829628371e-10,1.0583025873679817e-10
16,9999,404,161,1.5833380751432032e-10,1.1304590836901785e-10,9.764557567219466e-11
16,9999,404,162,1.4049943159212945e-10,1.1230803729912187e-10,8.104222223932344e-11
16,9999,404,163,1.2492261290923124e-10,1.0126490236076116e-10,7.835453170750397e-11
16,9999,404,164,1.1073329724132506e-10,9.92522061629694e-11,7.616788941392376e-11
16,9999,404,165,1.024355130732653e-10,8.287903997150027e-11,6.586184001912316e-11
16,9999,404,166,9.963137654828331e-11,7.662959913912696e-11,6.329316233161121e-11
16,9999,404,167,9.77655128842745e-11,7.164435379138623e-11,5.83155303465302e-11
16,9999,404,168,8.631081756164259e-11,5.8088840773994e-11,5.5057972001219414e-11
16,9999,404,169,8.586759438078482e-11,5.2318661080875616e-11,5.14288335849238e-11
16,9999,404,170,7.264430097419891e-11,4.70138554641691e-11,4.691662711961622e-11
16,9999,404,171,7.046686336227299e-11,4.2624162033830384e-11,4.41295924507751e-11
16,9999,404,172,6.964224950350655e-11,3.84626904293189e-11,3.803957220360713e-11
16,9999,404,173,5.569605489430982e-11,3.653564362658316e-11,3.5872972535230664e-11
16,9999,404,174,5.2406910072744185e-11,3.316612428949959e-11,3.254675810764253e-11
16,9999,404,175,4.66060110559789e-11,3.311449756610215e-11,2.8065944292253335e-11
16,9999,404,176,4.2019424143760376e-11,2.9001150140774984e-11,2.664671713329864e-11
16,9999,404,177,3.968081250005829e-11,2.6750334310167233e-11,2.470575258716186e-11
16,9999,404,178,3.114361949361582e-11,2.354596313737874e-11,2.4162348069802113e-11
16,9999,404,179,2.9073369417619854e-11,2.2312878000822116e-11,2.22899036881456e-11
16,9999,404,180,2.7556267760073178e-11,1.924146903511493e-11,1.9405109079857275e-11
16,9999,404,181,2.7262944745629e-11,1.865081560581617e-11,1.7915580581925292e-11
16,9999,404,182,2.519037083094992e-11,1.838483298411047e-11,1.430138078876816e-11
16,9999,404,183,2.455224858668589e-11,1.6926234604804198e-11,1.2071747089259283e-11
16,9999,404,184,2.3733309866648287e-11,1.517346433104231e-11,1.1457652390347105e-11
16,9999,404,185,2.1575490806069738e-11,1.4650720214662828e-11,1.062457382549611e-11
16,9999,404,186,1.9273826727703003e-11,1.322211641837698e-11,9.980686964155661e-12
16,9999,404,187,1.5780054647291262e-11,1.1037065179984797e-11,8.125960624757406e-12
16,9999,404,188,1.5168910638526243e-11,1.0634375782456036e-11,7.180903549240116e-12
16,9999,404,189,1.3545128139110931e-11,9.769025972073742e-12,6.633577054623878e-12
16,9999,404,190,1.3378639881310982e-11,9.408042921460274e-12,6.428627966992886e-12
16,9999,404,191,1.2619146963484472e-11,8.225868823133046e-12,6.163116773230428e-12
16,9999,404,192,1.0661012824212073e-11,6.971955808355661e-12,5.685337963541747e-12
16,9999,404,193,1.0022028947991167e-11,5.860884775330845e-12,5.117490309739305e-12
16,9999,404,194,8.86764939764658e-12,5.558293356533061e-12,4.494519946752449e-12
16,9999,404,195,7.825347933939342e-12,5.0909309438615974e-12,3.849743868479105e-12
16,9999,404,196,6.655014163001489e-12,4.7080284092400485e-12,3.2074950940815096e-12
16,9999,404,197,5.5221071388670276e-12,4.359698058663794e-12,2.965150566770004e-12
16,9999,404,198,5.294946474227793e-12,4.176970983026365e-12,2.438898996243999e-12
16,9999,404,199,4.334843216662515e-12,3.901183381481456e-12,2.225720973471879e-12
16,9999,404,200,4.030449379891883e-12,3.3055296383594178e-12,2.092095159530482e-12
16,9999,404,201,3.864980982994469e-12,3.1884738769248128e-12,1.6993544268098176e-12
16,9999,404,202,3.2532291620419824e-12,2.878080487053604e-12,1.6260015012112717e-12
16,9999,404,203,3.061500546104755e-12,2.7150410883984053e-12,1.5736017891402245e-12
16,9999,404,204,2.9526086521787755e-12,2.401644167410439e-12,1.3160790235254549e-12
16,9999,404,205,2.4919714021072942e-12,2.0636009404270823e-12,1.2590779500497471e-12
16,9999,404,206,2.2285830497703297e-12,1.9557201021990586e-12,1.1258859947778493e-12
16,9999,404,207,1.927715053698318e-12,1.7187804037192844e-12,1.0285649360704562e-12
16,9999,404,208,1.877745718306008e-12,1.612483775679191e-12,9.856826834801151e-13
16,9999,404,209,1.4693891823574094e-12,1.4304057238589955e-12,7.669280990165568e-13
16,9999,404,210,1.3414641931332563e-12,1.2258860268200856e-12,6.823698101678989e-13
16,9999,404,211,1.328070831405678e-12,9.993417236185909e-13,6.314788051538231e-13
16,9999,404,212,9.498175468631325e-13,8.420655955923512e-13,5.523484839419265e-13
16,9999,404,213,8.910592524567829e-13,7.96695014113469e-13,5.398693661935235e-13
16,9999,404,214,7.407779801217103e-13,6.255942986952465e-13,5.021651990904665e-13
16,9999,404,215,6.515810951902712e-13,5.447642278541729e-13,4.3907044094095136e-13
16,9999,404,216,6.211759781365751e-13,5.303197769115482e-13,3.660880454804835e-13
16,9999,404,217,6.111084267296855e-13,4.835107810497093e-13,3.224855456073258e-13
16,9999,404,218,4.748472190998229e-13,4.26453016935035e-13,2.851669389219227e-13
16,9999,404,219,3.752423844819442e-13,3.453101471940039e-13,2.44412894787978e-13
16,9999,404,220,3.2022151186604466e-13,3.42359134082946e-13,2.1923144291011758e-13
16,9999,404,221,3.153232966198386e-13,2.9301152910800107e-13,1.8646190738032407e-13
16,9999,404,222,2.405597440113935e-13,2.5307387485198346e-13,1.757800369544748e-13
16,9999,404,223,2.119844569848586e-13,2.2366600736359688e-13,1.6586793294344556e-13
16,9999,404,224,2.0957649069839395e-13,2.0741273871720456e-13,1.2086850662567537e-13
16,9999,404,225,1.291126540213459e-13,1.4429801049877973e-13,9.802943616738703e-14
16,9999,404,226,1.0720990078283509e-13,1.0809346529169823e-13,8.465691123583331e-14
16,9999,404,227,1.048015188543776e-13,1.0690674888918275e-13,7.189292406014652e-14
16,9999,404,228,8.859766671412551e-14,1.0139178720398604e-13,6.406598434521841e-14
16,9999,404,229,8.010337791511227e-14,9.358943760337243e-14,5.929397839890513e-14
16,9999,404,230,6.821169061029573e-14,7.320466254180155e-14,4.630384877622726e-14
16,9999,404,231,5.973289483414239e-14,6.530072435281367e-14,3.7726483185655186e-14
16,9999,404,232,5.0529823658281114e-14,6.186991953287356e-14,3.5416483324938766e-14
16,9999,404,233,4.363315741037521e-14,4.910940539045333e-14,2.503352143823625e-14
16,9999,404,234,4.1081052866337005e-14,4.548549275888489e-14,2.283568116819209e-14
16,9999,404,235,3.7085054408646487e-14,3.239609384309785e-14,2.0637372459994163e-14
16,9999,404,236,2.214948605679496e-14,2.0673289640976313e-14,1.3832958868514766e-14
16,9999,404,237,1.916771574293333e-14,2.046616862787531e-14,1.0900887434013444e-14
16,9999,404,238,1.67357245376587e-14,1.6000197466969785e-14,9.045539173554049e-15
16,9999,404,239,1.4836159170411046e-14,1.5915013866386304e-14,7.365542536324669e-15
16,9999,404,240,8.985788027875292e-15,1.2603056629118632e-14,5.618622533152492e-15
16,9999,404,241,7.541021728031443e-15,1.2577957001193017e-14,4.923049256249711e-15
16,9999,404,242,5.79619668557081e-15,1.0008534041161688e-14,3.1933058393363244e-15
16,9999,404,243,4.4245444336049814e-15,8.320779586929395e-15,3.121997728642867e-15
16,9999,404,244,4.3773589747636896e-15,7.132865542283428e-15,1.6515859046407319e-15
16,9999,404,245,1.3282251677592668e-15,6.705176005163463e-15,1.3641128213290635e-15
16,9999,404,246,1.014087135484645e-15,3.500277721309678e-15,1.2765106043163292e-15
16,9999,404,247,9.999999999999938e-16,1.9197795782750648e-15,9.99999999999993e-16
16,9999,404,248,9.999999999999938e-16,1.5916607882328474e-15,9.99999999999993e-16
16,9999,404,249,9.999999999999938e-16,1.2060727547688233e-15,9.99999999999993e-16
16,9999,404,250,9.999999999999938e-16,9.99999999999995e-16,9.99999999999993e-16
16,9999,404,251,9.999999999999938e-16,9.99999999999995e-16,9.99999999999993e-16
16,9999,404,252,9.999999999999938e-16,9.99999999999995e-16,9.99999999999993e-16
16,9999,404,253,9.999999999999938e-16,9.99999999999995e-16,9.99999999999993e-16
16,9999,404,254,9.999999999999938e-16,9.99999999999995e-16,9.99999999999993e-16
16,9999,404,255,9.999999999999938e-16,9.99999999999995e-16,9.99999999999993e-16
16,9999,404,256,9.999999999999938e-16,9.99999999999995e-16,9.99999999999993e-16
16,9999,505,1,0.8127854989847895,0.8143849470568122,0.813276858397352
16,9999,505,2,0.09524679843825912,0.09548334939850842,0.09513402276029964
16,9999,505,3,0.04888337452614027,0.04800026515260987,0.04931736967005985
16,9999,505,4,0.01332773007641898,0.013258029341453037,0.01349045870936134
16,9999,505,5,0.00745198395907135,0.007286770162069296,0.007359322788566072
16,9999,505,6,0.004505991636857533,0.0043332450883913015,0.004509420970953203
16,9999,505,7,0.00423921550602321,0.004093735355311938,0.004147166381207155
16,9999,505,8,0.004139613668441046,0.004032829950419767,0.004063492486726243
16,9999,505,9,0.0030419709045243185,0.0030983400570398344,0.0029268683324491025
16,9999,505,10,0.0015600630620558847,0.0014986420041962316,0.0015773422889220096
16,9999,505,11,0.0009962010594712592,0.0009914498366543727,0.0009357475790009015
16,9999,505,12,0.0009384424945681893,0.0008565668781936131,0.0007805268360326142
16,9999,505,13,0.0006113011627824169,0.0006793611459836006,0.0005911442225350913
16,9999,505,14,0.000398913009597587,0.0003127373515024857,0.000335777821686071
16,9999,505,15,0.00028110783382717945,0.00025281779077989167,0.00024118424557546394
16,9999,505,16,0.0002594008043707947,0.0002273565913752133,0.0002252595835910695
16,9999,505,17,0.00024144179038143555,0.00021045036599506153,0.0001701900683709953
16,9999,505,18,0.0001785623679541849,0.00015353683392584818,0.00015844364224924923
16,9999,505,19,0.00011694511638044207,0.0001082149934829931,9.265938999032234e-05
16,9999,505,20,0.00011164959342387814,9.785223229553549e-05,8.28201545921527e-05
16,9999,505,21,0.00010260485332056793,8.781198118220388e-05,7.260763206752028e-05
16,9999,505,22,7.404371051667387e-05,7.880942501045692e-05,6.643927401697304e-05
16,9999,505,23,6.19211331459545e-05,6.029091623996134e-05,6.049514489491441e-05
16,9999,505,24,5.518609976685655e-05,4.973302092032093e-05,4.9654164677897725e-05
16,9999,505,25,4.948636536044774e-05,4.621927632960082e-05,4.714782199927323e-05
16,9999,505,26,3.942304630263566e-05,4.316261215224637e-05,4.3041397107587756e-05
16,9999,505,27,3.5733972042206585e-05,3.320836778380244e-05,3.519324388562372e-05
16,9999,505,28,3.4563921199918024e-05,3.187131280103674e-05,2.582345094789519e-05
16,9999,505,29,2.8376970313883282e-05,2.7381724003315786e-05,2.3449106110048715e-05
16,9999,505,30,2.4805757481439244e-05,2.504548240850019e-05,1.924281213688732e-05
16,9999,505,31,2.1750373528726135e-05,2.4727053388378105e-05,1.8202665585761086e-05
16,9999,505,32,1.8065761422492606e-05,1.6689748136498345e-05,1.4921205517168411e-05
16,9999,505,33,1.74055653498406e-05,1.333240143319856e-05,1.3926713814523798e-05
16,9999,505,34,1.3147395889656403e-05,1.1088611672985087e-05,1.209133731730568e-05
16,9999,505,35,1.2431735545293666e-05,1.0554922648539602e-05,9.836936862366694e-06
16,9999,505,36,8.989762163704204e-06,7.549838101982245e-06,8.070175081874199e-06
16,9999,505,37,8.864419357100423e-06,7.007022069978867e-06,6.962665292904802e-06
16,9999,505,38,7.830079985779545e-06,6.863820440076953e-06,6.047637877637602e-06
16,9999,505,39,7.205806143275516e-06,6.168764664340894e-06,5.831548301618249e-06
16,9999,505,40,7.120696279014266e-06,5.818794749741429e-06,4.9063314610136165e-06
16,9999,505,41,5.950409412939011e-06,5.041877169054874e-06,4.3963451807003045e-06
16,9999,505,42,5.739435430770366e-06,4.683973437767567e-06,4.1311771086554755e-06
16,9999,505,43,5.10481369517276e-06,3.524575046404343e-06,3.3867588363495282e-06
16,9999,505,44,4.078794775352422e-06,3.1858100505093877e-06,3.2901107841290914e-06
16,9999,505,45,3.5119953892434793e-06,3.148120334399633e-06,2.7702586823056703e-06
16,9999,505,46,3.0968042973388343e-06,3.0155050367670834e-06,2.5041061487390093e-06
16,9999,505,47,2.6612145366992132e-06,2.414245558907301e-06,1.8980526642452134e-06
16,9999,505,48,2.311969753783541e-06,2.0221181407678542e-06,1.669069285527188e-06
16,9999,505,49,2.203057882954789e-06,1.8751568028489263e-06,1.4571061885636602e-06
16,9999,505,50,2.083859590711958e-06,1.6340157256525632e-06,1.2139620993324234e-06
16,9999,505,51,1.7135285459148024e-06,1.6096793051710401e-06,1.1431833752398948e-06
16,9999,505,52,1.5615154425706187e-06,1.4306214109726122e-06,1.086768749825841e-06
16,9999,505,53,1.3391458758743319e-06,1.307714641441707e-06,1.00239674070991e-06
16,9999,505,54,1.1455904341905724e-06,1.0021883471865648e-06,9.175970126212243e-07
16,9999,505,55,1.0677940353055773e-06,9.958251203551731e-07,8.326300532520638e-07
16,9999,505,56,1.0324485284095827e-06,8.497382294584415e-07,7.699934952229011e-07
16,9999,505,57,8.791492455471385e-07,7.118579707339872e-07,6.636998069968248e-07
16,9999,505,58,8.384369240019865e-07,7.072984190494171e-07,6.251793173733075e-07
16,9999,505,59,7.576515106976413e-07,6.463227343081338e-07,5.737816631791409e-07
16,9999,505,60,6.828530816307741e-07,5.584429391712394e-07,5.318035264211976e-07
16,9999,505,61,5.45639189696674e-07,5.107812465260989e-07,5.288563239785319e-07
16,9999,505,62,4.722756425126109e-07,4.978250040018135e-07,4.596923520174418e-07
16,9999,505,63,4.6908525154493765e-07,4.62477637393532e-07,3.754773525850725e-07
16,9999,505,64,4.405894782712209e-07,3.6054032211261946e-07,3.184053996512265e-07
16,9999,505,65,4.2755592607585523e-07,3.267085768431949e-07,3.0967634576415324e-07
16,9999,505,66,3.9341557341875506e-07,2.960685894541024e-07,2.786667763084857e-07
16,9999,505,67,3.7336364331882165e-07,2.6925932384825886e-07,2.4463804447966353e-07
16,9999,505,68,3.2140021595430553e-07,2.2720296752413643e-07,2.4074381139876197e-07
16,9999,505,69,2.9902205795037116e-07,2.1374884744446875e-07,2.0054750326866292e-07
16,9999,505,70,2.838391308258996e-07,2.0517314635528538e-07,1.7632666112022892e-07
16,9999,505,71,2.574822321571419e-07,1.783872049700727e-07,1.7529762795141074e-07
16,9999,505,72,2.2432567220793864e-07,1.7659061630839687e-07,1.6262107959557635e-07
16,9999,505,73,1.9873623241500322e-07,1.613848220172538e-07,1.5202317436437037e-07
16,9999,505,74,1.759846316359349e-07,1.5123360623034321e-07,1.3095726771706984e-07
16,9999,505,75,1.6978278590428189e-07,1.491764046253626e-07,1.2931627587334228e-07
16,9999,505,76,1.5572546660056854e-07,1.251832364074104e-07,1.0497883910997636e-07
16,9999,505,77,1.43354815571296e-07,1.2336114604722965e-07,1.0353371403026897e-07
16,9999,505,78,1.3552442459271844e-07,1.1414085028146493e-07,9.391216574909207e-08
16,9999,505,79,1.301963596821764e-07,9.791315774366957e-08,7.941901857775566e-08
16,9999,505,80,1.207831223822292e-07,9.080577617420292e-08,7.691339135215473e-08
16,9999,505,81,1.066570465504917e-07,8.129006510092767e-08,6.286744913040507e-08
16,9999,505,82,9.52209046847267e-08,7.818605184872557e-08,6.05056981219452e-08
16,9999,505,83,8.561613954121941e-08,7.173673969998289e-08,5.391275473244295e-08
16,9999,505,84,8.272804974746234e-08,6.48762306898785e-08,5.0850803759607034e-08
16,9999,505,85,7.199598826885939e-08,6.210358987003151e-08,5.039791824674889e-08
16,9999,505,86,6.692849272593646e-08,5.8858871651061955e-08,4.3048608975629706e-08
16,9999,505,87,6.347092989248869e-08,5.193465252697031e-08,4.1877192923933745e-08
16,9999,505,88,6.239886039341915e-08,4.457200905745564e-08,3.774424399068638e-08
16,9999,505,89,5.504440866622459e-08,4.178378411297368e-08,3.560890481624886e-08
16,9999,505,90,5.363355071829403e-08,4.039617539244074e-08,3.0947368651907444e-08
16,9999,505,91,4.482514404220568e-08,3.7666960892363096e-08,3.006680633077353e-08
16,9999,505,92,4.314286524997135e-08,3.284712141700595e-08,2.8316888400693835e-08
16,9999,505,93,4.1216652525006346e-08,3.1241889293381465e-08,2.4770139327320332e-08
16,9999,505,94,3.908225577330216e-08,2.987029861828429e-08,2.0955380945233854e-08
16,9999,505,95,3.582615127419042e-08,2.491508692549737e-08,2.0237196935723538e-08
16,9999,505,96,2.8897148367558534e-08,2.4539420253933622e-08,1.690660374538069e-08
16,9999,505,97,2.6691352996037494e-08,2.387734829464246e-08,1.65655868427889e-08
16,9999,505,98,2.4226662799100604e-08,2.0700843449320807e-08,1.5355194970535155e-08
16,9999,505,99,2.3981577091536204e-08,1.9505546858545234e-08,1.408331954907963e-08
16,9999,505,100,2.073026592123334e-08,1.7098460019273718e-08,1.2952309370092772e-08
16,9999,505,101,2.063843493694188e-08,1.5911370047919653e-08,1.1840894795423246e-08
16,9999,505,102,1.9385041500635162e-08,1.5411647448835495e-08,1.0545494391437082e-08
16,9999,505,103,1.730354335931324e-08,1.5009058667814574e-08,1.0239492890715711e-08
16,9999,505,104,1.7233709280808985e-08,1.1979979151983685e-08,9.97069560634009e-09
16,9999,505,105,1.600454751782417e-08,1.1935081008357725e-08,9.414932538018027e-09
16,9999,505,106,1.2082795365822023e-08,1.1192457377275306e-08,8.770053896598917e-09
16,9999,505,107,1.1827632142718191e-08,1.0195148337050623e-08,8.27107188168047e-09
16,9999,505,108,1.1824584710042682e-08,8.1935365387903e-09,7.248531297191145e-09
16,9999,505,109,1.0625245751979125e-08,7.416480415551243e-09,6.269915318819841e-09
16,9999,505,110,9.24825247450145e-09,7.212231367126466e-09,5.917417854375313e-09
16,9999,505,111,9.081478433448827e-09,6.694929534666557e-09,5.832045760578214e-09
16,9999,505,112,7.92574620456879e-09,6.170579559053707e-09,4.8447514151291415e-09
16,9999,505,113,7.890363919094419e-09,5.360943454602844e-09,4.76462515226901e-09
16,9999,505,114,7.368752326952494e-09,5.303481366145214e-09,4.572970918134682e-09
16,9999,505,115,6.551134819847057e-09,5.288011220657367e-09,3.628728475172721e-09
16,9999,505,116,6.099299504177766e-09,4.994094811201063e-09,3.3271112019997444e-09
16,9999,505,117,5.771957269078539e-09,4.332286168955262e-09,3.285519336257836e-09
16,9999,505,118,5.301869892717005e-09,3.6755005924706515e-09,3.107871934047377e-09
16,9999,505,119,4.945325293894883e-09,3.6158172182076986e-09,2.7366608535238608e-09
16,9999,505,120,4.514016740079348e-09,3.170695423869968e-09,2.520272300154908e-09
16,9999,505,121,4.507744854950855e-09,2.9829463679529626e-09,2.4081675376265576e-09
16,9999,505,122,4.070658086586704e-09,2.8358448571271026e-09,2.2330817156172635e-09
16,9999,505,123,4.012544648934879e-09,2.6061223236593805e-09,2.213998260239331e-09
16,9999,505,124,3.474862818327317e-09,2.464523830434974e-09,2.0145947297111435e-09
16,9999,505,125,2.9922558167718815e-09,2.4275948459714623e-09,1.8431094176025698e-09
16,9999,505,126,2.9208269347398226e-09,2.1250432033737874e-09,1.6414808736620286e-09
16,9999,505,127,2.4435383896371536e-09,1.968528696563491e-09,1.575728034819614e-09
16,9999,505,128,2.342612369019335e-09,1.8619630485445006e-09,1.4461171586625335e-09
16,9999,505,129,2.2218783478665234e-09,1.728935939274941e-09,1.3447489206862105e-09
16,9999,505,130,1.90933280723071e-09,1.6999628199211233e-09,1.201227464607121e-09
16,9999,505,131,1.892623002727329e-09,1.5921384936057683e-09,1.0569620754477118e-09
16,9999,505,132,1.8392030704136793e-09,1.4586685125687524e-09,9.466004489207673e-10
16,9999,505,133,1.5650963758912643e-09,1.3880693969589432e-09,9.347819339525341e-10
16,9999,505,134,1.3394270981440926e-09,1.34141678989942e-09,8.065083478286305e-10
16,9999,505,135,1.3041972230412643e-09,1.240163930157399e-09,7.813730443214678e-10
16,9999,505,136,1.231835407771546e-09,1.1389601391534429e-09,6.902733522649707e-10
16,9999,505,137,1.0941595262421448e-09,1.048062849841377e-09,6.530957690782365e-10
16,9999,505,138,1.0293542342635507e-09,9.636813804631828e-10,6.014486714830225e-10
16,9999,505,139,9.585148292669859e-10,8.06498565009075e-10,5.322063580651252e-10
16,9999,505,140,8.384866908812742e-10,7.328000542213622e-10,4.868979022017708e-10
16,9999,505,141,8.062881744667524e-10,6.928217390128394e-10,4.55104083897422e-10
16,9999,505,142,7.871956059278911e-10,5.818239707991798e-10,4.4365032714534887e-10
16,9999,505,143,7.053096441391064e-10,5.567275155360564e-10,4.2012193817837815e-10
16,9999,505,144,5.867547931066617e-10,5.413388374009374e-10,3.623227333735942e-10
16,9999,505,145,5.425395397987747e-10,5.032250664495546e-10,3.214270676222926e-10
16,9999,505,146,5.383630606023195e-10,5.018344086567497e-10,3.122338511021382e-10
16,9999,505,147,5.122036262692112e-10,4.3669244356867495e-10,2.972901442595604e-10
16,9999,505,148,4.59768990260026e-10,3.9765983882410957e-10,2.676905777854524e-10
16,9999,505,149,4.2614163295046103e-10,3.651301124931331e-10,2.5079297805794e-10
16,9999,505,150,3.9294168050403804e-10,3.469692980928902e-10,2.293719852286848e-10
16,9999,505,151,3.5071830143830954e-10,3.381715105691258e-10,2.246237822104118e-10
16,9999,505,152,3.3666655111756684e-10,2.81327138581923e-10,2.0376316236224313e-10
16,9999,505,153,3.0225250223235883e-10,2.6791035832912867e-10,1.837164271139713e-10
16,9999,505,154,2.576253369001372e-10,2.659034618053444e-10,1.8011834136081808e-10
16,9999,505,155,2.4795156288226957e-10,2.530285902936637e-10,1.5760105054264778e-10
16,9999,505,156,2.364222026722791e-10,2.034717291368322e-10,1.4147015195518937e-10
16,9999,505,157,2.1858553067499828e-10,1.9343952624985523e-10,1.2493810643430559e-10
16,9999,505,158,1.9649935365435937e-10,1.690049797866996e-10,1.1258135120089376e-10
16,9999,505,159,1.8129276965236231e-10,1.5978213372606562e-10,1.0872330354638518e-10
16,9999,505,160,1.6438555800259233e-10,1.5692729932663e-10,9.834384933630498e-11
16,9999,505,161,1.5833380751432032e-10,1.4901313971747717e-10,9.549206209036272e-11
16,9999,505,162,1.4049943159212945e-10,1.4581223366477934e-10,8.62426882749175e-11
16,9999,505,163,1.2492261290923124e-10,1.1224067758390633e-10,7.087699134346074e-11
16,9999,505,164,1.1073329724132506e-10,1.0014125622255332e-10,6.802749666598755e-11
16,9999,505,165,1.024355130732653e-10,8.23233072541042e-11,6.539302118822178e-11
16,9999,505,166,9.963137654828331e-11,7.624442374465761e-11,5.783946039223055e-11
16,9999,505,167,9.77655128842745e-11,7.241357303809558e-11,4.966009309294953e-11
16,9999,505,168,8.631081756164259e-11,7.118239068079634e-11,4.840271483677531e-11
16,9999,505,169,8.586759438078482e-11,6.091002152250578e-11,4.410211465000192e-11
16,9999,505,170,7.264430097419891e-11,5.701042605072441e-11,4.119553305875161e-11
16,9999,505,171,7.046686336227299e-11,5.686166794084992e-11,3.5748524579110026e-11
16,9999,505,172,6.964224950350655e-11,5.4194577813210794e-11,3.2895287119669154e-11
16,9999,505,173,5.569605489430982e-11,5.137566802898561e-11,3.152950675461668e-11
16,9999,505,174,5.2406910072744185e-11,4.552736411250536e-11,2.7572632387719007e-11
16,9999,505,175,4.66060110559789e-11,4.346335880983324e-11,2.646374809191727e-11
16,9999,505,176,4.2019424143760376e-11,3.863138317948532e-11,2.3436277453971776e-11
16,9999,505,177,3.968081250005829e-11,3.001803550961354e-11,2.1113008978159715e-11
16,9999,505,178,3.114361949361582e-11,2.943949645141844e-11,1.9488041312167215e-11
16,9999,505,179,2.9073369417619854e-11,2.7369878790994293e-11,1.75757345947652e-11
16,9999,505,180,2.7556267760073178e-11,2.661094783089232e-11,1.6398634231338926e-11
16,9999,505,181,2.7262944745629e-11,2.4480409827751835e-11,1.4236633703101877e-11
16,9999,505,182,2.519037083094992e-11,1.8834698896811254e-11,1.3445235131024138e-11
16,9999,505,183,2.455224858668589e-11,1.833559741458009e-11,1.2210254454411867e-11
16,9999,505,184,2.3733309866648287e-11,1.6205832603779827e-11,1.1345319887004753e-11
16,9999,505,185,2.1575490806069738e-11,1.4730140593076302e-11,9.578842997757719e-12
16,9999,505,186,1.9273826727703003e-11,1.4171556295613955e-11,9.375294275766482e-12
16,9999,505,187,1.5780054647291262e-11,1.3017575280273154e-11,8.544793521260708e-12
16,9999,505,188,1.5168910638526243e-11,1.190043051663167e-11,7.340773274589405e-12
16,9999,505,189,1.3545128139110931e-11,1.1607747360952258e-11,6.970532890342768e-12
16,9999,505,190,1.3378639881310982e-11,1.0138491786834085e-11,6.539154353311225e-12
16,9999,505,191,1.2619146963484472e-11,9.783267199542877e-12,5.289129780809979e-12
16,9999,505,192,1.0661012824212073e-11,8.409002400672893e-12,5.160619252351031e-12
16,9999,505,193,1.0022028947991167e-11,7.593664869882826e-12,4.918987413149594e-12
16,9999,505,194,8.86764939764658e-12,6.891104993095408e-12,4.608834912262573e-12
16,9999,505,195,7.825347933939342e-12,6.037174646739374e-12,4.105164385702256e-12
16,9999,505,196,6.655014163001489e-12,5.676318379949426e-12,3.4433819469695472e-12
16,9999,505,197,5.5221071388670276e-12,5.445733872753227e-12,3.09006639096066e-12
16,9999,505,198,5.294946474227793e-12,4.915155782740999e-12,2.8629444119252275e-12
16,9999,505,199,4.334843216662515e-12,4.202794987938957e-12,2.726770569963498e-12
16,9999,505,200,4.030449379891883e-12,3.884758935807058e-12,1.985536731680491e-12
16,9999,505,201,3.864980982994469e-12,3.3511051378791523e-12,1.8269212072157113e-12
16,9999,505,202,3.2532291620419824e-12,3.055062714323381e-12,1.6896783165192306e-12
16,9999,505,203,3.061500546104755e-12,2.9256674774955625e-12,1.6063130401621317e-12
16,9999,505,204,2.9526086521787755e-12,2.7578077212146723e-12,1.4552026985120986e-12
16,9999,505,205,2.4919714021072942e-12,2.407832362205137e-12,1.2637426448238815e-12
16,9999,505,206,2.2285830497703297e-12,2.0935785077904965e-12,1.0338888766045504e-12
16,9999,505,207,1.927715053698318e-12,1.7830014824376381e-12,9.101172717007184e-13
16,9999,505,208,1.877745718306008e-12,1.6011229026821646e-12,8.763673562703121e-13
16,9999,505,209,1.4693891823574094e-12,1.5169976189783434e-12,7.867059052447096e-13
16,9999,505,210,1.3414641931332563e-12,1.1432610222450737e-12,7.223142537469877e-13
16,9999,505,211,1.328070831405678e-12,1.0430430891259268e-12,6.096515674330583e-13
16,9999,505,212,9.498175468631325e-13,9.200487183424887e-13,5.363475159941137e-13
16,9999,505,213,8.910592524567829e-13,8.871392326954826e-13,4.4403362636053005e-13
16,9999,505,214,7.407779801217103e-13,7.749359544418213e-13,3.711182295307113e-13
16,9999,505,215,6.515810951902712e-13,6.293302795963682e-13,3.389909242082034e-13
16,9999,505,216,6.211759781365751e-13,5.508848965518518e-13,3.159725445928057e-13
16,9999,505,217,6.111084267296855e-13,5.340139459132495e-13,2.8461925207257587e-13
16,9999,505,218,4.748472190998229e-13,4.247182910510693e-13,2.565069073824449e-13
16,9999,505,219,3.752423844819442e-13,3.9057099531429683e-13,2.3393882227579257e-13
16,9999,505,220,3.2022151186604466e-13,3.3276902043730415e-13,1.6287505428578505e-13
16,9999,505,221,3.153232966198386e-13,3.242270298696599e-13,1.5577697028304713e-13
16,9999,505,222,2.405597440113935e-13,2.655720075587962e-13,1.3032019207876935e-13
16,9999,505,223,2.119844569848586e-13,2.4469330168583026e-13,1.211389006430378e-13
16,9999,505,224,2.0957649069839395e-13,2.370426478466444e-13,9.444796483630985e-14
16,9999,505,225,1.291126540213459e-13,1.563478957459547e-13,8.311238618267202e-14
16,9999,505,226,1.0720990078283509e-13,1.3548093105309898e-13,6.237577130465103e-14
16,9999,505,227,1.048015188543776e-13,1.288948543717951e-13,5.396197442183698e-14
16,9999,505,228,8.859766671412551e-14,1.0603826808494506e-13,4.8432129842431506e-14
16,9999,505,229,8.010337791511227e-14,9.686845091875e-14,4.4440956665265116e-14
16,9999,505,230,6.821169061029573e-14,8.147711371687614e-14,4.099679376966092e-14
16,9999,505,231,5.973289483414239e-14,6.955489256100964e-14,3.5912597252252115e-14
16,9999,505,232,5.0529823658281114e-14,6.436929645595732e-14,2.5538110494073487e-14
16,9999,505,233,4.363315741037521e-14,6.380454781019598e-14,2.313960682761994e-14
16,9999,505,234,4.1081052866337005e-14,5.4035785105932664e-14,2.0250231944978932e-14
16,9999,505,235,3.7085054408646487e-14,3.442472976876666e-14,1.3077586412045625e-14
16,9999,505,236,2.214948605679496e-14,2.825441836183041e-14,1.2030720763170932e-14
16,9999,505,237,1.916771574293333e-14,2.2058737817993762e-14,6.804592247868418e-15
16,9999,505,238,1.67357245376587e-14,1.631057281526312e-14,5.501490824537382e-15
16,9999,505,239,1.4836159170411046e-14,1.357408110563946e-14,4.0467261852127125e-15
16,9999,505,240,8.985788027875292e-15,1.1205831077923469e-14,3.857575806193733e-15
16,9999,505,241,7.541021728031443e-15,8.282382447603558e-15,3.611609265433516e-15
16,9999,505,242,5.79619668557081e-15,7.792250771514071e-15,2.204956016215108e-15
16,9999,505,243,4.4245444336049814e-15,5.875312604531112e-15,2.1897639618065826e-15
16,9999,505,244,4.3773589747636896e-15,5.0305511768985755e-15,1.1098946718269406e-15
16,9999,505,245,1.3282251677592668e-15,3.631750954230607e-15,9.99999999999992e-16
16,9999,505,246,1.014087135484645e-15,3.014723320908233e-15,9.99999999999992e-16
16,9999,505,247,9.999999999999938e-16,2.3498806625374572e-15,9.99999999999992e-16
16,9999,505,248,9.999999999999938e-16,9.999999999999934e-16,9.99999999999992e-16
16,9999,505,249,9.999999999999938e-16,9.999999999999934e-16,9.99999999999992e-16
16,9999,505,250,9.999999999999938e-16,9.999999999999934e-16,9.99999999999992e-16
16,9999,505,251,9.999999999999938e-16,9.999999999999934e-16,9.99999999999992e-16
16,9999,505,252,9.999999999999938e-16,9.999999999999934e-16,9.99999999999992e-16
16,9999,505,253,9.999999999999938e-16,9.999999999999934e-16,9.99999999999992e-16
16,9999,505,254,9.999999999999938e-16,9.999999999999934e-16,9.99999999999992e-16
16,9999,505,255,9.999999999999938e-16,9.999999999999934e-16,9.99999999999992e-16
16,9999,505,256,9.999999999999938e-16,9.999999999999934e-16,9.99999999999992e-16
