N,seed_qsk,seed_nqs,schmidt_index,exact_lambda,rbm_lambda,hrbm_lambda
14,1111,101,1,0.9435166347710041,0.9438795352871727,0.9436170506931579
14,1111,101,2,0.02177568124609286,0.021745913273020757,0.021867254702683796
14,1111,101,3,0.016266259208741068,0.01645689648174475,0.01619318580287966
14,1111,101,4,0.008936426278567344,0.008866112800333672,0.008847149597336741
14,1111,101,5,0.00567954847331959,0.005430419067436314,0.005729578165016417
14,1111,101,6,0.0019000146662465584,0.0017654259856942306,0.0019214835399627434
14,1111,101,7,0.0008314996479939829,0.0007668160435808464,0.0008599867120695095
14,1111,101,8,0.00029164728199680185,0.00028335341330925067,0.00024147675329845906
14,1111,101,9,0.00018925643977102592,0.00021797068560215963,0.00017326852180895918
14,1111,101,10,0.00013728868956118545,0.00013569734052344424,0.00011923270462422354
14,1111,101,11,0.00011144580954265774,0.00011265105948245911,9.234434904086805e-05
14,1111,101,12,9.778234743917393e-05,9.544836359326629e-05,7.759272363972315e-05
14,1111,101,13,6.436120425705673e-05,6.648235811488058e-05,5.6876274351672655e-05
14,1111,101,14,3.941169991808311e-05,5.161364788867523e-05,4.370808795385464e-05
14,1111,101,15,3.7847172511464246e-05,2.6685211908014857e-05,4.2236400628411874e-05
14,1111,101,16,3.325876684197694e-05,2.3244740175635704e-05,3.168842878115935e-05
14,1111,101,17,2.5333748554481346e-05,1.880569639364777e-05,2.1119565296917694e-05
14,1111,101,18,1.7626134301042733e-05,1.3816063836109558e-05,1.6412066653610746e-05
14,1111,101,19,1.1710714468458091e-05,1.0364930339564226e-05,1.1621530246798012e-05
14,1111,101,20,8.219928196142662e-06,9.483373801641322e-06,8.669681583410872e-06
14,1111,101,21,6.354294784659779e-06,4.142036562391133e-06,6.7126789808119985e-06
14,1111,101,22,4.767457994209525e-06,3.432291708461492e-06,4.809765307188909e-06
14,1111,101,23,4.259117060284328e-06,2.568570731740684e-06,3.959602616576512e-06
14,1111,101,24,2.640776122532557e-06,2.0843829055182677e-06,2.7427773513366163e-06
14,1111,101,25,1.8053664460845014e-06,2.036726436233086e-06,1.8493965659673323e-06
14,1111,101,26,1.2540900948377023e-06,1.3651836814541268e-06,1.2036005583207404e-06
14,1111,101,27,1.1844665952154734e-06,1.328224441482285e-06,1.137116987168567e-06
14,1111,101,28,1.1814570547762806e-06,1.0916370073617982e-06,8.668646831453467e-07
14,1111,101,29,8.570528423695092e-07,7.146363539736904e-07,8.359513164277997e-07
14,1111,101,30,7.031833037481627e-07,7.037958952080575e-07,7.726393217184172e-07
14,1111,101,31,7.022627125317198e-07,6.130285942238698e-07,5.810353461175014e-07
14,1111,101,32,5.317196208260798e-07,4.930323894605593e-07,4.3345122148308633e-07
14,1111,101,33,5.028625260094219e-07,4.4230923353613524e-07,3.3625931696636785e-07
14,1111,101,34,3.4906205968755897e-07,3.958440498143595e-07,3.0619703790577884e-07
14,1111,101,35,2.4407781290919246e-07,2.521190168489905e-07,2.2581787008685502e-07
14,1111,101,36,2.2956127828139629e-07,2.4626651620533694e-07,1.7704226841140157e-07
14,1111,101,37,2.000430731043128e-07,2.214766133753096e-07,1.597710627266781e-07
14,1111,101,38,1.6636955645451362e-07,1.8512115283542047e-07,1.4003002374931597e-07
14,1111,101,39,1.1496395046469096e-07,1.507052808464013e-07,1.3814818056409495e-07
14,1111,101,40,1.0613887127681348e-07,1.2488101435376862e-07,1.0990218313500209e-07
14,1111,101,41,9.663203602565361e-08,1.1457100551643864e-07,8.902410016724116e-08
14,1111,101,42,7.864504889200466e-08,7.295043490669726e-08,8.338880195314878e-08
14,1111,101,43,6.59336773776562e-08,6.641021230490385e-08,7.105978198073031e-08
14,1111,101,44,6.119096979504433e-08,5.4447513905905746e-08,5.676490615195704e-08
14,1111,101,45,6.078651556523685e-08,5.271058714018366e-08,4.62985802675892e-08
14,1111,101,46,4.530065091240589e-08,4.932286299553657e-08,3.5902015785126546e-08
14,1111,101,47,3.70390098491511e-08,4.0949440577634144e-08,3.198661439106279e-08
14,1111,101,48,2.4318618042270416e-08,3.5277835161705767e-08,2.544295856440363e-08
14,1111,101,49,2.0372581016006307e-08,3.205269531470926e-08,2.3867011021024646e-08
14,1111,101,50,1.8386402167996325e-08,2.2835655024160552e-08,1.9182171355080378e-08
14,1111,101,51,1.5905093911637373e-08,2.010633560113899e-08,1.6511913128900506e-08
14,1111,101,52,1.0923699480413352e-08,1.9390067577505977e-08,1.337103607825383e-08
14,1111,101,53,7.3452781923746785e-09,1.4744975632781187e-08,1.1265188492238696e-08
14,1111,101,54,5.942088696285672e-09,1.1050216587733936e-08,8.58550093319868e-09
14,1111,101,55,5.5089932154308684e-09,8.68444713985073e-09,5.864448221104867e-09
14,1111,101,56,5.232322011444175e-09,7.565741347193137e-09,4.679948742130516e-09
14,1111,101,57,4.734057586206228e-09,7.439417862655784e-09,2.838226426936658e-09
14,1111,101,58,3.7684010733206e-09,5.90768704247687e-09,2.724358367261028e-09
14,1111,101,59,3.3123670586414737e-09,5.72182045775347e-09,2.2808334722655044e-09
14,1111,101,60,3.266414246914698e-09,5.121459946916458e-09,2.113338786633149e-09
14,1111,101,61,2.8354698988791085e-09,3.4605214611806174e-09,1.926473123186562e-09
14,1111,101,62,2.780628700676379e-09,3.175259174753214e-09,1.5073723260768736e-09
14,1111,101,63,2.021020557584276e-09,2.6365314804489305e-09,1.1533585063887567e-09
14,1111,101,64,1.6962098784724317e-09,2.469778028697147e-09,8.64046963715547e-10
14,1111,101,65,1.0326719527006931e-09,2.2268315381437613e-09,8.3764573723402e-10
14,1111,101,66,9.718404582809628e-10,1.3768774771030154e-09,7.48665939821611e-10
14,1111,101,67,7.995936547353494e-10,1.2125310564927204e-09,6.400163301396121e-10
14,1111,101,68,6.732311939394362e-10,1.1331067775149968e-09,6.055284260537715e-10
14,1111,101,69,5.8610494438253e-10,9.941026123418374e-10,5.733899152947745e-10
14,1111,101,70,4.739642939452988e-10,8.081211810928355e-10,5.326986974860047e-10
14,1111,101,71,4.4684362711275727e-10,6.856734631914875e-10,4.168380178735047e-10
14,1111,101,72,3.785052699684221e-10,6.218397362358089e-10,3.7728190397670254e-10
14,1111,101,73,3.145766731632818e-10,5.960508187536215e-10,3.1708548897318447e-10
14,1111,101,74,2.992512896878382e-10,5.396435333613031e-10,3.055297430582504e-10
14,1111,101,75,2.2629341534559662e-10,4.167970440338605e-10,2.562002926764654e-10
14,1111,101,76,1.987089100088319e-10,3.268037094624582e-10,2.167268669142648e-10
14,1111,101,77,1.8872528325013913e-10,2.991150835553082e-10,1.872933277465131e-10
14,1111,101,78,1.5817639111586214e-10,2.4792942542971326e-10,1.451690399804124e-10
14,1111,101,79,1.389538919352618e-10,1.9290530477332362e-10,1.2907855047029861e-10
14,1111,101,80,1.1794012836643037e-10,1.8377826396929877e-10,1.1897942145559545e-10
14,1111,101,81,9.9494663515679e-11,1.7534127504858298e-10,1.1474899360374214e-10
14,1111,101,82,8.472693299251918e-11,1.3195354379624018e-10,8.472251308635748e-11
14,1111,101,83,7.605577421166624e-11,1.105739090234037e-10,7.274924523504857e-11
14,1111,101,84,7.39610705399133e-11,9.685096911526559e-11,6.350290970415376e-11
14,1111,101,85,5.0080155920139547e-11,9.145145064268156e-11,5.290555196625053e-11
14,1111,101,86,3.540382606268539e-11,7.047360285631786e-11,4.550399570460356e-11
14,1111,101,87,3.348500850576621e-11,6.438278324086194e-11,4.2290915085072406e-11
14,1111,101,88,2.1861127974795158e-11,4.516241117106374e-11,3.106031484592422e-11
14,1111,101,89,1.565143227940534e-11,4.131320336506903e-11,2.5377179552760585e-11
14,1111,101,90,1.3534881674658002e-11,3.576742733261486e-11,1.875387823209844e-11
14,1111,101,91,1.2052705684014884e-11,2.8607878379495125e-11,1.8347939252210444e-11
14,1111,101,92,1.1161565861717796e-11,2.6379864355699864e-11,1.5696528020263883e-11
14,1111,101,93,7.050415382527731e-12,2.3333955852579022e-11,1.1057530218175372e-11
14,1111,101,94,4.729035197703887e-12,2.1771676688419583e-11,9.910903541958083e-12
14,1111,101,95,4.145162649704704e-12,1.4555773708081153e-11,7.677693970164437e-12
14,1111,101,96,2.842839050139477e-12,1.2674387244351669e-11,5.798021389616748e-12
14,1111,101,97,2.8123837232991162e-12,8.89478109131002e-12,4.022168073318571e-12
14,1111,101,98,2.5361396148364216e-12,7.989614687282528e-12,3.0479526329592834e-12
14,1111,101,99,2.228391086080134e-12,7.423331356317535e-12,2.475572565146593e-12
14,1111,101,100,1.9773022812621132e-12,6.378464063700563e-12,1.7248626641778774e-12
14,1111,101,101,1.576119893676994e-12,4.0626340006852225e-12,1.4928953931608301e-12
14,1111,101,102,1.2480208380583314e-12,3.372804278636178e-12,1.3229223906716015e-12
14,1111,101,103,1.0294724906230506e-12,2.4157520385670784e-12,1.157924468093537e-12
14,1111,101,104,9.578106046324092e-13,2.361803535850127e-12,8.516617806261325e-13
14,1111,101,105,7.212310873610257e-13,1.7192948468541035e-12,6.497918974259707e-13
14,1111,101,106,6.207014780621245e-13,1.5493661444661333e-12,5.848380755364356e-13
14,1111,101,107,6.200081506516596e-13,1.2794431301691349e-12,4.904290489816101e-13
14,1111,101,108,4.5460943100011234e-13,8.091707260306985e-13,4.183028485973962e-13
14,1111,101,109,2.912077053931593e-13,7.718210605062308e-13,3.3684454817573516e-13
14,1111,101,110,1.686257352542493e-13,6.72962736182566e-13,2.353381112383936e-13
14,1111,101,111,1.6344720826311707e-13,4.4632727563852867e-13,2.0428194675947886e-13
14,1111,101,112,8.535182501950285e-14,3.490999926014262e-13,1.658182440737225e-13
14,1111,101,113,6.560169454476421e-14,2.798411143287624e-13,1.1803816581542488e-13
14,1111,101,114,6.508512842121035e-14,2.0702881932151668e-13,1.0847559614540133e-13
14,1111,101,115,3.98545977036658e-14,1.1089647298523311e-13,6.451455046525367e-14
14,1111,101,116,3.123678353595268e-14,5.5670087280219557e-14,3.4168420991016277e-14
14,1111,101,117,2.102445271089193e-14,3.571840242767953e-14,2.3279016716370135e-14
14,1111,101,118,7.535442582785317e-15,1.9579754938863952e-14,1.2737223319757661e-14
14,1111,101,119,6.815650227282158e-15,1.919550485081046e-14,7.950278796355525e-15
14,1111,101,120,4.452500253425833e-15,8.639456626153123e-15,7.207696352510785e-15
14,1111,101,121,3.0445947713852914e-15,8.357494873270663e-15,2.9194547481456717e-15
14,1111,101,122,9.99999999999996e-16,7.300528615019497e-15,1.487046515655573e-15
14,1111,101,123,9.99999999999996e-16,4.212819839197044e-15,9.999999999999953e-16
14,1111,101,124,9.99999999999996e-16,2.1270582389289338e-15,9.999999999999953e-16
14,1111,101,125,9.99999999999996e-16,9.999999999999981e-16,9.999999999999953e-16
14,1111,101,126,9.99999999999996e-16,9.999999999999981e-16,9.999999999999953e-16
14,1111,101,127,9.99999999999996e-16,9.999999999999981e-16,9.999999999999953e-16
14,1111,101,128,9.99999999999996e-16,9.999999999999981e-16,9.999999999999953e-16
14,1111,202,1,0.9435166347710041,0.9439379745349699,0.9438527434395548
14,1111,202,2,0.02177568124609286,0.0216564377862225,0.021811350992839318
14,1111,202,3,0.016266259208741068,0.016561329686984805,0.01618704277455117
14,1111,202,4,0.008936426278567344,0.008927643949460778,0.008765013444920493
14,1111,202,5,0.00567954847331959,0.005277319522362188,0.005675355898567426
14,1111,202,6,0.0019000146662465584,0.0017815885429376085,0.0018995787619933734
14,1111,202,7,0.0008314996479939829,0.0007437212561366387,0.0008073215204324371
14,1111,202,8,0.00029164728199680185,0.00024468849567957487,0.00024208453130826151
14,1111,202,9,0.00018925643977102592,0.00019875246550501936,0.00017866594173684326
14,1111,202,10,0.00013728868956118545,0.00015151541693973135,0.00013198008892780646
14,1111,202,11,0.00011144580954265774,0.00013879516109921937,0.00011703801615572102
14,1111,202,12,9.778234743917393e-05,0.0001024971550614626,8.723599075727955e-05
14,1111,202,13,6.436120425705673e-05,5.1262156695020435e-05,4.602243126233399e-05
14,1111,202,14,3.941169991808311e-05,4.9737617570124103e-05,3.984525755563263e-05
14,1111,202,15,3.7847172511464246e-05,4.146313640216995e-05,3.781531707083832e-05
14,1111,202,16,3.325876684197694e-05,3.242603165598613e-05,3.114245325527452e-05
14,1111,202,17,2.5333748554481346e-05,2.3023416896228236e-05,2.200305779477369e-05
14,1111,202,18,1.7626134301042733e-05,1.9975566038987794e-05,1.899953314485701e-05
14,1111,202,19,1.1710714468458091e-05,1.6874658018876307e-05,1.2522887483971278e-05
14,1111,202,20,8.219928196142662e-06,9.338190638354379e-06,8.709695742741398e-06
14,1111,202,21,6.354294784659779e-06,7.369883226203405e-06,6.406626596058782e-06
14,1111,202,22,4.767457994209525e-06,5.045131704541745e-06,4.891000243152882e-06
14,1111,202,23,4.259117060284328e-06,4.366492826721679e-06,3.6145823470670995e-06
14,1111,202,24,2.640776122532557e-06,3.319828978552628e-06,2.580549678810851e-06
14,1111,202,25,1.8053664460845014e-06,2.750147239630292e-06,1.7700653799152455e-06
14,1111,202,26,1.2540900948377023e-06,1.596934941319282e-06,1.5071992113581297e-06
14,1111,202,27,1.1844665952154734e-06,1.2369253408805903e-06,1.169656973054782e-06
14,1111,202,28,1.1814570547762806e-06,1.194058394146234e-06,1.0495262258962005e-06
14,1111,202,29,8.570528423695092e-07,1.1861820928070598e-06,8.659236770458368e-07
14,1111,202,30,7.031833037481627e-07,7.637335396640977e-07,6.797512964031217e-07
14,1111,202,31,7.022627125317198e-07,7.175470133191423e-07,4.323830411199693e-07
14,1111,202,32,5.317196208260798e-07,5.899172373888524e-07,3.368679161245657e-07
14,1111,202,33,5.028625260094219e-07,5.821672707094963e-07,3.1433762166508793e-07
14,1111,202,34,3.4906205968755897e-07,4.823654411696229e-07,2.735072801186535e-07
14,1111,202,35,2.4407781290919246e-07,4.388844131469677e-07,2.5815456757107365e-07
14,1111,202,36,2.2956127828139629e-07,2.9983850660237775e-07,2.1632753734527283e-07
14,1111,202,37,2.000430731043128e-07,2.5813286487600694e-07,1.740530104216442e-07
14,1111,202,38,1.6636955645451362e-07,2.1973142079464895e-07,1.5451685106066616e-07
14,1111,202,39,1.1496395046469096e-07,1.693675959281554e-07,1.179651397284746e-07
14,1111,202,40,1.0613887127681348e-07,1.4537586401326043e-07,1.089401924055711e-07
14,1111,202,41,9.663203602565361e-08,1.1633531387771743e-07,1.0177548013786109e-07
14,1111,202,42,7.864504889200466e-08,1.0303884218535841e-07,7.570656074852169e-08
14,1111,202,43,6.59336773776562e-08,9.95001976403533e-08,5.993053106189752e-08
14,1111,202,44,6.119096979504433e-08,8.246698864696901e-08,5.505622904037336e-08
14,1111,202,45,6.078651556523685e-08,7.495453510847431e-08,4.7773345813278824e-08
14,1111,202,46,4.530065091240589e-08,6.995679322673586e-08,3.7273545441303104e-08
14,1111,202,47,3.70390098491511e-08,5.5512406220302885e-08,3.544016052477403e-08
14,1111,202,48,2.4318618042270416e-08,4.7750157687469285e-08,3.260522382017671e-08
14,1111,202,49,2.0372581016006307e-08,3.976178872815898e-08,2.9010554024394904e-08
14,1111,202,50,1.8386402167996325e-08,3.491349272306154e-08,2.3120206978924534e-08
14,1111,202,51,1.5905093911637373e-08,2.8759895095368648e-08,2.0440802391157172e-08
14,1111,202,52,1.0923699480413352e-08,2.1262317806335073e-08,1.3567990403764525e-08
14,1111,202,53,7.3452781923746785e-09,1.983731487939228e-08,1.1966036364509125e-08
14,1111,202,54,5.942088696285672e-09,1.5958567867607098e-08,1.0483800446736898e-08
14,1111,202,55,5.5089932154308684e-09,1.2209559329043322e-08,8.579908850718332e-09
14,1111,202,56,5.232322011444175e-09,1.1196228754237771e-08,6.448139880780282e-09
14,1111,202,57,4.734057586206228e-09,1.0525053351696512e-08,5.3201995242820694e-09
14,1111,202,58,3.7684010733206e-09,9.196930188233677e-09,4.728611837843457e-09
14,1111,202,59,3.3123670586414737e-09,6.838732368016076e-09,3.827759143153581e-09
14,1111,202,60,3.266414246914698e-09,5.903384110110052e-09,3.430598134992451e-09
14,1111,202,61,2.8354698988791085e-09,5.305840657839933e-09,3.3397066152908336e-09
14,1111,202,62,2.780628700676379e-09,4.227071815051654e-09,2.631459813284069e-09
14,1111,202,63,2.021020557584276e-09,3.15606929469288e-09,2.1060386436035044e-09
14,1111,202,64,1.6962098784724317e-09,3.0205413811076986e-09,2.0637617291609493e-09
14,1111,202,65,1.0326719527006931e-09,2.7392632262536817e-09,1.4403306752845867e-09
14,1111,202,66,9.718404582809628e-10,2.4150146103827687e-09,1.0833631902990366e-09
14,1111,202,67,7.995936547353494e-10,2.2140689217250514e-09,8.441014596597191e-10
14,1111,202,68,6.732311939394362e-10,1.7364262418307457e-09,8.039062979099984e-10
14,1111,202,69,5.8610494438253e-10,1.720743045401569e-09,7.236658523996263e-10
14,1111,202,70,4.739642939452988e-10,1.3682562065609849e-09,6.425798052345956e-10
14,1111,202,71,4.4684362711275727e-10,1.2593310053358805e-09,5.834478709047811e-10
14,1111,202,72,3.785052699684221e-10,1.103548829278536e-09,4.3393897148532383e-10
14,1111,202,73,3.145766731632818e-10,8.976310959258586e-10,3.958199309707725e-10
14,1111,202,74,2.992512896878382e-10,7.25533683474941e-10,3.6897660035991983e-10
14,1111,202,75,2.2629341534559662e-10,6.662431974200044e-10,3.268495949853122e-10
14,1111,202,76,1.987089100088319e-10,5.819258155434575e-10,2.9878562062297794e-10
14,1111,202,77,1.8872528325013913e-10,5.698794232879653e-10,2.4462307235839967e-10
14,1111,202,78,1.5817639111586214e-10,5.463671000878024e-10,2.176653466748538e-10
14,1111,202,79,1.389538919352618e-10,4.667382819562351e-10,1.7717314136865826e-10
14,1111,202,80,1.1794012836643037e-10,3.4322675431104523e-10,1.4813010991827126e-10
14,1111,202,81,9.9494663515679e-11,2.9420542472386726e-10,1.157893321026431e-10
14,1111,202,82,8.472693299251918e-11,2.311941030263326e-10,9.231683310632542e-11
14,1111,202,83,7.605577421166624e-11,2.173872600900477e-10,7.952332157687351e-11
14,1111,202,84,7.39610705399133e-11,1.6205799655429403e-10,6.511848441415832e-11
14,1111,202,85,5.0080155920139547e-11,1.3385050967734696e-10,5.346159658788761e-11
14,1111,202,86,3.540382606268539e-11,1.2196723128004104e-10,4.813808017618102e-11
14,1111,202,87,3.348500850576621e-11,1.1671252804436812e-10,4.425323209240434e-11
14,1111,202,88,2.1861127974795158e-11,6.32807639185176e-11,3.349106198647567e-11
14,1111,202,89,1.565143227940534e-11,5.7004273856879345e-11,2.9086284595610244e-11
14,1111,202,90,1.3534881674658002e-11,3.7448347395389185e-11,2.1676135601034036e-11
14,1111,202,91,1.2052705684014884e-11,3.5545309359444875e-11,1.6853171188888603e-11
14,1111,202,92,1.1161565861717796e-11,3.401315436482953e-11,1.4414078568064186e-11
14,1111,202,93,7.050415382527731e-12,2.406485299277732e-11,1.1167103903893218e-11
14,1111,202,94,4.729035197703887e-12,1.9865080007277378e-11,8.917880543078235e-12
14,1111,202,95,4.145162649704704e-12,1.6519612693527778e-11,7.65618977689674e-12
14,1111,202,96,2.842839050139477e-12,1.5413927205484773e-11,4.86423936965628e-12
14,1111,202,97,2.8123837232991162e-12,1.4856574766833015e-11,4.662850468564522e-12
14,1111,202,98,2.5361396148364216e-12,1.4575871416236322e-11,3.78034663186261e-12
14,1111,202,99,2.228391086080134e-12,8.10208042611863e-12,3.296334077195128e-12
14,1111,202,100,1.9773022812621132e-12,7.311736565336133e-12,2.768996429676479e-12
14,1111,202,101,1.576119893676994e-12,7.1050228603013515e-12,1.7386453461726652e-12
14,1111,202,102,1.2480208380583314e-12,6.0486660739761775e-12,1.5363969351278815e-12
14,1111,202,103,1.0294724906230506e-12,4.6858647934781594e-12,1.3852137997145886e-12
14,1111,202,104,9.578106046324092e-13,4.416274817922412e-12,8.15501611701864e-13
14,1111,202,105,7.212310873610257e-13,4.175079136360884e-12,6.892091274010945e-13
14,1111,202,106,6.207014780621245e-13,2.839121688633778e-12,5.893349648680679e-13
14,1111,202,107,6.200081506516596e-13,2.185690559888043e-12,4.723409884923588e-13
14,1111,202,108,4.5460943100011234e-13,1.521598523696217e-12,3.58140722443047e-13
14,1111,202,109,2.912077053931593e-13,1.4831329939850577e-12,2.540288451632835e-13
14,1111,202,110,1.686257352542493e-13,1.2718297887729144e-12,2.2617571534507643e-13
14,1111,202,111,1.6344720826311707e-13,1.0824077943964144e-12,2.1015304866509969e-13
14,1111,202,112,8.535182501950285e-14,6.892942159973878e-13,1.8831601742225465e-13
14,1111,202,113,6.560169454476421e-14,5.551408641536107e-13,1.320389396760184e-13
14,1111,202,114,6.508512842121035e-14,5.227642573299429e-13,1.1229967296549293e-13
14,1111,202,115,3.98545977036658e-14,1.757989561024017e-13,8.045181868647789e-14
14,1111,202,116,3.123678353595268e-14,1.303761008803755e-13,3.8292991572403946e-14
14,1111,202,117,2.102445271089193e-14,8.958686580572058e-14,2.975387094122653e-14
14,1111,202,118,7.535442582785317e-15,6.818303206520423e-14,2.5036481758199345e-14
14,1111,202,119,6.815650227282158e-15,6.599092582157535e-14,1.3910692688842978e-14
14,1111,202,120,4.452500253425833e-15,4.753167910068946e-14,5.754578946390611e-15
14,1111,202,121,3.0445947713852914e-15,2.120450423304474e-14,4.011065861349782e-15
14,1111,202,122,9.99999999999996e-16,2.035401141647144e-14,2.62747779137229e-15
14,1111,202,123,9.99999999999996e-16,4.145668833077866e-15,9.999999999999953e-16
14,1111,202,124,9.99999999999996e-16,3.874631724309065e-15,9.999999999999953e-16
14,1111,202,125,9.99999999999996e-16,3.5849934284160005e-15,9.999999999999953e-16
14,1111,202,126,9.99999999999996e-16,9.999999999999983e-16,9.999999999999953e-16
14,1111,202,127,9.99999999999996e-16,9.999999999999983e-16,9.999999999999953e-16
14,1111,202,128,9.99999999999996e-16,9.999999999999983e-16,9.999999999999953e-16
14,1111,303,1,0.9435166347710041,0.943745117084366,0.9450946566284395
14,1111,303,2,0.02177568124609286,0.021881932963400193,0.021137897226936413
14,1111,303,3,0.016266259208741068,0.016364567102463694,0.016139961422109498
14,1111,303,4,0.008936426278567344,0.008886310309990212,0.008598464450230213
14,1111,303,5,0.00567954847331959,0.005354278133095118,0.005448935216890962
14,1111,303,6,0.0019000146662465584,0.0018274877561418813,0.0018920882861827451
14,1111,303,7,0.0008314996479939829,0.0007946063420455667,0.0007776578659500025
14,1111,303,8,0.00029164728199680185,0.0003354956228662358,0.0002447519070058936
14,1111,303,9,0.00018925643977102592,0.00019861548737673193,0.0001690683302866158
14,1111,303,10,0.00013728868956118545,0.00012623444985149684,0.00012156294578094156
14,1111,303,11,0.00011144580954265774,0.00012169669129613226,9.065589464955529e-05
14,1111,303,12,9.778234743917393e-05,8.806966146031319e-05,6.55566923034785e-05
14,1111,303,13,6.436120425705673e-05,5.8405613918725786e-05,4.8824127176420476e-05
14,1111,303,14,3.941169991808311e-05,5.461535214016065e-05,4.008824323262754e-05
14,1111,303,15,3.7847172511464246e-05,3.72534380571272e-05,3.1614823516052753e-05
14,1111,303,16,3.325876684197694e-05,3.0131965231776522e-05,2.0665945075411317e-05
14,1111,303,17,2.5333748554481346e-05,2.2615426074232058e-05,1.9904523360116327e-05
14,1111,303,18,1.7626134301042733e-05,1.694532703878281e-05,1.3119295585717863e-05
14,1111,303,19,1.1710714468458091e-05,1.4845341394747974e-05,9.526993451441117e-06
14,1111,303,20,8.219928196142662e-06,8.528584750709229e-06,8.076529405364972e-06
14,1111,303,21,6.354294784659779e-06,7.166613227584795e-06,7.235401637340007e-06
14,1111,303,22,4.767457994209525e-06,5.077786411073147e-06,5.038859096440466e-06
14,1111,303,23,4.259117060284328e-06,3.3481960975392696e-06,3.4341147080741152e-06
14,1111,303,24,2.640776122532557e-06,2.5302632885089037e-06,2.3740667718243334e-06
14,1111,303,25,1.8053664460845014e-06,2.298044751338413e-06,1.7496140150433404e-06
14,1111,303,26,1.2540900948377023e-06,1.885785614950887e-06,1.241839357726601e-06
14,1111,303,27,1.1844665952154734e-06,1.5748363945369484e-06,1.003259065175608e-06
14,1111,303,28,1.1814570547762806e-06,1.4744594719244258e-06,9.311634545013994e-07
14,1111,303,29,8.570528423695092e-07,1.2227501642368067e-06,6.828650114758432e-07
14,1111,303,30,7.031833037481627e-07,8.869076047230306e-07,5.859741942683226e-07
14,1111,303,31,7.022627125317198e-07,8.781375500229106e-07,3.856493667204726e-07
14,1111,303,32,5.317196208260798e-07,6.306874595270312e-07,3.6453549802491953e-07
14,1111,303,33,5.028625260094219e-07,5.107428514018656e-07,3.0488921764703385e-07
14,1111,303,34,3.4906205968755897e-07,4.239209522405257e-07,2.639694177847933e-07
14,1111,303,35,2.4407781290919246e-07,3.7717803979662726e-07,2.1875300167173337e-07
14,1111,303,36,2.2956127828139629e-07,2.920979006527046e-07,1.7601513545407773e-07
14,1111,303,37,2.000430731043128e-07,2.7431714625477587e-07,1.4810613615625e-07
14,1111,303,38,1.6636955645451362e-07,2.1594199172015645e-07,1.0759362166861368e-07
14,1111,303,39,1.1496395046469096e-07,1.8117880690823298e-07,9.714447124117152e-08
14,1111,303,40,1.0613887127681348e-07,1.5852488024159904e-07,7.820275981708728e-08
14,1111,303,41,9.663203602565361e-08,1.361003180521905e-07,7.313715857219011e-08
14,1111,303,42,7.864504889200466e-08,1.1232730343026433e-07,6.55842730633894e-08
14,1111,303,43,6.59336773776562e-08,9.594458753657068e-08,5.6049139616587307e-08
14,1111,303,44,6.119096979504433e-08,9.165052456517324e-08,5.019044949713572e-08
14,1111,303,45,6.078651556523685e-08,6.95996529962114e-08,4.013429431182367e-08
14,1111,303,46,4.530065091240589e-08,5.892669933201122e-08,3.6678316756206174e-08
14,1111,303,47,3.70390098491511e-08,4.278646890156642e-08,3.347285152942246e-08
14,1111,303,48,2.4318618042270416e-08,3.742496709352837e-08,2.5781588369323256e-08
14,1111,303,49,2.0372581016006307e-08,3.021943636294188e-08,2.1517128767108733e-08
14,1111,303,50,1.8386402167996325e-08,2.4709449243723325e-08,1.8949392483341007e-08
14,1111,303,51,1.5905093911637373e-08,2.211609908885345e-08,1.493158328095929e-08
14,1111,303,52,1.0923699480413352e-08,1.7002247945040928e-08,1.2250905142587997e-08
14,1111,303,53,7.3452781923746785e-09,1.4069162705133692e-08,1.021621981919132e-08
14,1111,303,54,5.942088696285672e-09,1.2950583314048178e-08,7.164970511097352e-09
14,1111,303,55,5.5089932154308684e-09,8.820102501359986e-09,6.007085131200082e-09
14,1111,303,56,5.232322011444175e-09,7.865329675688499e-09,4.622174333386819e-09
14,1111,303,57,4.734057586206228e-09,7.742522142186684e-09,3.5904255178276954e-09
14,1111,303,58,3.7684010733206e-09,6.717773170597544e-09,2.9928425157461028e-09
14,1111,303,59,3.3123670586414737e-09,5.42396241635017e-09,2.702632691281258e-09
14,1111,303,60,3.266414246914698e-09,4.7178860198592074e-09,2.2085379858122247e-09
14,1111,303,61,2.8354698988791085e-09,4.552161377137492e-09,1.627823705980863e-09
14,1111,303,62,2.780628700676379e-09,4.175730742818865e-09,1.4839186213123012e-09
14,1111,303,63,2.021020557584276e-09,3.5058532824941956e-09,1.4121809024085076e-09
14,1111,303,64,1.6962098784724317e-09,2.8604587916398116e-09,1.0495798653848999e-09
14,1111,303,65,1.0326719527006931e-09,2.5300616831369215e-09,9.302859051088773e-10
14,1111,303,66,9.718404582809628e-10,2.1924825747712976e-09,8.00579464437313e-10
14,1111,303,67,7.995936547353494e-10,1.8372095190389117e-09,7.124733934252902e-10
14,1111,303,68,6.732311939394362e-10,1.576421440652172e-09,5.485120414548689e-10
14,1111,303,69,5.8610494438253e-10,1.4157510663511841e-09,5.07353681934202e-10
14,1111,303,70,4.739642939452988e-10,9.646687673619182e-10,4.6509854814279075e-10
14,1111,303,71,4.4684362711275727e-10,9.35076044030684e-10,4.0124504580496465e-10
14,1111,303,72,3.785052699684221e-10,8.077469760250484e-10,3.7351049156505007e-10
14,1111,303,73,3.145766731632818e-10,7.731608944087396e-10,3.3141758946038e-10
14,1111,303,74,2.992512896878382e-10,5.746222142277816e-10,2.6427657375211826e-10
14,1111,303,75,2.2629341534559662e-10,5.146884264982203e-10,2.2556475408537973e-10
14,1111,303,76,1.987089100088319e-10,3.823897877781024e-10,1.7901362273002103e-10
14,1111,303,77,1.8872528325013913e-10,2.7760852996743535e-10,1.5822598269846226e-10
14,1111,303,78,1.5817639111586214e-10,2.683357080866803e-10,1.4074521007402563e-10
14,1111,303,79,1.389538919352618e-10,2.484541236301047e-10,1.273172279106174e-10
14,1111,303,80,1.1794012836643037e-10,1.9301265698139944e-10,1.1349346023937739e-10
14,1111,303,81,9.9494663515679e-11,1.8966318732575143e-10,9.185211640937059e-11
14,1111,303,82,8.472693299251918e-11,1.7248400818012566e-10,7.8915759334713e-11
14,1111,303,83,7.605577421166624e-11,1.4568537949490942e-10,6.929486555041755e-11
14,1111,303,84,7.39610705399133e-11,1.2886532656120445e-10,6.174087976143048e-11
14,1111,303,85,5.0080155920139547e-11,1.2382360311340658e-10,5.7889212385463306e-11
14,1111,303,86,3.540382606268539e-11,8.337955640421599e-11,4.6897914076843714e-11
14,1111,303,87,3.348500850576621e-11,6.977067773754384e-11,3.977487081888124e-11
14,1111,303,88,2.1861127974795158e-11,5.3512462747288715e-11,3.128841932190982e-11
14,1111,303,89,1.565143227940534e-11,4.704030442803962e-11,2.5283596131216743e-11
14,1111,303,90,1.3534881674658002e-11,4.4189709856244635e-11,2.0695674207317593e-11
14,1111,303,91,1.2052705684014884e-11,4.005804968806865e-11,1.403776827569745e-11
14,1111,303,92,1.1161565861717796e-11,3.122026693349316e-11,1.1725210558553268e-11
14,1111,303,93,7.050415382527731e-12,2.8229879082067145e-11,9.785188604517798e-12
14,1111,303,94,4.729035197703887e-12,2.366373919854277e-11,8.547230903646873e-12
14,1111,303,95,4.145162649704704e-12,1.7792858565606828e-11,6.493760046978233e-12
14,1111,303,96,2.842839050139477e-12,1.553715623075655e-11,5.578930920131765e-12
14,1111,303,97,2.8123837232991162e-12,1.2700025488970395e-11,4.501624911014137e-12
14,1111,303,98,2.5361396148364216e-12,1.222305900292905e-11,3.825020136144786e-12
14,1111,303,99,2.228391086080134e-12,8.461494875445285e-12,3.3361311838684866e-12
14,1111,303,100,1.9773022812621132e-12,6.1864545856121186e-12,2.8939701569364314e-12
14,1111,303,101,1.576119893676994e-12,4.8661806273090825e-12,1.7608620022853197e-12
14,1111,303,102,1.2480208380583314e-12,4.3168684207005e-12,1.1074827821901496e-12
14,1111,303,103,1.0294724906230506e-12,3.0282900460428356e-12,9.985130688228534e-13
14,1111,303,104,9.578106046324092e-13,1.5670756226885988e-12,8.276836023401676e-13
14,1111,303,105,7.212310873610257e-13,1.5286785663115613e-12,6.319672860190601e-13
14,1111,303,106,6.207014780621245e-13,1.3398025078379439e-12,5.501923648268312e-13
14,1111,303,107,6.200081506516596e-13,1.1481587005314747e-12,3.7827198624567435e-13
14,1111,303,108,4.5460943100011234e-13,7.25581863064921e-13,3.060632368579388e-13
14,1111,303,109,2.912077053931593e-13,6.54839921959536e-13,2.2800788365649963e-13
14,1111,303,110,1.686257352542493e-13,3.9715206430032413e-13,1.874068313619957e-13
14,1111,303,111,1.6344720826311707e-13,3.25081379355959e-13,1.5319307238451734e-13
14,1111,303,112,8.535182501950285e-14,3.0914038266820116e-13,1.1113000882684841e-13
14,1111,303,113,6.560169454476421e-14,2.3648608065489267e-13,9.476237047041118e-14
14,1111,303,114,6.508512842121035e-14,1.6922198183525688e-13,6.915766373680792e-14
14,1111,303,115,3.98545977036658e-14,1.0101087367844019e-13,6.232144249186584e-14
14,1111,303,116,3.123678353595268e-14,7.767415049376798e-14,3.160390983779398e-14
14,1111,303,117,2.102445271089193e-14,6.920022149887847e-14,1.8494398889888272e-14
14,1111,303,118,7.535442582785317e-15,3.900195094437507e-14,1.3100259990067992e-14
14,1111,303,119,6.815650227282158e-15,2.67884352092979e-14,5.565027122052067e-15
14,1111,303,120,4.452500253425833e-15,2.5526960738143003e-14,3.152140296179215e-15
14,1111,303,121,3.0445947713852914e-15,9.781763912408206e-15,2.1560410458968686e-15
14,1111,303,122,9.99999999999996e-16,5.045269882875256e-15,1.5227537614151814e-15
14,1111,303,123,9.99999999999996e-16,3.329316295392096e-15,9.999999999999951e-16
14,1111,303,124,9.99999999999996e-16,2.849423653238722e-15,9.999999999999951e-16
14,1111,303,125,9.99999999999996e-16,9.99999999999998e-16,9.999999999999951e-16
14,1111,303,126,9.99999999999996e-16,9.99999999999998e-16,9.999999999999951e-16
14,1111,303,127,9.99999999999996e-16,9.99999999999998e-16,9.999999999999951e-16
14,1111,303,128,9.99999999999996e-16,9.99999999999998e-16,9.999999999999951e-16
14,1111,404,1,0.9435166347710041,0.9434981769913916,0.9437277312061569
14,1111,404,2,0.02177568124609286,0.02259796723830048,0.02186075134722161
14,1111,404,3,0.016266259208741068,0.016438539950808278,0.016247140280014217
14,1111,404,4,0.008936426278567344,0.008763067224084264,0.008877466712356188
14,1111,404,5,0.00567954847331959,0.005279650045514568,0.0055965532126280955
14,1111,404,6,0.0019000146662465584,0.001629599649645478,0.0019063051595694517
14,1111,404,7,0.0008314996479939829,0.0006565146467953618,0.0007740268877425982
14,1111,404,8,0.00029164728199680185,0.00028231892312812813,0.00027307474277214966
14,1111,404,9,0.00018925643977102592,0.0002198649294427109,0.0001709347268795164
14,1111,404,10,0.00013728868956118545,0.0001469965111809216,0.00013217043574474118
14,1111,404,11,0.00011144580954265774,0.00011887737174886164,9.785520024999899e-05
14,1111,404,12,9.778234743917393e-05,8.748023658369211e-05,8.063187048440488e-05
14,1111,404,13,6.436120425705673e-05,7.559447324934167e-05,4.8985597213532045e-05
14,1111,404,14,3.941169991808311e-05,4.865446368032361e-05,4.0097324418094066e-05
14,1111,404,15,3.7847172511464246e-05,3.717139928761747e-05,3.966770622338057e-05
14,1111,404,16,3.325876684197694e-05,2.826173350150938e-05,3.101872634072115e-05
14,1111,404,17,2.5333748554481346e-05,2.770344061591621e-05,2.4587852176202193e-05
14,1111,404,18,1.7626134301042733e-05,1.4833827957113987e-05,1.793423131697991e-05
14,1111,404,19,1.1710714468458091e-05,1.2978078734652275e-05,1.3327480837942848e-05
14,1111,404,20,8.219928196142662e-06,9.012127398915518e-06,9.747575279915339e-06
14,1111,404,21,6.354294784659779e-06,5.3572726012416496e-06,6.772764736994464e-06
14,1111,404,22,4.767457994209525e-06,3.0482373563743503e-06,5.635345050189822e-06
14,1111,404,23,4.259117060284328e-06,2.539524670859218e-06,3.5899054111112086e-06
14,1111,404,24,2.640776122532557e-06,2.490516050092503e-06,2.920035806580907e-06
14,1111,404,25,1.8053664460845014e-06,1.972083718604131e-06,2.0706779981307547e-06
14,1111,404,26,1.2540900948377023e-06,1.8675983360096494e-06,1.5734527461896923e-06
14,1111,404,27,1.1844665952154734e-06,1.5437345762608468e-06,1.3961438997109632e-06
14,1111,404,28,1.1814570547762806e-06,1.136305169946213e-06,1.1072715448607488e-06
14,1111,404,29,8.570528423695092e-07,1.0567395335952612e-06,9.088994845630941e-07
14,1111,404,30,7.031833037481627e-07,9.013262077106083e-07,6.595060905991791e-07
14,1111,404,31,7.022627125317198e-07,8.55121881944129e-07,5.481074696894541e-07
14,1111,404,32,5.317196208260798e-07,6.952446492199567e-07,3.9835712021577996e-07
14,1111,404,33,5.028625260094219e-07,4.808274958748651e-07,3.616264768736517e-07
14,1111,404,34,3.4906205968755897e-07,4.5390399287597155e-07,2.941607557283707e-07
14,1111,404,35,2.4407781290919246e-07,3.650458657973943e-07,2.2907988163828906e-07
14,1111,404,36,2.2956127828139629e-07,2.9430907259163675e-07,1.9753519333461898e-07
14,1111,404,37,2.000430731043128e-07,2.4171226627951645e-07,1.7734093303168858e-07
14,1111,404,38,1.6636955645451362e-07,2.123538642111223e-07,1.6708835073488885e-07
14,1111,404,39,1.1496395046469096e-07,2.0654373391372275e-07,1.39679071992817e-07
14,1111,404,40,1.0613887127681348e-07,1.688539726586425e-07,1.1913645328885674e-07
14,1111,404,41,9.663203602565361e-08,1.624684043596614e-07,1.0804319505992646e-07
14,1111,404,42,7.864504889200466e-08,1.2655790110182723e-07,1.0248379594813511e-07
14,1111,404,43,6.59336773776562e-08,8.313878672675827e-08,7.788765716973442e-08
14,1111,404,44,6.119096979504433e-08,7.480618965800058e-08,6.879210937782412e-08
14,1111,404,45,6.078651556523685e-08,6.354957901310719e-08,6.303500355364237e-08
14,1111,404,46,4.530065091240589e-08,5.5674687270715446e-08,4.904467818552921e-08
14,1111,404,47,3.70390098491511e-08,4.559684127174275e-08,4.290612611891092e-08
14,1111,404,48,2.4318618042270416e-08,3.510066721661815e-08,3.5130999036715307e-08
14,1111,404,49,2.0372581016006307e-08,3.126861671436796e-08,3.1821643665772165e-08
14,1111,404,50,1.8386402167996325e-08,2.7733231324811233e-08,2.81553049472887e-08
14,1111,404,51,1.5905093911637373e-08,2.706801404975223e-08,2.4145657193210796e-08
14,1111,404,52,1.0923699480413352e-08,2.0257754041479752e-08,1.6418777969412563e-08
14,1111,404,53,7.3452781923746785e-09,1.4306174455681731e-08,1.2679982513321343e-08
14,1111,404,54,5.942088696285672e-09,1.2684407329640537e-08,1.0135728122573383e-08
14,1111,404,55,5.5089932154308684e-09,1.2475836859175649e-08,8.989430391437632e-09
14,1111,404,56,5.232322011444175e-09,7.800018673438087e-09,8.422304291711786e-09
14,1111,404,57,4.734057586206228e-09,6.1945875760638385e-09,6.434584066332353e-09
14,1111,404,58,3.7684010733206e-09,4.936872163972604e-09,4.519779279017499e-09
14,1111,404,59,3.3123670586414737e-09,4.830429816229143e-09,3.876751188270563e-09
14,1111,404,60,3.266414246914698e-09,4.508708389727643e-09,3.7139172511914493e-09
14,1111,404,61,2.8354698988791085e-09,4.021417689770314e-09,2.3733357832291686e-09
14,1111,404,62,2.780628700676379e-09,3.5981290700426698e-09,2.272909728329554e-09
14,1111,404,63,2.021020557584276e-09,2.8393596926170506e-09,2.2175007899819077e-09
14,1111,404,64,1.6962098784724317e-09,2.75391167985995e-09,1.6395351898386785e-09
14,1111,404,65,1.0326719527006931e-09,2.406096709103216e-09,1.3639453383191332e-09
14,1111,404,66,9.718404582809628e-10,1.7534123368635629e-09,1.1574897793047396e-09
14,1111,404,67,7.995936547353494e-10,1.4217258149823693e-09,9.39350445396977e-10
14,1111,404,68,6.732311939394362e-10,1.3874208119528477e-09,9.245695146988902e-10
14,1111,404,69,5.8610494438253e-10,1.2397172892190431e-09,7.840895533702071e-10
14,1111,404,70,4.739642939452988e-10,1.007172334751711e-09,7.611438685756589e-10
14,1111,404,71,4.4684362711275727e-10,9.095290796691982e-10,6.580327421152008e-10
14,1111,404,72,3.785052699684221e-10,8.056595683882471e-10,5.723736032764478e-10
14,1111,404,73,3.145766731632818e-10,6.540397430903713e-10,4.727829000422102e-10
14,1111,404,74,2.992512896878382e-10,5.328782560717348e-10,3.962423401225566e-10
14,1111,404,75,2.2629341534559662e-10,4.796895964843658e-10,3.2501391900550845e-10
14,1111,404,76,1.987089100088319e-10,4.463843229707928e-10,2.856914841240772e-10
14,1111,404,77,1.8872528325013913e-10,3.1817324777550206e-10,2.663400773496639e-10
14,1111,404,78,1.5817639111586214e-10,2.8579415452658727e-10,2.1625162792020735e-10
14,1111,404,79,1.389538919352618e-10,2.4142092279138885e-10,2.1199841348147193e-10
14,1111,404,80,1.1794012836643037e-10,2.1523181850794144e-10,1.8992177020896056e-10
14,1111,404,81,9.9494663515679e-11,1.6637584081021865e-10,1.6498768094417672e-10
14,1111,404,82,8.472693299251918e-11,1.611596608769134e-10,1.5099331890684736e-10
14,1111,404,83,7.605577421166624e-11,1.3275824246519368e-10,1.1859366148848256e-10
14,1111,404,84,7.39610705399133e-11,1.0619921387036483e-10,9.833685361815859e-11
14,1111,404,85,5.0080155920139547e-11,9.059190225316135e-11,8.826707633929541e-11
14,1111,404,86,3.540382606268539e-11,7.426633310365114e-11,6.291217737938698e-11
14,1111,404,87,3.348500850576621e-11,7.321710531515353e-11,5.037475029325459e-11
14,1111,404,88,2.1861127974795158e-11,6.823623079588621e-11,4.524600825439281e-11
14,1111,404,89,1.565143227940534e-11,5.97049070143676e-11,3.7241990318459363e-11
14,1111,404,90,1.3534881674658002e-11,4.774749825374445e-11,2.6899536343756532e-11
14,1111,404,91,1.2052705684014884e-11,3.709580760446399e-11,2.1306225905844468e-11
14,1111,404,92,1.1161565861717796e-11,3.297854288428083e-11,1.4747219932656323e-11
14,1111,404,93,7.050415382527731e-12,2.647229837016625e-11,1.0746182969451548e-11
14,1111,404,94,4.729035197703887e-12,2.500543147583022e-11,1.0398888737086022e-11
14,1111,404,95,4.145162649704704e-12,2.02989576837622e-11,8.212404205527979e-12
14,1111,404,96,2.842839050139477e-12,1.3796248120688946e-11,6.306441743803758e-12
14,1111,404,97,2.8123837232991162e-12,1.3223239389893764e-11,6.047868925897961e-12
14,1111,404,98,2.5361396148364216e-12,1.0147727884437726e-11,4.146684773082101e-12
14,1111,404,99,2.228391086080134e-12,8.66407888595956e-12,3.914645426062455e-12
14,1111,404,100,1.9773022812621132e-12,6.919696371790412e-12,2.9942160487844717e-12
14,1111,404,101,1.576119893676994e-12,6.165587585626537e-12,2.1184965462843983e-12
14,1111,404,102,1.2480208380583314e-12,6.028996892282269e-12,1.8994472976158567e-12
14,1111,404,103,1.0294724906230506e-12,4.233954007683929e-12,1.3956043197777546e-12
14,1111,404,104,9.578106046324092e-13,4.1850760478590505e-12,1.1895476557860262e-12
14,1111,404,105,7.212310873610257e-13,2.2228849413400603e-12,1.093181952149485e-12
14,1111,404,106,6.207014780621245e-13,1.843300656697373e-12,8.952176391873393e-13
14,1111,404,107,6.200081506516596e-13,1.7419755837231998e-12,6.288446111654669e-13
14,1111,404,108,4.5460943100011234e-13,1.2816285125864887e-12,4.983191250892481e-13
14,1111,404,109,2.912077053931593e-13,1.0983689260566304e-12,3.1331107957644815e-13
14,1111,404,110,1.686257352542493e-13,9.819225379040173e-13,3.053465151434734e-13
14,1111,404,111,1.6344720826311707e-13,7.600875320529669e-13,2.533107075289507e-13
14,1111,404,112,8.535182501950285e-14,5.041642779490543e-13,1.7839013772459624e-13
14,1111,404,113,6.560169454476421e-14,2.775487150396896e-13,1.3359825682825007e-13
14,1111,404,114,6.508512842121035e-14,2.3835846603264174e-13,1.191061047018039e-13
14,1111,404,115,3.98545977036658e-14,1.7371798191700723e-13,8.906300855442584e-14
14,1111,404,116,3.123678353595268e-14,1.2535605796366093e-13,6.131797315490683e-14
14,1111,404,117,2.102445271089193e-14,1.1636458276974388e-13,3.5242646490520464e-14
14,1111,404,118,7.535442582785317e-15,9.521973924088474e-14,2.4445169105675218e-14
14,1111,404,119,6.815650227282158e-15,8.931206650103254e-14,2.1760029987746416e-14
14,1111,404,120,4.452500253425833e-15,1.2880312102715116e-14,9.377999927168924e-15
14,1111,404,121,3.0445947713852914e-15,1.1850858488366592e-14,7.754467603540952e-15
14,1111,404,122,9.99999999999996e-16,4.409124587269978e-15,1.9234551314452464e-15
14,1111,404,123,9.99999999999996e-16,3.171772994116419e-15,1.832011674491159e-15
14,1111,404,124,9.99999999999996e-16,2.0868438713124692e-15,1.3520092746483096e-15
14,1111,404,125,9.99999999999996e-16,1.9198136989051337e-15,9.999999999999965e-16
14,1111,404,126,9.99999999999996e-16,9.99999999999998e-16,9.999999999999965e-16
14,1111,404,127,9.99999999999996e-16,9.99999999999998e-16,9.999999999999965e-16
14,1111,404,128,9.99999999999996e-16,9.99999999999998e-16,9.999999999999965e-16
14,1111,505,1,0.9435166347710041,0.9439632522626641,0.9436359191789503
14,1111,505,2,0.02177568124609286,0.021820452747101027,0.02172554717918898
14,1111,505,3,0.016266259208741068,0.01637748468413627,0.016305152719893988
14,1111,505,4,0.008936426278567344,0.008913037422421038,0.008945593836541914
14,1111,505,5,0.00567954847331959,0.0052634620106409135,0.0056610811938724
14,1111,505,6,0.0019000146662465584,0.0018064085891419846,0.0019025366703845387
14,1111,505,7,0.0008314996479939829,0.000771936956013262,0.000821618164581709
14,1111,505,8,0.00029164728199680185,0.0002757194694758546,0.0002540055296963995
14,1111,505,9,0.00018925643977102592,0.00018971426422864423,0.0001743505240784261
14,1111,505,10,0.00013728868956118545,0.00013295715173530234,0.00014349874219206767
14,1111,505,11,0.00011144580954265774,0.00010756065811316056,9.273864096830199e-05
14,1111,505,12,9.778234743917393e-05,7.65488855468205e-05,7.871086041792495e-05
14,1111,505,13,6.436120425705673e-05,5.476776163183748e-05,5.724583629274315e-05
14,1111,505,14,3.941169991808311e-05,5.286230764694849e-05,4.5294609345481046e-05
14,1111,505,15,3.7847172511464246e-05,4.932851699225494e-05,3.665815629411328e-05
14,1111,505,16,3.325876684197694e-05,3.3916626335661015e-05,2.7468989680974974e-05
14,1111,505,17,2.5333748554481346e-05,2.3379791428315276e-05,2.4866347739291754e-05
14,1111,505,18,1.7626134301042733e-05,2.1126903133382736e-05,2.091843465600629e-05
14,1111,505,19,1.1710714468458091e-05,1.5680537279492048e-05,1.0914729801698943e-05
14,1111,505,20,8.219928196142662e-06,1.2188937646842332e-05,9.297437809601572e-06
14,1111,505,21,6.354294784659779e-06,1.024145611776305e-05,6.408659993922126e-06
14,1111,505,22,4.767457994209525e-06,5.6359771015254244e-06,5.051160603885689e-06
14,1111,505,23,4.259117060284328e-06,5.371009276180231e-06,3.983113209662764e-06
14,1111,505,24,2.640776122532557e-06,3.4271984048814065e-06,2.003039630197337e-06
14,1111,505,25,1.8053664460845014e-06,2.547004927069535e-06,1.5340646857051612e-06
14,1111,505,26,1.2540900948377023e-06,2.0489710654094347e-06,1.2943123597991098e-06
14,1111,505,27,1.1844665952154734e-06,1.603417998043805e-06,1.0310720055937425e-06
14,1111,505,28,1.1814570547762806e-06,1.1075759623772331e-06,8.033492215065547e-07
14,1111,505,29,8.570528423695092e-07,9.12422620144622e-07,7.872925529584685e-07
14,1111,505,30,7.031833037481627e-07,6.323057856529027e-07,7.271867428457891e-07
14,1111,505,31,7.022627125317198e-07,5.748567346668274e-07,4.4897175294075125e-07
14,1111,505,32,5.317196208260798e-07,5.048234010185441e-07,3.817883021391203e-07
14,1111,505,33,5.028625260094219e-07,4.764438661736483e-07,3.1624304609521557e-07
14,1111,505,34,3.4906205968755897e-07,4.4762599100376263e-07,2.669003932908451e-07
14,1111,505,35,2.4407781290919246e-07,3.608880230419351e-07,2.2726855710530724e-07
14,1111,505,36,2.2956127828139629e-07,3.494230848635929e-07,1.9879297308053767e-07
14,1111,505,37,2.000430731043128e-07,2.854895168209607e-07,1.5934085789849042e-07
14,1111,505,38,1.6636955645451362e-07,2.296993709927352e-07,1.289963649419189e-07
14,1111,505,39,1.1496395046469096e-07,2.0037844673779738e-07,1.1330366331559216e-07
14,1111,505,40,1.0613887127681348e-07,1.8746550988266398e-07,9.839515365969676e-08
14,1111,505,41,9.663203602565361e-08,1.7526122019343575e-07,8.477884872723682e-08
14,1111,505,42,7.864504889200466e-08,1.340043340665504e-07,7.484427214219065e-08
14,1111,505,43,6.59336773776562e-08,1.0753309723951954e-07,6.475886596447178e-08
14,1111,505,44,6.119096979504433e-08,1.0479479715507022e-07,5.821024165899771e-08
14,1111,505,45,6.078651556523685e-08,9.364940642848374e-08,5.1102555683127206e-08
14,1111,505,46,4.530065091240589e-08,8.17006761185272e-08,4.951280007373027e-08
14,1111,505,47,3.70390098491511e-08,6.44633222331943e-08,3.944825165367453e-08
14,1111,505,48,2.4318618042270416e-08,4.955364804311818e-08,3.384959652835663e-08
14,1111,505,49,2.0372581016006307e-08,4.650439552099568e-08,3.021709077216312e-08
14,1111,505,50,1.8386402167996325e-08,3.9840808968997e-08,2.610565129277491e-08
14,1111,505,51,1.5905093911637373e-08,2.9205369908892826e-08,2.1935403486008004e-08
14,1111,505,52,1.0923699480413352e-08,2.708354568091806e-08,1.643324893351023e-08
14,1111,505,53,7.3452781923746785e-09,1.674517273177395e-08,1.37793087615033e-08
14,1111,505,54,5.942088696285672e-09,1.5431468410399862e-08,1.1322566020516268e-08
14,1111,505,55,5.5089932154308684e-09,1.261177131809906e-08,7.950535903550414e-09
14,1111,505,56,5.232322011444175e-09,1.0715606667181014e-08,5.945092480511421e-09
14,1111,505,57,4.734057586206228e-09,7.843989993587642e-09,4.622287624132588e-09
14,1111,505,58,3.7684010733206e-09,6.620611937969693e-09,4.205915792968803e-09
14,1111,505,59,3.3123670586414737e-09,6.539828203676794e-09,2.827398886597147e-09
14,1111,505,60,3.266414246914698e-09,4.981722811343936e-09,2.537285437432685e-09
14,1111,505,61,2.8354698988791085e-09,4.687818008684411e-09,2.091490390921277e-09
14,1111,505,62,2.780628700676379e-09,4.433682047557386e-09,1.5690875597872637e-09
14,1111,505,63,2.021020557584276e-09,3.4908060386850682e-09,1.492964229313577e-09
14,1111,505,64,1.6962098784724317e-09,2.7306298203024802e-09,1.1343253586747898e-09
14,1111,505,65,1.0326719527006931e-09,2.5249025881385855e-09,1.0654657398357479e-09
14,1111,505,66,9.718404582809628e-10,2.2257235763092656e-09,1.0001624692588712e-09
14,1111,505,67,7.995936547353494e-10,1.6025528618169884e-09,7.999346596376684e-10
14,1111,505,68,6.732311939394362e-10,1.4890477606838812e-09,7.126364311974227e-10
14,1111,505,69,5.8610494438253e-10,1.4265726036202206e-09,6.66545622827031e-10
14,1111,505,70,4.739642939452988e-10,1.3172393585906628e-09,5.922439694890821e-10
14,1111,505,71,4.4684362711275727e-10,1.081550652242087e-09,4.705150373018372e-10
14,1111,505,72,3.785052699684221e-10,1.0775993409135588e-09,4.0097202365687513e-10
14,1111,505,73,3.145766731632818e-10,8.612585717132306e-10,3.4691147353252193e-10
14,1111,505,74,2.992512896878382e-10,8.027013689430351e-10,2.906537076072951e-10
14,1111,505,75,2.2629341534559662e-10,6.124279775501757e-10,2.8547161199357025e-10
14,1111,505,76,1.987089100088319e-10,5.986826994960929e-10,2.652409465340313e-10
14,1111,505,77,1.8872528325013913e-10,5.651298778686179e-10,2.1204539424410847e-10
14,1111,505,78,1.5817639111586214e-10,4.637834441494165e-10,1.7861130795842422e-10
14,1111,505,79,1.389538919352618e-10,3.382788096519354e-10,1.64977551779974e-10
14,1111,505,80,1.1794012836643037e-10,2.9272528040434067e-10,1.3226016128961457e-10
14,1111,505,81,9.9494663515679e-11,2.1325770117884183e-10,1.1441719196229381e-10
14,1111,505,82,8.472693299251918e-11,1.8952519832470142e-10,9.646239925306994e-11
14,1111,505,83,7.605577421166624e-11,1.642021200826997e-10,8.901000162731292e-11
14,1111,505,84,7.39610705399133e-11,1.3314277102491054e-10,8.133265282577002e-11
14,1111,505,85,5.0080155920139547e-11,1.2833626127050923e-10,7.395800563621356e-11
14,1111,505,86,3.540382606268539e-11,9.980017394463392e-11,5.879748665827475e-11
14,1111,505,87,3.348500850576621e-11,8.484857959769108e-11,3.8363365712871975e-11
14,1111,505,88,2.1861127974795158e-11,6.511814668898857e-11,3.779519008985037e-11
14,1111,505,89,1.565143227940534e-11,5.413628845067607e-11,2.763738685193835e-11
14,1111,505,90,1.3534881674658002e-11,4.0803625153101486e-11,1.651044696791533e-11
14,1111,505,91,1.2052705684014884e-11,3.871757080027391e-11,1.328510487388774e-11
14,1111,505,92,1.1161565861717796e-11,3.145070138422319e-11,1.1724192013126798e-11
14,1111,505,93,7.050415382527731e-12,2.447451507104473e-11,1.1432442366459853e-11
14,1111,505,94,4.729035197703887e-12,2.0990296508985017e-11,6.093605920046826e-12
14,1111,505,95,4.145162649704704e-12,1.731097896775001e-11,5.502013763068345e-12
14,1111,505,96,2.842839050139477e-12,1.1702546309060215e-11,4.772053783257279e-12
14,1111,505,97,2.8123837232991162e-12,1.1010212839512333e-11,3.4659542388919933e-12
14,1111,505,98,2.5361396148364216e-12,1.0010058715881216e-11,3.012428507100675e-12
14,1111,505,99,2.228391086080134e-12,6.434069163815141e-12,2.2203376418208042e-12
14,1111,505,100,1.9773022812621132e-12,5.357774990862404e-12,1.881194706964176e-12
14,1111,505,101,1.576119893676994e-12,5.107316500011455e-12,1.812274770408065e-12
14,1111,505,102,1.2480208380583314e-12,4.3002558140084375e-12,1.2266064107454204e-12
14,1111,505,103,1.0294724906230506e-12,3.263629891305412e-12,1.1096239933130353e-12
14,1111,505,104,9.578106046324092e-13,3.208540121989438e-12,8.254703758609657e-13
14,1111,505,105,7.212310873610257e-13,2.2525773034547705e-12,5.876043102473203e-13
14,1111,505,106,6.207014780621245e-13,1.478033338579512e-12,5.14895643281173e-13
14,1111,505,107,6.200081506516596e-13,1.0521616392100525e-12,4.558411786564992e-13
14,1111,505,108,4.5460943100011234e-13,9.714238656438495e-13,4.1972032993527396e-13
14,1111,505,109,2.912077053931593e-13,8.711298232162592e-13,3.373597966843049e-13
14,1111,505,110,1.686257352542493e-13,5.642968736352511e-13,2.2035355356424868e-13
14,1111,505,111,1.6344720826311707e-13,4.597549597177325e-13,1.414494859989672e-13
14,1111,505,112,8.535182501950285e-14,4.0532778222477655e-13,1.2419852137246685e-13
14,1111,505,113,6.560169454476421e-14,2.841824105112577e-13,1.117303214141547e-13
14,1111,505,114,6.508512842121035e-14,2.0535552849175175e-13,8.318552093571797e-14
14,1111,505,115,3.98545977036658e-14,1.603788640857335e-13,4.712634457164366e-14
14,1111,505,116,3.123678353595268e-14,1.070586633447837e-13,3.8548876872217083e-14
14,1111,505,117,2.102445271089193e-14,9.650091039714724e-14,2.6338831423086267e-14
14,1111,505,118,7.535442582785317e-15,5.6767324144414314e-14,2.1643190713030085e-14
14,1111,505,119,6.815650227282158e-15,3.1069546908778536e-14,9.80465652833038e-15
14,1111,505,120,4.452500253425833e-15,2.9199242766159024e-14,8.80332266145873e-15
14,1111,505,121,3.0445947713852914e-15,1.9424356659518002e-14,3.845059546874187e-15
14,1111,505,122,9.99999999999996e-16,7.262956516293867e-15,3.3946863854646168e-15
14,1111,505,123,9.99999999999996e-16,6.751443526549804e-15,1.058727417888115e-15
14,1111,505,124,9.99999999999996e-16,3.5576464453281066e-15,9.999999999999965e-16
14,1111,505,125,9.99999999999996e-16,1.6235097658479472e-15,9.999999999999965e-16
14,1111,505,126,9.99999999999996e-16,1.3161916177721916e-15,9.999999999999965e-16
14,1111,505,127,9.99999999999996e-16,9.999999999999985e-16,9.999999999999965e-16
14,1111,505,128,9.99999999999996e-16,9.999999999999985e-16,9.999999999999965e-16
14,1234,101,1,0.8852192628171294,0.8855355772485268,0.886809870685488
14,1234,101,2,0.05766439708068455,0.057231141506165685,0.05737271374628739
14,1234,101,3,0.024921359468167086,0.02506543560464673,0.024556590566266488
14,1234,101,4,0.01434430659805173,0.014621878290153214,0.014254017111473683
14,1234,101,5,0.010673765852765991,0.01073503558347686,0.010802963362203065
14,1234,101,6,0.0024543177589401435,0.002386529130576859,0.002138682346899962
14,1234,101,7,0.0019002418722319835,0.001873431568738593,0.0015578484034010638
14,1234,101,8,0.0006326595407028298,0.0006202473772477605,0.0005833925102724725
14,1234,101,9,0.0005623560009197172,0.0004422192742105264,0.0005546631013783783
14,1234,101,10,0.00044387266345866945,0.0003907394396260541,0.00039170095202059927
14,1234,101,11,0.0003484842859204932,0.0003298868869451449,0.0002658995854002941
14,1234,101,12,0.00022760326944712406,0.00019211536897589018,0.00020237311449926832
14,1234,101,13,0.0002009827546147135,0.00015355717005796884,0.0001489376259549741
14,1234,101,14,0.00013170350652269442,0.00013935857157117138,0.00011708638325900106
14,1234,101,15,8.613424154779942e-05,8.495744589133101e-05,6.890799643756723e-05
14,1234,101,16,4.95409930688075e-05,4.90607066880074e-05,5.0624009636924303e-05
14,1234,101,17,3.241189371486009e-05,3.4938160674210505e-05,3.044103784733172e-05
14,1234,101,18,2.3325193407033723e-05,2.396463473326471e-05,1.7732218197512988e-05
14,1234,101,19,1.8830859475406187e-05,1.647509155446068e-05,1.601807847921818e-05
14,1234,101,20,1.259247984398592e-05,1.3914224913697995e-05,1.3102470432931394e-05
14,1234,101,21,9.955288244384386e-06,1.2289679626408113e-05,7.953871958678596e-06
14,1234,101,22,8.833232309873386e-06,9.598536850742331e-06,7.116104622455355e-06
14,1234,101,23,7.299252693669101e-06,8.201630665590543e-06,6.38754337822771e-06
14,1234,101,24,4.239115933718086e-06,6.003366004912724e-06,4.580256748559539e-06
14,1234,101,25,3.3871861819741265e-06,4.566405377115711e-06,3.6818336095014167e-06
14,1234,101,26,2.895442068347867e-06,3.2515208894434404e-06,2.850850543512674e-06
14,1234,101,27,2.5447986303572955e-06,2.3837259551429736e-06,2.296902522484254e-06
14,1234,101,28,2.160044877476187e-06,2.1389802668566683e-06,1.672027153770708e-06
14,1234,101,29,1.7563213104791882e-06,1.623432995338408e-06,1.4408346568614547e-06
14,1234,101,30,1.3386670781199958e-06,1.3306456612433284e-06,1.2738058579092417e-06
14,1234,101,31,1.284303522281403e-06,1.1095412954348257e-06,9.744354773298825e-07
14,1234,101,32,1.2396553446061207e-06,9.112499665377746e-07,9.500157338596265e-07
14,1234,101,33,9.98982912337945e-07,8.238963294641774e-07,8.246029300369272e-07
14,1234,101,34,9.327500267990373e-07,7.945167915263994e-07,7.743873784414467e-07
14,1234,101,35,6.562854296156728e-07,6.965695538180438e-07,6.218308074587722e-07
14,1234,101,36,4.305854263554984e-07,6.899463521341816e-07,5.639208918318889e-07
14,1234,101,37,3.418677947235155e-07,5.693534451203867e-07,3.538186296098327e-07
14,1234,101,38,2.6780220582678924e-07,4.409554970079257e-07,3.379576093462307e-07
14,1234,101,39,2.346226061008126e-07,3.7923686896769244e-07,2.937285603925221e-07
14,1234,101,40,1.6938590708424562e-07,2.905303754067128e-07,2.521420353811688e-07
14,1234,101,41,1.2408782661863504e-07,2.291588694140851e-07,2.0176423509263251e-07
14,1234,101,42,1.137817471875773e-07,1.633228753600907e-07,1.4723421731085056e-07
14,1234,101,43,1.0206596773957382e-07,1.4950068969644017e-07,1.4200518606937432e-07
14,1234,101,44,9.116039834706804e-08,1.4581342218606974e-07,1.052849396917724e-07
14,1234,101,45,6.389835760146172e-08,1.1590557138963572e-07,9.011961102283973e-08
14,1234,101,46,5.834442906473875e-08,1.0638113948026696e-07,8.356564300066078e-08
14,1234,101,47,5.023601051939928e-08,9.892025535080138e-08,7.514876105114474e-08
14,1234,101,48,4.0268659824160876e-08,6.476032534286904e-08,6.563019219804478e-08
14,1234,101,49,3.884381333601487e-08,5.14756698671534e-08,5.699861861603192e-08
14,1234,101,50,2.991067522581415e-08,4.8534530274386205e-08,4.8084190227713244e-08
14,1234,101,51,2.8846912034388547e-08,3.644419463201096e-08,3.48150465633651e-08
14,1234,101,52,1.8298981423892925e-08,3.470926712519538e-08,3.154920075106305e-08
14,1234,101,53,1.7145231229425587e-08,3.139442204401563e-08,2.2849870126978168e-08
14,1234,101,54,1.5525850761488994e-08,2.533449757785935e-08,1.988438679543281e-08
14,1234,101,55,1.3845252168250304e-08,1.7718573780360543e-08,1.7890939012554482e-08
14,1234,101,56,1.0484863654708657e-08,1.693577499329318e-08,1.4118138165188022e-08
14,1234,101,57,1.0138633947425318e-08,1.571911439260736e-08,1.3030380014284068e-08
14,1234,101,58,8.57858035267071e-09,1.1821773887675329e-08,1.0877398841990274e-08
14,1234,101,59,7.740979938208577e-09,1.163125212608873e-08,7.366225956088777e-09
14,1234,101,60,5.442187323780513e-09,7.802457624820558e-09,6.675000663077962e-09
14,1234,101,61,4.723428639851915e-09,7.080936623280859e-09,5.4197055998164845e-09
14,1234,101,62,4.3920340407911395e-09,6.39022830521956e-09,4.81915602554134e-09
14,1234,101,63,3.717237091502125e-09,6.0132990643285855e-09,4.372417908337524e-09
14,1234,101,64,3.632281080295094e-09,5.386106943828694e-09,3.2046863835363196e-09
14,1234,101,65,2.663569384024056e-09,4.497366597152723e-09,3.0228031353384417e-09
14,1234,101,66,2.5460370601358555e-09,4.238799286173842e-09,2.9521787663462197e-09
14,1234,101,67,2.384380935989681e-09,3.560129432237645e-09,2.1871145335318214e-09
14,1234,101,68,2.3433782678655297e-09,3.117785710118382e-09,1.8986028669778987e-09
14,1234,101,69,1.848593313197455e-09,2.946023600829951e-09,1.5250259768440408e-09
14,1234,101,70,1.4894366483922888e-09,2.298078553075395e-09,1.245606274718565e-09
14,1234,101,71,1.3312095222376405e-09,1.758604509689066e-09,1.1025217961851028e-09
14,1234,101,72,1.0055481751685508e-09,1.6376600628725768e-09,9.203951619717416e-10
14,1234,101,73,6.943179234987564e-10,1.5504856528312576e-09,8.325597904520663e-10
14,1234,101,74,6.870836199028469e-10,1.2741717282663953e-09,8.10356384660736e-10
14,1234,101,75,5.964976546685337e-10,1.2689774645605591e-09,6.979689888522274e-10
14,1234,101,76,3.957907272771849e-10,1.0349512325724942e-09,5.073164703153306e-10
14,1234,101,77,3.759179111263124e-10,9.961029251249494e-10,4.704149484344067e-10
14,1234,101,78,2.9205260786476667e-10,8.578625548857077e-10,4.452905381055966e-10
14,1234,101,79,2.308644738651301e-10,6.362681608152653e-10,3.9061180499172497e-10
14,1234,101,80,2.020604058897103e-10,4.156040822700286e-10,2.9645953294257876e-10
14,1234,101,81,1.7296407274016492e-10,3.712287482176108e-10,2.723011019169582e-10
14,1234,101,82,1.5921692826092306e-10,3.5715815586718166e-10,2.407524589706138e-10
14,1234,101,83,1.4983527802472101e-10,3.163254346930091e-10,2.0929441294997614e-10
14,1234,101,84,1.1613074763867601e-10,3.023318082868654e-10,1.6744512387906558e-10
14,1234,101,85,1.0344000959867053e-10,2.695909468829863e-10,1.492057611166219e-10
14,1234,101,86,6.439592217380566e-11,2.3070881679598521e-10,1.4352057210300092e-10
14,1234,101,87,5.925605462472842e-11,1.931967749503148e-10,9.763017638534255e-11
14,1234,101,88,5.284569730130219e-11,1.2328613881774835e-10,9.090487180826407e-11
14,1234,101,89,3.924303676386185e-11,8.912059687114001e-11,7.730076815393703e-11
14,1234,101,90,3.5707081235866087e-11,8.488781435804675e-11,6.230131557031955e-11
14,1234,101,91,2.267279019523126e-11,7.542915684180156e-11,5.358028678169428e-11
14,1234,101,92,2.1695347506793094e-11,6.386427651335934e-11,4.872204917614955e-11
14,1234,101,93,1.4571954602981054e-11,5.1557602595092357e-11,3.84744480708458e-11
14,1234,101,94,1.1247880842899305e-11,3.576485995609899e-11,3.072503662155516e-11
14,1234,101,95,1.0132350563306756e-11,3.243302740950818e-11,2.4720501485829134e-11
14,1234,101,96,1.003905598968006e-11,3.167710554834999e-11,2.1497585525251674e-11
14,1234,101,97,8.462218575340665e-12,2.0533130641390738e-11,1.635417930892145e-11
14,1234,101,98,6.316417246176733e-12,1.8700106973581526e-11,1.404609573180922e-11
14,1234,101,99,4.671370752798759e-12,1.464644604513293e-11,9.845101526756785e-12
14,1234,101,100,4.6133050247783574e-12,1.238682763267358e-11,8.57593810112109e-12
14,1234,101,101,3.114063922501827e-12,1.1793393884267624e-11,7.210750394560602e-12
14,1234,101,102,2.3080498893345173e-12,8.299499164881283e-12,4.8469396637539284e-12
14,1234,101,103,2.2632549255290984e-12,5.942404803371861e-12,4.540685458563202e-12
14,1234,101,104,1.3611451103074866e-12,5.400831330321532e-12,3.1833239134324814e-12
14,1234,101,105,1.2378493281384836e-12,4.831656959286892e-12,3.0300861226167358e-12
14,1234,101,106,9.35839219303674e-13,4.709059020079258e-12,2.229726385118952e-12
14,1234,101,107,7.715004574967e-13,2.733760432011326e-12,1.8189320838511724e-12
14,1234,101,108,4.804757295525052e-13,2.383890241100559e-12,1.3987785259361206e-12
14,1234,101,109,4.4849685771990087e-13,1.6249097468911607e-12,1.1015928602551199e-12
14,1234,101,110,4.2808419528393614e-13,1.4337769058571946e-12,9.368023041377605e-13
14,1234,101,111,2.4402501616081384e-13,1.314822783907076e-12,5.714150236616144e-13
14,1234,101,112,2.359040805794677e-13,1.1782986351328504e-12,4.103629211910284e-13
14,1234,101,113,1.2709485887861923e-13,1.02770028213227e-12,3.6930469868702363e-13
14,1234,101,114,1.0824830991787921e-13,6.306236448116269e-13,2.7894281279173195e-13
14,1234,101,115,8.168622192806256e-14,5.408307877868883e-13,1.8739251529414776e-13
14,1234,101,116,6.348045634053965e-14,4.092184117539467e-13,1.0800950857822074e-13
14,1234,101,117,3.916579789150796e-14,1.8357691167253716e-13,9.489410171158997e-14
14,1234,101,118,3.903807610611877e-14,1.3306087670445048e-13,6.847869018831912e-14
14,1234,101,119,1.9233114409001122e-14,1.1271882709094563e-13,3.6415556467483374e-14
14,1234,101,120,1.159791527509228e-14,1.0334702025869953e-13,2.5432841420659372e-14
14,1234,101,121,1.0476264232810458e-14,4.803128311308955e-14,1.9730703164883564e-14
14,1234,101,122,5.200610287729409e-15,2.7661348601653647e-14,7.532251718125143e-15
14,1234,101,123,3.8865845493546425e-15,2.2590861211749e-14,4.62480418561908e-15
14,1234,101,124,3.848999337056727e-15,1.209953987288934e-14,2.2363786251592747e-15
14,1234,101,125,9.99999999999997e-16,8.740599550740696e-15,9.999999999999977e-16
14,1234,101,126,9.99999999999997e-16,2.1980213878581073e-15,9.999999999999977e-16
14,1234,101,127,9.99999999999997e-16,9.999999999999977e-16,9.999999999999977e-16
14,1234,101,128,9.99999999999997e-16,9.999999999999977e-16,9.999999999999977e-16
14,1234,202,1,0.8852192628171294,0.8848837552844779,0.8857378648775159
14,1234,202,2,0.05766439708068455,0.05781511709020256,0.058165977091606404
14,1234,202,3,0.024921359468167086,0.025471898846898433,0.024774618328874135
14,1234,202,4,0.01434430659805173,0.014404905775736332,0.014140815802577509
14,1234,202,5,0.010673765852765991,0.01080267879436568,0.010559839181849377
14,1234,202,6,0.0024543177589401435,0.0022149106029517806,0.0024357566293750606
14,1234,202,7,0.0019002418722319835,0.0017858097045361852,0.0016744752398359913
14,1234,202,8,0.0006326595407028298,0.0006137748566751835,0.0005910289652482425
14,1234,202,9,0.0005623560009197172,0.0004154386889394948,0.0005414679948313134
14,1234,202,10,0.00044387266345866945,0.00035441411250034796,0.00039161524995326983
14,1234,202,11,0.0003484842859204932,0.0003501056264491876,0.000316693286577533
14,1234,202,12,0.00022760326944712406,0.00024907043094985403,0.00015515259104791502
14,1234,202,13,0.0002009827546147135,0.00021607269869612042,0.0001446867276466687
14,1234,202,14,0.00013170350652269442,0.00016080970859551238,0.0001236693773878082
14,1234,202,15,8.613424154779942e-05,7.229170926000209e-05,7.15426932229852e-05
14,1234,202,16,4.95409930688075e-05,4.1249981251039574e-05,4.5970786684690374e-05
14,1234,202,17,3.241189371486009e-05,3.11339850843511e-05,2.577732921390206e-05
14,1234,202,18,2.3325193407033723e-05,2.9809353425821675e-05,1.9929316443334035e-05
14,1234,202,19,1.8830859475406187e-05,2.0694896936861828e-05,1.7491135549716656e-05
14,1234,202,20,1.259247984398592e-05,1.3434071259452744e-05,1.3640189691517919e-05
14,1234,202,21,9.955288244384386e-06,8.79948885903687e-06,9.296529925316836e-06
14,1234,202,22,8.833232309873386e-06,8.52750429214193e-06,8.727817233157902e-06
14,1234,202,23,7.299252693669101e-06,6.5608207421200025e-06,6.197013071337892e-06
14,1234,202,24,4.239115933718086e-06,5.7356009952041e-06,5.316268568850362e-06
14,1234,202,25,3.3871861819741265e-06,4.960452852392421e-06,3.6364034102846e-06
14,1234,202,26,2.895442068347867e-06,3.0411673825820114e-06,3.6124112068291717e-06
14,1234,202,27,2.5447986303572955e-06,2.208092787897937e-06,2.690511341838371e-06
14,1234,202,28,2.160044877476187e-06,1.9756210305585446e-06,2.5703101663958664e-06
14,1234,202,29,1.7563213104791882e-06,1.7931236888712248e-06,1.5376867442048357e-06
14,1234,202,30,1.3386670781199958e-06,1.6109142334515174e-06,1.2079738586547731e-06
14,1234,202,31,1.284303522281403e-06,1.3033020615171187e-06,1.1566743649729322e-06
14,1234,202,32,1.2396553446061207e-06,9.179219635459832e-07,1.08600588025079e-06
14,1234,202,33,9.98982912337945e-07,8.979033297037997e-07,9.048098799870564e-07
14,1234,202,34,9.327500267990373e-07,7.7596918702531e-07,7.578562599822564e-07
14,1234,202,35,6.562854296156728e-07,6.423637256057694e-07,5.656643597944719e-07
14,1234,202,36,4.305854263554984e-07,5.532801968579516e-07,4.716881306439812e-07
14,1234,202,37,3.418677947235155e-07,4.1062419851438473e-07,3.667167737173817e-07
14,1234,202,38,2.6780220582678924e-07,3.254013735413194e-07,3.6015439397493927e-07
14,1234,202,39,2.346226061008126e-07,2.424482428893394e-07,2.5441153863683276e-07
14,1234,202,40,1.6938590708424562e-07,2.1596335717896894e-07,1.8657335159124214e-07
14,1234,202,41,1.2408782661863504e-07,1.6984070885249508e-07,1.7286671379962343e-07
14,1234,202,42,1.137817471875773e-07,1.5596304930993605e-07,1.4320132987355356e-07
14,1234,202,43,1.0206596773957382e-07,1.2548387133972802e-07,1.3491005410771034e-07
14,1234,202,44,9.116039834706804e-08,1.2174766576129547e-07,9.715682800248657e-08
14,1234,202,45,6.389835760146172e-08,8.515446710105191e-08,8.270589688046992e-08
14,1234,202,46,5.834442906473875e-08,7.732235569337073e-08,6.921878077082485e-08
14,1234,202,47,5.023601051939928e-08,6.569611154823047e-08,6.19254546327914e-08
14,1234,202,48,4.0268659824160876e-08,5.091553681539285e-08,4.778121264677087e-08
14,1234,202,49,3.884381333601487e-08,3.362209001852636e-08,4.3360538585646996e-08
14,1234,202,50,2.991067522581415e-08,3.1639595502921945e-08,3.484151179207351e-08
14,1234,202,51,2.8846912034388547e-08,3.0798974059026075e-08,3.027799339838603e-08
14,1234,202,52,1.8298981423892925e-08,2.5355649159976667e-08,2.30863340909341e-08
14,1234,202,53,1.7145231229425587e-08,1.9558025265493944e-08,2.233548621198698e-08
14,1234,202,54,1.5525850761488994e-08,1.70180922443376e-08,1.7120748354289504e-08
14,1234,202,55,1.3845252168250304e-08,1.4464998574036335e-08,1.5391007656506002e-08
14,1234,202,56,1.0484863654708657e-08,1.415117804493872e-08,1.1253175028054503e-08
14,1234,202,57,1.0138633947425318e-08,1.3934951482058545e-08,1.086527069039504e-08
14,1234,202,58,8.57858035267071e-09,1.1138502855184734e-08,8.77902981500999e-09
14,1234,202,59,7.740979938208577e-09,8.936984233852941e-09,8.132396466690544e-09
14,1234,202,60,5.442187323780513e-09,6.177229371992667e-09,6.546638471835645e-09
14,1234,202,61,4.723428639851915e-09,6.0233150040947904e-09,5.591836318587715e-09
14,1234,202,62,4.3920340407911395e-09,5.628446271562081e-09,4.904657262835532e-09
14,1234,202,63,3.717237091502125e-09,4.97346245311326e-09,4.597655355752678e-09
14,1234,202,64,3.632281080295094e-09,4.354076613085107e-09,4.100890169567526e-09
14,1234,202,65,2.663569384024056e-09,4.220794752742289e-09,3.6629544133949722e-09
14,1234,202,66,2.5460370601358555e-09,3.319395682679864e-09,3.613094974213227e-09
14,1234,202,67,2.384380935989681e-09,2.8317371294845017e-09,2.450199132796998e-09
14,1234,202,68,2.3433782678655297e-09,2.1906063481899876e-09,2.0439290776697615e-09
14,1234,202,69,1.848593313197455e-09,2.176094155791252e-09,1.5291389441404077e-09
14,1234,202,70,1.4894366483922888e-09,1.8382398229763936e-09,1.3382776743591506e-09
14,1234,202,71,1.3312095222376405e-09,1.2084843080332126e-09,1.276476764186328e-09
14,1234,202,72,1.0055481751685508e-09,1.121268873539891e-09,9.796243518115019e-10
14,1234,202,73,6.943179234987564e-10,1.0944061629398717e-09,9.013492204799199e-10
14,1234,202,74,6.870836199028469e-10,1.0668754338741555e-09,6.835991823494059e-10
14,1234,202,75,5.964976546685337e-10,7.033168941053709e-10,6.291588388541636e-10
14,1234,202,76,3.957907272771849e-10,6.56046780175663e-10,5.433347057496701e-10
14,1234,202,77,3.759179111263124e-10,6.12174138718363e-10,4.579649284760474e-10
14,1234,202,78,2.9205260786476667e-10,4.688072381072969e-10,4.271599803979434e-10
14,1234,202,79,2.308644738651301e-10,4.106938119662675e-10,3.422132857031781e-10
14,1234,202,80,2.020604058897103e-10,3.5736307204467645e-10,3.097958732671275e-10
14,1234,202,81,1.7296407274016492e-10,2.7111365137690053e-10,2.783160725267271e-10
14,1234,202,82,1.5921692826092306e-10,2.0837466389782402e-10,2.1755333761234428e-10
14,1234,202,83,1.4983527802472101e-10,1.8211073417058393e-10,2.0580149178145639e-10
14,1234,202,84,1.1613074763867601e-10,1.7946946442854907e-10,1.776481812751666e-10
14,1234,202,85,1.0344000959867053e-10,1.3822107466000315e-10,1.2251850244593437e-10
14,1234,202,86,6.439592217380566e-11,9.485009293155716e-11,1.0039117308986781e-10
14,1234,202,87,5.925605462472842e-11,8.913466336836506e-11,8.641282577708414e-11
14,1234,202,88,5.284569730130219e-11,7.760960192515621e-11,6.837815433092785e-11
14,1234,202,89,3.924303676386185e-11,7.226204000605875e-11,5.266006617330022e-11
14,1234,202,90,3.5707081235866087e-11,5.85894668225127e-11,4.520227992425453e-11
14,1234,202,91,2.267279019523126e-11,4.297584449171496e-11,3.906613528541588e-11
14,1234,202,92,2.1695347506793094e-11,3.677783656471542e-11,3.5916441877568615e-11
14,1234,202,93,1.4571954602981054e-11,3.516753645249702e-11,3.0604788077507425e-11
14,1234,202,94,1.1247880842899305e-11,2.576584713192064e-11,2.315156792404383e-11
14,1234,202,95,1.0132350563306756e-11,2.2802722037361515e-11,1.9552772036681477e-11
14,1234,202,96,1.003905598968006e-11,2.1833210077787498e-11,1.3895421870467785e-11
14,1234,202,97,8.462218575340665e-12,1.5126818440275804e-11,1.1245178667955597e-11
14,1234,202,98,6.316417246176733e-12,1.4769568032900386e-11,1.0618847118053202e-11
14,1234,202,99,4.671370752798759e-12,9.833069123591526e-12,8.474598626311809e-12
14,1234,202,100,4.6133050247783574e-12,8.760831098067878e-12,7.412334875529786e-12
14,1234,202,101,3.114063922501827e-12,6.8369039976550855e-12,6.819369164219272e-12
14,1234,202,102,2.3080498893345173e-12,5.336151977298563e-12,5.2150470248577035e-12
14,1234,202,103,2.2632549255290984e-12,4.898273473060945e-12,4.438092457786727e-12
14,1234,202,104,1.3611451103074866e-12,3.988126955303722e-12,3.611210850722742e-12
14,1234,202,105,1.2378493281384836e-12,2.9058632988874164e-12,2.591672871022739e-12
14,1234,202,106,9.35839219303674e-13,2.5198146916696497e-12,1.7010448703994936e-12
14,1234,202,107,7.715004574967e-13,1.9185986042569573e-12,1.2128765821558684e-12
14,1234,202,108,4.804757295525052e-13,1.8360561834032442e-12,1.0545775409064688e-12
14,1234,202,109,4.4849685771990087e-13,1.33572915821494e-12,7.362583202114724e-13
14,1234,202,110,4.2808419528393614e-13,1.237196530277865e-12,5.605265225903519e-13
14,1234,202,111,2.4402501616081384e-13,7.235082761968114e-13,4.834418775296241e-13
14,1234,202,112,2.359040805794677e-13,4.226928700804658e-13,4.1884211846019166e-13
14,1234,202,113,1.2709485887861923e-13,3.338672872855258e-13,3.479090329571624e-13
14,1234,202,114,1.0824830991787921e-13,2.1016629481489788e-13,2.1193070780696635e-13
14,1234,202,115,8.168622192806256e-14,1.9233220268693017e-13,1.360904274208273e-13
14,1234,202,116,6.348045634053965e-14,1.458099024371755e-13,9.519202113737975e-14
14,1234,202,117,3.916579789150796e-14,8.543804188635387e-14,8.579984306019221e-14
14,1234,202,118,3.903807610611877e-14,7.055138805316111e-14,5.429936614576098e-14
14,1234,202,119,1.9233114409001122e-14,5.880945321252911e-14,4.149409190672618e-14
14,1234,202,120,1.159791527509228e-14,2.7014799022152297e-14,2.5757009958579685e-14
14,1234,202,121,1.0476264232810458e-14,1.626445731776971e-14,1.1908236380255549e-14
14,1234,202,122,5.200610287729409e-15,5.238403806988041e-15,1.039349826245534e-14
14,1234,202,123,3.8865845493546425e-15,4.6850203828049106e-15,5.226424037650001e-15
14,1234,202,124,3.848999337056727e-15,3.0646780479692526e-15,1.2603065062744442e-15
14,1234,202,125,9.99999999999997e-16,1.140909889166163e-15,1.1829803092716578e-15
14,1234,202,126,9.99999999999997e-16,9.999999999999983e-16,9.999999999999973e-16
14,1234,202,127,9.99999999999997e-16,9.999999999999983e-16,9.999999999999973e-16
14,1234,202,128,9.99999999999997e-16,9.999999999999983e-16,9.999999999999973e-16
14,1234,303,1,0.8852192628171294,0.8862885251337973,0.8850581776485493
14,1234,303,2,0.05766439708068455,0.057241177923772237,0.05797373104306692
14,1234,303,3,0.024921359468167086,0.024793751274100256,0.025028391447447076
14,1234,303,4,0.01434430659805173,0.014681978792872268,0.014349284228538383
14,1234,303,5,0.010673765852765991,0.010431720419509256,0.010696976504914133
14,1234,303,6,0.0024543177589401435,0.002252056452562811,0.0024428323627997224
14,1234,303,7,0.0019002418722319835,0.0019458070655354134,0.0018165574508034413
14,1234,303,8,0.0006326595407028298,0.0006207330378340195,0.0005902662175254731
14,1234,303,9,0.0005623560009197172,0.00039129135008430935,0.000542384483598614
14,1234,303,10,0.00044387266345866945,0.0003353210834121702,0.00041882611315905745
14,1234,303,11,0.0003484842859204932,0.0002877291372077011,0.00033078347592702237
14,1234,303,12,0.00022760326944712406,0.00019846947993202983,0.00020989319379812057
14,1234,303,13,0.0002009827546147135,0.00014431598385338,0.00017395807734547436
14,1234,303,14,0.00013170350652269442,9.67357611416201e-05,0.0001151460229665294
14,1234,303,15,8.613424154779942e-05,7.594050123478985e-05,8.070482916313269e-05
14,1234,303,16,4.95409930688075e-05,5.0754173172413925e-05,4.9899344216462975e-05
14,1234,303,17,3.241189371486009e-05,3.581982917452991e-05,2.6797517016617816e-05
14,1234,303,18,2.3325193407033723e-05,3.444253911043973e-05,1.9936245884304918e-05
14,1234,303,19,1.8830859475406187e-05,2.2810741711947005e-05,1.7009984340011217e-05
14,1234,303,20,1.259247984398592e-05,1.7364743941892012e-05,1.1518798404986444e-05
14,1234,303,21,9.955288244384386e-06,9.889882187872813e-06,7.642071074132061e-06
14,1234,303,22,8.833232309873386e-06,8.046206267502111e-06,6.206480660721947e-06
14,1234,303,23,7.299252693669101e-06,7.221395901132779e-06,6.090456489056241e-06
14,1234,303,24,4.239115933718086e-06,4.671787204631482e-06,4.1792657252344215e-06
14,1234,303,25,3.3871861819741265e-06,3.875901376121324e-06,3.869966684450983e-06
14,1234,303,26,2.895442068347867e-06,3.06591425787877e-06,2.8551547884224807e-06
14,1234,303,27,2.5447986303572955e-06,2.6370627938000283e-06,2.5473299091897516e-06
14,1234,303,28,2.160044877476187e-06,2.3432697289953577e-06,2.267286107794493e-06
14,1234,303,29,1.7563213104791882e-06,1.8624310399433645e-06,2.073634974401205e-06
14,1234,303,30,1.3386670781199958e-06,1.3875566861490798e-06,1.592727105876843e-06
14,1234,303,31,1.284303522281403e-06,1.199899750915187e-06,1.1292723390870018e-06
14,1234,303,32,1.2396553446061207e-06,1.028836868359263e-06,1.029648893628414e-06
14,1234,303,33,9.98982912337945e-07,1.0107433546053906e-06,9.783513369879052e-07
14,1234,303,34,9.327500267990373e-07,9.426791784919044e-07,7.896233605882026e-07
14,1234,303,35,6.562854296156728e-07,7.914980465727569e-07,7.406643256818314e-07
14,1234,303,36,4.305854263554984e-07,5.752006506277232e-07,5.675055564085549e-07
14,1234,303,37,3.418677947235155e-07,4.512646128541729e-07,3.5741680928205255e-07
14,1234,303,38,2.6780220582678924e-07,3.5997598930439975e-07,3.3833372010048747e-07
14,1234,303,39,2.346226061008126e-07,3.209601575912382e-07,2.563865585058757e-07
14,1234,303,40,1.6938590708424562e-07,2.849686773986559e-07,2.2553606223969513e-07
14,1234,303,41,1.2408782661863504e-07,2.3603872812247075e-07,1.8005799284760216e-07
14,1234,303,42,1.137817471875773e-07,1.4253013723118233e-07,1.51383876441848e-07
14,1234,303,43,1.0206596773957382e-07,1.4110009054847466e-07,1.2899479490917353e-07
14,1234,303,44,9.116039834706804e-08,1.206251944670064e-07,1.0448160817299535e-07
14,1234,303,45,6.389835760146172e-08,9.448884208089397e-08,9.025200301158699e-08
14,1234,303,46,5.834442906473875e-08,8.1339024980236e-08,8.892682775967878e-08
14,1234,303,47,5.023601051939928e-08,6.177725741177721e-08,7.324454944491321e-08
14,1234,303,48,4.0268659824160876e-08,4.904287374958676e-08,5.5757885963803144e-08
14,1234,303,49,3.884381333601487e-08,4.8207131758906046e-08,4.982264205810496e-08
14,1234,303,50,2.991067522581415e-08,4.511592317980529e-08,3.6332655048452645e-08
14,1234,303,51,2.8846912034388547e-08,4.3098294998345736e-08,3.441193468111296e-08
14,1234,303,52,1.8298981423892925e-08,3.3509143047060874e-08,2.728475139138199e-08
14,1234,303,53,1.7145231229425587e-08,2.875601806210737e-08,2.638493463626841e-08
14,1234,303,54,1.5525850761488994e-08,2.2905755193513926e-08,2.0004711557554375e-08
14,1234,303,55,1.3845252168250304e-08,1.7786363121658268e-08,1.4803511831691658e-08
14,1234,303,56,1.0484863654708657e-08,1.3837432175425733e-08,1.4407503534374392e-08
14,1234,303,57,1.0138633947425318e-08,1.254705785659412e-08,1.2835739037617768e-08
14,1234,303,58,8.57858035267071e-09,1.1998285759739905e-08,1.0499875328377688e-08
14,1234,303,59,7.740979938208577e-09,1.1493272409060639e-08,9.425689913165802e-09
14,1234,303,60,5.442187323780513e-09,9.526567522355867e-09,8.449741551395352e-09
14,1234,303,61,4.723428639851915e-09,8.680051237714664e-09,8.148481994732753e-09
14,1234,303,62,4.3920340407911395e-09,7.168714086795534e-09,6.628024342981641e-09
14,1234,303,63,3.717237091502125e-09,5.796627374510423e-09,5.2748169210088064e-09
14,1234,303,64,3.632281080295094e-09,5.455282369724459e-09,4.614777433658129e-09
14,1234,303,65,2.663569384024056e-09,4.462486021020967e-09,3.972313515027201e-09
14,1234,303,66,2.5460370601358555e-09,4.118522739807517e-09,3.4020954555934597e-09
14,1234,303,67,2.384380935989681e-09,3.6912720848180375e-09,3.2116648476856565e-09
14,1234,303,68,2.3433782678655297e-09,3.366171488110577e-09,2.1181169027646175e-09
14,1234,303,69,1.848593313197455e-09,3.280099950846145e-09,2.102759050291795e-09
14,1234,303,70,1.4894366483922888e-09,2.8324709708516228e-09,1.7020231879758734e-09
14,1234,303,71,1.3312095222376405e-09,1.879057767305834e-09,1.3318403659955744e-09
14,1234,303,72,1.0055481751685508e-09,1.5318828034364263e-09,1.0962300940762892e-09
14,1234,303,73,6.943179234987564e-10,1.2734652954047258e-09,9.40258846276372e-10
14,1234,303,74,6.870836199028469e-10,1.0177145896045024e-09,8.232631056536966e-10
14,1234,303,75,5.964976546685337e-10,9.629952914686701e-10,7.736691257351354e-10
14,1234,303,76,3.957907272771849e-10,8.691656391066858e-10,6.644282227622946e-10
14,1234,303,77,3.759179111263124e-10,7.833068386663219e-10,5.173532770168367e-10
14,1234,303,78,2.9205260786476667e-10,6.480640682498259e-10,4.327958374619945e-10
14,1234,303,79,2.308644738651301e-10,5.551549571325848e-10,3.7810043229505425e-10
14,1234,303,80,2.020604058897103e-10,5.277304135813968e-10,3.107976550242322e-10
14,1234,303,81,1.7296407274016492e-10,4.130787093914776e-10,2.737397392429865e-10
14,1234,303,82,1.5921692826092306e-10,3.889821010806087e-10,2.2255384438033932e-10
14,1234,303,83,1.4983527802472101e-10,2.8734599198204905e-10,2.067950301998124e-10
14,1234,303,84,1.1613074763867601e-10,2.294196813165795e-10,1.452621787768206e-10
14,1234,303,85,1.0344000959867053e-10,2.1165366626567686e-10,1.339161909417057e-10
14,1234,303,86,6.439592217380566e-11,2.0187432453292756e-10,1.1563058294607359e-10
14,1234,303,87,5.925605462472842e-11,1.4081489836860174e-10,1.0302669908024062e-10
14,1234,303,88,5.284569730130219e-11,1.1362142778063067e-10,7.150964818005933e-11
14,1234,303,89,3.924303676386185e-11,9.284878980122611e-11,6.917356675436424e-11
14,1234,303,90,3.5707081235866087e-11,8.901232562960944e-11,6.422679897407726e-11
14,1234,303,91,2.267279019523126e-11,6.460879695300244e-11,4.853098374256589e-11
14,1234,303,92,2.1695347506793094e-11,5.402528312573344e-11,4.1608337246715777e-11
14,1234,303,93,1.4571954602981054e-11,3.896173333148712e-11,3.227382702473573e-11
14,1234,303,94,1.1247880842899305e-11,3.783651813608982e-11,3.117917602316751e-11
14,1234,303,95,1.0132350563306756e-11,2.933444713317934e-11,2.2846267362276e-11
14,1234,303,96,1.003905598968006e-11,2.678406650193553e-11,2.026210350946368e-11
14,1234,303,97,8.462218575340665e-12,1.791241032042558e-11,1.6052544407889485e-11
14,1234,303,98,6.316417246176733e-12,1.5890315053552397e-11,1.573925708354278e-11
14,1234,303,99,4.671370752798759e-12,1.3802826502359387e-11,1.0371023083818287e-11
14,1234,303,100,4.6133050247783574e-12,8.565666003179714e-12,9.842305014562836e-12
14,1234,303,101,3.114063922501827e-12,7.745127770323948e-12,8.11091148888306e-12
14,1234,303,102,2.3080498893345173e-12,6.244386168900724e-12,6.612490951464315e-12
14,1234,303,103,2.2632549255290984e-12,5.7349794702219345e-12,4.552592966092092e-12
14,1234,303,104,1.3611451103074866e-12,5.0385286046916084e-12,3.640277434727924e-12
14,1234,303,105,1.2378493281384836e-12,4.248187681014055e-12,2.9099785179579393e-12
14,1234,303,106,9.35839219303674e-13,2.621944004483741e-12,2.461986190874835e-12
14,1234,303,107,7.715004574967e-13,2.1216055252858936e-12,2.29249875866571e-12
14,1234,303,108,4.804757295525052e-13,1.9854589492696986e-12,1.3482295635476317e-12
14,1234,303,109,4.4849685771990087e-13,1.7141705831969748e-12,1.2254434765575006e-12
14,1234,303,110,4.2808419528393614e-13,9.453902318713417e-13,9.229147402050422e-13
14,1234,303,111,2.4402501616081384e-13,7.051510179390418e-13,5.134932352561956e-13
14,1234,303,112,2.359040805794677e-13,5.308909290779955e-13,4.237267737037413e-13
14,1234,303,113,1.2709485887861923e-13,4.0038436264269815e-13,3.794542717553014e-13
14,1234,303,114,1.0824830991787921e-13,3.6159095371149884e-13,3.3413316965692435e-13
14,1234,303,115,8.168622192806256e-14,3.164768465397872e-13,2.2148128619440584e-13
14,1234,303,116,6.348045634053965e-14,1.9429682608061353e-13,1.4309044647208868e-13
14,1234,303,117,3.916579789150796e-14,1.1946001694330778e-13,1.364660790686176e-13
14,1234,303,118,3.903807610611877e-14,8.810219592748072e-14,1.257102257105467e-13
14,1234,303,119,1.9233114409001122e-14,7.855306846638998e-14,4.5013955511889244e-14
14,1234,303,120,1.159791527509228e-14,3.304488967154622e-14,3.4128585468279506e-14
14,1234,303,121,1.0476264232810458e-14,2.6215565004344223e-14,1.662312381629292e-14
14,1234,303,122,5.200610287729409e-15,2.0888139708480735e-14,7.430181016994989e-15
14,1234,303,123,3.8865845493546425e-15,1.2481390914753238e-14,6.577374676975634e-15
14,1234,303,124,3.848999337056727e-15,7.870078592385417e-15,4.182522199207063e-15
14,1234,303,125,9.99999999999997e-16,4.238389138806214e-15,1.6718239293631809e-15
14,1234,303,126,9.99999999999997e-16,3.4778434952040396e-15,9.999999999999971e-16
14,1234,303,127,9.99999999999997e-16,9.999999999999989e-16,9.999999999999971e-16
14,1234,303,128,9.99999999999997e-16,9.999999999999989e-16,9.999999999999971e-16
14,1234,404,1,0.8852192628171294,0.8865899507306618,0.8852049597285826
14,1234,404,2,0.05766439708068455,0.05529626314631802,0.05792689832673551
14,1234,404,3,0.024921359468167086,0.027452032778699346,0.02509808008637587
14,1234,404,4,0.01434430659805173,0.013872389512412703,0.01447419547986325
14,1234,404,5,0.010673765852765991,0.010685733011777894,0.01067533713645946
14,1234,404,6,0.0024543177589401435,0.0022114271988049163,0.002450417484128495
14,1234,404,7,0.0019002418722319835,0.0013687961255052037,0.0017329742020651719
14,1234,404,8,0.0006326595407028298,0.0007083898864706214,0.0005865576477372429
14,1234,404,9,0.0005623560009197172,0.0004268580327388229,0.0005205216285097464
14,1234,404,10,0.00044387266345866945,0.00037390360051235846,0.0003780044863669954
14,1234,404,11,0.0003484842859204932,0.0002814552640831862,0.00025712445422539494
14,1234,404,12,0.00022760326944712406,0.00018777122860654208,0.00019359331291993697
14,1234,404,13,0.0002009827546147135,0.0001777600531582002,0.00015933774389078218
14,1234,404,14,0.00013170350652269442,0.0001362586174527228,9.449341908563237e-05
14,1234,404,15,8.613424154779942e-05,6.998514968250012e-05,7.379283834877739e-05
14,1234,404,16,4.95409930688075e-05,4.85277209433285e-05,4.403572444512076e-05
14,1234,404,17,3.241189371486009e-05,2.669469439744333e-05,3.117105853552852e-05
14,1234,404,18,2.3325193407033723e-05,1.954728685288308e-05,1.9853202808858328e-05
14,1234,404,19,1.8830859475406187e-05,1.3079833411522294e-05,1.8019178082815094e-05
14,1234,404,20,1.259247984398592e-05,8.718902662459448e-06,1.3091736518614134e-05
14,1234,404,21,9.955288244384386e-06,8.615278596215616e-06,8.44660395959951e-06
14,1234,404,22,8.833232309873386e-06,6.574727216065794e-06,6.963483679127976e-06
14,1234,404,23,7.299252693669101e-06,6.467280711382747e-06,5.86500213972068e-06
14,1234,404,24,4.239115933718086e-06,3.625126085144793e-06,5.277931040972195e-06
14,1234,404,25,3.3871861819741265e-06,2.8934914008766787e-06,3.744334787353193e-06
14,1234,404,26,2.895442068347867e-06,2.449461745220955e-06,3.4334683276793156e-06
14,1234,404,27,2.5447986303572955e-06,2.029633488222753e-06,2.656840418884417e-06
14,1234,404,28,2.160044877476187e-06,1.717469730317129e-06,1.726045748282916e-06
14,1234,404,29,1.7563213104791882e-06,1.6525131686848911e-06,1.5282204281950442e-06
14,1234,404,30,1.3386670781199958e-06,1.4321707689754807e-06,1.2003108600329222e-06
14,1234,404,31,1.284303522281403e-06,1.175542933327585e-06,1.0956384618056152e-06
14,1234,404,32,1.2396553446061207e-06,1.038423680374653e-06,9.793155316937795e-07
14,1234,404,33,9.98982912337945e-07,7.366393845611752e-07,7.806073495716895e-07
14,1234,404,34,9.327500267990373e-07,7.013522143007138e-07,6.652521520319618e-07
14,1234,404,35,6.562854296156728e-07,5.943052399896075e-07,5.069101590239064e-07
14,1234,404,36,4.305854263554984e-07,5.220213420546724e-07,4.7537092878719534e-07
14,1234,404,37,3.418677947235155e-07,4.0528994236335225e-07,3.3827777596113534e-07
14,1234,404,38,2.6780220582678924e-07,3.4736741979243927e-07,3.268740401362181e-07
14,1234,404,39,2.346226061008126e-07,2.5185933182579713e-07,2.839677222193829e-07
14,1234,404,40,1.6938590708424562e-07,1.9118580734326978e-07,2.296241170402769e-07
14,1234,404,41,1.2408782661863504e-07,1.7971317370121727e-07,1.56034793407127e-07
14,1234,404,42,1.137817471875773e-07,1.3815725408114896e-07,1.2488868724224444e-07
14,1234,404,43,1.0206596773957382e-07,1.0504665639860736e-07,1.2006581497492052e-07
14,1234,404,44,9.116039834706804e-08,1.0352734521148976e-07,9.023797127975491e-08
14,1234,404,45,6.389835760146172e-08,7.52096159452945e-08,7.391800622885533e-08
14,1234,404,46,5.834442906473875e-08,6.849847740420793e-08,6.969368527195455e-08
14,1234,404,47,5.023601051939928e-08,6.59720090234176e-08,6.10814175071527e-08
14,1234,404,48,4.0268659824160876e-08,5.864388881130567e-08,5.188052281295899e-08
14,1234,404,49,3.884381333601487e-08,3.328157109555066e-08,4.4420018521220284e-08
14,1234,404,50,2.991067522581415e-08,2.6971867427816293e-08,3.4120238564249397e-08
14,1234,404,51,2.8846912034388547e-08,2.36861138910382e-08,3.15208310642962e-08
14,1234,404,52,1.8298981423892925e-08,2.023176059871309e-08,2.404456114336152e-08
14,1234,404,53,1.7145231229425587e-08,1.9562612765811153e-08,2.2902703984055288e-08
14,1234,404,54,1.5525850761488994e-08,1.7868541684037417e-08,1.9871632828009377e-08
14,1234,404,55,1.3845252168250304e-08,1.6470557446618626e-08,1.7268530795190352e-08
14,1234,404,56,1.0484863654708657e-08,1.2266718776566383e-08,9.937796527788015e-09
14,1234,404,57,1.0138633947425318e-08,1.0495839239765074e-08,8.302070668154268e-09
14,1234,404,58,8.57858035267071e-09,8.570940797099698e-09,7.962429195282513e-09
14,1234,404,59,7.740979938208577e-09,7.66075612329937e-09,6.2749519350118425e-09
14,1234,404,60,5.442187323780513e-09,6.735762246076039e-09,6.127534723860506e-09
14,1234,404,61,4.723428639851915e-09,4.486941158360987e-09,5.111159201783359e-09
14,1234,404,62,4.3920340407911395e-09,4.161167418085592e-09,4.962574190795451e-09
14,1234,404,63,3.717237091502125e-09,3.986604187610193e-09,3.903713868640255e-09
14,1234,404,64,3.632281080295094e-09,2.8839383990598536e-09,3.364190707216107e-09
14,1234,404,65,2.663569384024056e-09,2.828769610763777e-09,2.8625232676934334e-09
14,1234,404,66,2.5460370601358555e-09,2.7425339950880953e-09,2.2324764604186933e-09
14,1234,404,67,2.384380935989681e-09,2.6732429159375534e-09,2.1819344744678486e-09
14,1234,404,68,2.3433782678655297e-09,2.22639769560838e-09,1.7535374138929628e-09
14,1234,404,69,1.848593313197455e-09,1.6729703960407087e-09,1.6056579228781107e-09
14,1234,404,70,1.4894366483922888e-09,1.6519489231596077e-09,1.4472142295160456e-09
14,1234,404,71,1.3312095222376405e-09,1.2749947227326152e-09,1.1316301989349663e-09
14,1234,404,72,1.0055481751685508e-09,1.0794528077500252e-09,9.313350977280402e-10
14,1234,404,73,6.943179234987564e-10,8.441658890711681e-10,8.545454210668632e-10
14,1234,404,74,6.870836199028469e-10,6.945411195256698e-10,6.596002608060491e-10
14,1234,404,75,5.964976546685337e-10,6.613289506235824e-10,5.871680220572443e-10
14,1234,404,76,3.957907272771849e-10,5.380875582185269e-10,4.212633996804354e-10
14,1234,404,77,3.759179111263124e-10,4.3546732111429774e-10,3.8647792676286747e-10
14,1234,404,78,2.9205260786476667e-10,4.076889678238751e-10,3.252682402515566e-10
14,1234,404,79,2.308644738651301e-10,3.1808659899002926e-10,2.686673362223111e-10
14,1234,404,80,2.020604058897103e-10,2.8692686821818247e-10,2.3197944258623095e-10
14,1234,404,81,1.7296407274016492e-10,2.4917130753842695e-10,2.1801338371357485e-10
14,1234,404,82,1.5921692826092306e-10,2.3193823166459097e-10,1.7463424120873146e-10
14,1234,404,83,1.4983527802472101e-10,1.7783210692272673e-10,1.5402194771205563e-10
14,1234,404,84,1.1613074763867601e-10,1.583424423271673e-10,1.168892915251626e-10
14,1234,404,85,1.0344000959867053e-10,1.397413100711271e-10,9.075830185109712e-11
14,1234,404,86,6.439592217380566e-11,1.2958867449996294e-10,7.598954263773019e-11
14,1234,404,87,5.925605462472842e-11,1.0259250346474248e-10,7.495321624930652e-11
14,1234,404,88,5.284569730130219e-11,9.571892506517447e-11,5.971105498689358e-11
14,1234,404,89,3.924303676386185e-11,6.168538042674512e-11,4.841693887386942e-11
14,1234,404,90,3.5707081235866087e-11,5.283379726849582e-11,4.4235829091975185e-11
14,1234,404,91,2.267279019523126e-11,4.4377483044935004e-11,4.1892239707335425e-11
14,1234,404,92,2.1695347506793094e-11,3.920624060567313e-11,2.66827361708263e-11
14,1234,404,93,1.4571954602981054e-11,2.841945198860498e-11,2.522674310102186e-11
14,1234,404,94,1.1247880842899305e-11,2.384492538964971e-11,2.3735669625015226e-11
14,1234,404,95,1.0132350563306756e-11,2.221178016415962e-11,1.6557087751853375e-11
14,1234,404,96,1.003905598968006e-11,2.0643146702034538e-11,1.6001502827113534e-11
14,1234,404,97,8.462218575340665e-12,1.8822532294923354e-11,1.1543862322832592e-11
14,1234,404,98,6.316417246176733e-12,1.1628659692650577e-11,1.1242149418030744e-11
14,1234,404,99,4.671370752798759e-12,1.0225142747477352e-11,8.477225601108474e-12
14,1234,404,100,4.6133050247783574e-12,7.627208425904115e-12,5.879023346879751e-12
14,1234,404,101,3.114063922501827e-12,7.051543396776876e-12,5.4017159407887855e-12
14,1234,404,102,2.3080498893345173e-12,5.127624445240747e-12,3.8834258176669645e-12
14,1234,404,103,2.2632549255290984e-12,4.164608219646184e-12,3.6286924897276012e-12
14,1234,404,104,1.3611451103074866e-12,3.0774331541859636e-12,2.3777451934038377e-12
14,1234,404,105,1.2378493281384836e-12,2.369706867568476e-12,1.773579990818044e-12
14,1234,404,106,9.35839219303674e-13,2.190334092367569e-12,1.1673625874680631e-12
14,1234,404,107,7.715004574967e-13,1.9009822257797622e-12,9.866568897226979e-13
14,1234,404,108,4.804757295525052e-13,1.6847417941621534e-12,8.266943154832835e-13
14,1234,404,109,4.4849685771990087e-13,8.960606118100742e-13,5.776531697006169e-13
14,1234,404,110,4.2808419528393614e-13,7.72172150300557e-13,5.554984341014818e-13
14,1234,404,111,2.4402501616081384e-13,4.5394246617780696e-13,3.7751304742525506e-13
14,1234,404,112,2.359040805794677e-13,4.3516958520485725e-13,3.1479612504434435e-13
14,1234,404,113,1.2709485887861923e-13,3.793734997577034e-13,2.6228264576097127e-13
14,1234,404,114,1.0824830991787921e-13,3.246969168281132e-13,2.03643149264873e-13
14,1234,404,115,8.168622192806256e-14,2.541908373441561e-13,1.3719264473748912e-13
14,1234,404,116,6.348045634053965e-14,1.3430031109590218e-13,7.148011527455842e-14
14,1234,404,117,3.916579789150796e-14,1.0328874017588903e-13,6.055772123567931e-14
14,1234,404,118,3.903807610611877e-14,5.287678995316873e-14,3.2627444616062806e-14
14,1234,404,119,1.9233114409001122e-14,4.2900244580957926e-14,2.0339040905316346e-14
14,1234,404,120,1.159791527509228e-14,1.6675530703285825e-14,1.671523439214602e-14
14,1234,404,121,1.0476264232810458e-14,1.6636457118704084e-14,1.254220616086195e-14
14,1234,404,122,5.200610287729409e-15,8.887065566400775e-15,8.972638288937958e-15
14,1234,404,123,3.8865845493546425e-15,6.0273400360914985e-15,3.5002672784536205e-15
14,1234,404,124,3.848999337056727e-15,2.388474127445799e-15,2.885023489844822e-15
14,1234,404,125,9.99999999999997e-16,1.5026121417558399e-15,1.2814447533069303e-15
14,1234,404,126,9.99999999999997e-16,9.99999999999998e-16,9.999999999999971e-16
14,1234,404,127,9.99999999999997e-16,9.99999999999998e-16,9.999999999999971e-16
14,1234,404,128,9.99999999999997e-16,9.99999999999998e-16,9.999999999999971e-16
14,1234,505,1,0.8852192628171294,0.887485294816338,0.8975799093556619
14,1234,505,2,0.05766439708068455,0.05498326958591039,0.04848496428170084
14,1234,505,3,0.024921359468167086,0.026749081145008933,0.024291607258875296
14,1234,505,4,0.01434430659805173,0.013910623706921437,0.014504431418077477
14,1234,505,5,0.010673765852765991,0.010398241297716975,0.00982778103445802
14,1234,505,6,0.0024543177589401435,0.002369265760587402,0.0019834101164971133
14,1234,505,7,0.0019002418722319835,0.0015634045210804603,0.0010089322350936194
14,1234,505,8,0.0006326595407028298,0.0007022627814782178,0.0006584680368396345
14,1234,505,9,0.0005623560009197172,0.00046115165409426874,0.00047451038067539185
14,1234,505,10,0.00044387266345866945,0.0003281903945631062,0.0003505897553852638
14,1234,505,11,0.0003484842859204932,0.00026629759316668816,0.00024876773742648576
14,1234,505,12,0.00022760326944712406,0.00022860009632702405,0.00014275049880023985
14,1234,505,13,0.0002009827546147135,0.00017067841607269922,0.00013186398451451716
14,1234,505,14,0.00013170350652269442,0.00014737256299823695,9.698732307161065e-05
14,1234,505,15,8.613424154779942e-05,7.35649725589228e-05,6.0040335348962325e-05
14,1234,505,16,4.95409930688075e-05,3.695121838941824e-05,4.557864284999682e-05
14,1234,505,17,3.241189371486009e-05,2.8485974411785057e-05,2.820835096193985e-05
14,1234,505,18,2.3325193407033723e-05,1.582238668212278e-05,2.035835202297223e-05
14,1234,505,19,1.8830859475406187e-05,1.570787111186065e-05,1.4454259549226022e-05
14,1234,505,20,1.259247984398592e-05,1.2160877463688318e-05,1.0381594066543983e-05
14,1234,505,21,9.955288244384386e-06,8.531632654331897e-06,6.891569317741851e-06
14,1234,505,22,8.833232309873386e-06,8.263617908641563e-06,6.149013171370061e-06
14,1234,505,23,7.299252693669101e-06,6.268140550703812e-06,4.326345593503823e-06
14,1234,505,24,4.239115933718086e-06,5.4894297432447395e-06,3.241714468192127e-06
14,1234,505,25,3.3871861819741265e-06,4.852899549092933e-06,2.891299458486582e-06
14,1234,505,26,2.895442068347867e-06,3.531722164587275e-06,2.3502115522194247e-06
14,1234,505,27,2.5447986303572955e-06,2.8237557306851663e-06,1.5913779157011753e-06
14,1234,505,28,2.160044877476187e-06,2.056553558832142e-06,1.2191743285308497e-06
14,1234,505,29,1.7563213104791882e-06,1.9719334693178405e-06,1.1828055542190234e-06
14,1234,505,30,1.3386670781199958e-06,1.8846870505676027e-06,9.69373411927047e-07
14,1234,505,31,1.284303522281403e-06,1.506262444770961e-06,7.671333091115583e-07
14,1234,505,32,1.2396553446061207e-06,1.1758172517842325e-06,7.36479132813525e-07
14,1234,505,33,9.98982912337945e-07,1.1162106964164764e-06,6.724651690515811e-07
14,1234,505,34,9.327500267990373e-07,7.34781442056547e-07,4.786672954204228e-07
14,1234,505,35,6.562854296156728e-07,4.861006500245724e-07,4.1269364075501504e-07
14,1234,505,36,4.305854263554984e-07,4.44558858186738e-07,3.925870566062603e-07
14,1234,505,37,3.418677947235155e-07,3.2062385233409417e-07,2.7827104012582757e-07
14,1234,505,38,2.6780220582678924e-07,3.1985024781983545e-07,2.517816726532261e-07
14,1234,505,39,2.346226061008126e-07,3.043615582529074e-07,2.0889693907832412e-07
14,1234,505,40,1.6938590708424562e-07,2.3844175711850995e-07,1.8869840221408624e-07
14,1234,505,41,1.2408782661863504e-07,1.9730540361417537e-07,1.390739513403623e-07
14,1234,505,42,1.137817471875773e-07,1.8752791651703748e-07,1.133312977594499e-07
14,1234,505,43,1.0206596773957382e-07,1.5921463347850784e-07,9.953464569379559e-08
14,1234,505,44,9.116039834706804e-08,1.0713527606228265e-07,6.737965357271321e-08
14,1234,505,45,6.389835760146172e-08,1.0337127258770951e-07,6.185007834545137e-08
14,1234,505,46,5.834442906473875e-08,9.560415244691296e-08,5.0313440563256234e-08
14,1234,505,47,5.023601051939928e-08,6.298670595075648e-08,4.1502889525643116e-08
14,1234,505,48,4.0268659824160876e-08,5.500945465041769e-08,3.7879374749649634e-08
14,1234,505,49,3.884381333601487e-08,4.303313005317568e-08,3.438381033224795e-08
14,1234,505,50,2.991067522581415e-08,3.336501010741782e-08,2.5960446129556864e-08
14,1234,505,51,2.8846912034388547e-08,2.814170934230397e-08,2.4429836772778795e-08
14,1234,505,52,1.8298981423892925e-08,2.5904213446191297e-08,2.044292752589608e-08
14,1234,505,53,1.7145231229425587e-08,1.9717258097170227e-08,1.4063707755525905e-08
14,1234,505,54,1.5525850761488994e-08,1.966202731127717e-08,1.3387496060698456e-08
14,1234,505,55,1.3845252168250304e-08,1.6626912302432666e-08,8.959069457263687e-09
14,1234,505,56,1.0484863654708657e-08,1.6188204977013056e-08,7.465242446635722e-09
14,1234,505,57,1.0138633947425318e-08,8.596767914894222e-09,7.111794145582545e-09
14,1234,505,58,8.57858035267071e-09,8.136810789114748e-09,4.9764496086575415e-09
14,1234,505,59,7.740979938208577e-09,7.391476040865825e-09,4.427330652919228e-09
14,1234,505,60,5.442187323780513e-09,6.8126586439699194e-09,3.6765239246579017e-09
14,1234,505,61,4.723428639851915e-09,6.297065627070213e-09,3.4014068566848378e-09
14,1234,505,62,4.3920340407911395e-09,4.979410981165795e-09,3.0850258328315396e-09
14,1234,505,63,3.717237091502125e-09,4.274657112639805e-09,2.8764519765228512e-09
14,1234,505,64,3.632281080295094e-09,4.262368645492344e-09,2.5110369723165553e-09
14,1234,505,65,2.663569384024056e-09,3.980187179941869e-09,1.9237857781498185e-09
14,1234,505,66,2.5460370601358555e-09,3.5644625079918136e-09,1.6990915144431482e-09
14,1234,505,67,2.384380935989681e-09,3.0390977092219588e-09,1.2879302978381012e-09
14,1234,505,68,2.3433782678655297e-09,2.7798861889087943e-09,1.1097956911377696e-09
14,1234,505,69,1.848593313197455e-09,2.458293058760121e-09,9.723834238316363e-10
14,1234,505,70,1.4894366483922888e-09,2.072035360538776e-09,7.708854243487859e-10
14,1234,505,71,1.3312095222376405e-09,1.6772484630364747e-09,6.879984750611085e-10
14,1234,505,72,1.0055481751685508e-09,1.4858397595616332e-09,6.082360804295759e-10
14,1234,505,73,6.943179234987564e-10,1.2127835299250988e-09,5.378559067931939e-10
14,1234,505,74,6.870836199028469e-10,1.1791914483901802e-09,4.14172352455625e-10
14,1234,505,75,5.964976546685337e-10,9.54800221165999e-10,4.033816717783593e-10
14,1234,505,76,3.957907272771849e-10,7.584696033160262e-10,3.6530079800063427e-10
14,1234,505,77,3.759179111263124e-10,6.973638793623614e-10,2.788832467341022e-10
14,1234,505,78,2.9205260786476667e-10,5.934785460613281e-10,2.3526220239191475e-10
14,1234,505,79,2.308644738651301e-10,5.532640106543306e-10,2.188999651487407e-10
14,1234,505,80,2.020604058897103e-10,4.850923137747886e-10,1.9483979921182497e-10
14,1234,505,81,1.7296407274016492e-10,3.754405522591369e-10,1.2878529207793796e-10
14,1234,505,82,1.5921692826092306e-10,2.4350901318007566e-10,9.971384405095131e-11
14,1234,505,83,1.4983527802472101e-10,2.0989911468540668e-10,9.558049146551785e-11
14,1234,505,84,1.1613074763867601e-10,1.6610937558315338e-10,7.05426520049599e-11
14,1234,505,85,1.0344000959867053e-10,1.51714260943821e-10,5.102784684999918e-11
14,1234,505,86,6.439592217380566e-11,1.2880206180940104e-10,4.8277218893466e-11
14,1234,505,87,5.925605462472842e-11,1.1590307973378854e-10,4.260536073023236e-11
14,1234,505,88,5.284569730130219e-11,8.923090982086197e-11,3.910349400376201e-11
14,1234,505,89,3.924303676386185e-11,8.361466041591507e-11,3.593427609579776e-11
14,1234,505,90,3.5707081235866087e-11,6.991752162627162e-11,2.6041810677837443e-11
14,1234,505,91,2.267279019523126e-11,5.814695780179412e-11,2.1905923965623577e-11
14,1234,505,92,2.1695347506793094e-11,5.448920244249649e-11,1.7587703392098447e-11
14,1234,505,93,1.4571954602981054e-11,3.8716794741855576e-11,1.5050175875900526e-11
14,1234,505,94,1.1247880842899305e-11,3.5738322614490135e-11,1.2877776549632549e-11
14,1234,505,95,1.0132350563306756e-11,2.59185981615925e-11,1.040992063111883e-11
14,1234,505,96,1.003905598968006e-11,1.9892406995300427e-11,7.41681622712999e-12
14,1234,505,97,8.462218575340665e-12,1.5664133242901573e-11,6.636501787993851e-12
14,1234,505,98,6.316417246176733e-12,1.2315833552085771e-11,5.659580399105481e-12
14,1234,505,99,4.671370752798759e-12,8.940135554876785e-12,4.0457643386863115e-12
14,1234,505,100,4.6133050247783574e-12,7.969467878203856e-12,3.5703233444581787e-12
14,1234,505,101,3.114063922501827e-12,7.668841124751476e-12,2.4696783498601474e-12
14,1234,505,102,2.3080498893345173e-12,5.005057971685254e-12,2.2691164158567477e-12
14,1234,505,103,2.2632549255290984e-12,4.950859340824431e-12,2.0636229355090733e-12
14,1234,505,104,1.3611451103074866e-12,3.935926088317947e-12,1.7788038429976298e-12
14,1234,505,105,1.2378493281384836e-12,3.1465052552246846e-12,1.2042200234298714e-12
14,1234,505,106,9.35839219303674e-13,3.084134742156053e-12,9.94750714322039e-13
14,1234,505,107,7.715004574967e-13,2.094545076734942e-12,8.971600333280846e-13
14,1234,505,108,4.804757295525052e-13,1.7902009301049544e-12,6.761816353610165e-13
14,1234,505,109,4.4849685771990087e-13,1.3602851483394564e-12,4.711172858198627e-13
14,1234,505,110,4.2808419528393614e-13,1.2515632542245675e-12,3.709876842454835e-13
14,1234,505,111,2.4402501616081384e-13,1.1109230386369036e-12,2.9169244959091404e-13
14,1234,505,112,2.359040805794677e-13,6.166734277315533e-13,2.177835908831357e-13
14,1234,505,113,1.2709485887861923e-13,5.185649634897292e-13,1.87894546082376e-13
14,1234,505,114,1.0824830991787921e-13,3.632381658826627e-13,1.5882016896811342e-13
14,1234,505,115,8.168622192806256e-14,3.023848088255458e-13,9.242218227390438e-14
14,1234,505,116,6.348045634053965e-14,2.8793831768990253e-13,6.996158095552853e-14
14,1234,505,117,3.916579789150796e-14,1.675557670097071e-13,5.237620322961857e-14
14,1234,505,118,3.903807610611877e-14,1.3689097076567362e-13,2.3306745371145588e-14
14,1234,505,119,1.9233114409001122e-14,8.77986687602237e-14,1.3186417855635048e-14
14,1234,505,120,1.159791527509228e-14,8.708306113185395e-14,1.0562898849570612e-14
14,1234,505,121,1.0476264232810458e-14,4.6811245456435325e-14,5.289389515310229e-15
14,1234,505,122,5.200610287729409e-15,2.0728407194979916e-14,4.1351786572677555e-15
14,1234,505,123,3.8865845493546425e-15,9.642549354250418e-15,1.7017088025061401e-15
14,1234,505,124,3.848999337056727e-15,7.639432158569403e-15,1.1455353854186232e-15
14,1234,505,125,9.99999999999997e-16,1.8125543168935993e-15,9.999999999999965e-16
14,1234,505,126,9.99999999999997e-16,1.2116842376114757e-15,9.999999999999965e-16
14,1234,505,127,9.99999999999997e-16,1.087816517290309e-15,9.999999999999965e-16
14,1234,505,128,9.99999999999997e-16,9.999999999999989e-16,9.999999999999965e-16
14,2222,101,1,0.8827462646406256,0.8838469639801175,0.883572225641217
14,2222,101,2,0.048043589777884525,0.04710004358401834,0.04774478330572165
14,2222,101,3,0.030443117071243527,0.030318563657049116,0.030365842680310944
14,2222,101,4,0.01816957160327346,0.018154482436565533,0.018261645161140306
14,2222,101,5,0.008683514488032097,0.008569373272008258,0.008674768183167855
14,2222,101,6,0.0064774787809809865,0.006598933636076041,0.006457154004099292
14,2222,101,7,0.001119148013178648,0.0011982853689844685,0.0010414631789954164
14,2222,101,8,0.0009292321087653047,0.0008818025454625456,0.0008313159929417543
14,2222,101,9,0.0006680086838468117,0.0006712619161146529,0.0006466775899116353
14,2222,101,10,0.0006197064404118736,0.0006343811629889052,0.0005956768278072026
14,2222,101,11,0.00037065615891062855,0.00036861154974267307,0.0003426010185148233
14,2222,101,12,0.0003315397062209701,0.00035617107719857367,0.0002941413616416691
14,2222,101,13,0.00029888814567689565,0.0003056100315457284,0.00027754924683217604
14,2222,101,14,0.00026113076404645906,0.00022357584653533483,0.0002152318590751366
14,2222,101,15,0.00023220321494680048,0.0001874712269175897,0.00019296899353137066
14,2222,101,16,0.00019764217131072994,0.00016885141099876782,0.00015353054560884177
14,2222,101,17,0.00011258013866628925,0.0001378714127588866,8.461310108952373e-05
14,2222,101,18,7.12732375715763e-05,6.676143339388506e-05,6.23718464980544e-05
14,2222,101,19,6.466769756341516e-05,4.89239100927376e-05,5.5095872851918686e-05
14,2222,101,20,4.235351641014232e-05,4.396858355032373e-05,3.439752127227176e-05
14,2222,101,21,1.5209369690435402e-05,2.028103744266204e-05,1.6827193150029824e-05
14,2222,101,22,1.5112639516680104e-05,1.4580793779927443e-05,1.254463429947365e-05
14,2222,101,23,1.3022307093256176e-05,1.3515077939752175e-05,1.129856760919041e-05
14,2222,101,24,1.1137517412412747e-05,1.2285975720599416e-05,9.18441270795014e-06
14,2222,101,25,1.0427664289785043e-05,9.856888391603697e-06,7.680641390454473e-06
14,2222,101,26,1.0073768161919415e-05,8.910884198600706e-06,6.469552485454654e-06
14,2222,101,27,6.787010996949966e-06,7.88546519734334e-06,5.503041811280791e-06
14,2222,101,28,6.0278096050029605e-06,4.41268269873104e-06,4.463844301429656e-06
14,2222,101,29,4.978597011393893e-06,4.031500454915703e-06,2.9688854617885764e-06
14,2222,101,30,4.336770687896775e-06,3.1337784927686166e-06,2.723676207735638e-06
14,2222,101,31,3.117229289341084e-06,2.6843762412558113e-06,2.537957129284209e-06
14,2222,101,32,2.612586622188643e-06,2.3271826351166154e-06,1.9586402144550487e-06
14,2222,101,33,2.197267283427953e-06,1.917409341871997e-06,1.8259573265166248e-06
14,2222,101,34,2.162710152607771e-06,1.8950079147282258e-06,1.4830725602975765e-06
14,2222,101,35,1.7818112867222105e-06,1.527371569575855e-06,1.406993601502953e-06
14,2222,101,36,1.608285456677092e-06,1.3377478573995037e-06,1.1701340644849663e-06
14,2222,101,37,1.326020372730323e-06,1.2193404901789862e-06,9.47802375842827e-07
14,2222,101,38,1.1659802259972e-06,1.0963888589736816e-06,9.281247175602526e-07
14,2222,101,39,1.1069313860355952e-06,8.873162173170532e-07,7.8651884582072e-07
14,2222,101,40,5.726289329580415e-07,7.479155331025492e-07,6.469949165244283e-07
14,2222,101,41,4.3672057764714216e-07,5.733144580976765e-07,5.24937939154858e-07
14,2222,101,42,3.2023982582124303e-07,5.166564138171312e-07,4.3833840039716264e-07
14,2222,101,43,2.92362466771256e-07,3.5888316538948744e-07,2.8237700907763366e-07
14,2222,101,44,2.689866582440687e-07,2.9673740341638673e-07,1.9408700435327756e-07
14,2222,101,45,2.037235663926271e-07,2.5116880621684727e-07,1.6336475009166792e-07
14,2222,101,46,1.5193196333405713e-07,2.2840397973584954e-07,1.566877679957841e-07
14,2222,101,47,1.2937903399086523e-07,2.0166428734249775e-07,1.250231027227434e-07
14,2222,101,48,1.1884051181594796e-07,1.599125963768643e-07,8.94898393672141e-08
14,2222,101,49,1.0032023530901598e-07,1.3491345599054227e-07,8.466471940445186e-08
14,2222,101,50,9.785112049038239e-08,1.2647319325034483e-07,7.206142854564578e-08
14,2222,101,51,8.135721963948571e-08,1.0451166786001239e-07,5.5209289229660044e-08
14,2222,101,52,5.6981323583062666e-08,8.099662893753423e-08,4.735524055451286e-08
14,2222,101,53,4.851671439497217e-08,7.327478526774366e-08,4.1582896497478784e-08
14,2222,101,54,4.333887559043909e-08,6.852772129885555e-08,4.10840061063819e-08
14,2222,101,55,3.604240109315227e-08,4.8601935676794436e-08,3.531891530824909e-08
14,2222,101,56,3.521583224408925e-08,4.273008081880009e-08,2.957642433737282e-08
14,2222,101,57,3.166766554908822e-08,3.8416595750770034e-08,2.7813928750786913e-08
14,2222,101,58,2.685258348724517e-08,3.1759817405654275e-08,2.3984872040893157e-08
14,2222,101,59,2.646105163894562e-08,3.008569860849942e-08,2.1071921966038207e-08
14,2222,101,60,2.37640222587164e-08,2.4644249252541697e-08,1.7535512811918322e-08
14,2222,101,61,2.1615469766895573e-08,2.3143314935916e-08,1.5055439558767782e-08
14,2222,101,62,1.777300778280464e-08,1.808953485563719e-08,1.3430227538745732e-08
14,2222,101,63,1.5259546275967017e-08,1.4962697138792555e-08,1.1621404072913273e-08
14,2222,101,64,1.4970212079968727e-08,1.422128716221643e-08,1.116962435749006e-08
14,2222,101,65,1.3680873298478311e-08,1.2001995722628051e-08,1.0690084617636138e-08
14,2222,101,66,9.088942403335893e-09,1.0806891925301277e-08,8.223021329087317e-09
14,2222,101,67,6.426603952774905e-09,1.0391021398827361e-08,8.057966160496687e-09
14,2222,101,68,5.634277554966067e-09,9.672270659553064e-09,7.036756307977757e-09
14,2222,101,69,5.069481539261362e-09,8.717423939925297e-09,6.3600948805012825e-09
14,2222,101,70,4.9015236919353424e-09,6.874760319740203e-09,4.245738410207427e-09
14,2222,101,71,4.166666306897051e-09,5.621479140071882e-09,3.857962387343547e-09
14,2222,101,72,3.5073692851672486e-09,4.913307834392587e-09,3.0487588237400118e-09
14,2222,101,73,2.769945606134789e-09,3.992132511388901e-09,2.0507894163951142e-09
14,2222,101,74,2.3540290860490606e-09,3.1375824420215777e-09,1.8857723457868678e-09
14,2222,101,75,2.0078386460554788e-09,2.8622437197927543e-09,1.8121000254626663e-09
14,2222,101,76,1.4185950554192119e-09,2.2683719417714938e-09,1.4464757222537552e-09
14,2222,101,77,1.300019995901048e-09,2.098262749646356e-09,1.219910048266193e-09
14,2222,101,78,9.367126483302342e-10,1.9065604469867177e-09,1.181439651202496e-09
14,2222,101,79,8.921177844675848e-10,1.84503543226523e-09,9.189213155213551e-10
14,2222,101,80,7.436758130077373e-10,1.2091497615622332e-09,7.165039047130418e-10
14,2222,101,81,4.862624439316008e-10,1.070482165354452e-09,5.441394506077136e-10
14,2222,101,82,4.6127775606178523e-10,1.0458452353695887e-09,4.89925276136402e-10
14,2222,101,83,4.247093085246406e-10,8.637063769478156e-10,3.949786406311759e-10
14,2222,101,84,4.123300831072271e-10,6.506736085653198e-10,3.6251007177367394e-10
14,2222,101,85,3.6069189195038705e-10,5.827643632171272e-10,3.3791209344967023e-10
14,2222,101,86,2.5161713867662774e-10,5.191816427029599e-10,2.4361453699311483e-10
14,2222,101,87,2.4273809026644206e-10,4.6101032242118983e-10,2.2551071181150312e-10
14,2222,101,88,2.3122756730233897e-10,4.1492111281050653e-10,2.0167829894440349e-10
14,2222,101,89,1.6493461023491607e-10,3.3643404820077814e-10,1.8306102822872253e-10
14,2222,101,90,1.0774636253860208e-10,2.1839694755469775e-10,1.440620077460328e-10
14,2222,101,91,8.901685212853504e-11,2.0964458078220938e-10,1.0838268919375933e-10
14,2222,101,92,6.831887991829426e-11,1.7989051012137961e-10,1.0441204735471082e-10
14,2222,101,93,6.651921873939051e-11,1.289803304617823e-10,9.874223596477159e-11
14,2222,101,94,5.789360323971224e-11,1.1770510289159227e-10,6.158678662905735e-11
14,2222,101,95,4.990802752022367e-11,8.392449756212237e-11,5.921191422882146e-11
14,2222,101,96,3.956066245067219e-11,7.496683210665541e-11,5.248823625523578e-11
14,2222,101,97,2.4255663434749137e-11,7.177136180119538e-11,4.7803543817425125e-11
14,2222,101,98,2.364127731750505e-11,5.999721455151522e-11,3.2015668250390844e-11
14,2222,101,99,2.1050399212004677e-11,5.174748764142464e-11,3.060991926674148e-11
14,2222,101,100,1.8815937819015076e-11,4.597616570576219e-11,2.1678763216626563e-11
14,2222,101,101,1.5166076119048355e-11,3.981715333571189e-11,1.8752272426620236e-11
14,2222,101,102,9.547392320626877e-12,3.353185240480742e-11,1.2690101177639268e-11
14,2222,101,103,8.119631215238852e-12,2.7623605633675403e-11,1.2027118656780876e-11
14,2222,101,104,7.529107498055887e-12,2.1301613115620234e-11,9.56864016365324e-12
14,2222,101,105,5.980413936668586e-12,1.6209437245527856e-11,7.113500860884611e-12
14,2222,101,106,3.700813288962755e-12,1.3988571249123963e-11,5.34194353494529e-12
14,2222,101,107,3.5839860946793297e-12,1.3466858791611145e-11,4.0610752025296035e-12
14,2222,101,108,1.7218249995343931e-12,1.1118084172132029e-11,3.69398175889152e-12
14,2222,101,109,1.6395261919740107e-12,7.951787982043617e-12,2.8569188651143674e-12
14,2222,101,110,1.5276332332146451e-12,7.358254930407675e-12,2.220511792444071e-12
14,2222,101,111,8.026787230660964e-13,5.631683887230461e-12,1.7813481889217068e-12
14,2222,101,112,7.067880991863963e-13,5.218411634541257e-12,1.2721530427679752e-12
14,2222,101,113,6.683408317305891e-13,3.3976456170585468e-12,7.259915126860145e-13
14,2222,101,114,2.980620704323404e-13,3.037687936307881e-12,6.261463197305478e-13
14,2222,101,115,2.4128438133936955e-13,2.488272107432489e-12,5.304967267721786e-13
14,2222,101,116,2.011512256829442e-13,1.3363594621908569e-12,3.535863649737814e-13
14,2222,101,117,1.2818890565750344e-13,8.944313045812189e-13,2.4160435901910266e-13
14,2222,101,118,1.0565764527788591e-13,7.589619127858194e-13,2.112952899858507e-13
14,2222,101,119,7.511239487961316e-14,7.297519339196145e-13,8.801841865996367e-14
14,2222,101,120,5.6569087291500304e-14,3.3088504769897517e-13,6.712522908542909e-14
14,2222,101,121,3.54128926872898e-14,2.0299713656798362e-13,3.5677595856495343e-14
14,2222,101,122,1.8226281184693204e-14,1.5041545013719983e-13,1.9626733806844948e-14
14,2222,101,123,1.56169315477662e-14,4.073538754960951e-14,1.3674972182695477e-14
14,2222,101,124,9.393677060245669e-15,2.0777445872809583e-14,1.2041783268070958e-14
14,2222,101,125,3.0369804499589274e-15,6.304959193115497e-15,2.2139122189165813e-15
14,2222,101,126,1.1745908410438334e-15,4.6503202551625165e-15,1.610905723985663e-15
14,2222,101,127,9.999999999999981e-16,9.999999999999989e-16,9.999999999999985e-16
14,2222,101,128,9.999999999999981e-16,9.999999999999989e-16,9.999999999999985e-16
14,2222,202,1,0.8827462646406256,0.8842133039664078,0.8827339408766346
14,2222,202,2,0.048043589777884525,0.046977903157343605,0.04816029480722277
14,2222,202,3,0.030443117071243527,0.030352466481771145,0.030692969530850527
14,2222,202,4,0.01816957160327346,0.017775399763556247,0.018203002810689844
14,2222,202,5,0.008683514488032097,0.008694841928961939,0.008782036850701088
14,2222,202,6,0.0064774787809809865,0.006518368260969285,0.006521148533465943
14,2222,202,7,0.001119148013178648,0.0011509486301495941,0.0010116780143246313
14,2222,202,8,0.0009292321087653047,0.000889884976396829,0.0008745200766675563
14,2222,202,9,0.0006680086838468117,0.0006806808448320312,0.0006564534965534716
14,2222,202,10,0.0006197064404118736,0.0005688106861774421,0.0005424915031535724
14,2222,202,11,0.00037065615891062855,0.0003666079931965901,0.0003445029278208605
14,2222,202,12,0.0003315397062209701,0.000358231849172892,0.00031209829582414916
14,2222,202,13,0.00029888814567689565,0.00029522465839549396,0.00024542637762425953
14,2222,202,14,0.00026113076404645906,0.00028447970612424894,0.00020861957934737796
14,2222,202,15,0.00023220321494680048,0.00023593074524351,0.0001907030468868743
14,2222,202,16,0.00019764217131072994,0.0002159641749842078,0.00016339213372132508
14,2222,202,17,0.00011258013866628925,0.00012125097293467486,8.925711601168773e-05
14,2222,202,18,7.12732375715763e-05,7.473460033308967e-05,7.351437950156094e-05
14,2222,202,19,6.466769756341516e-05,5.5302538482895304e-05,6.15860562335685e-05
14,2222,202,20,4.235351641014232e-05,4.6870697942806444e-05,3.925006992970465e-05
14,2222,202,21,1.5209369690435402e-05,1.7571985989216805e-05,1.6294952871329617e-05
14,2222,202,22,1.5112639516680104e-05,1.4211097085419109e-05,1.2455607538066613e-05
14,2222,202,23,1.3022307093256176e-05,1.2487386977868916e-05,1.0740346546925388e-05
14,2222,202,24,1.1137517412412747e-05,1.0741848461391795e-05,9.67420440467464e-06
14,2222,202,25,1.0427664289785043e-05,9.978006378490192e-06,7.827293937610844e-06
14,2222,202,26,1.0073768161919415e-05,9.843037334310292e-06,6.792623174651811e-06
14,2222,202,27,6.787010996949966e-06,7.202253790942802e-06,4.876108438425595e-06
14,2222,202,28,6.0278096050029605e-06,6.100848346917136e-06,4.3399640445054825e-06
14,2222,202,29,4.978597011393893e-06,5.236849605676279e-06,3.0407287635051063e-06
14,2222,202,30,4.336770687896775e-06,4.303391903342788e-06,2.6236714551056643e-06
14,2222,202,31,3.117229289341084e-06,3.7524407319092233e-06,2.436506147747714e-06
14,2222,202,32,2.612586622188643e-06,3.6537250769183203e-06,1.796706796917198e-06
14,2222,202,33,2.197267283427953e-06,3.2638194690996617e-06,1.6001763301595923e-06
14,2222,202,34,2.162710152607771e-06,2.352732356536543e-06,1.3945755124553567e-06
14,2222,202,35,1.7818112867222105e-06,2.187172156657759e-06,1.1490094210036485e-06
14,2222,202,36,1.608285456677092e-06,1.9111877470622973e-06,8.878246427807522e-07
14,2222,202,37,1.326020372730323e-06,1.3667729298145913e-06,8.835605500410803e-07
14,2222,202,38,1.1659802259972e-06,1.13235243638386e-06,7.254716133824928e-07
14,2222,202,39,1.1069313860355952e-06,1.0032586276994507e-06,6.895306989290049e-07
14,2222,202,40,5.726289329580415e-07,6.417095444970181e-07,4.6923235936226673e-07
14,2222,202,41,4.3672057764714216e-07,5.693291910567228e-07,4.1702555560419643e-07
14,2222,202,42,3.2023982582124303e-07,5.388954065910801e-07,3.810687611479591e-07
14,2222,202,43,2.92362466771256e-07,3.57523504971831e-07,2.7411073554226544e-07
14,2222,202,44,2.689866582440687e-07,3.439450197789937e-07,2.1745903970506723e-07
14,2222,202,45,2.037235663926271e-07,3.363082422255329e-07,1.9254994956230366e-07
14,2222,202,46,1.5193196333405713e-07,2.1013621121995333e-07,1.6730513803604265e-07
14,2222,202,47,1.2937903399086523e-07,1.8609125154029035e-07,1.2216215800669314e-07
14,2222,202,48,1.1884051181594796e-07,1.7340075989541788e-07,9.181016378938677e-08
14,2222,202,49,1.0032023530901598e-07,1.606531499688008e-07,7.617881594901904e-08
14,2222,202,50,9.785112049038239e-08,1.3553885439421398e-07,6.03147199450282e-08
14,2222,202,51,8.135721963948571e-08,1.1485292955436649e-07,5.9539613452112843e-08
14,2222,202,52,5.6981323583062666e-08,9.779925162374973e-08,4.990449251530587e-08
14,2222,202,53,4.851671439497217e-08,9.074494563546492e-08,4.341068308766792e-08
14,2222,202,54,4.333887559043909e-08,6.550204825295582e-08,3.602709266105374e-08
14,2222,202,55,3.604240109315227e-08,5.99633837125877e-08,3.314069852317805e-08
14,2222,202,56,3.521583224408925e-08,5.788725358320365e-08,2.7093692045308655e-08
14,2222,202,57,3.166766554908822e-08,4.820694499464449e-08,2.5844241860805154e-08
14,2222,202,58,2.685258348724517e-08,4.291088123090631e-08,1.8254758488755037e-08
14,2222,202,59,2.646105163894562e-08,4.104087798751582e-08,1.6404205877142128e-08
14,2222,202,60,2.37640222587164e-08,3.615216753561429e-08,1.608457143686387e-08
14,2222,202,61,2.1615469766895573e-08,2.9229767292526233e-08,1.3739008655670656e-08
14,2222,202,62,1.777300778280464e-08,2.1426623769219306e-08,1.178094064478829e-08
14,2222,202,63,1.5259546275967017e-08,1.844748424146238e-08,9.044199266212874e-09
14,2222,202,64,1.4970212079968727e-08,1.697299607466879e-08,7.041124145862697e-09
14,2222,202,65,1.3680873298478311e-08,1.520638290212395e-08,6.8265048082355994e-09
14,2222,202,66,9.088942403335893e-09,1.3047802519607217e-08,5.851056535243174e-09
14,2222,202,67,6.426603952774905e-09,1.241489738306862e-08,5.39557820244404e-09
14,2222,202,68,5.634277554966067e-09,1.061931350992544e-08,4.425040948864991e-09
14,2222,202,69,5.069481539261362e-09,7.815974002554572e-09,4.361355655224189e-09
14,2222,202,70,4.9015236919353424e-09,5.0062090477261805e-09,3.1065673809241455e-09
14,2222,202,71,4.166666306897051e-09,4.637846686319084e-09,2.72130905512193e-09
14,2222,202,72,3.5073692851672486e-09,3.901981642409939e-09,2.6355746519863192e-09
14,2222,202,73,2.769945606134789e-09,3.319886193670858e-09,1.8974084090072407e-09
14,2222,202,74,2.3540290860490606e-09,2.959073249161049e-09,1.4451502526875214e-09
14,2222,202,75,2.0078386460554788e-09,2.9072125607782154e-09,1.3098880411273043e-09
14,2222,202,76,1.4185950554192119e-09,2.394443448177977e-09,1.1292396029221789e-09
14,2222,202,77,1.300019995901048e-09,2.2654692413168438e-09,1.0196405236220213e-09
14,2222,202,78,9.367126483302342e-10,1.6226362064889022e-09,9.083737304918604e-10
14,2222,202,79,8.921177844675848e-10,1.4616392443917197e-09,7.833064392059025e-10
14,2222,202,80,7.436758130077373e-10,1.3827377688458205e-09,7.549084735080454e-10
14,2222,202,81,4.862624439316008e-10,1.1091967134668559e-09,6.601599894999115e-10
14,2222,202,82,4.6127775606178523e-10,1.014912286998566e-09,4.730094653777711e-10
14,2222,202,83,4.247093085246406e-10,8.589166456583903e-10,4.011904759353915e-10
14,2222,202,84,4.123300831072271e-10,7.655680532714115e-10,3.9500906441860927e-10
14,2222,202,85,3.6069189195038705e-10,6.495817626095149e-10,2.6860581443032385e-10
14,2222,202,86,2.5161713867662774e-10,4.178339162992791e-10,2.1431723912774009e-10
14,2222,202,87,2.4273809026644206e-10,4.0307538260696937e-10,1.7683876614485182e-10
14,2222,202,88,2.3122756730233897e-10,3.5208322786018457e-10,1.6279563856179323e-10
14,2222,202,89,1.6493461023491607e-10,3.338621483715235e-10,1.417052524330933e-10
14,2222,202,90,1.0774636253860208e-10,2.66554856207122e-10,1.1980309494024078e-10
14,2222,202,91,8.901685212853504e-11,2.32425228789339e-10,8.971879375668181e-11
14,2222,202,92,6.831887991829426e-11,1.9168875114058805e-10,7.080782420576107e-11
14,2222,202,93,6.651921873939051e-11,1.6919954331691292e-10,6.442963920716658e-11
14,2222,202,94,5.789360323971224e-11,1.2612782237330778e-10,5.676523144764626e-11
14,2222,202,95,4.990802752022367e-11,1.135647741741698e-10,4.190963533366578e-11
14,2222,202,96,3.956066245067219e-11,9.15117815269607e-11,3.7527875356972204e-11
14,2222,202,97,2.4255663434749137e-11,8.783542716259934e-11,3.158205125405904e-11
14,2222,202,98,2.364127731750505e-11,6.954369273758704e-11,2.879530201894288e-11
14,2222,202,99,2.1050399212004677e-11,6.448918692988865e-11,2.2904137298271997e-11
14,2222,202,100,1.8815937819015076e-11,4.93889638537299e-11,2.0106300717868157e-11
14,2222,202,101,1.5166076119048355e-11,4.494699245876628e-11,1.5660728653757787e-11
14,2222,202,102,9.547392320626877e-12,4.115083878590179e-11,1.3759020309384155e-11
14,2222,202,103,8.119631215238852e-12,2.1985643288799214e-11,1.0238876756425146e-11
14,2222,202,104,7.529107498055887e-12,2.0356083358150987e-11,7.438918312572139e-12
14,2222,202,105,5.980413936668586e-12,1.764624151497757e-11,6.236715973029833e-12
14,2222,202,106,3.700813288962755e-12,1.6773009253812796e-11,5.7285177229842705e-12
14,2222,202,107,3.5839860946793297e-12,1.2876639548040095e-11,4.4241769459035335e-12
14,2222,202,108,1.7218249995343931e-12,5.816729657644465e-12,3.899038714910016e-12
14,2222,202,109,1.6395261919740107e-12,5.534432229343684e-12,3.007502919755017e-12
14,2222,202,110,1.5276332332146451e-12,2.4539305365077336e-12,1.9743000242054185e-12
14,2222,202,111,8.026787230660964e-13,2.0010962865653e-12,1.5810154306963557e-12
14,2222,202,112,7.067880991863963e-13,1.9770268902711733e-12,1.2455289224303917e-12
14,2222,202,113,6.683408317305891e-13,1.7762430315804876e-12,8.911021429219865e-13
14,2222,202,114,2.980620704323404e-13,1.2305413205722717e-12,7.280099435633314e-13
14,2222,202,115,2.4128438133936955e-13,9.962419026834653e-13,5.825250694822542e-13
14,2222,202,116,2.011512256829442e-13,5.624442325065245e-13,3.433632020881759e-13
14,2222,202,117,1.2818890565750344e-13,3.9387399161019503e-13,1.933265844836757e-13
14,2222,202,118,1.0565764527788591e-13,3.840800143280755e-13,1.4930544848931972e-13
14,2222,202,119,7.511239487961316e-14,3.353292612470983e-13,1.207828227456537e-13
14,2222,202,120,5.6569087291500304e-14,1.84530618798162e-13,6.93292283482285e-14
14,2222,202,121,3.54128926872898e-14,1.1313627204377303e-13,3.556122493936938e-14
14,2222,202,122,1.8226281184693204e-14,6.977072746921549e-14,1.5349547323679034e-14
14,2222,202,123,1.56169315477662e-14,5.383315041563234e-14,6.166498160390868e-15
14,2222,202,124,9.393677060245669e-15,2.3764143061679204e-14,4.713555787019194e-15
14,2222,202,125,3.0369804499589274e-15,9.810227579560618e-15,4.648610605596032e-15
14,2222,202,126,1.1745908410438334e-15,6.320832162363733e-15,2.310484044365974e-15
14,2222,202,127,9.999999999999981e-16,1.0136280443370579e-15,9.999999999999983e-16
14,2222,202,128,9.999999999999981e-16,9.999999999999995e-16,9.999999999999983e-16
14,2222,303,1,0.8827462646406256,0.8829980005719265,0.8835932340326145
14,2222,303,2,0.048043589777884525,0.0481963471907937,0.048209405799927996
14,2222,303,3,0.030443117071243527,0.030311166491892808,0.030371452929163215
14,2222,303,4,0.01816957160327346,0.018113773232685274,0.01793401465120289
14,2222,303,5,0.008683514488032097,0.008663363372798528,0.008641261776617337
14,2222,303,6,0.0064774787809809865,0.006509264688956208,0.006389478537060215
14,2222,303,7,0.001119148013178648,0.0010125388474141244,0.000995232804147786
14,2222,303,8,0.0009292321087653047,0.0009005896327282606,0.0008758329284894404
14,2222,303,9,0.0006680086838468117,0.0006690268235602758,0.0006567669951437674
14,2222,303,10,0.0006197064404118736,0.0006000421944102396,0.0005253454776839577
14,2222,303,11,0.00037065615891062855,0.00038662072935934143,0.000319768175418676
14,2222,303,12,0.0003315397062209701,0.0002913158876739522,0.00031625783918393726
14,2222,303,13,0.00029888814567689565,0.0002658310734126218,0.0002952083573658518
14,2222,303,14,0.00026113076404645906,0.00024180874164768246,0.00020644901499714381
14,2222,303,15,0.00023220321494680048,0.00023548722179931632,0.00017522098510651922
14,2222,303,16,0.00019764217131072994,0.00018274889321550725,0.00014263716198393412
14,2222,303,17,0.00011258013866628925,0.0001289912661303089,0.00010064204150665021
14,2222,303,18,7.12732375715763e-05,7.6311619300258e-05,6.269914112598186e-05
14,2222,303,19,6.466769756341516e-05,6.245510546687897e-05,5.7517290993857006e-05
14,2222,303,20,4.235351641014232e-05,4.573021871368221e-05,3.6407450372103535e-05
14,2222,303,21,1.5209369690435402e-05,1.601394465260039e-05,1.8609373563957495e-05
14,2222,303,22,1.5112639516680104e-05,1.3185792679860207e-05,1.1047958650217083e-05
14,2222,303,23,1.3022307093256176e-05,1.146654716671919e-05,1.0653344165867004e-05
14,2222,303,24,1.1137517412412747e-05,8.873542866087298e-06,8.211498395902839e-06
14,2222,303,25,1.0427664289785043e-05,8.60601451661769e-06,8.005709316723708e-06
14,2222,303,26,1.0073768161919415e-05,8.261395983972735e-06,6.8300242780190625e-06
14,2222,303,27,6.787010996949966e-06,7.110897703544022e-06,6.030616696443382e-06
14,2222,303,28,6.0278096050029605e-06,6.666650907144107e-06,4.399578575829703e-06
14,2222,303,29,4.978597011393893e-06,4.782198477350773e-06,3.1900341434520583e-06
14,2222,303,30,4.336770687896775e-06,3.298299108664378e-06,2.5199019200475605e-06
14,2222,303,31,3.117229289341084e-06,2.778321366243041e-06,2.432951108909872e-06
14,2222,303,32,2.612586622188643e-06,2.4120530013682868e-06,2.237091033401158e-06
14,2222,303,33,2.197267283427953e-06,2.1761433792641253e-06,1.53649510659221e-06
14,2222,303,34,2.162710152607771e-06,1.916631397072184e-06,1.5147427056417607e-06
14,2222,303,35,1.7818112867222105e-06,1.7643947855498038e-06,1.43773441250281e-06
14,2222,303,36,1.608285456677092e-06,1.6231999096307443e-06,1.2543915103013903e-06
14,2222,303,37,1.326020372730323e-06,1.3970885726478692e-06,9.285777226442006e-07
14,2222,303,38,1.1659802259972e-06,1.3559540795639086e-06,6.626991036381388e-07
14,2222,303,39,1.1069313860355952e-06,1.0576759817195565e-06,5.546643385362237e-07
14,2222,303,40,5.726289329580415e-07,7.290910077004432e-07,5.210471274099776e-07
14,2222,303,41,4.3672057764714216e-07,5.174622273202672e-07,4.5233563358423306e-07
14,2222,303,42,3.2023982582124303e-07,4.633720627298397e-07,3.9503810791857005e-07
14,2222,303,43,2.92362466771256e-07,3.2465498301109333e-07,2.7609186509850074e-07
14,2222,303,44,2.689866582440687e-07,3.2152023229227007e-07,2.60992282733164e-07
14,2222,303,45,2.037235663926271e-07,2.0689006595491934e-07,1.939422295766191e-07
14,2222,303,46,1.5193196333405713e-07,1.8664608891631544e-07,1.6886198701802343e-07
14,2222,303,47,1.2937903399086523e-07,1.3371412830673807e-07,1.2040633668884052e-07
14,2222,303,48,1.1884051181594796e-07,1.1828436562270568e-07,8.838421943340873e-08
14,2222,303,49,1.0032023530901598e-07,1.034480586288448e-07,8.24945426235122e-08
14,2222,303,50,9.785112049038239e-08,8.238296804894574e-08,7.588145393679534e-08
14,2222,303,51,8.135721963948571e-08,8.088274776569503e-08,5.97229086774638e-08
14,2222,303,52,5.6981323583062666e-08,7.837151738871332e-08,4.3519563862422594e-08
14,2222,303,53,4.851671439497217e-08,6.713990278516416e-08,4.2761582101138786e-08
14,2222,303,54,4.333887559043909e-08,6.548056999791884e-08,4.156822593086181e-08
14,2222,303,55,3.604240109315227e-08,4.504933723863613e-08,3.71021267113233e-08
14,2222,303,56,3.521583224408925e-08,4.353989012244205e-08,3.6410160556789926e-08
14,2222,303,57,3.166766554908822e-08,3.7459688512459736e-08,3.254096464606075e-08
14,2222,303,58,2.685258348724517e-08,3.077485224813287e-08,2.480770686867344e-08
14,2222,303,59,2.646105163894562e-08,2.5480827201623583e-08,2.1620206688998044e-08
14,2222,303,60,2.37640222587164e-08,2.0629900620878014e-08,1.8479259506730485e-08
14,2222,303,61,2.1615469766895573e-08,1.761156412178408e-08,1.6638936140861384e-08
14,2222,303,62,1.777300778280464e-08,1.7534967392721298e-08,1.3345997227375149e-08
14,2222,303,63,1.5259546275967017e-08,1.6283259287286332e-08,1.1416516338405414e-08
14,2222,303,64,1.4970212079968727e-08,1.4761866588988e-08,9.974618723720689e-09
14,2222,303,65,1.3680873298478311e-08,1.0424750321093667e-08,8.726878432832931e-09
14,2222,303,66,9.088942403335893e-09,1.0194271159896764e-08,7.993866236941988e-09
14,2222,303,67,6.426603952774905e-09,9.38144871093835e-09,7.0100654199969215e-09
14,2222,303,68,5.634277554966067e-09,8.69684708205728e-09,6.73369493871995e-09
14,2222,303,69,5.069481539261362e-09,7.281413683165305e-09,5.689229440554154e-09
14,2222,303,70,4.9015236919353424e-09,7.241871420345276e-09,3.986270299938358e-09
14,2222,303,71,4.166666306897051e-09,5.987766345196342e-09,3.793533117530516e-09
14,2222,303,72,3.5073692851672486e-09,5.213826794687388e-09,3.241010296106247e-09
14,2222,303,73,2.769945606134789e-09,5.072018569081725e-09,2.6288935796811664e-09
14,2222,303,74,2.3540290860490606e-09,3.305125589500258e-09,2.3804816499087915e-09
14,2222,303,75,2.0078386460554788e-09,2.529384500319914e-09,1.678467246671967e-09
14,2222,303,76,1.4185950554192119e-09,2.345802783826725e-09,1.416933843467792e-09
14,2222,303,77,1.300019995901048e-09,2.3157650174740997e-09,1.2394871400583428e-09
14,2222,303,78,9.367126483302342e-10,1.861751979882237e-09,1.1968386946360915e-09
14,2222,303,79,8.921177844675848e-10,1.4084024996483686e-09,1.012633023250944e-09
14,2222,303,80,7.436758130077373e-10,1.2932366654267227e-09,7.998102599068231e-10
14,2222,303,81,4.862624439316008e-10,1.0619709688111551e-09,5.961700051311378e-10
14,2222,303,82,4.6127775606178523e-10,8.763465852994069e-10,5.755320521317782e-10
14,2222,303,83,4.247093085246406e-10,7.896165091576172e-10,4.943535032994596e-10
14,2222,303,84,4.123300831072271e-10,5.982574537312893e-10,4.0148791729658673e-10
14,2222,303,85,3.6069189195038705e-10,5.166172207851493e-10,3.587171507537614e-10
14,2222,303,86,2.5161713867662774e-10,4.471386918932491e-10,3.3505948384308504e-10
14,2222,303,87,2.4273809026644206e-10,3.7703895913214675e-10,2.745807676187891e-10
14,2222,303,88,2.3122756730233897e-10,2.82570908449731e-10,2.0209728418368783e-10
14,2222,303,89,1.6493461023491607e-10,2.372344289082552e-10,1.8152407819914851e-10
14,2222,303,90,1.0774636253860208e-10,1.8853891171581225e-10,1.6637770116531722e-10
14,2222,303,91,8.901685212853504e-11,1.8667918822206606e-10,1.4557066307855592e-10
14,2222,303,92,6.831887991829426e-11,1.4672617403344818e-10,8.985063632054776e-11
14,2222,303,93,6.651921873939051e-11,1.3502408485837847e-10,8.752333458669422e-11
14,2222,303,94,5.789360323971224e-11,1.2248814067534876e-10,7.388965967577789e-11
14,2222,303,95,4.990802752022367e-11,7.513638430492237e-11,5.727703516852436e-11
14,2222,303,96,3.956066245067219e-11,7.194530931977471e-11,4.786559781639393e-11
14,2222,303,97,2.4255663434749137e-11,4.393630570966599e-11,3.742147416437588e-11
14,2222,303,98,2.364127731750505e-11,4.3333530598366134e-11,3.564703118007094e-11
14,2222,303,99,2.1050399212004677e-11,3.775215334966035e-11,2.7652078730343968e-11
14,2222,303,100,1.8815937819015076e-11,3.2589479907998896e-11,2.5067149872079145e-11
14,2222,303,101,1.5166076119048355e-11,2.957864329994945e-11,1.9765551027674792e-11
14,2222,303,102,9.547392320626877e-12,2.366659819187749e-11,1.5501243328556616e-11
14,2222,303,103,8.119631215238852e-12,2.1812687887156565e-11,1.364405119603221e-11
14,2222,303,104,7.529107498055887e-12,1.634120634801799e-11,1.0581828193139271e-11
14,2222,303,105,5.980413936668586e-12,1.534907252787675e-11,8.756586534099449e-12
14,2222,303,106,3.700813288962755e-12,1.4379459397604147e-11,7.01635187490667e-12
14,2222,303,107,3.5839860946793297e-12,7.940212839920656e-12,5.165507300057602e-12
14,2222,303,108,1.7218249995343931e-12,7.026680237218884e-12,4.121862071499183e-12
14,2222,303,109,1.6395261919740107e-12,4.796573736800288e-12,3.65503163776303e-12
14,2222,303,110,1.5276332332146451e-12,4.720959051925289e-12,2.3141971502528393e-12
14,2222,303,111,8.026787230660964e-13,3.1490207718814046e-12,1.4802681758996083e-12
14,2222,303,112,7.067880991863963e-13,2.609029429405933e-12,1.2524814900149873e-12
14,2222,303,113,6.683408317305891e-13,2.349510365488773e-12,1.0766481825362378e-12
14,2222,303,114,2.980620704323404e-13,1.8242009009821824e-12,7.149439183932405e-13
14,2222,303,115,2.4128438133936955e-13,8.372024365410964e-13,5.471778289788247e-13
14,2222,303,116,2.011512256829442e-13,5.330498218682408e-13,4.2730182746116136e-13
14,2222,303,117,1.2818890565750344e-13,3.390104955116185e-13,2.9286583817235543e-13
14,2222,303,118,1.0565764527788591e-13,2.27066052374514e-13,2.0988201354475306e-13
14,2222,303,119,7.511239487961316e-14,1.4489102241990183e-13,1.5398096561812456e-13
14,2222,303,120,5.6569087291500304e-14,8.943807052127973e-14,6.267171659220873e-14
14,2222,303,121,3.54128926872898e-14,6.748347936759107e-14,4.392060091790147e-14
14,2222,303,122,1.8226281184693204e-14,3.628768251978013e-14,2.0697682299957086e-14
14,2222,303,123,1.56169315477662e-14,2.6592855911713862e-14,9.11637037887073e-15
14,2222,303,124,9.393677060245669e-15,1.2648904425340391e-14,6.208140171574446e-15
14,2222,303,125,3.0369804499589274e-15,1.216364832384761e-14,3.7235724986772225e-15
14,2222,303,126,1.1745908410438334e-15,2.978597676025493e-15,1.2820688818203965e-15
14,2222,303,127,9.999999999999981e-16,9.999999999999983e-16,9.99999999999998e-16
14,2222,303,128,9.999999999999981e-16,9.999999999999983e-16,9.99999999999998e-16
14,2222,404,1,0.8827462646406256,0.883608522966337,0.882681570049387
14,2222,404,2,0.048043589777884525,0.04746141519045269,0.048294658115558976
14,2222,404,3,0.030443117071243527,0.03019661821218486,0.03067973461438394
14,2222,404,4,0.01816957160327346,0.018160484885680395,0.01824620373712191
14,2222,404,5,0.008683514488032097,0.00858446677539916,0.008687088287661588
14,2222,404,6,0.0064774787809809865,0.006426543526934199,0.0064981156797561095
14,2222,404,7,0.001119148013178648,0.0011498099913333766,0.000983258060950704
14,2222,404,8,0.0009292321087653047,0.0009717778421302203,0.000870199042818349
14,2222,404,9,0.0006680086838468117,0.0006706154446779383,0.0006609263664963943
14,2222,404,10,0.0006197064404118736,0.0005629139103866237,0.0005618966061828483
14,2222,404,11,0.00037065615891062855,0.0004536602439229931,0.00032365701340642537
14,2222,404,12,0.0003315397062209701,0.00037475898562967834,0.00030289842031600055
14,2222,404,13,0.00029888814567689565,0.0002763943387892955,0.0002870520275144752
14,2222,404,14,0.00026113076404645906,0.0002547891247984007,0.00020798835396487194
14,2222,404,15,0.00023220321494680048,0.00022551547426413927,0.00019930785725760745
14,2222,404,16,0.00019764217131072994,0.00019499196737639163,0.00016256163850798195
14,2222,404,17,0.00011258013866628925,0.00010864627967920248,9.71096574004209e-05
14,2222,404,18,7.12732375715763e-05,7.634556316831765e-05,6.522571818482224e-05
14,2222,404,19,6.466769756341516e-05,7.092027985644212e-05,6.023553023589745e-05
14,2222,404,20,4.235351641014232e-05,3.507667406521373e-05,3.844333318643689e-05
14,2222,404,21,1.5209369690435402e-05,1.9680144462053114e-05,1.52630369895356e-05
14,2222,404,22,1.5112639516680104e-05,1.849488215879824e-05,1.1383990108541252e-05
14,2222,404,23,1.3022307093256176e-05,1.4485246050443147e-05,9.943767507932435e-06
14,2222,404,24,1.1137517412412747e-05,1.3112105324642472e-05,8.852229105613339e-06
14,2222,404,25,1.0427664289785043e-05,1.1516240249584276e-05,8.65790192718398e-06
14,2222,404,26,1.0073768161919415e-05,1.0465231929206384e-05,7.532510082185149e-06
14,2222,404,27,6.787010996949966e-06,7.281190398919034e-06,5.673485863921691e-06
14,2222,404,28,6.0278096050029605e-06,6.705748507743461e-06,3.4426726984975433e-06
14,2222,404,29,4.978597011393893e-06,6.042045890400031e-06,3.0407554620363764e-06
14,2222,404,30,4.336770687896775e-06,3.968152468097324e-06,2.6314482965914083e-06
14,2222,404,31,3.117229289341084e-06,3.3852572195819264e-06,2.5309277834317398e-06
14,2222,404,32,2.612586622188643e-06,2.8247119465398134e-06,1.9924171517148533e-06
14,2222,404,33,2.197267283427953e-06,2.648839053071525e-06,1.477016966441505e-06
14,2222,404,34,2.162710152607771e-06,2.323481828685481e-06,1.4382806795683023e-06
14,2222,404,35,1.7818112867222105e-06,2.268077618757492e-06,1.2587713845447757e-06
14,2222,404,36,1.608285456677092e-06,1.6888215370444433e-06,1.040110407069802e-06
14,2222,404,37,1.326020372730323e-06,1.6234207935908965e-06,9.767084334109553e-07
14,2222,404,38,1.1659802259972e-06,1.4858724860166969e-06,8.645702278929366e-07
14,2222,404,39,1.1069313860355952e-06,1.0438209549760584e-06,6.597742147455537e-07
14,2222,404,40,5.726289329580415e-07,7.624718451153485e-07,6.365186770277869e-07
14,2222,404,41,4.3672057764714216e-07,6.502209028044193e-07,5.529502056370046e-07
14,2222,404,42,3.2023982582124303e-07,4.4134416865846275e-07,3.2931826880716205e-07
14,2222,404,43,2.92362466771256e-07,3.273888040717034e-07,2.4784813200059524e-07
14,2222,404,44,2.689866582440687e-07,3.253501611213099e-07,1.9005294329897952e-07
14,2222,404,45,2.037235663926271e-07,2.9909374164694924e-07,1.8575182813316487e-07
14,2222,404,46,1.5193196333405713e-07,2.8127864282226887e-07,1.6030038731557674e-07
14,2222,404,47,1.2937903399086523e-07,2.1642326953636617e-07,1.4967193612386562e-07
14,2222,404,48,1.1884051181594796e-07,1.9867452767083453e-07,1.1831551187624572e-07
14,2222,404,49,1.0032023530901598e-07,1.857816632794505e-07,9.388369996179088e-08
14,2222,404,50,9.785112049038239e-08,1.3424363527343917e-07,7.153535196144869e-08
14,2222,404,51,8.135721963948571e-08,1.277656331408083e-07,6.292752273712854e-08
14,2222,404,52,5.6981323583062666e-08,1.0064386133200106e-07,5.606706008138024e-08
14,2222,404,53,4.851671439497217e-08,7.087825281080689e-08,4.507256000773459e-08
14,2222,404,54,4.333887559043909e-08,6.687291111212184e-08,4.192727735419392e-08
14,2222,404,55,3.604240109315227e-08,5.957571995853632e-08,3.5850265893857056e-08
14,2222,404,56,3.521583224408925e-08,5.852805203122434e-08,3.1100649232411136e-08
14,2222,404,57,3.166766554908822e-08,5.2654067665223765e-08,2.6256459509039962e-08
14,2222,404,58,2.685258348724517e-08,4.589400956567514e-08,2.5175949175926573e-08
14,2222,404,59,2.646105163894562e-08,3.241133606105727e-08,2.320296319665335e-08
14,2222,404,60,2.37640222587164e-08,3.1177526022329235e-08,1.5888042115132027e-08
14,2222,404,61,2.1615469766895573e-08,3.0110701105832755e-08,1.5658417747499857e-08
14,2222,404,62,1.777300778280464e-08,2.4257662276921265e-08,1.3021845884209894e-08
14,2222,404,63,1.5259546275967017e-08,2.1485776387161554e-08,1.2486607247012893e-08
14,2222,404,64,1.4970212079968727e-08,2.0417698515998536e-08,9.721056379189236e-09
14,2222,404,65,1.3680873298478311e-08,2.0195325428983553e-08,9.425989095588374e-09
14,2222,404,66,9.088942403335893e-09,1.66231088035739e-08,7.389137271232624e-09
14,2222,404,67,6.426603952774905e-09,1.472407607851002e-08,6.42171097418003e-09
14,2222,404,68,5.634277554966067e-09,1.0850332383952754e-08,6.118656306544772e-09
14,2222,404,69,5.069481539261362e-09,9.742079253542939e-09,4.4347038781588175e-09
14,2222,404,70,4.9015236919353424e-09,8.561210991507342e-09,4.069168195126598e-09
14,2222,404,71,4.166666306897051e-09,6.611975625712926e-09,2.822280302223935e-09
14,2222,404,72,3.5073692851672486e-09,4.808783774857102e-09,2.617251010961787e-09
14,2222,404,73,2.769945606134789e-09,4.571420474464547e-09,2.2351995199412464e-09
14,2222,404,74,2.3540290860490606e-09,3.86533365167608e-09,1.9523874658254517e-09
14,2222,404,75,2.0078386460554788e-09,2.844053625152738e-09,1.6741854126210399e-09
14,2222,404,76,1.4185950554192119e-09,2.6473309241291137e-09,1.4737618395356103e-09
14,2222,404,77,1.300019995901048e-09,2.5408364305910877e-09,1.2048323022203035e-09
14,2222,404,78,9.367126483302342e-10,2.048157719320493e-09,1.0901541432405614e-09
14,2222,404,79,8.921177844675848e-10,1.8231107168393417e-09,9.667472276793883e-10
14,2222,404,80,7.436758130077373e-10,1.57478636803695e-09,9.306161022487034e-10
14,2222,404,81,4.862624439316008e-10,1.5575369317724499e-09,7.547951820333844e-10
14,2222,404,82,4.6127775606178523e-10,1.254848594801784e-09,5.997542304010764e-10
14,2222,404,83,4.247093085246406e-10,1.0284837908514915e-09,4.781559102773604e-10
14,2222,404,84,4.123300831072271e-10,8.660203876518502e-10,3.5399962301226943e-10
14,2222,404,85,3.6069189195038705e-10,8.426638946344982e-10,3.0094423208271347e-10
14,2222,404,86,2.5161713867662774e-10,6.66181276819954e-10,2.6215603951233396e-10
14,2222,404,87,2.4273809026644206e-10,5.570503191733151e-10,2.346057440646259e-10
14,2222,404,88,2.3122756730233897e-10,4.732111056180012e-10,2.045468742287219e-10
14,2222,404,89,1.6493461023491607e-10,4.008297561648195e-10,1.6582716333786565e-10
14,2222,404,90,1.0774636253860208e-10,3.90531894388733e-10,1.456446379158602e-10
14,2222,404,91,8.901685212853504e-11,2.9763388558041074e-10,1.1941594786267755e-10
14,2222,404,92,6.831887991829426e-11,2.6759476670239114e-10,9.30361942041908e-11
14,2222,404,93,6.651921873939051e-11,2.2824884170738018e-10,7.603992290210588e-11
14,2222,404,94,5.789360323971224e-11,2.0759973201503761e-10,7.086832482274051e-11
14,2222,404,95,4.990802752022367e-11,1.6426285808940785e-10,4.96141868941068e-11
14,2222,404,96,3.956066245067219e-11,1.5166669723502427e-10,4.82924711952829e-11
14,2222,404,97,2.4255663434749137e-11,1.4119797005120126e-10,3.8211943053406186e-11
14,2222,404,98,2.364127731750505e-11,9.608063303080895e-11,3.2334809978478703e-11
14,2222,404,99,2.1050399212004677e-11,7.584386409513393e-11,2.995099100681527e-11
14,2222,404,100,1.8815937819015076e-11,6.232322574255024e-11,2.6694226996746328e-11
14,2222,404,101,1.5166076119048355e-11,5.491192629474387e-11,1.799310150576223e-11
14,2222,404,102,9.547392320626877e-12,5.0701209224086075e-11,1.734629396053799e-11
14,2222,404,103,8.119631215238852e-12,4.732245130292007e-11,1.4707124387248986e-11
14,2222,404,104,7.529107498055887e-12,3.742746887176207e-11,1.1048726419188758e-11
14,2222,404,105,5.980413936668586e-12,2.466196430805868e-11,1.037692997927408e-11
14,2222,404,106,3.700813288962755e-12,2.189955230684996e-11,6.143607298656997e-12
14,2222,404,107,3.5839860946793297e-12,2.0399874068041845e-11,4.827817883011559e-12
14,2222,404,108,1.7218249995343931e-12,1.442910254734408e-11,3.618693368808581e-12
14,2222,404,109,1.6395261919740107e-12,1.1142623813064008e-11,3.1338630418006024e-12
14,2222,404,110,1.5276332332146451e-12,9.996934746389829e-12,3.0613909394096477e-12
14,2222,404,111,8.026787230660964e-13,8.7274177800347e-12,1.9282255515575456e-12
14,2222,404,112,7.067880991863963e-13,7.444592869420046e-12,1.3746299273279384e-12
14,2222,404,113,6.683408317305891e-13,4.267476501993077e-12,8.965270059842762e-13
14,2222,404,114,2.980620704323404e-13,2.950439968005013e-12,8.176708187126184e-13
14,2222,404,115,2.4128438133936955e-13,2.5450026950477667e-12,6.550554106019133e-13
14,2222,404,116,2.011512256829442e-13,2.500980594557426e-12,4.410975407127262e-13
14,2222,404,117,1.2818890565750344e-13,1.7120795081664307e-12,3.6070511704854723e-13
14,2222,404,118,1.0565764527788591e-13,1.0504332638304025e-12,1.2576262172200055e-13
14,2222,404,119,7.511239487961316e-14,8.449488901911432e-13,1.176040980406808e-13
14,2222,404,120,5.6569087291500304e-14,3.8966112024761213e-13,5.136743404488045e-14
14,2222,404,121,3.54128926872898e-14,1.6730211077618934e-13,4.146636388239961e-14
14,2222,404,122,1.8226281184693204e-14,1.1487587253088125e-13,2.8238027979375528e-14
14,2222,404,123,1.56169315477662e-14,6.196530744404566e-14,1.6930641678687435e-14
14,2222,404,124,9.393677060245669e-15,4.452450674898388e-14,6.216088257983641e-15
14,2222,404,125,3.0369804499589274e-15,1.862460641365548e-14,5.943226577798489e-15
14,2222,404,126,1.1745908410438334e-15,1.1595881942815781e-14,9.999999999999977e-16
14,2222,404,127,9.999999999999981e-16,5.788744064352197e-15,9.999999999999977e-16
14,2222,404,128,9.999999999999981e-16,1.9862538493069648e-15,9.999999999999977e-16
14,2222,505,1,0.8827462646406256,0.8836025859849878,0.8831285797294911
14,2222,505,2,0.048043589777884525,0.0474821504745112,0.04802624719128415
14,2222,505,3,0.030443117071243527,0.030338853043769428,0.030510250121068366
14,2222,505,4,0.01816957160327346,0.018146970524664262,0.0182195460805494
14,2222,505,5,0.008683514488032097,0.008744904005625664,0.008748165921379785
14,2222,505,6,0.0064774787809809865,0.006433431424071704,0.00646938697630521
14,2222,505,7,0.001119148013178648,0.0011315104798547786,0.0010282874277181126
14,2222,505,8,0.0009292321087653047,0.0008025128047489981,0.0008235250028007402
14,2222,505,9,0.0006680086838468117,0.0006989897649294054,0.0006691614211270715
14,2222,505,10,0.0006197064404118736,0.0006006703376935001,0.0005544417325797672
14,2222,505,11,0.00037065615891062855,0.0003962138470011403,0.00029985017256032117
14,2222,505,12,0.0003315397062209701,0.0003222865792489862,0.0002927537851136547
14,2222,505,13,0.00029888814567689565,0.00027941528806178675,0.00028040339328090413
14,2222,505,14,0.00026113076404645906,0.00023079306458690722,0.00022403736887731212
14,2222,505,15,0.00023220321494680048,0.000204554755041531,0.0002051106622046007
14,2222,505,16,0.00019764217131072994,0.00019089582709363938,0.00016047651465119492
14,2222,505,17,0.00011258013866628925,8.80471539002321e-05,0.00010223831704985484
14,2222,505,18,7.12732375715763e-05,8.30931073919794e-05,6.939007728874737e-05
14,2222,505,19,6.466769756341516e-05,6.734719413099529e-05,5.7269183095390646e-05
14,2222,505,20,4.235351641014232e-05,3.871950876822467e-05,3.432267161250893e-05
14,2222,505,21,1.5209369690435402e-05,1.7142993321484815e-05,1.560242466629071e-05
14,2222,505,22,1.5112639516680104e-05,1.5909507482376142e-05,1.2911799376489465e-05
14,2222,505,23,1.3022307093256176e-05,1.3816763280903168e-05,1.0948553409465288e-05
14,2222,505,24,1.1137517412412747e-05,1.0315450792093306e-05,1.0085367379022736e-05
14,2222,505,25,1.0427664289785043e-05,1.0210100262666171e-05,8.198529262343575e-06
14,2222,505,26,1.0073768161919415e-05,8.584886929464842e-06,6.61520615300981e-06
14,2222,505,27,6.787010996949966e-06,6.7974116730316915e-06,4.9249269711632205e-06
14,2222,505,28,6.0278096050029605e-06,5.4859509987595285e-06,4.54564727976126e-06
14,2222,505,29,4.978597011393893e-06,4.878063941895664e-06,3.283453980391146e-06
14,2222,505,30,4.336770687896775e-06,3.934716861104073e-06,3.2112619979023092e-06
14,2222,505,31,3.117229289341084e-06,2.708648871114715e-06,2.5183897260917537e-06
14,2222,505,32,2.612586622188643e-06,2.5933991155296957e-06,2.0406151066326908e-06
14,2222,505,33,2.197267283427953e-06,2.1196212563295907e-06,1.6406164454485828e-06
14,2222,505,34,2.162710152607771e-06,1.8045011287008396e-06,1.5135658937772265e-06
14,2222,505,35,1.7818112867222105e-06,1.6709670142040807e-06,1.1984941066651335e-06
14,2222,505,36,1.608285456677092e-06,1.4038624406345862e-06,1.1661566324289245e-06
14,2222,505,37,1.326020372730323e-06,1.2198203986971376e-06,1.128596939872888e-06
14,2222,505,38,1.1659802259972e-06,9.63901695446007e-07,9.068880771317826e-07
14,2222,505,39,1.1069313860355952e-06,8.506489103440028e-07,7.276764343467636e-07
14,2222,505,40,5.726289329580415e-07,6.543037093896253e-07,7.089211601492231e-07
14,2222,505,41,4.3672057764714216e-07,4.640124671990822e-07,5.278103902893989e-07
14,2222,505,42,3.2023982582124303e-07,3.9026523136755896e-07,4.1003408477185556e-07
14,2222,505,43,2.92362466771256e-07,3.4914632402333256e-07,2.4862310971592253e-07
14,2222,505,44,2.689866582440687e-07,3.3653982946160033e-07,2.3401440656467826e-07
14,2222,505,45,2.037235663926271e-07,2.1229371008672404e-07,2.0919906972352316e-07
14,2222,505,46,1.5193196333405713e-07,2.0730920619533416e-07,1.8666773040237537e-07
14,2222,505,47,1.2937903399086523e-07,1.5735030706819136e-07,1.229658004423581e-07
14,2222,505,48,1.1884051181594796e-07,1.1167360810414498e-07,1.0582007493568182e-07
14,2222,505,49,1.0032023530901598e-07,9.134596573057748e-08,8.818287216225812e-08
14,2222,505,50,9.785112049038239e-08,7.991993217370892e-08,8.001995795857635e-08
14,2222,505,51,8.135721963948571e-08,7.613527749266757e-08,6.35402655882513e-08
14,2222,505,52,5.6981323583062666e-08,7.35152401749631e-08,5.5441688212315956e-08
14,2222,505,53,4.851671439497217e-08,5.725774635380393e-08,4.9457975728974164e-08
14,2222,505,54,4.333887559043909e-08,5.31261301261797e-08,4.314042161191093e-08
14,2222,505,55,3.604240109315227e-08,5.2982357553354636e-08,3.498683702292803e-08
14,2222,505,56,3.521583224408925e-08,4.3579698170417755e-08,3.4227837596694244e-08
14,2222,505,57,3.166766554908822e-08,3.633725402550694e-08,2.4988768148835734e-08
14,2222,505,58,2.685258348724517e-08,2.282907975967932e-08,2.3067706245189142e-08
14,2222,505,59,2.646105163894562e-08,2.1633142327893847e-08,1.5785511912362418e-08
14,2222,505,60,2.37640222587164e-08,2.0511327220745997e-08,1.492008580444841e-08
14,2222,505,61,2.1615469766895573e-08,1.6836760099489406e-08,1.3647254586929878e-08
14,2222,505,62,1.777300778280464e-08,1.5534288792623876e-08,1.252962441009058e-08
14,2222,505,63,1.5259546275967017e-08,1.525012618803484e-08,1.1337968342363491e-08
14,2222,505,64,1.4970212079968727e-08,1.175088612955865e-08,9.84210922667987e-09
14,2222,505,65,1.3680873298478311e-08,1.1046024828357655e-08,9.18423817708242e-09
14,2222,505,66,9.088942403335893e-09,1.0029079507627742e-08,7.239410952443156e-09
14,2222,505,67,6.426603952774905e-09,8.441257896859048e-09,5.683065394230036e-09
14,2222,505,68,5.634277554966067e-09,7.108491814720638e-09,5.282897009790744e-09
14,2222,505,69,5.069481539261362e-09,5.408097255840212e-09,4.354071549059111e-09
14,2222,505,70,4.9015236919353424e-09,4.000451166328933e-09,4.242322048317456e-09
14,2222,505,71,4.166666306897051e-09,3.810148421764129e-09,3.2162449036624013e-09
14,2222,505,72,3.5073692851672486e-09,3.3655207266794682e-09,2.8512938543184523e-09
14,2222,505,73,2.769945606134789e-09,2.6109451361717682e-09,2.566211286428845e-09
14,2222,505,74,2.3540290860490606e-09,2.5655319547677244e-09,2.555054309594818e-09
14,2222,505,75,2.0078386460554788e-09,2.0565008855355368e-09,1.7372315853018495e-09
14,2222,505,76,1.4185950554192119e-09,1.8590665061628215e-09,1.5179727376625903e-09
14,2222,505,77,1.300019995901048e-09,1.6153224316268327e-09,1.370541255156107e-09
14,2222,505,78,9.367126483302342e-10,1.408083386057317e-09,1.2271309848319992e-09
14,2222,505,79,8.921177844675848e-10,9.94395241297051e-10,1.0720099112102702e-09
14,2222,505,80,7.436758130077373e-10,7.857178705159427e-10,8.943682424658704e-10
14,2222,505,81,4.862624439316008e-10,7.300620540566275e-10,7.949569663639733e-10
14,2222,505,82,4.6127775606178523e-10,7.11404901240971e-10,6.384479931604535e-10
14,2222,505,83,4.247093085246406e-10,5.22565718730687e-10,5.360747381577152e-10
14,2222,505,84,4.123300831072271e-10,4.2800972420902743e-10,3.590496941817485e-10
14,2222,505,85,3.6069189195038705e-10,4.158986031051348e-10,2.5122175301131817e-10
14,2222,505,86,2.5161713867662774e-10,3.683439168733978e-10,2.2370344636088308e-10
14,2222,505,87,2.4273809026644206e-10,2.9451302755360585e-10,1.682025572229275e-10
14,2222,505,88,2.3122756730233897e-10,2.4504899172880324e-10,1.4985909699410083e-10
14,2222,505,89,1.6493461023491607e-10,2.2852381424713034e-10,1.3527108794467312e-10
14,2222,505,90,1.0774636253860208e-10,2.2767518333371043e-10,1.2313150408671175e-10
14,2222,505,91,8.901685212853504e-11,1.5155506911154531e-10,8.87961879697357e-11
14,2222,505,92,6.831887991829426e-11,1.2272669494484924e-10,7.127235987106351e-11
14,2222,505,93,6.651921873939051e-11,1.0308730867683418e-10,6.578998340332786e-11
14,2222,505,94,5.789360323971224e-11,8.751019494251943e-11,5.2451705398574257e-11
14,2222,505,95,4.990802752022367e-11,7.934057763889856e-11,4.6287071187579326e-11
14,2222,505,96,3.956066245067219e-11,7.682765555883043e-11,3.853401937453441e-11
14,2222,505,97,2.4255663434749137e-11,5.118650806250123e-11,3.244965971915102e-11
14,2222,505,98,2.364127731750505e-11,4.9567449494852954e-11,2.366107938814507e-11
14,2222,505,99,2.1050399212004677e-11,3.034952523758694e-11,1.8895415852635248e-11
14,2222,505,100,1.8815937819015076e-11,2.8508860649888848e-11,1.755016322378764e-11
14,2222,505,101,1.5166076119048355e-11,2.5243933994980963e-11,1.5162513187576228e-11
14,2222,505,102,9.547392320626877e-12,2.3576566811015473e-11,1.2222870032450328e-11
14,2222,505,103,8.119631215238852e-12,1.390702827191676e-11,1.1337110963704629e-11
14,2222,505,104,7.529107498055887e-12,1.0879596374133802e-11,7.96562358710346e-12
14,2222,505,105,5.980413936668586e-12,8.218133989822155e-12,7.0525080017693654e-12
14,2222,505,106,3.700813288962755e-12,7.452000007742207e-12,5.7249307879203976e-12
14,2222,505,107,3.5839860946793297e-12,6.297762593713204e-12,5.159887464473814e-12
14,2222,505,108,1.7218249995343931e-12,4.707443098536994e-12,3.032588807988767e-12
14,2222,505,109,1.6395261919740107e-12,4.664701870734515e-12,2.424717301936437e-12
14,2222,505,110,1.5276332332146451e-12,3.5698359951422455e-12,2.0709579836892754e-12
14,2222,505,111,8.026787230660964e-13,2.168188255428134e-12,1.7755932314068147e-12
14,2222,505,112,7.067880991863963e-13,1.6833577306134206e-12,1.1272790964730676e-12
14,2222,505,113,6.683408317305891e-13,1.2103110195600006e-12,7.370943931234291e-13
14,2222,505,114,2.980620704323404e-13,1.0661858866053553e-12,5.654078524583732e-13
14,2222,505,115,2.4128438133936955e-13,5.796674158451183e-13,4.76066465925298e-13
14,2222,505,116,2.011512256829442e-13,4.158674373895776e-13,3.1414154911390665e-13
14,2222,505,117,1.2818890565750344e-13,2.619450983859849e-13,1.5992969842233856e-13
14,2222,505,118,1.0565764527788591e-13,2.3001053412356764e-13,1.2268716176176035e-13
14,2222,505,119,7.511239487961316e-14,2.0989644672778153e-13,1.0386356400554377e-13
14,2222,505,120,5.6569087291500304e-14,7.012176568682007e-14,8.099570258719229e-14
14,2222,505,121,3.54128926872898e-14,5.895138780127967e-14,5.164517963421044e-14
14,2222,505,122,1.8226281184693204e-14,4.640556272153445e-14,3.533462221839549e-14
14,2222,505,123,1.56169315477662e-14,3.6890379183012905e-14,1.6703775244687127e-14
14,2222,505,124,9.393677060245669e-15,2.923108105829567e-14,1.1727853035773543e-14
14,2222,505,125,3.0369804499589274e-15,1.0088731665261837e-14,5.737002514747596e-15
14,2222,505,126,1.1745908410438334e-15,9.999999999999989e-16,1.3634817991947672e-15
14,2222,505,127,9.999999999999981e-16,9.999999999999989e-16,9.999999999999971e-16
14,2222,505,128,9.999999999999981e-16,9.999999999999989e-16,9.999999999999971e-16
14,3333,101,1,0.8895409892237934,0.8900797871930605,0.8894790954424667
14,3333,101,2,0.05965616158530138,0.059801851433513444,0.0600063672763917
14,3333,101,3,0.017773211078336078,0.01748515901471235,0.017863501825870758
14,3333,101,4,0.013105291899941666,0.013213970485700376,0.013082634183945766
14,3333,101,5,0.010271265933554064,0.010184705493284662,0.01031312191076568
14,3333,101,6,0.004601001679137425,0.004511714806793047,0.00462632601690265
14,3333,101,7,0.0011628483432642885,0.0010904720020788565,0.0011564491928694222
14,3333,101,8,0.0011517722962185515,0.000961998006769004,0.0011369906987102399
14,3333,101,9,0.0006707118333214564,0.000741291703202861,0.000599077862479012
14,3333,101,10,0.00047643859308722525,0.0004345891455320169,0.0003307593468125669
14,3333,101,11,0.0002990975485769874,0.00026477233945048707,0.00028582728194168853
14,3333,101,12,0.0002829265311686436,0.00026331380240357977,0.00025336281640807225
14,3333,101,13,0.0002163430517349633,0.00020306260849553461,0.00021579647872606013
14,3333,101,14,0.00020867251045319712,0.00019511880303755538,0.00016717306183437378
14,3333,101,15,0.00015695054657914744,0.00013610379118519472,0.00012813395596334955
14,3333,101,16,0.00010902232448567977,0.0001178274668463353,9.348225504149226e-05
14,3333,101,17,7.76830834419201e-05,9.055584087217327e-05,6.46342263365555e-05
14,3333,101,18,6.205289221133134e-05,5.7621513942213856e-05,4.459124526359322e-05
14,3333,101,19,3.383312341611046e-05,4.168772259502936e-05,3.057609401107492e-05
14,3333,101,20,2.9759504231225205e-05,2.8342362245218445e-05,2.626513646525073e-05
14,3333,101,21,2.2947273551121922e-05,1.6404344132260646e-05,2.0782533652669128e-05
14,3333,101,22,1.561753234541404e-05,1.3493078282705384e-05,1.42170124856934e-05
14,3333,101,23,1.3104415467681353e-05,1.0396642547670394e-05,1.037314632443449e-05
14,3333,101,24,1.09159489088721e-05,9.129997971833102e-06,9.129046161711964e-06
14,3333,101,25,7.771845444059476e-06,6.641114678031827e-06,8.32314216543467e-06
14,3333,101,26,6.33051036253417e-06,5.986282184402331e-06,5.577817948955952e-06
14,3333,101,27,5.413392086926697e-06,5.166797295312173e-06,5.5431196228217225e-06
14,3333,101,28,5.251959580194975e-06,4.394087317361037e-06,3.46429938310533e-06
14,3333,101,29,5.0545865104657905e-06,3.640479104701722e-06,2.8028127445112786e-06
14,3333,101,30,3.6911162113206894e-06,3.1400116306156456e-06,2.16535144888368e-06
14,3333,101,31,3.3576296191848758e-06,2.9391487923644134e-06,1.9521253556706532e-06
14,3333,101,32,2.170017516241773e-06,2.352778256924726e-06,1.8865598636704292e-06
14,3333,101,33,1.7384037463045412e-06,1.945586941557874e-06,1.5287793753065778e-06
14,3333,101,34,1.5915879341939108e-06,1.7582850207973043e-06,1.2808925761850132e-06
14,3333,101,35,1.3980142473316893e-06,1.5498931883347318e-06,1.1459626409347239e-06
14,3333,101,36,1.2109138693533393e-06,1.3473533796941238e-06,9.099114847960979e-07
14,3333,101,37,9.336241278374926e-07,1.0266356326608457e-06,7.539142213535201e-07
14,3333,101,38,7.908320955024507e-07,9.446432165889224e-07,6.230340222746947e-07
14,3333,101,39,7.402840279543429e-07,6.065828178188621e-07,5.015152552449551e-07
14,3333,101,40,6.631245606221044e-07,5.378119270114718e-07,4.5335334104028257e-07
14,3333,101,41,5.893118016299023e-07,4.4313310212205184e-07,3.836287832350316e-07
14,3333,101,42,4.996690247618429e-07,3.699404466952354e-07,3.762635238276471e-07
14,3333,101,43,4.30586774809457e-07,3.1888168873856306e-07,2.9394277996014786e-07
14,3333,101,44,2.8771047948617623e-07,1.954159997096332e-07,2.616375189600984e-07
14,3333,101,45,2.2638982910665362e-07,1.917853472829549e-07,2.0857560903506572e-07
14,3333,101,46,2.0265061267216273e-07,1.7166450966830988e-07,1.552995298352137e-07
14,3333,101,47,1.4753855724702818e-07,1.5132105350771916e-07,1.3388519268284595e-07
14,3333,101,48,1.271555779083704e-07,1.139260443892064e-07,1.0897957694416727e-07
14,3333,101,49,1.0811605789264557e-07,9.486993435258927e-08,7.929736430948163e-08
14,3333,101,50,8.780442107004166e-08,8.841677885712184e-08,6.675631926291082e-08
14,3333,101,51,7.066200172696904e-08,7.218692387616698e-08,4.8710150079648704e-08
14,3333,101,52,6.955682092932687e-08,6.856052255540764e-08,4.801459826749282e-08
14,3333,101,53,6.29441608500565e-08,5.971097232018975e-08,3.405902937965396e-08
14,3333,101,54,5.7421162379037285e-08,5.047028265208391e-08,3.357827951106892e-08
14,3333,101,55,3.840850225444285e-08,3.911355404846732e-08,2.993658163316183e-08
14,3333,101,56,3.6919594890394693e-08,3.195658463932082e-08,2.3382073756587974e-08
14,3333,101,57,3.271905305908208e-08,3.1128192276625986e-08,1.744166521725689e-08
14,3333,101,58,2.5898837015671794e-08,2.1333212948965075e-08,1.545261117657446e-08
14,3333,101,59,2.499855414190056e-08,1.791508944553673e-08,1.3501685526643525e-08
14,3333,101,60,1.8809315839561102e-08,1.5471609062904282e-08,1.129820511355512e-08
14,3333,101,61,1.842345576505392e-08,1.4839858226863652e-08,9.765445487890486e-09
14,3333,101,62,1.7192779157168088e-08,1.1375209929116311e-08,8.68888965959928e-09
14,3333,101,63,1.3461313735899193e-08,1.1081079626627117e-08,7.89821108637056e-09
14,3333,101,64,1.2625603264573875e-08,8.384216102209185e-09,6.165082880807892e-09
14,3333,101,65,1.0214904348189948e-08,7.313186965573342e-09,5.840499539109079e-09
14,3333,101,66,9.178155864973614e-09,6.709975038990089e-09,5.118454175648202e-09
14,3333,101,67,8.873898132231855e-09,6.208332592792833e-09,4.71264543485711e-09
14,3333,101,68,5.63915474560754e-09,6.064901921086598e-09,3.732749734652971e-09
14,3333,101,69,4.919410753736868e-09,5.842318088431864e-09,3.503764540850596e-09
14,3333,101,70,4.512895976143903e-09,4.005513859850708e-09,3.1806291267185646e-09
14,3333,101,71,3.4654510576616787e-09,3.428045848488713e-09,2.2793619340614684e-09
14,3333,101,72,2.8973205841172263e-09,2.8961697005479214e-09,2.1684164916136814e-09
14,3333,101,73,2.6294453557850018e-09,2.619209441223496e-09,1.8731964179319727e-09
14,3333,101,74,2.4390833242160367e-09,2.3089949089481448e-09,1.7486040417943278e-09
14,3333,101,75,1.7916462391656294e-09,2.107742093387956e-09,1.6028796290600918e-09
14,3333,101,76,1.518184189280444e-09,1.6010202996846682e-09,1.1919950299891395e-09
14,3333,101,77,1.2084071869474017e-09,1.5147800039454991e-09,1.17158324409201e-09
14,3333,101,78,1.125178038096557e-09,1.218276000052922e-09,7.571488265905588e-10
14,3333,101,79,1.0470258141208864e-09,1.0469719576558088e-09,7.134777233220651e-10
14,3333,101,80,8.463852145485735e-10,7.972322592343515e-10,6.114642559277626e-10
14,3333,101,81,6.329240910058223e-10,7.213211937377778e-10,5.939229071163692e-10
14,3333,101,82,6.250555187173841e-10,5.447106545596727e-10,4.3812921305596843e-10
14,3333,101,83,5.338141792319277e-10,5.087236141865757e-10,3.263356041171498e-10
14,3333,101,84,3.6186464191333754e-10,3.8180944254589105e-10,2.790040356661063e-10
14,3333,101,85,3.171904771139555e-10,3.631744795840364e-10,2.392904300352479e-10
14,3333,101,86,3.162582455721986e-10,2.9515725061086554e-10,1.8378642438771578e-10
14,3333,101,87,2.387842269520534e-10,2.534687212882149e-10,1.6702573065349584e-10
14,3333,101,88,2.0313058830741682e-10,2.330908206695707e-10,1.4009179651876553e-10
14,3333,101,89,1.8616302172285534e-10,1.979881978086365e-10,1.182760507848373e-10
14,3333,101,90,1.2534612514690246e-10,1.3954428605045533e-10,8.359939111953316e-11
14,3333,101,91,1.1081847812796061e-10,1.2667197553299649e-10,7.335766183080603e-11
14,3333,101,92,6.767901758015672e-11,1.0888587387354036e-10,5.6377020820920983e-11
14,3333,101,93,6.553621086465082e-11,8.60403340344967e-11,5.267924335513907e-11
14,3333,101,94,5.839727461829915e-11,6.832860324514044e-11,4.451364580620897e-11
14,3333,101,95,5.700351347067491e-11,5.887863696736903e-11,3.670843431773336e-11
14,3333,101,96,4.4121981482424514e-11,4.781710891672005e-11,3.355648557460264e-11
14,3333,101,97,3.796861959670256e-11,3.198364833100433e-11,2.6032921033187797e-11
14,3333,101,98,2.5218200109587414e-11,2.853215637148514e-11,2.1738269471005946e-11
14,3333,101,99,2.299415970058476e-11,2.2230084187341394e-11,1.403157254158358e-11
14,3333,101,100,1.820215697308839e-11,2.1746190412559307e-11,1.150592499450541e-11
14,3333,101,101,1.3399297073422847e-11,1.8894533333115402e-11,1.1180667809083924e-11
14,3333,101,102,1.2945215124109597e-11,1.7810928874220335e-11,8.105691909441917e-12
14,3333,101,103,1.0708925111624979e-11,1.4180992177346351e-11,7.843687795896475e-12
14,3333,101,104,9.6218184559878e-12,1.1674354257035662e-11,5.615929438630434e-12
14,3333,101,105,6.597904901588655e-12,8.584144484409604e-12,4.461956050100164e-12
14,3333,101,106,4.754696898026694e-12,7.174676977096435e-12,3.827811631290284e-12
14,3333,101,107,4.599542696568325e-12,6.252623845249973e-12,2.853337801804634e-12
14,3333,101,108,4.077090282124769e-12,4.218467744144067e-12,2.4786757358721324e-12
14,3333,101,109,2.8831014654692938e-12,3.814957081267529e-12,2.1983496852239144e-12
14,3333,101,110,2.281074885875352e-12,3.2041672516095312e-12,1.5281025172336006e-12
14,3333,101,111,1.751750529059579e-12,2.5059026915628894e-12,1.3060876868807107e-12
14,3333,101,112,1.129830909825993e-12,2.1477933558085426e-12,1.1547365717217881e-12
14,3333,101,113,5.942363431875041e-13,1.9863716071439763e-12,8.300466495034358e-13
14,3333,101,114,2.838462569730286e-13,6.297795928583144e-13,6.049570705288316e-13
14,3333,101,115,2.0836587395983867e-13,5.458738577492699e-13,4.1707098883511305e-13
14,3333,101,116,9.479788814780314e-14,5.035973831765331e-13,2.6264744664501353e-13
14,3333,101,117,7.5334651846053e-14,2.4711184876389323e-13,1.7835212119165226e-13
14,3333,101,118,6.921463984513749e-14,2.1098713460637846e-13,1.3512740613644201e-13
14,3333,101,119,3.9911444123933585e-14,1.2769506321882864e-13,8.327616478464254e-14
14,3333,101,120,3.758502207930969e-14,8.78563621491057e-14,6.156169815285475e-14
14,3333,101,121,3.0662870682844064e-14,6.728703585402215e-14,1.8963335006580486e-14
14,3333,101,122,1.7400750251335872e-14,4.50404026207172e-14,1.610198858685136e-14
14,3333,101,123,1.0667915880409588e-14,2.856477957293637e-14,7.087346893816782e-15
14,3333,101,124,6.757478740455099e-15,1.9980258162949328e-14,5.2963477025525186e-15
14,3333,101,125,9.999999999999973e-16,7.045565300431895e-15,9.999999999999977e-16
14,3333,101,126,9.999999999999973e-16,9.999999999999985e-16,9.999999999999977e-16
14,3333,101,127,9.999999999999973e-16,9.999999999999985e-16,9.999999999999977e-16
14,3333,101,128,9.999999999999973e-16,9.999999999999985e-16,9.999999999999977e-16
14,3333,202,1,0.8895409892237934,0.8906046012951397,0.8893431653113418
14,3333,202,2,0.05965616158530138,0.05963974572948726,0.0604005446745677
14,3333,202,3,0.017773211078336078,0.017453476138213107,0.017839235824599977
14,3333,202,4,0.013105291899941666,0.013086242007276525,0.01308298986087161
14,3333,202,5,0.010271265933554064,0.01011745841045156,0.010201787351244029
14,3333,202,6,0.004601001679137425,0.004461807666048686,0.004546973134271001
14,3333,202,7,0.0011628483432642885,0.0011417793202954788,0.0011386691089524152
14,3333,202,8,0.0011517722962185515,0.0009290373557717389,0.001121613354019627
14,3333,202,9,0.0006707118333214564,0.0006772573566810498,0.0006143033078950409
14,3333,202,10,0.00047643859308722525,0.00040798514312209044,0.0003796450352279348
14,3333,202,11,0.0002990975485769874,0.0003198663839610477,0.00026360968960573855
14,3333,202,12,0.0002829265311686436,0.00023557995635303228,0.00023198822056542798
14,3333,202,13,0.0002163430517349633,0.00019790171225335314,0.00018605942139744258
14,3333,202,14,0.00020867251045319712,0.0001628655826373865,0.00015775758673767677
14,3333,202,15,0.00015695054657914744,0.00012653191199480908,0.00012913609590962778
14,3333,202,16,0.00010902232448567977,0.00010243226537226408,9.159029447329423e-05
14,3333,202,17,7.76830834419201e-05,9.110756337258406e-05,6.17362248001663e-05
14,3333,202,18,6.205289221133134e-05,6.82772562287301e-05,4.6732474509912576e-05
14,3333,202,19,3.383312341611046e-05,3.858469007112893e-05,3.7298002731797835e-05
14,3333,202,20,2.9759504231225205e-05,3.3868377254795825e-05,2.630010196785218e-05
14,3333,202,21,2.2947273551121922e-05,2.3252081554191016e-05,2.286093022886312e-05
14,3333,202,22,1.561753234541404e-05,1.2330356493196947e-05,1.6666917337480753e-05
14,3333,202,23,1.3104415467681353e-05,1.1301382015969274e-05,1.2567902127859509e-05
14,3333,202,24,1.09159489088721e-05,1.0821827026079412e-05,8.771891900289692e-06
14,3333,202,25,7.771845444059476e-06,5.988949243412607e-06,6.292742509062658e-06
14,3333,202,26,6.33051036253417e-06,5.7444913186491956e-06,6.14915367073518e-06
14,3333,202,27,5.413392086926697e-06,5.041445870090121e-06,4.0322668633280416e-06
14,3333,202,28,5.251959580194975e-06,4.79779248799546e-06,2.9449011404737932e-06
14,3333,202,29,5.0545865104657905e-06,3.28832805808075e-06,2.8648396884799586e-06
14,3333,202,30,3.6911162113206894e-06,3.2581948178174297e-06,2.328949471802157e-06
14,3333,202,31,3.3576296191848758e-06,2.833596189043985e-06,2.2220409266225024e-06
14,3333,202,32,2.170017516241773e-06,2.3266845631693665e-06,2.0051972533496763e-06
14,3333,202,33,1.7384037463045412e-06,1.9078349141923607e-06,1.3175593196820574e-06
14,3333,202,34,1.5915879341939108e-06,1.5507886173101184e-06,1.0711590054674428e-06
14,3333,202,35,1.3980142473316893e-06,1.525398907508722e-06,1.06115230716894e-06
14,3333,202,36,1.2109138693533393e-06,1.1057609374953124e-06,8.785903846763573e-07
14,3333,202,37,9.336241278374926e-07,9.266024845296185e-07,7.361170512842843e-07
14,3333,202,38,7.908320955024507e-07,6.625237726270375e-07,6.130243789070999e-07
14,3333,202,39,7.402840279543429e-07,6.539608295215181e-07,5.105152319277551e-07
14,3333,202,40,6.631245606221044e-07,5.986570963510589e-07,4.634449909620594e-07
14,3333,202,41,5.893118016299023e-07,5.633763717992909e-07,3.785801237476998e-07
14,3333,202,42,4.996690247618429e-07,5.125509833568024e-07,3.4384574779774847e-07
14,3333,202,43,4.30586774809457e-07,4.438038186154106e-07,2.9936891419694855e-07
14,3333,202,44,2.8771047948617623e-07,3.571986456148894e-07,2.8470541056923127e-07
14,3333,202,45,2.2638982910665362e-07,3.0741517001447117e-07,1.8697965991157212e-07
14,3333,202,46,2.0265061267216273e-07,2.0702117238137645e-07,1.632437013303927e-07
14,3333,202,47,1.4753855724702818e-07,1.870158286900189e-07,1.365656034462754e-07
14,3333,202,48,1.271555779083704e-07,1.4734747367921896e-07,1.0848224019464914e-07
14,3333,202,49,1.0811605789264557e-07,1.439205285427791e-07,9.083681693457781e-08
14,3333,202,50,8.780442107004166e-08,1.1896050103757885e-07,8.002713768658062e-08
14,3333,202,51,7.066200172696904e-08,9.724472442257722e-08,7.177062926134186e-08
14,3333,202,52,6.955682092932687e-08,8.007416953588833e-08,6.782042557726816e-08
14,3333,202,53,6.29441608500565e-08,6.385375843114969e-08,4.462471396080343e-08
14,3333,202,54,5.7421162379037285e-08,5.223693688566591e-08,3.34602603233391e-08
14,3333,202,55,3.840850225444285e-08,4.996052440540418e-08,3.166865328961985e-08
14,3333,202,56,3.6919594890394693e-08,4.807229792136573e-08,2.5664402159886048e-08
14,3333,202,57,3.271905305908208e-08,4.220646512071127e-08,2.0360096643196866e-08
14,3333,202,58,2.5898837015671794e-08,3.447505223305266e-08,1.698859103998192e-08
14,3333,202,59,2.499855414190056e-08,3.270593977550701e-08,1.3413558085212404e-08
14,3333,202,60,1.8809315839561102e-08,2.7056350041025392e-08,1.280849254610241e-08
14,3333,202,61,1.842345576505392e-08,2.4009180515555366e-08,1.2104299914869283e-08
14,3333,202,62,1.7192779157168088e-08,1.7965779768872273e-08,1.0537787725472213e-08
14,3333,202,63,1.3461313735899193e-08,1.6560374058426206e-08,1.0062433950505266e-08
14,3333,202,64,1.2625603264573875e-08,1.4255396968583012e-08,9.15358144614283e-09
14,3333,202,65,1.0214904348189948e-08,1.2757543281554207e-08,7.784925593556059e-09
14,3333,202,66,9.178155864973614e-09,1.0983260039007738e-08,5.99893221146787e-09
14,3333,202,67,8.873898132231855e-09,9.719279109232496e-09,5.639197019670233e-09
14,3333,202,68,5.63915474560754e-09,7.438373863120857e-09,4.854802097161223e-09
14,3333,202,69,4.919410753736868e-09,6.303340626317109e-09,4.562504209299274e-09
14,3333,202,70,4.512895976143903e-09,5.58447510845099e-09,3.320085505304156e-09
14,3333,202,71,3.4654510576616787e-09,5.451998900554523e-09,2.7034123743125478e-09
14,3333,202,72,2.8973205841172263e-09,3.732202718166643e-09,2.5142045148329453e-09
14,3333,202,73,2.6294453557850018e-09,3.412502793552882e-09,2.304510078000192e-09
14,3333,202,74,2.4390833242160367e-09,3.274032491618523e-09,2.009488777336858e-09
14,3333,202,75,1.7916462391656294e-09,2.884560392276399e-09,1.7682217072390908e-09
14,3333,202,76,1.518184189280444e-09,2.713722792838324e-09,1.259973743968203e-09
14,3333,202,77,1.2084071869474017e-09,2.42032945625936e-09,1.015447330750248e-09
14,3333,202,78,1.125178038096557e-09,1.703249523090289e-09,9.710668527531754e-10
14,3333,202,79,1.0470258141208864e-09,1.423876645706941e-09,8.548199006442241e-10
14,3333,202,80,8.463852145485735e-10,1.173651206426855e-09,7.547109769034238e-10
14,3333,202,81,6.329240910058223e-10,1.0990340345387854e-09,6.830416812757717e-10
14,3333,202,82,6.250555187173841e-10,1.0161529080918252e-09,6.342095308092606e-10
14,3333,202,83,5.338141792319277e-10,6.099462419803395e-10,5.661463379370273e-10
14,3333,202,84,3.6186464191333754e-10,5.736149003572229e-10,4.4745194750916023e-10
14,3333,202,85,3.171904771139555e-10,5.609128244046057e-10,4.053422251699821e-10
14,3333,202,86,3.162582455721986e-10,4.754896033151722e-10,3.160767266847934e-10
14,3333,202,87,2.387842269520534e-10,4.5914467575752525e-10,1.897760901004859e-10
14,3333,202,88,2.0313058830741682e-10,3.345532890096879e-10,1.634494662658472e-10
14,3333,202,89,1.8616302172285534e-10,2.865743841108518e-10,1.50556361744474e-10
14,3333,202,90,1.2534612514690246e-10,2.42312539047613e-10,1.3044522971639267e-10
14,3333,202,91,1.1081847812796061e-10,2.1997979025973098e-10,1.2633036072837228e-10
14,3333,202,92,6.767901758015672e-11,1.817945968946941e-10,7.19494756556955e-11
14,3333,202,93,6.553621086465082e-11,1.5197831006285861e-10,5.776382239680448e-11
14,3333,202,94,5.839727461829915e-11,1.2903416334451866e-10,5.2253791073118635e-11
14,3333,202,95,5.700351347067491e-11,1.0590391968954768e-10,4.197206868463628e-11
14,3333,202,96,4.4121981482424514e-11,9.754060409876015e-11,3.640711680610969e-11
14,3333,202,97,3.796861959670256e-11,7.581876948203411e-11,3.0531469240841156e-11
14,3333,202,98,2.5218200109587414e-11,6.11144251795606e-11,2.6986028094015775e-11
14,3333,202,99,2.299415970058476e-11,5.7224074432514864e-11,2.379101219559638e-11
14,3333,202,100,1.820215697308839e-11,3.74667662831151e-11,1.8807119598388254e-11
14,3333,202,101,1.3399297073422847e-11,3.640183088653527e-11,1.3448812619935748e-11
14,3333,202,102,1.2945215124109597e-11,3.119118577992405e-11,1.14165772176239e-11
14,3333,202,103,1.0708925111624979e-11,2.774153288223294e-11,9.216126621380338e-12
14,3333,202,104,9.6218184559878e-12,2.3334165595245313e-11,5.894429986136019e-12
14,3333,202,105,6.597904901588655e-12,1.2342543730697163e-11,5.56888684847931e-12
14,3333,202,106,4.754696898026694e-12,1.0453834431234308e-11,4.74196183411962e-12
14,3333,202,107,4.599542696568325e-12,9.802784537502512e-12,3.4178675736420357e-12
14,3333,202,108,4.077090282124769e-12,6.31388080435262e-12,2.278694807643967e-12
14,3333,202,109,2.8831014654692938e-12,5.19775417125015e-12,1.92904961006425e-12
14,3333,202,110,2.281074885875352e-12,4.0063982754362935e-12,1.7106694039318908e-12
14,3333,202,111,1.751750529059579e-12,3.278291275825044e-12,1.5801220442230919e-12
14,3333,202,112,1.129830909825993e-12,2.9255353342212477e-12,1.1495327710763793e-12
14,3333,202,113,5.942363431875041e-13,2.2454870793738333e-12,9.89728751852593e-13
14,3333,202,114,2.838462569730286e-13,1.7049649260692497e-12,8.362484528746678e-13
14,3333,202,115,2.0836587395983867e-13,1.4020305639606004e-12,4.823481949774224e-13
14,3333,202,116,9.479788814780314e-14,1.1180211553969663e-12,3.814997027596253e-13
14,3333,202,117,7.5334651846053e-14,6.355777537868575e-13,2.093602023956426e-13
14,3333,202,118,6.921463984513749e-14,5.278014907484787e-13,1.638259457353526e-13
14,3333,202,119,3.9911444123933585e-14,3.646423171166259e-13,8.673304025246075e-14
14,3333,202,120,3.758502207930969e-14,1.6886882057791773e-13,6.788752992016517e-14
14,3333,202,121,3.0662870682844064e-14,9.243820674308929e-14,3.3198172672682325e-14
14,3333,202,122,1.7400750251335872e-14,8.401852182836748e-14,1.8462091091392758e-14
14,3333,202,123,1.0667915880409588e-14,3.273070985105976e-14,1.0051770002602702e-14
14,3333,202,124,6.757478740455099e-15,6.900550604997384e-15,7.68889976193704e-15
14,3333,202,125,9.999999999999973e-16,3.8871288298500596e-15,5.380733487624443e-15
14,3333,202,126,9.999999999999973e-16,3.810962371539577e-15,1.7564189497215576e-15
14,3333,202,127,9.999999999999973e-16,9.999999999999987e-16,9.999999999999983e-16
14,3333,202,128,9.999999999999973e-16,9.999999999999987e-16,9.999999999999983e-16
14,3333,303,1,0.8895409892237934,0.8896236102158231,0.895122985885804
14,3333,303,2,0.05965616158530138,0.059799883442917964,0.055782688098264165
14,3333,303,3,0.017773211078336078,0.01754293679129179,0.017552862031837008
14,3333,303,4,0.013105291899941666,0.013573301452441443,0.012913937058384548
14,3333,303,5,0.010271265933554064,0.010252729042787794,0.010256152935309334
14,3333,303,6,0.004601001679137425,0.004508909752162053,0.004119698024148958
14,3333,303,7,0.0011628483432642885,0.0010487858947988635,0.0012432868521050971
14,3333,303,8,0.0011517722962185515,0.0009493522467752994,0.000913407342253809
14,3333,303,9,0.0006707118333214564,0.0007306329178548346,0.000539150271960027
14,3333,303,10,0.00047643859308722525,0.00043242930905308154,0.0003532749965070807
14,3333,303,11,0.0002990975485769874,0.00030589837877689194,0.000276772049844904
14,3333,303,12,0.0002829265311686436,0.0002618303384985457,0.0002231196472985208
14,3333,303,13,0.0002163430517349633,0.00024633869053186457,0.00013650182640355602
14,3333,303,14,0.00020867251045319712,0.0001640532010336323,0.00012749950596312187
14,3333,303,15,0.00015695054657914744,0.00016326703684359513,0.00011259374395861418
14,3333,303,16,0.00010902232448567977,8.991557676938874e-05,8.218624890783636e-05
14,3333,303,17,7.76830834419201e-05,7.037527928554973e-05,6.117756163862848e-05
14,3333,303,18,6.205289221133134e-05,6.905124475723562e-05,4.653520914712859e-05
14,3333,303,19,3.383312341611046e-05,3.861859577016222e-05,2.9471896494057612e-05
14,3333,303,20,2.9759504231225205e-05,2.3723730615318353e-05,2.3286605315389613e-05
14,3333,303,21,2.2947273551121922e-05,2.0433888222317527e-05,1.862368836262231e-05
14,3333,303,22,1.561753234541404e-05,1.4629571589899349e-05,1.4972197226490714e-05
14,3333,303,23,1.3104415467681353e-05,1.0531923683282855e-05,1.0931827343419805e-05
14,3333,303,24,1.09159489088721e-05,9.234980967740783e-06,6.712965942823177e-06
14,3333,303,25,7.771845444059476e-06,8.265212941451203e-06,6.304088829038931e-06
14,3333,303,26,6.33051036253417e-06,7.422681312473504e-06,4.844023829896913e-06
14,3333,303,27,5.413392086926697e-06,5.246114227530403e-06,3.0267699389406055e-06
14,3333,303,28,5.251959580194975e-06,4.761351595130863e-06,2.899910047949967e-06
14,3333,303,29,5.0545865104657905e-06,4.0102728034746985e-06,2.6091550382608477e-06
14,3333,303,30,3.6911162113206894e-06,3.5270958548580656e-06,1.8786537126068844e-06
14,3333,303,31,3.3576296191848758e-06,2.47311175055423e-06,1.642169087111317e-06
14,3333,303,32,2.170017516241773e-06,2.176719010216787e-06,1.5778294643804824e-06
14,3333,303,33,1.7384037463045412e-06,1.6375073630220823e-06,1.1534376761392087e-06
14,3333,303,34,1.5915879341939108e-06,1.4343038274689424e-06,1.0951381531959172e-06
14,3333,303,35,1.3980142473316893e-06,1.3144126694522927e-06,7.2326201890192e-07
14,3333,303,36,1.2109138693533393e-06,1.2483418173667406e-06,5.780400857682553e-07
14,3333,303,37,9.336241278374926e-07,8.857449334654591e-07,5.584598048968347e-07
14,3333,303,38,7.908320955024507e-07,6.278785180003214e-07,4.7618956903707797e-07
14,3333,303,39,7.402840279543429e-07,6.089183081608819e-07,4.475156085579714e-07
14,3333,303,40,6.631245606221044e-07,5.689801396347266e-07,3.434652922324048e-07
14,3333,303,41,5.893118016299023e-07,4.95158635430608e-07,3.059994701796744e-07
14,3333,303,42,4.996690247618429e-07,4.0829548710413763e-07,2.440058161457029e-07
14,3333,303,43,4.30586774809457e-07,3.6748365678070315e-07,2.3291887136477194e-07
14,3333,303,44,2.8771047948617623e-07,3.384171907445048e-07,2.1668788327835457e-07
14,3333,303,45,2.2638982910665362e-07,2.5821218954228985e-07,1.793898220675589e-07
14,3333,303,46,2.0265061267216273e-07,2.0854647840127729e-07,1.3494067099664968e-07
14,3333,303,47,1.4753855724702818e-07,2.066507796818187e-07,1.0574944371213712e-07
14,3333,303,48,1.271555779083704e-07,1.5804474030292796e-07,8.784196028805879e-08
14,3333,303,49,1.0811605789264557e-07,1.2989264601828977e-07,7.666127470586433e-08
14,3333,303,50,8.780442107004166e-08,1.1474421982723877e-07,6.393842141044569e-08
14,3333,303,51,7.066200172696904e-08,9.444270364720593e-08,5.7791327489192344e-08
14,3333,303,52,6.955682092932687e-08,7.70119127733037e-08,5.4030385716298436e-08
14,3333,303,53,6.29441608500565e-08,6.78382034389349e-08,4.0192305732510064e-08
14,3333,303,54,5.7421162379037285e-08,6.152561310667589e-08,2.828322523131957e-08
14,3333,303,55,3.840850225444285e-08,5.132066827789113e-08,2.2679507131800335e-08
14,3333,303,56,3.6919594890394693e-08,3.424957206022719e-08,2.2125869852182332e-08
14,3333,303,57,3.271905305908208e-08,3.2726224955836027e-08,1.8730749198293805e-08
14,3333,303,58,2.5898837015671794e-08,2.612137120319312e-08,1.584177874691366e-08
14,3333,303,59,2.499855414190056e-08,2.5995669647237453e-08,1.4479971124727723e-08
14,3333,303,60,1.8809315839561102e-08,2.329013143226717e-08,1.2576258423064467e-08
14,3333,303,61,1.842345576505392e-08,1.998689395869922e-08,1.029930452449053e-08
14,3333,303,62,1.7192779157168088e-08,1.7698319010281143e-08,9.956210118018718e-09
14,3333,303,63,1.3461313735899193e-08,1.652263205766368e-08,8.47560747051521e-09
14,3333,303,64,1.2625603264573875e-08,1.3269975543220451e-08,7.465475499981447e-09
14,3333,303,65,1.0214904348189948e-08,9.475206571201717e-09,6.9430535767473725e-09
14,3333,303,66,9.178155864973614e-09,8.361494185244709e-09,4.65844038759537e-09
14,3333,303,67,8.873898132231855e-09,7.486991766692339e-09,4.1520957097680315e-09
14,3333,303,68,5.63915474560754e-09,6.2707957696830544e-09,3.683056428307026e-09
14,3333,303,69,4.919410753736868e-09,5.207566672036955e-09,3.3789918346927456e-09
14,3333,303,70,4.512895976143903e-09,4.487856985667724e-09,2.90036052481751e-09
14,3333,303,71,3.4654510576616787e-09,4.420033482932346e-09,2.6975083704601917e-09
14,3333,303,72,2.8973205841172263e-09,3.829181906613915e-09,2.14118567441277e-09
14,3333,303,73,2.6294453557850018e-09,3.448233609638483e-09,1.8460676167334257e-09
14,3333,303,74,2.4390833242160367e-09,2.6627470939718787e-09,1.308818664673209e-09
14,3333,303,75,1.7916462391656294e-09,2.1358537409650844e-09,1.1964031234525489e-09
14,3333,303,76,1.518184189280444e-09,1.8266922739698215e-09,1.0267831783002906e-09
14,3333,303,77,1.2084071869474017e-09,1.5965624059340922e-09,9.055686109889974e-10
14,3333,303,78,1.125178038096557e-09,1.2732526043807553e-09,8.13628683686333e-10
14,3333,303,79,1.0470258141208864e-09,1.1838569999958004e-09,6.878300717560545e-10
14,3333,303,80,8.463852145485735e-10,1.136229100800073e-09,6.590936770109397e-10
14,3333,303,81,6.329240910058223e-10,8.90035191989052e-10,5.725592397389413e-10
14,3333,303,82,6.250555187173841e-10,7.903191649429421e-10,4.882002901533139e-10
14,3333,303,83,5.338141792319277e-10,7.351796454153038e-10,3.7330145069806293e-10
14,3333,303,84,3.6186464191333754e-10,7.012189602228326e-10,3.2837182871396727e-10
14,3333,303,85,3.171904771139555e-10,3.693339155769292e-10,2.6492358825535213e-10
14,3333,303,86,3.162582455721986e-10,3.0494116707234986e-10,2.153354345145047e-10
14,3333,303,87,2.387842269520534e-10,2.670712597206637e-10,1.9163952039990052e-10
14,3333,303,88,2.0313058830741682e-10,2.4051136591008227e-10,1.6989466178831692e-10
14,3333,303,89,1.8616302172285534e-10,1.8083492254939837e-10,1.503358428385708e-10
14,3333,303,90,1.2534612514690246e-10,1.557824051902543e-10,1.2235956466596687e-10
14,3333,303,91,1.1081847812796061e-10,1.2419457814446495e-10,9.55931070829194e-11
14,3333,303,92,6.767901758015672e-11,1.1918202765192736e-10,8.38248776125733e-11
14,3333,303,93,6.553621086465082e-11,1.1869855516688848e-10,7.017635074662551e-11
14,3333,303,94,5.839727461829915e-11,9.714121394698419e-11,4.602412603772694e-11
14,3333,303,95,5.700351347067491e-11,9.194907700504355e-11,3.176700466400083e-11
14,3333,303,96,4.4121981482424514e-11,8.895068132174743e-11,2.8901556583991395e-11
14,3333,303,97,3.796861959670256e-11,6.381697089484342e-11,2.322692998414096e-11
14,3333,303,98,2.5218200109587414e-11,4.499754828225064e-11,2.08493979987957e-11
14,3333,303,99,2.299415970058476e-11,3.5768922012339293e-11,1.785930049881805e-11
14,3333,303,100,1.820215697308839e-11,3.165154205003888e-11,1.203116889530904e-11
14,3333,303,101,1.3399297073422847e-11,2.4280101116022107e-11,1.0926716144437518e-11
14,3333,303,102,1.2945215124109597e-11,2.353673551316422e-11,8.888885530852484e-12
14,3333,303,103,1.0708925111624979e-11,2.2731558297418424e-11,7.217839385728844e-12
14,3333,303,104,9.6218184559878e-12,1.5867151080682085e-11,5.915209240245356e-12
14,3333,303,105,6.597904901588655e-12,1.3374834513829955e-11,4.692163952231372e-12
14,3333,303,106,4.754696898026694e-12,9.691456358571189e-12,3.961580447802365e-12
14,3333,303,107,4.599542696568325e-12,9.590140731386027e-12,2.6046922381105877e-12
14,3333,303,108,4.077090282124769e-12,7.606579731987002e-12,2.3462433382968058e-12
14,3333,303,109,2.8831014654692938e-12,6.5466252406301605e-12,1.6821614977078484e-12
14,3333,303,110,2.281074885875352e-12,3.6893425482368e-12,1.3439214479154261e-12
14,3333,303,111,1.751750529059579e-12,3.2577381497337084e-12,1.1085176737542107e-12
14,3333,303,112,1.129830909825993e-12,3.026959702948599e-12,8.250204453527044e-13
14,3333,303,113,5.942363431875041e-13,1.8153367875083867e-12,7.109024107047532e-13
14,3333,303,114,2.838462569730286e-13,1.1828122132531465e-12,4.644337694570099e-13
14,3333,303,115,2.0836587395983867e-13,8.937847579985508e-13,3.2264788714060556e-13
14,3333,303,116,9.479788814780314e-14,7.907814265598596e-13,2.6576327541787317e-13
14,3333,303,117,7.5334651846053e-14,5.49534633995109e-13,1.4735651743595597e-13
14,3333,303,118,6.921463984513749e-14,3.9696803955909675e-13,1.0431843381932343e-13
14,3333,303,119,3.9911444123933585e-14,3.4068901156760566e-13,9.129157093486889e-14
14,3333,303,120,3.758502207930969e-14,1.7474349994810552e-13,5.386167980510606e-14
14,3333,303,121,3.0662870682844064e-14,1.5717260447764214e-13,2.988995402754216e-14
14,3333,303,122,1.7400750251335872e-14,4.636120518872352e-14,2.1167263585460404e-14
14,3333,303,123,1.0667915880409588e-14,4.187564486746376e-14,1.5163929264780214e-14
14,3333,303,124,6.757478740455099e-15,2.004404905223967e-14,6.414997146483105e-15
14,3333,303,125,9.999999999999973e-16,9.280032077130496e-15,1.0419508462924626e-15
14,3333,303,126,9.999999999999973e-16,4.4965731135896814e-15,9.999999999999983e-16
14,3333,303,127,9.999999999999973e-16,2.7657106049679904e-15,9.999999999999983e-16
14,3333,303,128,9.999999999999973e-16,9.999999999999995e-16,9.999999999999983e-16
14,3333,404,1,0.8895409892237934,0.8905615792915131,0.8899000213729009
14,3333,404,2,0.05965616158530138,0.05896095603453287,0.05970606401737464
14,3333,404,3,0.017773211078336078,0.0174080898824709,0.01792237431570133
14,3333,404,4,0.013105291899941666,0.013149601081607544,0.013084246258105645
14,3333,404,5,0.010271265933554064,0.010210798195361106,0.010133482509402204
14,3333,404,6,0.004601001679137425,0.004627118150062917,0.004661536687013895
14,3333,404,7,0.0011628483432642885,0.0013312204709463964,0.0012097548330361296
14,3333,404,8,0.0011517722962185515,0.0010349424211972662,0.0011622938317968207
14,3333,404,9,0.0006707118333214564,0.0006941948717312192,0.0005782528737816252
14,3333,404,10,0.00047643859308722525,0.00048391405634906837,0.0003118416592302487
14,3333,404,11,0.0002990975485769874,0.0003158415206210304,0.0002514385165311113
14,3333,404,12,0.0002829265311686436,0.000236814721580298,0.00021726518702845976
14,3333,404,13,0.0002163430517349633,0.0002009626246019118,0.00021192921657690994
14,3333,404,14,0.00020867251045319712,0.00019501521960262234,0.00017875358641324278
14,3333,404,15,0.00015695054657914744,0.00016780493447637881,0.00011148130256053194
14,3333,404,16,0.00010902232448567977,9.728010369394666e-05,9.664345906253246e-05
14,3333,404,17,7.76830834419201e-05,6.865036242130995e-05,6.749598594571448e-05
14,3333,404,18,6.205289221133134e-05,6.152432801358376e-05,5.009628565107329e-05
14,3333,404,19,3.383312341611046e-05,4.4050739507139715e-05,3.3265074421949215e-05
14,3333,404,20,2.9759504231225205e-05,3.3653597544300334e-05,2.5401998292292245e-05
14,3333,404,21,2.2947273551121922e-05,2.0425667124438738e-05,1.88528108349817e-05
14,3333,404,22,1.561753234541404e-05,1.5069586504726303e-05,1.4447923620611275e-05
14,3333,404,23,1.3104415467681353e-05,1.2216362375898888e-05,9.323357339054563e-06
14,3333,404,24,1.09159489088721e-05,1.1276721079954019e-05,8.423296848925299e-06
14,3333,404,25,7.771845444059476e-06,8.125751725885308e-06,6.339198257963556e-06
14,3333,404,26,6.33051036253417e-06,7.458794088798947e-06,5.605656183447419e-06
14,3333,404,27,5.413392086926697e-06,6.7491708943717935e-06,3.4295066609857443e-06
14,3333,404,28,5.251959580194975e-06,5.745688618323178e-06,3.271805594882898e-06
14,3333,404,29,5.0545865104657905e-06,4.8872019678590265e-06,2.7908916000099186e-06
14,3333,404,30,3.6911162113206894e-06,3.7411094029725205e-06,2.033260711637036e-06
14,3333,404,31,3.3576296191848758e-06,3.3394267102670634e-06,1.7692666261965172e-06
14,3333,404,32,2.170017516241773e-06,2.8375058023789067e-06,1.708607678498303e-06
14,3333,404,33,1.7384037463045412e-06,2.372417704398643e-06,1.2984893250596854e-06
14,3333,404,34,1.5915879341939108e-06,1.931298373984686e-06,9.86948931052738e-07
14,3333,404,35,1.3980142473316893e-06,1.5569435692959589e-06,8.614991877337514e-07
14,3333,404,36,1.2109138693533393e-06,1.339490351278278e-06,7.883627990961793e-07
14,3333,404,37,9.336241278374926e-07,1.1538389600499688e-06,7.018253767349085e-07
14,3333,404,38,7.908320955024507e-07,8.257375887548046e-07,5.494157453613039e-07
14,3333,404,39,7.402840279543429e-07,7.324914204322502e-07,4.779913639390201e-07
14,3333,404,40,6.631245606221044e-07,6.097656026563713e-07,4.128719208604953e-07
14,3333,404,41,5.893118016299023e-07,5.928997795997435e-07,3.673946388713525e-07
14,3333,404,42,4.996690247618429e-07,4.782675517920408e-07,3.005299872415556e-07
14,3333,404,43,4.30586774809457e-07,3.6719070136872974e-07,2.766634644146754e-07
14,3333,404,44,2.8771047948617623e-07,3.358070705193194e-07,2.2497278907246374e-07
14,3333,404,45,2.2638982910665362e-07,2.5225364079983275e-07,1.8127382892349498e-07
14,3333,404,46,2.0265061267216273e-07,2.2343244604835805e-07,1.591669344019742e-07
14,3333,404,47,1.4753855724702818e-07,1.8765794904040818e-07,1.1970090292032947e-07
14,3333,404,48,1.271555779083704e-07,1.71196163565688e-07,1.0045623807516716e-07
14,3333,404,49,1.0811605789264557e-07,1.1831214149914473e-07,9.536140346331816e-08
14,3333,404,50,8.780442107004166e-08,1.0743913693353517e-07,7.540207766586842e-08
14,3333,404,51,7.066200172696904e-08,9.859845857956619e-08,6.257760097038062e-08
14,3333,404,52,6.955682092932687e-08,9.334305285766323e-08,5.0071028271896307e-08
14,3333,404,53,6.29441608500565e-08,6.59645890867456e-08,4.297557194644411e-08
14,3333,404,54,5.7421162379037285e-08,6.013155911084597e-08,3.668648848016175e-08
14,3333,404,55,3.840850225444285e-08,5.118598862665679e-08,2.763149708328957e-08
14,3333,404,56,3.6919594890394693e-08,4.922220132241787e-08,2.6091385141137688e-08
14,3333,404,57,3.271905305908208e-08,4.3353160350190243e-08,1.7667807427158875e-08
14,3333,404,58,2.5898837015671794e-08,4.081255949913462e-08,1.5659889584249082e-08
14,3333,404,59,2.499855414190056e-08,3.5777390811852746e-08,1.5314623763197508e-08
14,3333,404,60,1.8809315839561102e-08,3.4747616540387616e-08,1.2466353552757694e-08
14,3333,404,61,1.842345576505392e-08,2.580069756788555e-08,1.1011948526884703e-08
14,3333,404,62,1.7192779157168088e-08,1.9920812545726645e-08,8.954337344474517e-09
14,3333,404,63,1.3461313735899193e-08,1.7535575104502676e-08,8.408208285870988e-09
14,3333,404,64,1.2625603264573875e-08,1.6653250634881744e-08,6.990421359577867e-09
14,3333,404,65,1.0214904348189948e-08,1.6093689286555526e-08,5.961020944871921e-09
14,3333,404,66,9.178155864973614e-09,1.1775885788543609e-08,5.354694633236534e-09
14,3333,404,67,8.873898132231855e-09,1.1303177165076098e-08,5.0550017653476614e-09
14,3333,404,68,5.63915474560754e-09,8.597442127617949e-09,3.864064298943125e-09
14,3333,404,69,4.919410753736868e-09,7.791657981342163e-09,3.6108682801690163e-09
14,3333,404,70,4.512895976143903e-09,6.201076805347309e-09,3.00455102305923e-09
14,3333,404,71,3.4654510576616787e-09,5.754138234405616e-09,2.6083400291397723e-09
14,3333,404,72,2.8973205841172263e-09,5.679111182526958e-09,2.3158017173312155e-09
14,3333,404,73,2.6294453557850018e-09,5.053511805334748e-09,1.9140676381980388e-09
14,3333,404,74,2.4390833242160367e-09,4.688237812287892e-09,1.782286102547161e-09
14,3333,404,75,1.7916462391656294e-09,3.7643837860988466e-09,1.4481644075269522e-09
14,3333,404,76,1.518184189280444e-09,3.0051735982746673e-09,1.141746195801639e-09
14,3333,404,77,1.2084071869474017e-09,2.5733296423146613e-09,1.0664365959813527e-09
14,3333,404,78,1.125178038096557e-09,1.9469589314541344e-09,8.810076826647552e-10
14,3333,404,79,1.0470258141208864e-09,1.74364424971822e-09,7.360970851634396e-10
14,3333,404,80,8.463852145485735e-10,1.5035980645802203e-09,5.967339145263248e-10
14,3333,404,81,6.329240910058223e-10,1.3827025423736625e-09,4.933023234632753e-10
14,3333,404,82,6.250555187173841e-10,1.0453273020248127e-09,4.618804690778888e-10
14,3333,404,83,5.338141792319277e-10,8.368289383993097e-10,4.079538883845642e-10
14,3333,404,84,3.6186464191333754e-10,7.685251826050517e-10,3.1007570656020013e-10
14,3333,404,85,3.171904771139555e-10,5.401952624223215e-10,2.802846491923394e-10
14,3333,404,86,3.162582455721986e-10,4.894970507105221e-10,2.575775764382951e-10
14,3333,404,87,2.387842269520534e-10,4.1763761097680525e-10,2.0944532044757326e-10
14,3333,404,88,2.0313058830741682e-10,2.897215555576101e-10,1.6907550023127914e-10
14,3333,404,89,1.8616302172285534e-10,2.6375237148741576e-10,1.4579988005404065e-10
14,3333,404,90,1.2534612514690246e-10,2.4464469212225863e-10,1.0283363391819446e-10
14,3333,404,91,1.1081847812796061e-10,2.1334905317605628e-10,7.597853564174951e-11
14,3333,404,92,6.767901758015672e-11,1.659955408472161e-10,5.633615128612943e-11
14,3333,404,93,6.553621086465082e-11,1.6189109249792825e-10,4.908816869028995e-11
14,3333,404,94,5.839727461829915e-11,1.0581922634288615e-10,4.559563086766865e-11
14,3333,404,95,5.700351347067491e-11,9.358413423370102e-11,3.4385192166243645e-11
14,3333,404,96,4.4121981482424514e-11,8.761849314365593e-11,3.258523772301628e-11
14,3333,404,97,3.796861959670256e-11,5.1903305648725744e-11,2.7791428051915803e-11
14,3333,404,98,2.5218200109587414e-11,4.7299729603389695e-11,1.9295982120099595e-11
14,3333,404,99,2.299415970058476e-11,4.540664143619593e-11,1.7746189822567236e-11
14,3333,404,100,1.820215697308839e-11,3.286415211486364e-11,1.4799869161189205e-11
14,3333,404,101,1.3399297073422847e-11,2.8690237633628118e-11,1.3402085732567757e-11
14,3333,404,102,1.2945215124109597e-11,2.682110458812912e-11,1.0462507398250103e-11
14,3333,404,103,1.0708925111624979e-11,2.0903860098427577e-11,6.760099568880938e-12
14,3333,404,104,9.6218184559878e-12,1.4726060619356344e-11,6.153252899409831e-12
14,3333,404,105,6.597904901588655e-12,1.4413827469641568e-11,4.7853534196712984e-12
14,3333,404,106,4.754696898026694e-12,1.0874282416497388e-11,3.868895061487495e-12
14,3333,404,107,4.599542696568325e-12,7.782506312091851e-12,3.5001759094284056e-12
14,3333,404,108,4.077090282124769e-12,7.506775964475144e-12,3.1958546664929985e-12
14,3333,404,109,2.8831014654692938e-12,6.3710846364386685e-12,2.3230241043039527e-12
14,3333,404,110,2.281074885875352e-12,5.520605580662322e-12,1.3802003541897535e-12
14,3333,404,111,1.751750529059579e-12,5.34544206962038e-12,1.1671331753247622e-12
14,3333,404,112,1.129830909825993e-12,3.4205727911073317e-12,9.87604740504019e-13
14,3333,404,113,5.942363431875041e-13,2.1553086937532464e-12,8.065205593062792e-13
14,3333,404,114,2.838462569730286e-13,1.4180850258647073e-12,5.716738461853227e-13
14,3333,404,115,2.0836587395983867e-13,9.07334364348666e-13,3.7580324424439423e-13
14,3333,404,116,9.479788814780314e-14,6.845520589304108e-13,2.266658760720939e-13
14,3333,404,117,7.5334651846053e-14,6.062190513293652e-13,1.501041375895897e-13
14,3333,404,118,6.921463984513749e-14,3.293554588887701e-13,1.1767538515014823e-13
14,3333,404,119,3.9911444123933585e-14,3.008374468822472e-13,9.013888021338591e-14
14,3333,404,120,3.758502207930969e-14,1.7546122492651908e-13,4.7488047160285264e-14
14,3333,404,121,3.0662870682844064e-14,1.4738744784584138e-13,2.557936085834712e-14
14,3333,404,122,1.7400750251335872e-14,4.903280685763512e-14,1.105323302398863e-14
14,3333,404,123,1.0667915880409588e-14,3.7050501877870355e-14,5.701905670917618e-15
14,3333,404,124,6.757478740455099e-15,2.2461814925650874e-14,4.2514936909715336e-15
14,3333,404,125,9.999999999999973e-16,7.118225982270597e-15,2.6217446877698794e-15
14,3333,404,126,9.999999999999973e-16,5.617997121118664e-15,1.7065762680742508e-15
14,3333,404,127,9.999999999999973e-16,9.999999999999999e-16,9.999999999999981e-16
14,3333,404,128,9.999999999999973e-16,9.999999999999999e-16,9.999999999999981e-16
14,3333,505,1,0.8895409892237934,0.8900492728983078,0.8901592443288325
14,3333,505,2,0.05965616158530138,0.059741833322337526,0.05934689978315149
14,3333,505,3,0.017773211078336078,0.017578028553100106,0.017840014092731473
14,3333,505,4,0.013105291899941666,0.013233300044773346,0.013168207154027722
14,3333,505,5,0.010271265933554064,0.010252679821677666,0.010214169056086927
14,3333,505,6,0.004601001679137425,0.0045881652312176925,0.004672664961046288
14,3333,505,7,0.0011628483432642885,0.001137433423333942,0.0011496424986247253
14,3333,505,8,0.0011517722962185515,0.0009924788392678627,0.0010491172115641256
14,3333,505,9,0.0006707118333214564,0.000628200740984004,0.0006440899157539499
14,3333,505,10,0.00047643859308722525,0.00044714810944238855,0.0003783321749884941
14,3333,505,11,0.0002990975485769874,0.00027830812618148844,0.0002679010040343106
14,3333,505,12,0.0002829265311686436,0.00023166881488944418,0.00022533518568409143
14,3333,505,13,0.0002163430517349633,0.0001793950880987268,0.000211158163299501
14,3333,505,14,0.00020867251045319712,0.0001408512067647891,0.0002025133421444306
14,3333,505,15,0.00015695054657914744,0.00013633828906010735,0.0001334095838263235
14,3333,505,16,0.00010902232448567977,0.00010586172351688632,8.386548230223012e-05
14,3333,505,17,7.76830834419201e-05,6.65254119623869e-05,6.025731964842797e-05
14,3333,505,18,6.205289221133134e-05,4.6396937491562355e-05,5.1507242053052156e-05
14,3333,505,19,3.383312341611046e-05,3.084124551653976e-05,2.8092343094672764e-05
14,3333,505,20,2.9759504231225205e-05,2.4092063714471262e-05,2.3711677185524958e-05
14,3333,505,21,2.2947273551121922e-05,2.3657400404944224e-05,1.8774754370500555e-05
14,3333,505,22,1.561753234541404e-05,2.0450429292403406e-05,1.467406910746115e-05
14,3333,505,23,1.3104415467681353e-05,1.0943000663545013e-05,9.898665926608725e-06
14,3333,505,24,1.09159489088721e-05,8.433146641982257e-06,7.841606157370118e-06
14,3333,505,25,7.771845444059476e-06,7.947840818223154e-06,7.225722220107426e-06
14,3333,505,26,6.33051036253417e-06,6.7290059589940636e-06,6.173455685466777e-06
14,3333,505,27,5.413392086926697e-06,5.592782432376226e-06,4.192619694588918e-06
14,3333,505,28,5.251959580194975e-06,4.379991895756205e-06,3.910752659529036e-06
14,3333,505,29,5.0545865104657905e-06,3.761522138235421e-06,3.4598795728183407e-06
14,3333,505,30,3.6911162113206894e-06,2.8778430762245126e-06,2.5206725677641486e-06
14,3333,505,31,3.3576296191848758e-06,2.4477459211968546e-06,1.6810092635202406e-06
14,3333,505,32,2.170017516241773e-06,2.242797936204101e-06,1.4269624087583093e-06
14,3333,505,33,1.7384037463045412e-06,1.8331631085691247e-06,1.2566912223434658e-06
14,3333,505,34,1.5915879341939108e-06,1.339251189743668e-06,9.507231062346807e-07
14,3333,505,35,1.3980142473316893e-06,1.1194350900111233e-06,8.404977686101367e-07
14,3333,505,36,1.2109138693533393e-06,9.85677129684051e-07,7.111407073526058e-07
14,3333,505,37,9.336241278374926e-07,9.048991352483832e-07,5.875827216967232e-07
14,3333,505,38,7.908320955024507e-07,8.345986115859892e-07,5.85673618628702e-07
14,3333,505,39,7.402840279543429e-07,7.428097789308619e-07,4.3007389690602915e-07
14,3333,505,40,6.631245606221044e-07,6.55142268791986e-07,3.9068442388762155e-07
14,3333,505,41,5.893118016299023e-07,6.083165317711602e-07,3.603552444666184e-07
14,3333,505,42,4.996690247618429e-07,4.837571037799183e-07,3.4637502890836213e-07
14,3333,505,43,4.30586774809457e-07,3.6655563988460064e-07,2.936748523456604e-07
14,3333,505,44,2.8771047948617623e-07,2.3380872177244243e-07,2.207795613470144e-07
14,3333,505,45,2.2638982910665362e-07,2.2296925107852443e-07,1.7201922651442712e-07
14,3333,505,46,2.0265061267216273e-07,1.9788288167209371e-07,1.6054212206869392e-07
14,3333,505,47,1.4753855724702818e-07,1.7340984605635272e-07,1.2761905011395883e-07
14,3333,505,48,1.271555779083704e-07,1.5953730582605853e-07,9.901923172250073e-08
14,3333,505,49,1.0811605789264557e-07,1.3085140699704098e-07,8.83595727571779e-08
14,3333,505,50,8.780442107004166e-08,1.0428084542862711e-07,7.842866285026218e-08
14,3333,505,51,7.066200172696904e-08,8.921369378626946e-08,5.924181369584522e-08
14,3333,505,52,6.955682092932687e-08,7.926487039565415e-08,4.677574066476119e-08
14,3333,505,53,6.29441608500565e-08,7.541178447439341e-08,3.2274585314454066e-08
14,3333,505,54,5.7421162379037285e-08,5.378541462375203e-08,3.0660326400191624e-08
14,3333,505,55,3.840850225444285e-08,4.3991795686964187e-08,2.981002956834431e-08
14,3333,505,56,3.6919594890394693e-08,3.200850344167558e-08,2.6797504957609128e-08
14,3333,505,57,3.271905305908208e-08,3.0615550398567796e-08,2.2159638291936855e-08
14,3333,505,58,2.5898837015671794e-08,2.7869181483780612e-08,1.9483862461611866e-08
14,3333,505,59,2.499855414190056e-08,2.551789446852253e-08,1.721205928527476e-08
14,3333,505,60,1.8809315839561102e-08,1.8676772864450257e-08,1.6415031459388622e-08
14,3333,505,61,1.842345576505392e-08,1.7798169763726757e-08,1.3357501505684919e-08
14,3333,505,62,1.7192779157168088e-08,1.641084958806332e-08,1.2078571762152676e-08
14,3333,505,63,1.3461313735899193e-08,1.5984509397031e-08,9.067319519738134e-09
14,3333,505,64,1.2625603264573875e-08,1.1512567988118277e-08,7.65556063787127e-09
14,3333,505,65,1.0214904348189948e-08,1.1231154048445976e-08,7.3476683523769515e-09
14,3333,505,66,9.178155864973614e-09,8.633790533637514e-09,5.422326392641734e-09
14,3333,505,67,8.873898132231855e-09,8.256462411598922e-09,4.9545352271069025e-09
14,3333,505,68,5.63915474560754e-09,7.005201049325478e-09,3.660526768974673e-09
14,3333,505,69,4.919410753736868e-09,6.66581226582689e-09,3.5714097793727854e-09
14,3333,505,70,4.512895976143903e-09,6.32593327385384e-09,2.9158000413524022e-09
14,3333,505,71,3.4654510576616787e-09,5.347015685514422e-09,2.5459709616722236e-09
14,3333,505,72,2.8973205841172263e-09,4.0686623981799915e-09,2.0865352641112664e-09
14,3333,505,73,2.6294453557850018e-09,3.801124613861149e-09,1.642381374863744e-09
14,3333,505,74,2.4390833242160367e-09,3.206358392302936e-09,1.5901007618998415e-09
14,3333,505,75,1.7916462391656294e-09,2.4242682234261977e-09,1.3688076406045416e-09
14,3333,505,76,1.518184189280444e-09,2.3314501552809017e-09,1.119145845553918e-09
14,3333,505,77,1.2084071869474017e-09,2.143407811058751e-09,9.4462063682636e-10
14,3333,505,78,1.125178038096557e-09,1.4741496280184402e-09,8.423213086549392e-10
14,3333,505,79,1.0470258141208864e-09,1.3034921788953576e-09,6.598278670364644e-10
14,3333,505,80,8.463852145485735e-10,1.2559119403409949e-09,4.920181861626364e-10
14,3333,505,81,6.329240910058223e-10,1.1294481193849432e-09,4.708935734881938e-10
14,3333,505,82,6.250555187173841e-10,9.186359472612998e-10,3.78758175026717e-10
14,3333,505,83,5.338141792319277e-10,8.317275546293082e-10,3.3915424700478326e-10
14,3333,505,84,3.6186464191333754e-10,6.401846373662934e-10,3.0358740860733476e-10
14,3333,505,85,3.171904771139555e-10,5.366163195541606e-10,2.5282849285438134e-10
14,3333,505,86,3.162582455721986e-10,4.629050909627324e-10,2.1035844310504552e-10
14,3333,505,87,2.387842269520534e-10,3.6936779174388385e-10,1.6566962392731303e-10
14,3333,505,88,2.0313058830741682e-10,3.272623076428678e-10,1.3331597275978787e-10
14,3333,505,89,1.8616302172285534e-10,2.9107406827930333e-10,1.275950138293581e-10
14,3333,505,90,1.2534612514690246e-10,2.076227906882013e-10,9.11386006494132e-11
14,3333,505,91,1.1081847812796061e-10,1.841151714920641e-10,8.658605546170125e-11
14,3333,505,92,6.767901758015672e-11,1.6178118551096651e-10,6.493322018379573e-11
14,3333,505,93,6.553621086465082e-11,1.0172337166340639e-10,4.7156979093876213e-11
14,3333,505,94,5.839727461829915e-11,8.603529827849824e-11,4.562521360931349e-11
14,3333,505,95,5.700351347067491e-11,8.020199763988111e-11,3.5847038456915804e-11
14,3333,505,96,4.4121981482424514e-11,6.573592481177507e-11,3.0402046049887875e-11
14,3333,505,97,3.796861959670256e-11,5.5905569748162516e-11,2.3845801349843128e-11
14,3333,505,98,2.5218200109587414e-11,4.766054769200848e-11,2.3166309748535338e-11
14,3333,505,99,2.299415970058476e-11,3.947624081193057e-11,1.5726152515583856e-11
14,3333,505,100,1.820215697308839e-11,3.5850822200228697e-11,1.4405437562926493e-11
14,3333,505,101,1.3399297073422847e-11,3.148332180724256e-11,1.0324498064162868e-11
14,3333,505,102,1.2945215124109597e-11,2.66913260272958e-11,9.673678902601544e-12
14,3333,505,103,1.0708925111624979e-11,2.101526118877779e-11,8.376498600417144e-12
14,3333,505,104,9.6218184559878e-12,1.8406940292394655e-11,6.4097148388957495e-12
14,3333,505,105,6.597904901588655e-12,9.62009961725849e-12,4.918628489386242e-12
14,3333,505,106,4.754696898026694e-12,8.56419406660781e-12,3.866009494350264e-12
14,3333,505,107,4.599542696568325e-12,8.415897132353953e-12,3.2922204912559773e-12
14,3333,505,108,4.077090282124769e-12,4.5505021824496376e-12,1.9384010057363643e-12
14,3333,505,109,2.8831014654692938e-12,4.125212051945548e-12,1.4312682554161416e-12
14,3333,505,110,2.281074885875352e-12,3.6253458063440113e-12,1.3632639926206693e-12
14,3333,505,111,1.751750529059579e-12,3.1661555871673407e-12,1.065281100686623e-12
14,3333,505,112,1.129830909825993e-12,2.0448415122636255e-12,9.48256786396864e-13
14,3333,505,113,5.942363431875041e-13,9.803158536615586e-13,6.503152450365268e-13
14,3333,505,114,2.838462569730286e-13,9.528249108294271e-13,5.178963562169092e-13
14,3333,505,115,2.0836587395983867e-13,7.90786225983372e-13,3.270892480185894e-13
14,3333,505,116,9.479788814780314e-14,6.294350874395307e-13,2.487177780418877e-13
14,3333,505,117,7.5334651846053e-14,4.320870833568424e-13,1.2443422163433875e-13
14,3333,505,118,6.921463984513749e-14,2.5471533870969867e-13,8.759765509924904e-14
14,3333,505,119,3.9911444123933585e-14,2.0990639618174273e-13,7.516794336895246e-14
14,3333,505,120,3.758502207930969e-14,1.2607787571709003e-13,3.231591756989631e-14
14,3333,505,121,3.0662870682844064e-14,7.148284342615174e-14,2.8919326247383315e-14
14,3333,505,122,1.7400750251335872e-14,5.812431403401505e-14,1.5415918036654616e-14
14,3333,505,123,1.0667915880409588e-14,1.3940481331289404e-14,8.882919461110409e-15
14,3333,505,124,6.757478740455099e-15,1.1778793804333294e-14,2.054129370659129e-15
14,3333,505,125,9.999999999999973e-16,6.417270908542001e-15,1.211041347442821e-15
14,3333,505,126,9.999999999999973e-16,1.4298921714462426e-15,1.144795218542284e-15
14,3333,505,127,9.999999999999973e-16,9.999999999999989e-16,9.999999999999989e-16
14,3333,505,128,9.999999999999973e-16,9.999999999999989e-16,9.999999999999989e-16
14,4444,101,1,0.8833921558081883,0.8841835668441246,0.8831874269300107
14,4444,101,2,0.06645492461401688,0.06626981372357622,0.06693618499357716
14,4444,101,3,0.017059858556252295,0.016506021694883476,0.017216427191423276
14,4444,101,4,0.01243697772305804,0.012680973843505309,0.012526510206553087
14,4444,101,5,0.010762003420061166,0.010747464644189377,0.010751763531613051
14,4444,101,6,0.004246656150362347,0.0038571561064547157,0.0042302750777291065
14,4444,101,7,0.0018861824271108572,0.0019995779788689032,0.0018133303631537232
14,4444,101,8,0.0008418662146656559,0.0008033565177199261,0.0007819907505694599
14,4444,101,9,0.000718063385453283,0.000780772222031437,0.0007307932147045846
14,4444,101,10,0.0005870080488357764,0.0005920338149825821,0.00046333682941115554
14,4444,101,11,0.0003098201063565217,0.0003746783441940294,0.0003002286771299693
14,4444,101,12,0.0002586305490452278,0.00021623781619965483,0.00021348860582578406
14,4444,101,13,0.00021632486859016176,0.00020512402290257426,0.00016897072582155567
14,4444,101,14,0.00018980143555750412,0.00018337693328345653,0.00015749863138193808
14,4444,101,15,0.00013958659949441456,0.00013903577587407294,0.00011681726265652032
14,4444,101,16,0.00011987327632761862,0.00010748399295632315,9.978439876235768e-05
14,4444,101,17,0.00010227159389536012,8.08116909716992e-05,7.9357650084915e-05
14,4444,101,18,5.635783194232789e-05,6.395654057663095e-05,4.5324144350096954e-05
14,4444,101,19,4.39834035095461e-05,3.942463439719021e-05,3.751192248804281e-05
14,4444,101,20,3.096159974272309e-05,3.1725152182436295e-05,2.7207053090846497e-05
14,4444,101,21,2.7372488912530132e-05,3.1504065313868295e-05,2.1988818048206716e-05
14,4444,101,22,2.4943163760118033e-05,2.4964701433599592e-05,2.13389313647936e-05
14,4444,101,23,1.5631858842493305e-05,1.4076615882187155e-05,1.4339586031321541e-05
14,4444,101,24,1.5300810576649932e-05,1.3596032859626317e-05,1.1922231723570505e-05
14,4444,101,25,1.1650684491173498e-05,9.284847446228837e-06,1.0173723067734779e-05
14,4444,101,26,9.83341868326103e-06,9.045343891816117e-06,7.417478601521856e-06
14,4444,101,27,8.95678975622225e-06,5.954521762626564e-06,6.569154242023104e-06
14,4444,101,28,6.11181142266316e-06,5.564141116515314e-06,4.441965970532981e-06
14,4444,101,29,4.199821390356805e-06,4.404025349059554e-06,3.229739172411291e-06
14,4444,101,30,3.3303296125397857e-06,3.152583454475226e-06,2.095907982904055e-06
14,4444,101,31,3.13385381064343e-06,2.3179368401251246e-06,1.7078267673726155e-06
14,4444,101,32,2.5874551564134298e-06,1.7576883531349822e-06,1.640878517814125e-06
14,4444,101,33,1.910742134881565e-06,1.5898130981059457e-06,1.3743430947871957e-06
14,4444,101,34,1.6614006788471842e-06,1.5394782225366687e-06,1.130334005639317e-06
14,4444,101,35,1.5457097128146415e-06,1.257621166572772e-06,9.403660138913259e-07
14,4444,101,36,1.1924224738716648e-06,1.1607277025619416e-06,7.712170788561408e-07
14,4444,101,37,1.0879445960968398e-06,1.107372182835015e-06,6.443149884872312e-07
14,4444,101,38,1.0190853268970156e-06,8.797408508633385e-07,6.295209353997089e-07
14,4444,101,39,8.302880019948384e-07,6.079303502413425e-07,4.6427508444607156e-07
14,4444,101,40,7.168628215398236e-07,5.511487175972099e-07,4.2440431703428795e-07
14,4444,101,41,6.318427285506395e-07,4.6145133661971447e-07,3.558866225545013e-07
14,4444,101,42,5.240068267832248e-07,3.5690526047244924e-07,3.4843068959915115e-07
14,4444,101,43,4.283632012620935e-07,3.0370793369288267e-07,3.054431128964965e-07
14,4444,101,44,3.4385295097071173e-07,2.84499087034983e-07,2.2905304193944016e-07
14,4444,101,45,2.854587579897762e-07,2.546709384263768e-07,1.8808496135793892e-07
14,4444,101,46,2.4829294952925664e-07,2.337463553829498e-07,1.6403069368175527e-07
14,4444,101,47,2.472475586020076e-07,2.0644794876278138e-07,1.4257476816631685e-07
14,4444,101,48,1.4658154859595564e-07,1.241271121990802e-07,1.4062025076167088e-07
14,4444,101,49,1.14779878236837e-07,1.1026348023747508e-07,1.137170222676335e-07
14,4444,101,50,1.1132646573251927e-07,9.202694937153452e-08,8.545634683961952e-08
14,4444,101,51,9.236337129934105e-08,9.07088798130912e-08,6.437110705338915e-08
14,4444,101,52,8.152596171153273e-08,7.681514131118765e-08,5.628854706480336e-08
14,4444,101,53,6.918460013995795e-08,7.396095915992533e-08,5.111863807097954e-08
14,4444,101,54,6.734198100261155e-08,6.458998332340801e-08,4.589382109236908e-08
14,4444,101,55,3.767575677001902e-08,5.7567756209814996e-08,3.9743559726910854e-08
14,4444,101,56,3.312895050050192e-08,4.727654366824728e-08,3.168467215155128e-08
14,4444,101,57,2.3743271740514623e-08,3.8168624967336344e-08,2.8420956298978992e-08
14,4444,101,58,2.2964869884956772e-08,2.7896066061415356e-08,1.9194983970683524e-08
14,4444,101,59,2.1129222802874865e-08,2.4840633265140373e-08,1.7309735707350182e-08
14,4444,101,60,1.921373129185862e-08,2.2710486292982313e-08,1.4388254978957875e-08
14,4444,101,61,1.676866988343339e-08,2.0662730457993737e-08,1.3362020871501708e-08
14,4444,101,62,1.5078999842383135e-08,1.9814194735683674e-08,1.1470200928855007e-08
14,4444,101,63,1.2643906196294087e-08,1.4897368678746239e-08,8.005141787264812e-09
14,4444,101,64,1.0947578844822323e-08,1.458288308764192e-08,7.4494008275368994e-09
14,4444,101,65,1.0450877491029947e-08,9.562186663198258e-09,6.4527725019597565e-09
14,4444,101,66,1.0353707422303847e-08,9.428167883950745e-09,6.263903267180617e-09
14,4444,101,67,7.0192851812564246e-09,8.287294444880973e-09,4.442830709072024e-09
14,4444,101,68,6.5001108176879025e-09,5.282428067602774e-09,4.0268204756078525e-09
14,4444,101,69,5.503576867406417e-09,4.832601546171646e-09,3.494983209410887e-09
14,4444,101,70,4.949153028963807e-09,3.916136530809662e-09,3.2092715460813473e-09
14,4444,101,71,4.575988285146382e-09,3.713796984581487e-09,2.2511122320705517e-09
14,4444,101,72,3.484057203246635e-09,3.405333152071257e-09,2.0867861973466507e-09
14,4444,101,73,2.8919336017309832e-09,2.603431550705082e-09,1.9948664009044784e-09
14,4444,101,74,1.9877784377102938e-09,2.4199410179127373e-09,1.4842344379951986e-09
14,4444,101,75,1.7450573036034456e-09,2.005053896201712e-09,1.2680520488384662e-09
14,4444,101,76,1.5112415352635325e-09,1.900268472980748e-09,1.1880306138752652e-09
14,4444,101,77,1.2668046389785269e-09,1.6721428168326745e-09,1.124216143654017e-09
14,4444,101,78,1.1399368972705312e-09,1.4074590195223762e-09,9.008590824331869e-10
14,4444,101,79,1.0544168955048276e-09,1.2736605391502482e-09,6.726170718096569e-10
14,4444,101,80,9.500148864764335e-10,1.0754683991351015e-09,6.21086673663414e-10
14,4444,101,81,7.469386693149696e-10,9.009142062693178e-10,5.303651153353526e-10
14,4444,101,82,6.560897408469241e-10,8.22646654590954e-10,4.763674078128961e-10
14,4444,101,83,6.050874940373053e-10,6.451717659526418e-10,4.018919707394913e-10
14,4444,101,84,3.844403922283679e-10,5.635617503543939e-10,3.505741311543515e-10
14,4444,101,85,3.0659757891445783e-10,4.942750370143181e-10,2.562380579305683e-10
14,4444,101,86,2.7701009495217616e-10,4.2775032269255243e-10,2.448221854600408e-10
14,4444,101,87,2.4444515862100086e-10,3.8407189132219893e-10,1.9068151234159881e-10
14,4444,101,88,2.3683388980326937e-10,3.153206218985244e-10,1.2844512793789816e-10
14,4444,101,89,2.1644062054211112e-10,2.513669953558064e-10,1.159103516896332e-10
14,4444,101,90,1.4281965504444702e-10,2.257420689359518e-10,1.0157414929003049e-10
14,4444,101,91,1.3228801748828244e-10,2.0245335779032375e-10,8.932453977501278e-11
14,4444,101,92,9.298397146079601e-11,1.6874741829430715e-10,7.95040486194143e-11
14,4444,101,93,9.061643671427632e-11,1.578741544918857e-10,6.860988643508574e-11
14,4444,101,94,8.934393177052123e-11,1.4252862905752108e-10,4.938108952389936e-11
14,4444,101,95,6.657613395395956e-11,9.250843920204681e-11,4.637159648878964e-11
14,4444,101,96,5.1441028765092776e-11,9.105106701060396e-11,3.6534166214492447e-11
14,4444,101,97,4.5858616995682376e-11,7.047507011288252e-11,3.0800863715044216e-11
14,4444,101,98,3.529623349620437e-11,4.46296469946597e-11,2.9365047639674246e-11
14,4444,101,99,3.486747507206739e-11,4.2115375383819454e-11,2.3572670249996854e-11
14,4444,101,100,2.3895757221073534e-11,4.009261698117519e-11,1.8496611544766662e-11
14,4444,101,101,2.2848456597630135e-11,3.177937042631087e-11,1.7282715388865504e-11
14,4444,101,102,1.8036258106461878e-11,2.4354079169265472e-11,1.2827595953045526e-11
14,4444,101,103,1.3707212657544397e-11,2.2778187023568607e-11,9.880654990953243e-12
14,4444,101,104,1.1682440909535168e-11,1.9696122578932063e-11,8.600346204255774e-12
14,4444,101,105,8.814300323036971e-12,1.3382540904668056e-11,6.410665084939564e-12
14,4444,101,106,8.512425179698037e-12,1.2358594435921045e-11,4.360862358600256e-12
14,4444,101,107,7.235926596102778e-12,9.102190356332605e-12,3.5097501064388536e-12
14,4444,101,108,6.4213813633694616e-12,5.637260223133817e-12,2.591639747433155e-12
14,4444,101,109,4.373327828829437e-12,5.4468640424545485e-12,1.9767253787012305e-12
14,4444,101,110,3.7367311347599265e-12,4.163545049415267e-12,1.267833802413321e-12
14,4444,101,111,3.347353298820424e-12,4.1377950993687966e-12,1.1156891562154638e-12
14,4444,101,112,2.7367186106072824e-12,3.1516920135346364e-12,8.346540279888932e-13
14,4444,101,113,2.4595475583185606e-12,1.702086680315997e-12,6.809264484990517e-13
14,4444,101,114,1.1413612472320634e-12,1.6299187965134017e-12,4.0313067230680964e-13
14,4444,101,115,7.15610670446734e-13,1.0348740624744123e-12,3.649897449230296e-13
14,4444,101,116,5.949709478473598e-13,8.910795995665853e-13,1.8134431073941541e-13
14,4444,101,117,3.698033726867181e-13,4.996856094733065e-13,1.5914206209618712e-13
14,4444,101,118,3.1585944344564263e-13,4.595481658729021e-13,1.2642751703509505e-13
14,4444,101,119,2.1316394248125363e-13,3.240875718699533e-13,8.713728194937554e-14
14,4444,101,120,1.7750301945060625e-13,9.153001817631936e-14,7.84506422959587e-14
14,4444,101,121,1.4122799867310448e-13,6.278270906351133e-14,4.3034611686760977e-14
14,4444,101,122,1.253306568937409e-13,5.914211136136778e-14,2.344199435212953e-14
14,4444,101,123,7.551143693807973e-14,4.5269408830570984e-14,1.2221258607289947e-14
14,4444,101,124,2.896663140274328e-14,1.518044156383493e-14,5.5867616727464e-15
14,4444,101,125,5.9333743796878844e-15,2.9437913131315776e-15,2.171088783351832e-15
14,4444,101,126,2.8888358410329074e-15,9.99999999999998e-16,9.999999999999995e-16
14,4444,101,127,9.999999999999987e-16,9.99999999999998e-16,9.999999999999995e-16
14,4444,101,128,9.999999999999987e-16,9.99999999999998e-16,9.999999999999995e-16
14,4444,202,1,0.8833921558081883,0.883680397856642,0.8829160103815227
14,4444,202,2,0.06645492461401688,0.06635280051735366,0.06739519928579167
14,4444,202,3,0.017059858556252295,0.016975153482685277,0.017086811003033806
14,4444,202,4,0.01243697772305804,0.012482092763606152,0.01245459749462085
14,4444,202,5,0.010762003420061166,0.01073530153835187,0.01077643324785057
14,4444,202,6,0.004246656150362347,0.004153483792212343,0.004240698004102827
14,4444,202,7,0.0018861824271108572,0.0019300958963118695,0.0016547191662753665
14,4444,202,8,0.0008418662146656559,0.0008360414729973815,0.0008278054485723113
14,4444,202,9,0.000718063385453283,0.0007305949377991867,0.0007230736204423297
14,4444,202,10,0.0005870080488357764,0.000602798942101769,0.0005175962650073369
14,4444,202,11,0.0003098201063565217,0.0003116741093360195,0.0003285359194292346
14,4444,202,12,0.0002586305490452278,0.00023600220158188296,0.00020931098764323473
14,4444,202,13,0.00021632486859016176,0.00019321154947171784,0.00018754951458687934
14,4444,202,14,0.00018980143555750412,0.00018089663247692348,0.00016332707542584225
14,4444,202,15,0.00013958659949441456,0.00013515912667929562,0.000131675635882539
14,4444,202,16,0.00011987327632761862,0.00010349971004770101,9.141553911454262e-05
14,4444,202,17,0.00010227159389536012,9.682155611375325e-05,7.927372722578562e-05
14,4444,202,18,5.635783194232789e-05,5.330366325250846e-05,4.3921633844016724e-05
14,4444,202,19,4.39834035095461e-05,3.9549679391459984e-05,3.6532194260778445e-05
14,4444,202,20,3.096159974272309e-05,3.083008481809212e-05,2.518149250472845e-05
14,4444,202,21,2.7372488912530132e-05,2.9379581846613792e-05,1.967854725148626e-05
14,4444,202,22,2.4943163760118033e-05,2.117603718369366e-05,1.941819505056491e-05
14,4444,202,23,1.5631858842493305e-05,1.444733208938013e-05,1.415096024162001e-05
14,4444,202,24,1.5300810576649932e-05,1.3978663107853252e-05,1.1538870095437969e-05
14,4444,202,25,1.1650684491173498e-05,1.1743322386881906e-05,9.213107293961088e-06
14,4444,202,26,9.83341868326103e-06,1.1566436762120715e-05,7.035338875311012e-06
14,4444,202,27,8.95678975622225e-06,8.707560292577201e-06,6.109939552632213e-06
14,4444,202,28,6.11181142266316e-06,5.2994915697949794e-06,4.039263968751412e-06
14,4444,202,29,4.199821390356805e-06,3.655132153604895e-06,3.773990354002165e-06
14,4444,202,30,3.3303296125397857e-06,2.8624780702811205e-06,2.1156434336069394e-06
14,4444,202,31,3.13385381064343e-06,2.6146393949840125e-06,1.9264658894278697e-06
14,4444,202,32,2.5874551564134298e-06,2.2806272792795486e-06,1.7134137506492053e-06
14,4444,202,33,1.910742134881565e-06,2.2305269838614255e-06,1.622824575746734e-06
14,4444,202,34,1.6614006788471842e-06,1.6093709218958573e-06,1.2780400476845242e-06
14,4444,202,35,1.5457097128146415e-06,1.1629074466083675e-06,1.1971126092029568e-06
14,4444,202,36,1.1924224738716648e-06,9.88010182511487e-07,9.35744666970443e-07
14,4444,202,37,1.0879445960968398e-06,9.072345718682808e-07,6.964722800105788e-07
14,4444,202,38,1.0190853268970156e-06,8.725330905942535e-07,5.423087820982679e-07
14,4444,202,39,8.302880019948384e-07,7.257991144870348e-07,4.553819175763535e-07
14,4444,202,40,7.168628215398236e-07,5.658156469894778e-07,4.3653984845339603e-07
14,4444,202,41,6.318427285506395e-07,5.143879475751965e-07,3.659756038394019e-07
14,4444,202,42,5.240068267832248e-07,4.576333534627192e-07,3.22200146336115e-07
14,4444,202,43,4.283632012620935e-07,3.474006777297228e-07,2.6465599552620484e-07
14,4444,202,44,3.4385295097071173e-07,3.241195360762865e-07,2.3715304550879555e-07
14,4444,202,45,2.854587579897762e-07,2.660971445466908e-07,2.0657727818596816e-07
14,4444,202,46,2.4829294952925664e-07,2.6136029806783503e-07,1.6415578435289027e-07
14,4444,202,47,2.472475586020076e-07,2.1960635872049275e-07,1.2389779892434077e-07
14,4444,202,48,1.4658154859595564e-07,1.5684468580718753e-07,1.223078028660182e-07
14,4444,202,49,1.14779878236837e-07,1.5077124362755575e-07,9.224768222500983e-08
14,4444,202,50,1.1132646573251927e-07,1.3375676082687235e-07,7.996334821003572e-08
14,4444,202,51,9.236337129934105e-08,1.0694762100668883e-07,7.032413893935725e-08
14,4444,202,52,8.152596171153273e-08,9.734815662645844e-08,6.155213362939196e-08
14,4444,202,53,6.918460013995795e-08,8.257904056551312e-08,5.1582967808839575e-08
14,4444,202,54,6.734198100261155e-08,6.199164899574007e-08,4.939874614718871e-08
14,4444,202,55,3.767575677001902e-08,5.933704338812301e-08,3.915517432055285e-08
14,4444,202,56,3.312895050050192e-08,4.019150850959915e-08,3.291965738630644e-08
14,4444,202,57,2.3743271740514623e-08,3.2677374178246294e-08,2.947340549473965e-08
14,4444,202,58,2.2964869884956772e-08,3.043401291612143e-08,2.5826973508060065e-08
14,4444,202,59,2.1129222802874865e-08,2.5021882782673686e-08,1.8533171430385417e-08
14,4444,202,60,1.921373129185862e-08,2.1490788662478374e-08,1.4610192276308151e-08
14,4444,202,61,1.676866988343339e-08,1.6888601290295812e-08,1.2242467137406368e-08
14,4444,202,62,1.5078999842383135e-08,1.4848196699737292e-08,9.985599190768994e-09
14,4444,202,63,1.2643906196294087e-08,1.3997254731359093e-08,7.888464092778493e-09
14,4444,202,64,1.0947578844822323e-08,1.0946482322328378e-08,7.457320185660521e-09
14,4444,202,65,1.0450877491029947e-08,8.750323891010642e-09,6.1770308010974226e-09
14,4444,202,66,1.0353707422303847e-08,7.998326044605618e-09,6.029011836659565e-09
14,4444,202,67,7.0192851812564246e-09,7.076351474945528e-09,4.907785756529598e-09
14,4444,202,68,6.5001108176879025e-09,6.570795047824753e-09,4.433573171677224e-09
14,4444,202,69,5.503576867406417e-09,6.006914915401645e-09,3.33571385314296e-09
14,4444,202,70,4.949153028963807e-09,4.501096248385125e-09,2.5727002672002982e-09
14,4444,202,71,4.575988285146382e-09,4.072141802452222e-09,2.295641998618556e-09
14,4444,202,72,3.484057203246635e-09,4.015553057647536e-09,2.2434534153788224e-09
14,4444,202,73,2.8919336017309832e-09,3.274231268299184e-09,1.7818374957226552e-09
14,4444,202,74,1.9877784377102938e-09,2.7702115597015532e-09,1.4647625859271088e-09
14,4444,202,75,1.7450573036034456e-09,2.0179069400625e-09,1.2866504466754116e-09
14,4444,202,76,1.5112415352635325e-09,1.8895580706212016e-09,1.1453841318576492e-09
14,4444,202,77,1.2668046389785269e-09,1.515991569685589e-09,9.234539878655372e-10
14,4444,202,78,1.1399368972705312e-09,1.3013464132887338e-09,8.865592278980349e-10
14,4444,202,79,1.0544168955048276e-09,1.1674422628704691e-09,7.72953166134023e-10
14,4444,202,80,9.500148864764335e-10,1.131241262155732e-09,6.724074708182251e-10
14,4444,202,81,7.469386693149696e-10,9.34132676545061e-10,4.990335184419007e-10
14,4444,202,82,6.560897408469241e-10,8.888987107836248e-10,4.386832202080406e-10
14,4444,202,83,6.050874940373053e-10,8.177884693970311e-10,3.990069978779565e-10
14,4444,202,84,3.844403922283679e-10,5.287409536213979e-10,3.275105108335569e-10
14,4444,202,85,3.0659757891445783e-10,4.43456101494967e-10,3.1479806029029726e-10
14,4444,202,86,2.7701009495217616e-10,3.8211904209101817e-10,2.2582490600024353e-10
14,4444,202,87,2.4444515862100086e-10,3.3267903550068516e-10,2.006483296900257e-10
14,4444,202,88,2.3683388980326937e-10,3.0357656973779276e-10,1.3002973393612486e-10
14,4444,202,89,2.1644062054211112e-10,2.914018172752721e-10,1.046015740947083e-10
14,4444,202,90,1.4281965504444702e-10,2.2655718218470613e-10,9.276053776584356e-11
14,4444,202,91,1.3228801748828244e-10,1.8433340627927025e-10,8.883357332771932e-11
14,4444,202,92,9.298397146079601e-11,1.6191153350362309e-10,6.143049915767797e-11
14,4444,202,93,9.061643671427632e-11,1.301027071236813e-10,5.7200717739838005e-11
14,4444,202,94,8.934393177052123e-11,1.0237372993768472e-10,4.407222488087705e-11
14,4444,202,95,6.657613395395956e-11,9.737641667575997e-11,3.570673740705085e-11
14,4444,202,96,5.1441028765092776e-11,7.632390019922302e-11,3.020179571872721e-11
14,4444,202,97,4.5858616995682376e-11,7.413160532968812e-11,2.26547675990298e-11
14,4444,202,98,3.529623349620437e-11,5.879747597798097e-11,2.0682933463535132e-11
14,4444,202,99,3.486747507206739e-11,4.496216166984627e-11,1.9462247473389924e-11
14,4444,202,100,2.3895757221073534e-11,3.3183526148338295e-11,1.4877982218106647e-11
14,4444,202,101,2.2848456597630135e-11,2.932315888450396e-11,1.1899120706900024e-11
14,4444,202,102,1.8036258106461878e-11,2.6378017570217003e-11,1.100737099106976e-11
14,4444,202,103,1.3707212657544397e-11,2.0307666563020554e-11,7.819833250433516e-12
14,4444,202,104,1.1682440909535168e-11,1.2219747317618505e-11,6.057208340596319e-12
14,4444,202,105,8.814300323036971e-12,9.130354425795139e-12,5.5848164846930284e-12
14,4444,202,106,8.512425179698037e-12,8.458795202431937e-12,4.2780521846804135e-12
14,4444,202,107,7.235926596102778e-12,6.767144610996619e-12,3.494318469046777e-12
14,4444,202,108,6.4213813633694616e-12,4.8873692603293456e-12,2.555919139279005e-12
14,4444,202,109,4.373327828829437e-12,3.832860283409951e-12,2.2233624791952595e-12
14,4444,202,110,3.7367311347599265e-12,3.7582009960111845e-12,1.7405141763763367e-12
14,4444,202,111,3.347353298820424e-12,2.7924985473945875e-12,1.0524151296226824e-12
14,4444,202,112,2.7367186106072824e-12,1.8823409063052044e-12,7.853328865471798e-13
14,4444,202,113,2.4595475583185606e-12,1.6915992332712394e-12,4.573720534779915e-13
14,4444,202,114,1.1413612472320634e-12,1.370808036011892e-12,4.0864917019772446e-13
14,4444,202,115,7.15610670446734e-13,9.500733870316943e-13,3.724483922954151e-13
14,4444,202,116,5.949709478473598e-13,9.419270772907854e-13,2.330806816219615e-13
14,4444,202,117,3.698033726867181e-13,6.689833512486566e-13,2.0906117197953683e-13
14,4444,202,118,3.1585944344564263e-13,4.916643935107263e-13,1.3650142594487393e-13
14,4444,202,119,2.1316394248125363e-13,3.118193849698763e-13,9.511841273623476e-14
14,4444,202,120,1.7750301945060625e-13,2.838414262621791e-13,7.950825446531196e-14
14,4444,202,121,1.4122799867310448e-13,1.625068458133315e-13,2.1844340668605525e-14
14,4444,202,122,1.253306568937409e-13,7.381144178802961e-14,1.163866739599889e-14
14,4444,202,123,7.551143693807973e-14,4.148517007689533e-14,8.254658605762288e-15
14,4444,202,124,2.896663140274328e-14,2.142398097375188e-14,3.0604195646341194e-15
14,4444,202,125,5.9333743796878844e-15,1.4765857692700248e-14,1.4149600786311743e-15
14,4444,202,126,2.8888358410329074e-15,1.037336969126076e-14,9.99999999999998e-16
14,4444,202,127,9.999999999999987e-16,9.999999999999989e-16,9.99999999999998e-16
14,4444,202,128,9.999999999999987e-16,9.999999999999989e-16,9.99999999999998e-16
14,4444,303,1,0.8833921558081883,0.8838354669868839,0.8832307745013626
14,4444,303,2,0.06645492461401688,0.06700170651127889,0.06697575977126607
14,4444,303,3,0.017059858556252295,0.016483477388172168,0.017164539064746825
14,4444,303,4,0.01243697772305804,0.012551288085735836,0.012385764669516165
14,4444,303,5,0.010762003420061166,0.010603456061465724,0.01076442210449756
14,4444,303,6,0.004246656150362347,0.00388845324013777,0.004289042225764696
14,4444,303,7,0.0018861824271108572,0.0019327156223734002,0.0017378563467948921
14,4444,303,8,0.0008418662146656559,0.0007855512922352015,0.0007579725473978481
14,4444,303,9,0.000718063385453283,0.0007790214927941267,0.0007368082118095517
14,4444,303,10,0.0005870080488357764,0.0005945675615181706,0.0005543399419952346
14,4444,303,11,0.0003098201063565217,0.000337953402107879,0.00032024391294749674
14,4444,303,12,0.0002586305490452278,0.00026222256774395515,0.00021206316345420215
14,4444,303,13,0.00021632486859016176,0.0002076302911009744,0.00017690679707402026
14,4444,303,14,0.00018980143555750412,0.0001647958093991075,0.00016281941367671514
14,4444,303,15,0.00013958659949441456,0.00013686384540993418,0.00012806563028553816
14,4444,303,16,0.00011987327632761862,0.00012182889702513864,0.00010207139656134423
14,4444,303,17,0.00010227159389536012,6.991579257219625e-05,7.846553369448284e-05
14,4444,303,18,5.635783194232789e-05,5.385903621976331e-05,4.6255342217942776e-05
14,4444,303,19,4.39834035095461e-05,4.79879419380731e-05,3.9225765731448706e-05
14,4444,303,20,3.096159974272309e-05,2.599561092959503e-05,2.792384913890331e-05
14,4444,303,21,2.7372488912530132e-05,2.0521311946215118e-05,2.057210731677539e-05
14,4444,303,22,2.4943163760118033e-05,1.4720999061777795e-05,2.0434867480059873e-05
14,4444,303,23,1.5631858842493305e-05,1.4034726392670367e-05,1.1703240686823836e-05
14,4444,303,24,1.5300810576649932e-05,1.0364566831165145e-05,1.0696676151895579e-05
14,4444,303,25,1.1650684491173498e-05,9.702706667978315e-06,9.146628161376419e-06
14,4444,303,26,9.83341868326103e-06,8.594968977547747e-06,6.948261195063537e-06
14,4444,303,27,8.95678975622225e-06,8.07153020060375e-06,5.956066477563398e-06
14,4444,303,28,6.11181142266316e-06,5.277208147525003e-06,4.101705401999556e-06
14,4444,303,29,4.199821390356805e-06,3.660389175403433e-06,3.5559318941472427e-06
14,4444,303,30,3.3303296125397857e-06,3.0422856286260455e-06,2.331164169194231e-06
14,4444,303,31,3.13385381064343e-06,2.615566213072932e-06,2.0207663709299896e-06
14,4444,303,32,2.5874551564134298e-06,2.1611365265013525e-06,1.883288068865387e-06
14,4444,303,33,1.910742134881565e-06,2.138158069882799e-06,1.4647739361393713e-06
14,4444,303,34,1.6614006788471842e-06,1.5614007736964567e-06,1.1596365877102286e-06
14,4444,303,35,1.5457097128146415e-06,1.3452970147287768e-06,1.0686983422194456e-06
14,4444,303,36,1.1924224738716648e-06,1.1417117621040494e-06,9.426801458725953e-07
14,4444,303,37,1.0879445960968398e-06,9.617031141645157e-07,7.299659498522283e-07
14,4444,303,38,1.0190853268970156e-06,7.878541363311098e-07,6.642483844391317e-07
14,4444,303,39,8.302880019948384e-07,7.587106825055832e-07,4.950759978992617e-07
14,4444,303,40,7.168628215398236e-07,5.277406399385613e-07,4.519904458772173e-07
14,4444,303,41,6.318427285506395e-07,5.030966598834549e-07,3.724366262283352e-07
14,4444,303,42,5.240068267832248e-07,3.9846896439722404e-07,3.1718660590461416e-07
14,4444,303,43,4.283632012620935e-07,3.613969667213515e-07,2.679686083738812e-07
14,4444,303,44,3.4385295097071173e-07,2.9264544351333484e-07,2.4935719862942357e-07
14,4444,303,45,2.854587579897762e-07,2.4936523014945904e-07,2.1059454151528703e-07
14,4444,303,46,2.4829294952925664e-07,2.1984674371150078e-07,1.3212775140351983e-07
14,4444,303,47,2.472475586020076e-07,1.9293602791902693e-07,1.26142196391889e-07
14,4444,303,48,1.4658154859595564e-07,1.4166723230453226e-07,1.1723837410405489e-07
14,4444,303,49,1.14779878236837e-07,1.4008892934080576e-07,1.0241301402429536e-07
14,4444,303,50,1.1132646573251927e-07,1.0808303779318385e-07,6.391956503135559e-08
14,4444,303,51,9.236337129934105e-08,9.266003404142967e-08,5.5080868435710293e-08
14,4444,303,52,8.152596171153273e-08,8.699376803883593e-08,5.077682704565357e-08
14,4444,303,53,6.918460013995795e-08,7.20046044256876e-08,4.407121011483307e-08
14,4444,303,54,6.734198100261155e-08,5.892107661884737e-08,4.2693478662384513e-08
14,4444,303,55,3.767575677001902e-08,4.239979136789112e-08,3.2350490308777264e-08
14,4444,303,56,3.312895050050192e-08,3.7407468503521716e-08,2.7982784072169835e-08
14,4444,303,57,2.3743271740514623e-08,3.206163737987787e-08,2.2330156734585775e-08
14,4444,303,58,2.2964869884956772e-08,2.854991881411355e-08,1.8452157345841854e-08
14,4444,303,59,2.1129222802874865e-08,2.6094128137913666e-08,1.6457836096993317e-08
14,4444,303,60,1.921373129185862e-08,2.169530330944388e-08,1.0877302847486074e-08
14,4444,303,61,1.676866988343339e-08,1.9809181410628332e-08,1.0072486939754862e-08
14,4444,303,62,1.5078999842383135e-08,1.752484886894815e-08,9.347069347190076e-09
14,4444,303,63,1.2643906196294087e-08,1.6321592243588856e-08,8.110998656939762e-09
14,4444,303,64,1.0947578844822323e-08,1.0959675643786454e-08,5.761793106812635e-09
14,4444,303,65,1.0450877491029947e-08,1.0933076395205483e-08,5.487185479897688e-09
14,4444,303,66,1.0353707422303847e-08,9.523924033107846e-09,4.733790596024118e-09
14,4444,303,67,7.0192851812564246e-09,9.032912512834438e-09,3.566075010213528e-09
14,4444,303,68,6.5001108176879025e-09,7.783836295470133e-09,3.4969355206556536e-09
14,4444,303,69,5.503576867406417e-09,6.384880090493445e-09,3.2661186822088657e-09
14,4444,303,70,4.949153028963807e-09,5.830701893300609e-09,2.862839286908232e-09
14,4444,303,71,4.575988285146382e-09,4.961929138597048e-09,2.329057136491251e-09
14,4444,303,72,3.484057203246635e-09,3.8952977839812695e-09,2.146682924947126e-09
14,4444,303,73,2.8919336017309832e-09,3.625845383148598e-09,1.5569174439790032e-09
14,4444,303,74,1.9877784377102938e-09,3.2234636215076863e-09,1.2096782391594603e-09
14,4444,303,75,1.7450573036034456e-09,2.7456731238037494e-09,1.0654256284153925e-09
14,4444,303,76,1.5112415352635325e-09,2.193261815338148e-09,9.854102855454732e-10
14,4444,303,77,1.2668046389785269e-09,1.5914957017102185e-09,7.580393451996951e-10
14,4444,303,78,1.1399368972705312e-09,1.3547957087950754e-09,6.566350763246605e-10
14,4444,303,79,1.0544168955048276e-09,1.1144079112907255e-09,6.508325765407714e-10
14,4444,303,80,9.500148864764335e-10,1.031436618124512e-09,5.701831103296197e-10
14,4444,303,81,7.469386693149696e-10,9.119435246725552e-10,4.690715226822674e-10
14,4444,303,82,6.560897408469241e-10,8.430516577551733e-10,3.980712910080233e-10
14,4444,303,83,6.050874940373053e-10,7.326886774493083e-10,3.394871626707089e-10
14,4444,303,84,3.844403922283679e-10,7.265748854421331e-10,2.6884390786003704e-10
14,4444,303,85,3.0659757891445783e-10,4.755116982228291e-10,2.458998211538216e-10
14,4444,303,86,2.7701009495217616e-10,4.2881847943556966e-10,2.031771073726141e-10
14,4444,303,87,2.4444515862100086e-10,3.621751690040702e-10,1.8590479572951008e-10
14,4444,303,88,2.3683388980326937e-10,2.8573544278284014e-10,1.3472368412019284e-10
14,4444,303,89,2.1644062054211112e-10,2.352353124983447e-10,1.2502592055204166e-10
14,4444,303,90,1.4281965504444702e-10,2.1518757280622324e-10,1.007886483091629e-10
14,4444,303,91,1.3228801748828244e-10,2.0961766602866887e-10,8.603407473839059e-11
14,4444,303,92,9.298397146079601e-11,1.8356525194392855e-10,8.042175498462246e-11
14,4444,303,93,9.061643671427632e-11,1.5458579331395963e-10,4.93823815559981e-11
14,4444,303,94,8.934393177052123e-11,9.458365951284956e-11,4.652112221593423e-11
14,4444,303,95,6.657613395395956e-11,8.247005173338336e-11,4.612047938558445e-11
14,4444,303,96,5.1441028765092776e-11,7.647853255717114e-11,4.023168476534711e-11
14,4444,303,97,4.5858616995682376e-11,5.7899309825673926e-11,2.3160182394352967e-11
14,4444,303,98,3.529623349620437e-11,5.5884475570273743e-11,2.1668932061313963e-11
14,4444,303,99,3.486747507206739e-11,4.567350279420922e-11,1.6735943492963946e-11
14,4444,303,100,2.3895757221073534e-11,3.46884624852891e-11,1.157201129147247e-11
14,4444,303,101,2.2848456597630135e-11,2.746465811065396e-11,1.1347852195663993e-11
14,4444,303,102,1.8036258106461878e-11,2.2262797558548973e-11,9.125571371385623e-12
14,4444,303,103,1.3707212657544397e-11,2.0854254570011192e-11,8.067042188604884e-12
14,4444,303,104,1.1682440909535168e-11,1.500244670340274e-11,4.763469207092355e-12
14,4444,303,105,8.814300323036971e-12,1.4049490619970422e-11,4.1602254061173085e-12
14,4444,303,106,8.512425179698037e-12,1.3843292342015784e-11,3.392854481628055e-12
14,4444,303,107,7.235926596102778e-12,1.2204270370044688e-11,3.0210762570009273e-12
14,4444,303,108,6.4213813633694616e-12,7.355588722134068e-12,1.946375715891527e-12
14,4444,303,109,4.373327828829437e-12,5.150795935938856e-12,1.4708026871411972e-12
14,4444,303,110,3.7367311347599265e-12,4.900854072008614e-12,1.305658820370184e-12
14,4444,303,111,3.347353298820424e-12,3.0044624959187306e-12,9.497374101237697e-13
14,4444,303,112,2.7367186106072824e-12,1.8511507188403465e-12,7.437412539622652e-13
14,4444,303,113,2.4595475583185606e-12,1.3230287876279514e-12,5.194907079032464e-13
14,4444,303,114,1.1413612472320634e-12,1.0168543506405223e-12,4.134370526212199e-13
14,4444,303,115,7.15610670446734e-13,9.012892903865752e-13,3.949496578811293e-13
14,4444,303,116,5.949709478473598e-13,6.328723688758978e-13,2.3045272049631807e-13
14,4444,303,117,3.698033726867181e-13,5.074151208869222e-13,1.9082620599955167e-13
14,4444,303,118,3.1585944344564263e-13,3.304457096588599e-13,1.0782721642442502e-13
14,4444,303,119,2.1316394248125363e-13,2.700128261837237e-13,6.536248373541772e-14
14,4444,303,120,1.7750301945060625e-13,2.314007609443505e-13,4.207098286474289e-14
14,4444,303,121,1.4122799867310448e-13,1.0337189633163536e-13,2.5661570190877833e-14
14,4444,303,122,1.253306568937409e-13,6.657400173668618e-14,1.130145672347508e-14
14,4444,303,123,7.551143693807973e-14,4.4457666726478786e-14,8.449203414615921e-15
14,4444,303,124,2.896663140274328e-14,2.9203230044894595e-14,2.947769268376433e-15
14,4444,303,125,5.9333743796878844e-15,1.2281270050454707e-14,1.5535461612870243e-15
14,4444,303,126,2.8888358410329074e-15,8.74966710644358e-15,1.04528447244535e-15
14,4444,303,127,9.999999999999987e-16,9.999999999999985e-16,9.999999999999983e-16
14,4444,303,128,9.999999999999987e-16,9.999999999999985e-16,9.999999999999983e-16
14,4444,404,1,0.8833921558081883,0.8842340664427228,0.8830436860525854
14,4444,404,2,0.06645492461401688,0.0667752121642106,0.06698680842676667
14,4444,404,3,0.017059858556252295,0.01634579594562675,0.01733211838274475
14,4444,404,4,0.01243697772305804,0.012535625236052747,0.012486394851073748
14,4444,404,5,0.010762003420061166,0.010783799067447244,0.010797702898861826
14,4444,404,6,0.004246656150362347,0.0038662795358049883,0.00429594143219035
14,4444,404,7,0.0018861824271108572,0.0018862542364671132,0.001768381116146305
14,4444,404,8,0.0008418662146656559,0.0007943167128294634,0.0007280507223648661
14,4444,404,9,0.000718063385453283,0.0007346604581728311,0.0006694105048558139
14,4444,404,10,0.0005870080488357764,0.0005728830113192232,0.00048271377405282293
14,4444,404,11,0.0003098201063565217,0.0003303733502234137,0.0003126483780810144
14,4444,404,12,0.0002586305490452278,0.00022181439725083024,0.00021196204524996667
14,4444,404,13,0.00021632486859016176,0.00019340360659655053,0.00017546596296602043
14,4444,404,14,0.00018980143555750412,0.00017311457813662138,0.00016258513774547508
14,4444,404,15,0.00013958659949441456,0.00011894730600508116,0.00013758967493816227
14,4444,404,16,0.00011987327632761862,9.94162374030154e-05,0.00010433694176580401
14,4444,404,17,0.00010227159389536012,8.707075926679579e-05,8.046095804390664e-05
14,4444,404,18,5.635783194232789e-05,5.22319364947949e-05,5.064550965918266e-05
14,4444,404,19,4.39834035095461e-05,3.8765196629815544e-05,4.05621692047229e-05
14,4444,404,20,3.096159974272309e-05,3.113706712474476e-05,2.416924421441588e-05
14,4444,404,21,2.7372488912530132e-05,2.3501189556738186e-05,2.1570010439596292e-05
14,4444,404,22,2.4943163760118033e-05,1.9933083909491633e-05,1.9829267133451382e-05
14,4444,404,23,1.5631858842493305e-05,1.67445176826383e-05,1.4843613843281862e-05
14,4444,404,24,1.5300810576649932e-05,1.190978491402262e-05,9.427809292039743e-06
14,4444,404,25,1.1650684491173498e-05,1.1865244533690284e-05,8.83858154867098e-06
14,4444,404,26,9.83341868326103e-06,9.102628421231116e-06,5.901313179818541e-06
14,4444,404,27,8.95678975622225e-06,6.423106522832323e-06,5.731183457217927e-06
14,4444,404,28,6.11181142266316e-06,5.728453912155705e-06,3.529401434000714e-06
14,4444,404,29,4.199821390356805e-06,2.6639152933272045e-06,2.7426091893200603e-06
14,4444,404,30,3.3303296125397857e-06,2.2918055842918166e-06,2.128863731702e-06
14,4444,404,31,3.13385381064343e-06,1.8595586320383577e-06,1.8754484835392829e-06
14,4444,404,32,2.5874551564134298e-06,1.717031515024654e-06,1.7356585178669638e-06
14,4444,404,33,1.910742134881565e-06,1.655542754143559e-06,1.484314814955207e-06
14,4444,404,34,1.6614006788471842e-06,1.4254451430723215e-06,1.4545731540127968e-06
14,4444,404,35,1.5457097128146415e-06,1.085125320387331e-06,1.1776956188838024e-06
14,4444,404,36,1.1924224738716648e-06,9.435169343181255e-07,1.0635127174445747e-06
14,4444,404,37,1.0879445960968398e-06,8.471477411157287e-07,7.472121748205482e-07
14,4444,404,38,1.0190853268970156e-06,7.146628600959753e-07,6.606874203612078e-07
14,4444,404,39,8.302880019948384e-07,5.720203202008259e-07,5.479718517763604e-07
14,4444,404,40,7.168628215398236e-07,5.077236926639488e-07,4.7498107637268044e-07
14,4444,404,41,6.318427285506395e-07,4.3904986018135195e-07,3.9807293989558555e-07
14,4444,404,42,5.240068267832248e-07,4.181111872557825e-07,3.1092492391309135e-07
14,4444,404,43,4.283632012620935e-07,3.6333149393037885e-07,3.073055572324807e-07
14,4444,404,44,3.4385295097071173e-07,3.3395952044935544e-07,2.466618789015605e-07
14,4444,404,45,2.854587579897762e-07,2.7809638957318874e-07,2.1503987103576018e-07
14,4444,404,46,2.4829294952925664e-07,2.316432386372549e-07,1.9465346943551472e-07
14,4444,404,47,2.472475586020076e-07,1.944198365018014e-07,1.5089734774901161e-07
14,4444,404,48,1.4658154859595564e-07,1.7184749793443946e-07,1.1494933222912086e-07
14,4444,404,49,1.14779878236837e-07,1.45287138373818e-07,1.0578627207975469e-07
14,4444,404,50,1.1132646573251927e-07,1.3369253042316434e-07,9.718695735501146e-08
14,4444,404,51,9.236337129934105e-08,1.179915768801278e-07,7.641534282273844e-08
14,4444,404,52,8.152596171153273e-08,8.10742044005589e-08,5.776123739595449e-08
14,4444,404,53,6.918460013995795e-08,6.04594956411799e-08,4.5125894950450657e-08
14,4444,404,54,6.734198100261155e-08,5.912413417180879e-08,4.3358274819963447e-08
14,4444,404,55,3.767575677001902e-08,5.581825961916833e-08,3.3797982156189617e-08
14,4444,404,56,3.312895050050192e-08,3.866304152571374e-08,3.09638751647652e-08
14,4444,404,57,2.3743271740514623e-08,2.9472484960947284e-08,3.040790903657281e-08
14,4444,404,58,2.2964869884956772e-08,2.787618880814903e-08,2.535331529276549e-08
14,4444,404,59,2.1129222802874865e-08,2.43106076509225e-08,1.8828219310099985e-08
14,4444,404,60,1.921373129185862e-08,1.759377102521349e-08,1.556294337865486e-08
14,4444,404,61,1.676866988343339e-08,1.4181571404428252e-08,1.247210504034566e-08
14,4444,404,62,1.5078999842383135e-08,1.3336301429286154e-08,1.0706725432961807e-08
14,4444,404,63,1.2643906196294087e-08,1.2063655937278741e-08,8.833746817000208e-09
14,4444,404,64,1.0947578844822323e-08,1.1399245372096838e-08,8.574013719702634e-09
14,4444,404,65,1.0450877491029947e-08,9.56101253317351e-09,5.970798773956401e-09
14,4444,404,66,1.0353707422303847e-08,8.66807256392623e-09,4.907424932249426e-09
14,4444,404,67,7.0192851812564246e-09,6.991311285089465e-09,4.198158634851858e-09
14,4444,404,68,6.5001108176879025e-09,5.817813517184143e-09,3.870581552511112e-09
14,4444,404,69,5.503576867406417e-09,5.374707473735693e-09,3.280734728899098e-09
14,4444,404,70,4.949153028963807e-09,3.743609852378367e-09,2.7749356455996582e-09
14,4444,404,71,4.575988285146382e-09,3.4380632925834302e-09,2.1912741248692266e-09
14,4444,404,72,3.484057203246635e-09,3.388731999348428e-09,2.1397995144029766e-09
14,4444,404,73,2.8919336017309832e-09,2.9132243029284242e-09,1.899225265823197e-09
14,4444,404,74,1.9877784377102938e-09,2.8386946265650973e-09,1.5707732540436616e-09
14,4444,404,75,1.7450573036034456e-09,2.6697728481880216e-09,1.2068939949276648e-09
14,4444,404,76,1.5112415352635325e-09,1.856761780352334e-09,1.1494912127775395e-09
14,4444,404,77,1.2668046389785269e-09,1.7768453478661566e-09,9.37718955108261e-10
14,4444,404,78,1.1399368972705312e-09,1.500556067277141e-09,8.648438630573657e-10
14,4444,404,79,1.0544168955048276e-09,1.1954998812768413e-09,7.977327012509832e-10
14,4444,404,80,9.500148864764335e-10,1.0574605200834907e-09,5.4822930742054e-10
14,4444,404,81,7.469386693149696e-10,9.930007747962168e-10,4.810348746435518e-10
14,4444,404,82,6.560897408469241e-10,7.57127775401187e-10,4.1115815528229095e-10
14,4444,404,83,6.050874940373053e-10,7.178859761642914e-10,3.7116471784272395e-10
14,4444,404,84,3.844403922283679e-10,5.942574084450147e-10,3.2786175215210535e-10
14,4444,404,85,3.0659757891445783e-10,3.888726925594917e-10,2.903025559303542e-10
14,4444,404,86,2.7701009495217616e-10,3.223731027960046e-10,2.165562064595985e-10
14,4444,404,87,2.4444515862100086e-10,3.05669646197505e-10,2.060441094449106e-10
14,4444,404,88,2.3683388980326937e-10,2.490702407958696e-10,1.3379930292617293e-10
14,4444,404,89,2.1644062054211112e-10,1.7503028486830423e-10,1.1768497026160837e-10
14,4444,404,90,1.4281965504444702e-10,1.6887561869402667e-10,1.0410179090265788e-10
14,4444,404,91,1.3228801748828244e-10,1.5297629187844346e-10,8.987259262471802e-11
14,4444,404,92,9.298397146079601e-11,1.2467486990997372e-10,8.138658246295401e-11
14,4444,404,93,9.061643671427632e-11,1.183592421104263e-10,5.899136618449375e-11
14,4444,404,94,8.934393177052123e-11,9.558642685709801e-11,5.793724534512065e-11
14,4444,404,95,6.657613395395956e-11,9.380809230100325e-11,4.9164181322119884e-11
14,4444,404,96,5.1441028765092776e-11,8.053160781246319e-11,2.8526897733920738e-11
14,4444,404,97,4.5858616995682376e-11,5.991753394002201e-11,2.7516322644761934e-11
14,4444,404,98,3.529623349620437e-11,5.853385847166886e-11,2.463248630468301e-11
14,4444,404,99,3.486747507206739e-11,3.65628009516476e-11,1.667205245290474e-11
14,4444,404,100,2.3895757221073534e-11,2.949480953507458e-11,1.4541679149140883e-11
14,4444,404,101,2.2848456597630135e-11,2.8157386242597798e-11,8.778377692980838e-12
14,4444,404,102,1.8036258106461878e-11,1.938447225631324e-11,7.312488925491461e-12
14,4444,404,103,1.3707212657544397e-11,1.6581373491425272e-11,6.96823950350963e-12
14,4444,404,104,1.1682440909535168e-11,1.6085462487055706e-11,5.4576143800334464e-12
14,4444,404,105,8.814300323036971e-12,9.55351230203828e-12,4.546610192955328e-12
14,4444,404,106,8.512425179698037e-12,9.412742395450595e-12,3.5101332536085362e-12
14,4444,404,107,7.235926596102778e-12,7.318566771628224e-12,2.757458084433063e-12
14,4444,404,108,6.4213813633694616e-12,5.4880136131920305e-12,2.5856754992347398e-12
14,4444,404,109,4.373327828829437e-12,4.981633096617999e-12,1.7567519516015684e-12
14,4444,404,110,3.7367311347599265e-12,3.674357164609161e-12,1.5491894515556497e-12
14,4444,404,111,3.347353298820424e-12,3.2321220562451156e-12,1.1884692580555635e-12
14,4444,404,112,2.7367186106072824e-12,2.2944474670466244e-12,7.583783139467205e-13
14,4444,404,113,2.4595475583185606e-12,1.5533122749378472e-12,6.232645817216936e-13
14,4444,404,114,1.1413612472320634e-12,1.3295885799214007e-12,5.877925134342268e-13
14,4444,404,115,7.15610670446734e-13,6.729158837275674e-13,4.738421264619509e-13
14,4444,404,116,5.949709478473598e-13,4.0812472734795205e-13,2.3273185687128733e-13
14,4444,404,117,3.698033726867181e-13,3.1224837284625557e-13,2.0727070182433347e-13
14,4444,404,118,3.1585944344564263e-13,2.0120619916602747e-13,1.6026318294753258e-13
14,4444,404,119,2.1316394248125363e-13,1.396101911572183e-13,1.0692867486731217e-13
14,4444,404,120,1.7750301945060625e-13,6.769728398007953e-14,7.601969060448795e-14
14,4444,404,121,1.4122799867310448e-13,6.433836879381068e-14,2.6272913007742828e-14
14,4444,404,122,1.253306568937409e-13,2.958046987182021e-14,2.2549175369874635e-14
14,4444,404,123,7.551143693807973e-14,2.1435825374911426e-14,7.731561975299645e-15
14,4444,404,124,2.896663140274328e-14,1.5179341540642142e-14,6.375486942224582e-15
14,4444,404,125,5.9333743796878844e-15,6.15615651828428e-15,3.4455680042729653e-15
14,4444,404,126,2.8888358410329074e-15,4.374567335334992e-15,2.2599214028740838e-15
14,4444,404,127,9.999999999999987e-16,9.999999999999999e-16,9.999999999999983e-16
14,4444,404,128,9.999999999999987e-16,9.999999999999999e-16,9.999999999999983e-16
14,4444,505,1,0.8833921558081883,0.8837333455964422,0.8838610168400278
14,4444,505,2,0.06645492461401688,0.06657267539704133,0.06650001035696904
14,4444,505,3,0.017059858556252295,0.016741068745644225,0.017003426146975028
14,4444,505,4,0.01243697772305804,0.01252925285956316,0.012479328901774212
14,4444,505,5,0.010762003420061166,0.010697358649173924,0.010785175340745343
14,4444,505,6,0.004246656150362347,0.004160175549614244,0.004254563968666559
14,4444,505,7,0.0018861824271108572,0.0018316799240106836,0.0017182277664648362
14,4444,505,8,0.0008418662146656559,0.0008109214494316999,0.0007571272040418834
14,4444,505,9,0.000718063385453283,0.0007627840079768164,0.0007417091669119557
14,4444,505,10,0.0005870080488357764,0.0005544833408399382,0.0004997504319451312
14,4444,505,11,0.0003098201063565217,0.0003163017814061504,0.00031473518809784233
14,4444,505,12,0.0002586305490452278,0.00028168497033689225,0.0002273141733483252
14,4444,505,13,0.00021632486859016176,0.00021660979785900457,0.0001744676636213964
14,4444,505,14,0.00018980143555750412,0.00016510445131261346,0.00014248314692519412
14,4444,505,15,0.00013958659949441456,0.00015104182112893265,0.00013415965362609155
14,4444,505,16,0.00011987327632761862,0.0001100171282124774,0.00010891305735495949
14,4444,505,17,0.00010227159389536012,9.969299259487501e-05,7.62813794616926e-05
14,4444,505,18,5.635783194232789e-05,6.344172307102773e-05,4.5459169075266326e-05
14,4444,505,19,4.39834035095461e-05,4.323708665377857e-05,3.922948639305706e-05
14,4444,505,20,3.096159974272309e-05,3.148470441380338e-05,2.7098021555100448e-05
14,4444,505,21,2.7372488912530132e-05,2.288550944030348e-05,2.1900897083469616e-05
14,4444,505,22,2.4943163760118033e-05,1.8942422133392456e-05,1.9983647130851925e-05
14,4444,505,23,1.5631858842493305e-05,1.4950136322221453e-05,1.2470698656636678e-05
14,4444,505,24,1.5300810576649932e-05,1.413523173276263e-05,1.095152162173202e-05
14,4444,505,25,1.1650684491173498e-05,1.02583058869561e-05,8.919033194489516e-06
14,4444,505,26,9.83341868326103e-06,8.968723182854915e-06,7.484871568845393e-06
14,4444,505,27,8.95678975622225e-06,5.9546035228774e-06,5.957703314946578e-06
14,4444,505,28,6.11181142266316e-06,5.3387117482751376e-06,3.690641064109645e-06
14,4444,505,29,4.199821390356805e-06,3.836658196338473e-06,3.1257695973004235e-06
14,4444,505,30,3.3303296125397857e-06,3.222448429145363e-06,2.08764395627685e-06
14,4444,505,31,3.13385381064343e-06,2.6950885743525534e-06,1.929821143251831e-06
14,4444,505,32,2.5874551564134298e-06,2.3892362970818697e-06,1.804438010091094e-06
14,4444,505,33,1.910742134881565e-06,1.9256446266510513e-06,1.6416357617845358e-06
14,4444,505,34,1.6614006788471842e-06,1.7508538088376738e-06,1.2014396303827624e-06
14,4444,505,35,1.5457097128146415e-06,1.6593720676930512e-06,9.669625525991578e-07
14,4444,505,36,1.1924224738716648e-06,1.4237531791140802e-06,7.738978589982042e-07
14,4444,505,37,1.0879445960968398e-06,1.252273508337823e-06,6.91743837467513e-07
14,4444,505,38,1.0190853268970156e-06,9.129542989864499e-07,6.156998970281449e-07
14,4444,505,39,8.302880019948384e-07,7.497778040543631e-07,4.984955012838668e-07
14,4444,505,40,7.168628215398236e-07,6.652631939670244e-07,4.369864102565328e-07
14,4444,505,41,6.318427285506395e-07,5.720779069261339e-07,3.370873319233028e-07
14,4444,505,42,5.240068267832248e-07,4.580165570260383e-07,2.8912359521873837e-07
14,4444,505,43,4.283632012620935e-07,4.183696242247814e-07,2.7411885845008806e-07
14,4444,505,44,3.4385295097071173e-07,4.0030749882918447e-07,2.2620405713481435e-07
14,4444,505,45,2.854587579897762e-07,3.1536774749172547e-07,2.1270978971630046e-07
14,4444,505,46,2.4829294952925664e-07,2.4349943339156346e-07,1.8121134911184188e-07
14,4444,505,47,2.472475586020076e-07,1.6314912661629827e-07,1.5732532881463342e-07
14,4444,505,48,1.4658154859595564e-07,1.569167461025005e-07,1.2420007755992195e-07
14,4444,505,49,1.14779878236837e-07,1.387323512061831e-07,1.08224306211799e-07
14,4444,505,50,1.1132646573251927e-07,1.132649390341405e-07,6.738723116922447e-08
14,4444,505,51,9.236337129934105e-08,1.1212636586546554e-07,6.316542162961444e-08
14,4444,505,52,8.152596171153273e-08,9.583721179287186e-08,6.103352460823417e-08
14,4444,505,53,6.918460013995795e-08,8.00448043589692e-08,4.615981251281703e-08
14,4444,505,54,6.734198100261155e-08,5.615340309337759e-08,3.916783213133381e-08
14,4444,505,55,3.767575677001902e-08,4.864754259547629e-08,3.182402984437711e-08
14,4444,505,56,3.312895050050192e-08,4.412012898772554e-08,2.8526481611939437e-08
14,4444,505,57,2.3743271740514623e-08,4.354069318307149e-08,1.9917292782001565e-08
14,4444,505,58,2.2964869884956772e-08,3.872024033092302e-08,1.6827440191979737e-08
14,4444,505,59,2.1129222802874865e-08,3.048052757994045e-08,1.6462080148462136e-08
14,4444,505,60,1.921373129185862e-08,2.4510807578742297e-08,1.2869472232761382e-08
14,4444,505,61,1.676866988343339e-08,2.2526670638578527e-08,1.2529499322589015e-08
14,4444,505,62,1.5078999842383135e-08,1.8416846238784083e-08,9.161617812731529e-09
14,4444,505,63,1.2643906196294087e-08,1.7561636723355716e-08,8.012642377866411e-09
14,4444,505,64,1.0947578844822323e-08,1.6033741914012478e-08,6.5572726522089904e-09
14,4444,505,65,1.0450877491029947e-08,1.3381346054486606e-08,5.445676634545534e-09
14,4444,505,66,1.0353707422303847e-08,1.2025060516829861e-08,4.281654321177697e-09
14,4444,505,67,7.0192851812564246e-09,1.0976003876891732e-08,3.806217838520154e-09
14,4444,505,68,6.5001108176879025e-09,8.390889455262985e-09,3.377388764118509e-09
14,4444,505,69,5.503576867406417e-09,7.257151764117889e-09,3.104438157321867e-09
14,4444,505,70,4.949153028963807e-09,5.302076367439972e-09,2.7595194417066816e-09
14,4444,505,71,4.575988285146382e-09,4.592281376998305e-09,2.6745873560081833e-09
14,4444,505,72,3.484057203246635e-09,4.485344742385163e-09,2.0211707705986263e-09
14,4444,505,73,2.8919336017309832e-09,4.0856196684384825e-09,1.6023218755384004e-09
14,4444,505,74,1.9877784377102938e-09,3.5636932121831387e-09,1.5426288490526846e-09
14,4444,505,75,1.7450573036034456e-09,2.9422841134910965e-09,1.5062155518110797e-09
14,4444,505,76,1.5112415352635325e-09,2.7529193984776993e-09,1.1375496228382184e-09
14,4444,505,77,1.2668046389785269e-09,2.0053619748287864e-09,9.156672401788693e-10
14,4444,505,78,1.1399368972705312e-09,1.9521486358586883e-09,8.252132642894174e-10
14,4444,505,79,1.0544168955048276e-09,1.3638973675638773e-09,7.233041843007843e-10
14,4444,505,80,9.500148864764335e-10,1.1712614950382206e-09,6.219343434413033e-10
14,4444,505,81,7.469386693149696e-10,9.16070482719701e-10,5.306736273017339e-10
14,4444,505,82,6.560897408469241e-10,8.815229652734345e-10,4.413029937747014e-10
14,4444,505,83,6.050874940373053e-10,7.431632126923187e-10,4.1193018126653663e-10
14,4444,505,84,3.844403922283679e-10,5.885745583894541e-10,3.1651803614032725e-10
14,4444,505,85,3.0659757891445783e-10,5.222839134138798e-10,3.1013013091378953e-10
14,4444,505,86,2.7701009495217616e-10,5.115325666228293e-10,2.4393894864508515e-10
14,4444,505,87,2.4444515862100086e-10,4.2767646525421306e-10,1.817057050901889e-10
14,4444,505,88,2.3683388980326937e-10,2.6153663766165355e-10,1.2869389546105727e-10
14,4444,505,89,2.1644062054211112e-10,2.524423096937698e-10,1.0454972239285847e-10
14,4444,505,90,1.4281965504444702e-10,1.788076723378165e-10,9.976500920127551e-11
14,4444,505,91,1.3228801748828244e-10,1.6610796229531646e-10,7.59164537682031e-11
14,4444,505,92,9.298397146079601e-11,1.6016935972199291e-10,7.166401174871598e-11
14,4444,505,93,9.061643671427632e-11,1.2142519890267992e-10,5.8155229214104575e-11
14,4444,505,94,8.934393177052123e-11,1.0030533914655565e-10,4.994796348479677e-11
14,4444,505,95,6.657613395395956e-11,8.611846522570635e-11,4.859378564400706e-11
14,4444,505,96,5.1441028765092776e-11,8.311208273410723e-11,3.364371575211026e-11
14,4444,505,97,4.5858616995682376e-11,6.459256952739335e-11,2.503448597978894e-11
14,4444,505,98,3.529623349620437e-11,6.196594851476775e-11,2.2351661332919144e-11
14,4444,505,99,3.486747507206739e-11,5.028687973858108e-11,1.4686425590601016e-11
14,4444,505,100,2.3895757221073534e-11,4.323805088712286e-11,1.3870824251701442e-11
14,4444,505,101,2.2848456597630135e-11,3.151030400775004e-11,1.1060553808960759e-11
14,4444,505,102,1.8036258106461878e-11,2.5789668248299336e-11,7.908100319494247e-12
14,4444,505,103,1.3707212657544397e-11,2.401793860479386e-11,6.968045689777078e-12
14,4444,505,104,1.1682440909535168e-11,1.8873531042753287e-11,5.675540920494974e-12
14,4444,505,105,8.814300323036971e-12,1.489366708704383e-11,4.470320975647512e-12
14,4444,505,106,8.512425179698037e-12,9.49167626196457e-12,4.014748023861239e-12
14,4444,505,107,7.235926596102778e-12,9.140761437029721e-12,3.237083793565324e-12
14,4444,505,108,6.4213813633694616e-12,6.8135779682959655e-12,2.38856036997606e-12
14,4444,505,109,4.373327828829437e-12,6.043514411537032e-12,1.834938877435863e-12
14,4444,505,110,3.7367311347599265e-12,4.391729016368289e-12,1.3861114107608124e-12
14,4444,505,111,3.347353298820424e-12,3.0819212003819455e-12,1.1596151865704167e-12
14,4444,505,112,2.7367186106072824e-12,3.0084443729898547e-12,9.778847723467055e-13
14,4444,505,113,2.4595475583185606e-12,2.2612329746971604e-12,6.564252775900443e-13
14,4444,505,114,1.1413612472320634e-12,1.448776171861137e-12,5.25846709396159e-13
14,4444,505,115,7.15610670446734e-13,1.121935859889489e-12,3.1229775979058935e-13
14,4444,505,116,5.949709478473598e-13,7.059008064555109e-13,2.619498790519191e-13
14,4444,505,117,3.698033726867181e-13,6.915043837067356e-13,1.9199411623726908e-13
14,4444,505,118,3.1585944344564263e-13,4.4924517036085495e-13,1.2644804266445365e-13
14,4444,505,119,2.1316394248125363e-13,3.3621289352508315e-13,7.387812069504516e-14
14,4444,505,120,1.7750301945060625e-13,1.6465523769990965e-13,3.3277104623310665e-14
14,4444,505,121,1.4122799867310448e-13,8.113602385332072e-14,2.2506734655604572e-14
14,4444,505,122,1.253306568937409e-13,5.793431016606233e-14,1.662944185540724e-14
14,4444,505,123,7.551143693807973e-14,5.365120657666337e-14,9.030579237157562e-15
14,4444,505,124,2.896663140274328e-14,3.1959204800684954e-14,3.549328732963619e-15
14,4444,505,125,5.9333743796878844e-15,1.986233812539395e-14,2.841548847775931e-15
14,4444,505,126,2.8888358410329074e-15,1.0991824308833949e-14,9.999999999999981e-16
14,4444,505,127,9.999999999999987e-16,9.99999999999999e-16,9.999999999999981e-16
14,4444,505,128,9.999999999999987e-16,9.99999999999999e-16,9.999999999999981e-16
14,5555,101,1,0.921786188741522,0.9230950632052308,0.9222451555012422
14,5555,101,2,0.04292663689580426,0.04174684305958755,0.04302772420867238
14,5555,101,3,0.010852121465859314,0.010891745608500857,0.010864927978908234
14,5555,101,4,0.009942719095427774,0.009777090921891409,0.009943121334869482
14,5555,101,5,0.0056867346370069105,0.006091279296946565,0.005559175089695294
14,5555,101,6,0.004713586472081698,0.004772711619981672,0.004658010094988066
14,5555,101,7,0.0012519949857890133,0.0009673699940860201,0.0012260724126856568
14,5555,101,8,0.0009759995638631138,0.0008389998013532998,0.0007544585134606048
14,5555,101,9,0.0005624727785188543,0.0005978092022565953,0.0005344083305750897
14,5555,101,10,0.0003261726448287593,0.0002862631510061734,0.00030038442210817096
14,5555,101,11,0.0002533678261497057,0.0002261057223522852,0.0002709332681639437
14,5555,101,12,0.0001734650074560959,0.0001930849043163905,0.00016512664974874247
14,5555,101,13,0.00010031500838812894,0.00013629717226524326,8.925712876953125e-05
14,5555,101,14,9.551750968255776e-05,8.185355387304463e-05,7.769025114586572e-05
14,5555,101,15,8.519611253659581e-05,6.760463123220846e-05,6.309347917483821e-05
14,5555,101,16,5.525644063694988e-05,5.7171519777330306e-05,4.70537639825124e-05
14,5555,101,17,5.220461956880479e-05,4.6822523880473216e-05,4.326378216121575e-05
14,5555,101,18,3.688252493257819e-05,2.9376806548700567e-05,3.328552892234751e-05
14,5555,101,19,2.7826183438056694e-05,1.9647958975209768e-05,2.566706209986736e-05
14,5555,101,20,2.3847762521872464e-05,1.7344412504160884e-05,1.8674750852694125e-05
14,5555,101,21,1.7183305809275047e-05,1.15803175962667e-05,1.238393573441303e-05
14,5555,101,22,1.135240821685632e-05,8.523322636169815e-06,7.869677212329256e-06
14,5555,101,23,8.448119581001184e-06,7.317087084803866e-06,5.517007030646047e-06
14,5555,101,24,6.2126282607085e-06,7.0605388765461884e-06,4.956016666300762e-06
14,5555,101,25,4.798195852185444e-06,4.404097322813336e-06,4.243232317021399e-06
14,5555,101,26,4.182850545297148e-06,3.2747946573401993e-06,3.7421956090299964e-06
14,5555,101,27,3.6779136428837223e-06,3.053247967943113e-06,2.5988457318419177e-06
14,5555,101,28,3.4558258679501934e-06,2.7886249503660715e-06,2.4065569098570727e-06
14,5555,101,29,2.0536831133565183e-06,1.9728351599136086e-06,1.3345930306894865e-06
14,5555,101,30,1.7691879517848677e-06,1.7434748411445231e-06,1.1447174927743054e-06
14,5555,101,31,1.4255922065790286e-06,1.3147939155108627e-06,1.0472782775893911e-06
14,5555,101,32,1.0500724555992003e-06,1.1620710324782441e-06,9.142140955686852e-07
14,5555,101,33,8.372897993634096e-07,8.686653654723412e-07,7.695619471331555e-07
14,5555,101,34,7.763639393781064e-07,7.176970939460451e-07,5.320979972264602e-07
14,5555,101,35,6.468631613343961e-07,6.918156497034585e-07,5.190239274382591e-07
14,5555,101,36,5.628202407400214e-07,4.905322364408181e-07,3.964055612246266e-07
14,5555,101,37,4.5963952877594554e-07,3.775601733926352e-07,3.4975440593897023e-07
14,5555,101,38,3.696205808179768e-07,3.4648943700993426e-07,2.6753664824394585e-07
14,5555,101,39,3.6584884343503834e-07,2.8519413276782857e-07,2.218357054571534e-07
14,5555,101,40,2.8579694957947396e-07,2.2038279068835377e-07,1.861197831853602e-07
14,5555,101,41,2.3746760949877737e-07,1.7872212081565592e-07,1.686124476853979e-07
14,5555,101,42,2.0528836921846165e-07,1.6355447566472754e-07,1.560992943845094e-07
14,5555,101,43,1.8513796873288492e-07,1.5086040115995708e-07,1.4025493829031535e-07
14,5555,101,44,1.8248353071716392e-07,1.1246275723065161e-07,1.1969260406658886e-07
14,5555,101,45,1.187226668737765e-07,1.0581837875551134e-07,9.17574269770611e-08
14,5555,101,46,1.0983460860596812e-07,9.52156195870706e-08,7.455385900927546e-08
14,5555,101,47,7.917979271655798e-08,6.239887053323137e-08,6.017706039948718e-08
14,5555,101,48,7.690530702766479e-08,6.00923256771123e-08,4.606273168032001e-08
14,5555,101,49,6.519459898173826e-08,5.779631756033305e-08,3.2222118940503596e-08
14,5555,101,50,4.7195175570694946e-08,4.2405775143087476e-08,2.9488168155746022e-08
14,5555,101,51,3.519319463136114e-08,3.8469986082339585e-08,2.49273424514911e-08
14,5555,101,52,3.433936621151686e-08,3.360108264154335e-08,2.362764668419656e-08
14,5555,101,53,2.808290937418191e-08,3.2372757293119894e-08,2.0401550899857418e-08
14,5555,101,54,2.4999229186562886e-08,2.418854779592172e-08,1.7379228795672915e-08
14,5555,101,55,1.9516889622952426e-08,2.1959422200554165e-08,1.5630135214329175e-08
14,5555,101,56,1.8313882818209802e-08,1.9218553598747465e-08,1.3934700240977632e-08
14,5555,101,57,1.744498837803152e-08,1.8472244835753473e-08,1.3113461088181738e-08
14,5555,101,58,1.5956574320508623e-08,1.4120883041412194e-08,1.1175444673536438e-08
14,5555,101,59,1.3162437635042667e-08,1.3621214640575407e-08,7.914727800681922e-09
14,5555,101,60,1.0274544951025878e-08,1.2189007068387584e-08,7.367604749992396e-09
14,5555,101,61,8.584775487706119e-09,1.1933366593649391e-08,6.377030858130067e-09
14,5555,101,62,6.592432445145801e-09,8.310710815375401e-09,5.284716908924026e-09
14,5555,101,63,5.971491814024749e-09,7.984724164869416e-09,4.997797105134206e-09
14,5555,101,64,5.146772557659373e-09,5.330104446520744e-09,3.518403178510719e-09
14,5555,101,65,4.401724446865862e-09,5.123775026553159e-09,2.764673945378034e-09
14,5555,101,66,4.081820932451048e-09,3.386049860630547e-09,2.6299366887164015e-09
14,5555,101,67,3.6159950544131856e-09,3.1758500951702996e-09,2.0632988404058573e-09
14,5555,101,68,2.735287536403706e-09,2.841179425644268e-09,1.8157893491738695e-09
14,5555,101,69,2.6423380062694785e-09,2.1134831053548643e-09,1.535241896017163e-09
14,5555,101,70,1.835692112932433e-09,1.9161524261720142e-09,1.3877607112077547e-09
14,5555,101,71,1.3743251471983046e-09,1.8270151009363265e-09,1.2174122195562753e-09
14,5555,101,72,1.3020534589420916e-09,1.5000013773559525e-09,1.1787270597527866e-09
14,5555,101,73,1.1073274441584093e-09,1.0976915103823813e-09,1.0754507342560122e-09
14,5555,101,74,8.610759892810409e-10,1.0835557522725021e-09,8.513862857914159e-10
14,5555,101,75,7.626438146541904e-10,9.686926199755386e-10,7.085052714821207e-10
14,5555,101,76,6.758159815684112e-10,8.731561751022975e-10,6.044077449857863e-10
14,5555,101,77,6.535707242845755e-10,7.48197367647706e-10,5.481420354264552e-10
14,5555,101,78,4.521864239943045e-10,5.787966085520082e-10,5.362522702120493e-10
14,5555,101,79,3.2465791373369175e-10,4.926960536286982e-10,4.433936394339631e-10
14,5555,101,80,2.429483491191904e-10,3.9898697059411584e-10,3.681228367922652e-10
14,5555,101,81,2.207145620580854e-10,3.805700704233089e-10,2.497374245960416e-10
14,5555,101,82,1.9732362199618895e-10,3.5812906270357953e-10,2.1117664812596073e-10
14,5555,101,83,1.7360442911303306e-10,1.9085040852234984e-10,2.0363021225446122e-10
14,5555,101,84,1.6293745351812327e-10,1.7237510155285794e-10,1.443091395241885e-10
14,5555,101,85,1.290269968110701e-10,1.6543438899844227e-10,1.2977956893370447e-10
14,5555,101,86,1.1671246979716804e-10,1.380988999487887e-10,9.877081763913029e-11
14,5555,101,87,1.1470157266164545e-10,1.348256082830483e-10,7.970490300810307e-11
14,5555,101,88,9.630989961498738e-11,1.0927680923337763e-10,7.336079530471314e-11
14,5555,101,89,7.251160209188193e-11,1.0189146554902312e-10,5.7263239733852545e-11
14,5555,101,90,6.057713271479454e-11,8.11009100757345e-11,5.012388237403653e-11
14,5555,101,91,5.700506910759383e-11,5.6860004967820006e-11,4.7134519694146e-11
14,5555,101,92,4.262858645065229e-11,4.0313272756259526e-11,3.3539637723138564e-11
14,5555,101,93,4.20194855860748e-11,3.581192994516611e-11,2.759834969772533e-11
14,5555,101,94,2.7612484327495165e-11,3.45445118073123e-11,2.4912237641718467e-11
14,5555,101,95,2.736900116308936e-11,2.8266939731064232e-11,1.9539676108582967e-11
14,5555,101,96,2.364566720378207e-11,2.3014294420489604e-11,1.833818745764756e-11
14,5555,101,97,1.9172606185711798e-11,2.194567954243919e-11,1.2867899197048024e-11
14,5555,101,98,1.0710822055479767e-11,1.72859026263254e-11,1.2512688393320675e-11
14,5555,101,99,9.309122105631901e-12,1.5300400809573126e-11,1.070393371840469e-11
14,5555,101,100,6.8955356127963886e-12,1.1788759243672794e-11,8.83072541209102e-12
14,5555,101,101,5.914169117727183e-12,1.0988329737121064e-11,5.597133754831236e-12
14,5555,101,102,4.992253647622738e-12,8.79921493711467e-12,4.463692541927691e-12
14,5555,101,103,4.57374758886298e-12,7.5950519171791e-12,4.24477672900185e-12
14,5555,101,104,3.664379510220666e-12,5.7210245558952056e-12,3.4272757756892562e-12
14,5555,101,105,2.0570090003980837e-12,3.0233024822325434e-12,2.413680493971746e-12
14,5555,101,106,1.4522780002029402e-12,2.4963984511069862e-12,1.952649278783715e-12
14,5555,101,107,1.4436198002096357e-12,1.692762942121407e-12,1.674391899241333e-12
14,5555,101,108,1.0823192942591238e-12,1.6892740036649772e-12,1.3851517693003554e-12
14,5555,101,109,7.755066053262094e-13,1.3353734248495242e-12,1.156224998349146e-12
14,5555,101,110,4.752343428154298e-13,1.125883704310176e-12,7.422716499557227e-13
14,5555,101,111,3.789963293889093e-13,8.74896196261492e-13,4.938410045237682e-13
14,5555,101,112,2.771142723775356e-13,6.319651687214657e-13,3.359790203174055e-13
14,5555,101,113,2.2466493737341178e-13,5.661399085833647e-13,2.7080654010363777e-13
14,5555,101,114,1.7011256293492248e-13,3.629813698008425e-13,2.1939760436770888e-13
14,5555,101,115,1.569693861886749e-13,3.0249166705977204e-13,1.9176160751748624e-13
14,5555,101,116,1.0954740609766301e-13,2.0237427406468834e-13,1.0014603302220752e-13
14,5555,101,117,9.998409976522767e-14,1.2765462892686008e-13,9.086164875085273e-14
14,5555,101,118,8.50414057544948e-14,1.2717117661586648e-13,6.929911157860208e-14
14,5555,101,119,5.3881575723691945e-14,9.492292578828603e-14,3.8397027566029634e-14
14,5555,101,120,3.853026363985942e-14,6.383710685758786e-14,1.706114548357093e-14
14,5555,101,121,1.772181380529377e-14,3.38783576283641e-14,1.1990835911551964e-14
14,5555,101,122,1.4290790800381513e-14,2.097114062302333e-14,8.068953936176036e-15
14,5555,101,123,7.82892300938748e-15,1.3495040193064014e-14,2.162466796109199e-15
14,5555,101,124,1.9583726836748705e-15,6.0361772448782566e-15,1.9937787610616625e-15
14,5555,101,125,9.999999999999983e-16,2.9263488603259488e-15,1.0846205382540439e-15
14,5555,101,126,9.999999999999983e-16,1.5454586242517801e-15,9.99999999999998e-16
14,5555,101,127,9.999999999999983e-16,9.999999999999983e-16,9.99999999999998e-16
14,5555,101,128,9.999999999999983e-16,9.999999999999983e-16,9.99999999999998e-16
14,5555,202,1,0.921786188741522,0.9226952723935958,0.9221135025749082
14,5555,202,2,0.04292663689580426,0.042381006254648135,0.042977863102469135
14,5555,202,3,0.010852121465859314,0.01052408093896743,0.010950830981286989
14,5555,202,4,0.009942719095427774,0.009832513771119936,0.009931678309845232
14,5555,202,5,0.0056867346370069105,0.005815268617509552,0.005611477276490013
14,5555,202,6,0.004713586472081698,0.004726392852870214,0.004685256410792774
14,5555,202,7,0.0012519949857890133,0.0011837437759300397,0.0011862106450867894
14,5555,202,8,0.0009759995638631138,0.0009442290038163865,0.0007930425106792295
14,5555,202,9,0.0005624727785188543,0.0005955537622027916,0.0005677164873714226
14,5555,202,10,0.0003261726448287593,0.0003288231977271671,0.00030480856916477325
14,5555,202,11,0.0002533678261497057,0.0002724788283329105,0.00026693808112730923
14,5555,202,12,0.0001734650074560959,0.00016799025065733638,0.00014826782116740601
14,5555,202,13,0.00010031500838812894,0.00010411984562458377,9.79746722913645e-05
14,5555,202,14,9.551750968255776e-05,9.571274310305807e-05,7.470235867141301e-05
14,5555,202,15,8.519611253659581e-05,7.342129350366866e-05,5.794062482271897e-05
14,5555,202,16,5.525644063694988e-05,5.875923187807843e-05,5.019392465135942e-05
14,5555,202,17,5.220461956880479e-05,5.2503263114831065e-05,3.9898526550490435e-05
14,5555,202,18,3.688252493257819e-05,3.416665387098578e-05,3.765536123541758e-05
14,5555,202,19,2.7826183438056694e-05,2.884315086461794e-05,2.6620534003107408e-05
14,5555,202,20,2.3847762521872464e-05,2.234162530217739e-05,2.153970431006399e-05
14,5555,202,21,1.7183305809275047e-05,1.1175551296562826e-05,1.3966467487534603e-05
14,5555,202,22,1.135240821685632e-05,1.1070716640547363e-05,9.591062842404212e-06
14,5555,202,23,8.448119581001184e-06,7.759823739825592e-06,6.99352204368927e-06
14,5555,202,24,6.2126282607085e-06,5.9242375613097025e-06,4.680809133353087e-06
14,5555,202,25,4.798195852185444e-06,4.922828515519646e-06,4.172781073738797e-06
14,5555,202,26,4.182850545297148e-06,3.940907196148962e-06,2.602956154110546e-06
14,5555,202,27,3.6779136428837223e-06,3.0567021686712767e-06,2.5835225288004964e-06
14,5555,202,28,3.4558258679501934e-06,2.6781900242284603e-06,1.7639280458117106e-06
14,5555,202,29,2.0536831133565183e-06,2.0148546321614984e-06,1.3735422441447634e-06
14,5555,202,30,1.7691879517848677e-06,1.6225199447264634e-06,1.3110493162731563e-06
14,5555,202,31,1.4255922065790286e-06,1.4672647828096407e-06,1.1911376175602847e-06
14,5555,202,32,1.0500724555992003e-06,8.805954845873491e-07,9.637081166062073e-07
14,5555,202,33,8.372897993634096e-07,8.729637128221482e-07,8.567716047479933e-07
14,5555,202,34,7.763639393781064e-07,8.360183643350855e-07,6.567383059377622e-07
14,5555,202,35,6.468631613343961e-07,7.011884759879539e-07,5.290705924468923e-07
14,5555,202,36,5.628202407400214e-07,5.864211361183891e-07,3.9526409797897754e-07
14,5555,202,37,4.5963952877594554e-07,5.50565988979572e-07,3.110013122934817e-07
14,5555,202,38,3.696205808179768e-07,3.859806744367928e-07,2.6547549806403886e-07
14,5555,202,39,3.6584884343503834e-07,3.4213756155788566e-07,2.2221470759017108e-07
14,5555,202,40,2.8579694957947396e-07,2.9652166499321555e-07,2.1494922595303928e-07
14,5555,202,41,2.3746760949877737e-07,2.589690146817985e-07,1.9551244526127074e-07
14,5555,202,42,2.0528836921846165e-07,2.0423042395417644e-07,1.5050294740455363e-07
14,5555,202,43,1.8513796873288492e-07,1.927482825181408e-07,1.3122582421853859e-07
14,5555,202,44,1.8248353071716392e-07,1.4231476939710312e-07,1.0756993476899392e-07
14,5555,202,45,1.187226668737765e-07,1.361549370861616e-07,1.0375643190532447e-07
14,5555,202,46,1.0983460860596812e-07,9.21231127605022e-08,8.194524216632872e-08
14,5555,202,47,7.917979271655798e-08,8.576199793530454e-08,7.60216787881602e-08
14,5555,202,48,7.690530702766479e-08,7.438777533186607e-08,6.676793304637765e-08
14,5555,202,49,6.519459898173826e-08,7.358339322701924e-08,5.997656073801536e-08
14,5555,202,50,4.7195175570694946e-08,6.821545012427707e-08,3.7887901147317664e-08
14,5555,202,51,3.519319463136114e-08,5.7988058342536353e-08,3.64041618790772e-08
14,5555,202,52,3.433936621151686e-08,5.023681397654875e-08,2.968321801946793e-08
14,5555,202,53,2.808290937418191e-08,4.4827468476052705e-08,2.4400466093689e-08
14,5555,202,54,2.4999229186562886e-08,3.3987724718601085e-08,2.020717947273064e-08
14,5555,202,55,1.9516889622952426e-08,2.5993689282497566e-08,1.8791268286413145e-08
14,5555,202,56,1.8313882818209802e-08,2.2903159716533428e-08,1.2146142828051305e-08
14,5555,202,57,1.744498837803152e-08,1.7910167942166453e-08,1.1027943320578816e-08
14,5555,202,58,1.5956574320508623e-08,1.7499203609447063e-08,1.0693528356082227e-08
14,5555,202,59,1.3162437635042667e-08,1.6280455301991066e-08,1.0265161740103294e-08
14,5555,202,60,1.0274544951025878e-08,1.0530160180433503e-08,8.260381041886919e-09
14,5555,202,61,8.584775487706119e-09,9.848637177906247e-09,6.7961402685357636e-09
14,5555,202,62,6.592432445145801e-09,7.756024507248749e-09,5.919521215308151e-09
14,5555,202,63,5.971491814024749e-09,6.5174098759494165e-09,5.620235379078827e-09
14,5555,202,64,5.146772557659373e-09,5.241904836883187e-09,3.269307119137614e-09
14,5555,202,65,4.401724446865862e-09,4.724365782211811e-09,3.053363569759281e-09
14,5555,202,66,4.081820932451048e-09,3.876686034647363e-09,2.5666080251807144e-09
14,5555,202,67,3.6159950544131856e-09,3.365985899419495e-09,2.175658268902416e-09
14,5555,202,68,2.735287536403706e-09,2.9966747055629567e-09,1.8189417692475849e-09
14,5555,202,69,2.6423380062694785e-09,2.9398784831576096e-09,1.642368173641163e-09
14,5555,202,70,1.835692112932433e-09,2.5996031295643526e-09,1.341022575224404e-09
14,5555,202,71,1.3743251471983046e-09,2.4293917610419473e-09,1.259093182766929e-09
14,5555,202,72,1.3020534589420916e-09,2.2157669850591982e-09,1.004821464924056e-09
14,5555,202,73,1.1073274441584093e-09,1.638235811797813e-09,8.268162797936999e-10
14,5555,202,74,8.610759892810409e-10,1.3456371613655448e-09,6.535352101922696e-10
14,5555,202,75,7.626438146541904e-10,1.1206350677584997e-09,6.262551232624549e-10
14,5555,202,76,6.758159815684112e-10,1.0620089232102773e-09,5.519610365842092e-10
14,5555,202,77,6.535707242845755e-10,7.417393643742131e-10,4.970031817467274e-10
14,5555,202,78,4.521864239943045e-10,6.758023090840384e-10,4.4671239786529116e-10
14,5555,202,79,3.2465791373369175e-10,6.328714009421552e-10,3.585013750396627e-10
14,5555,202,80,2.429483491191904e-10,6.108511943134002e-10,3.254779256247625e-10
14,5555,202,81,2.207145620580854e-10,4.50549900191132e-10,2.917525524918009e-10
14,5555,202,82,1.9732362199618895e-10,4.4519334080173176e-10,2.298427866966522e-10
14,5555,202,83,1.7360442911303306e-10,4.160338142194153e-10,1.8652823297388408e-10
14,5555,202,84,1.6293745351812327e-10,3.5085857442692646e-10,1.5413052120361562e-10
14,5555,202,85,1.290269968110701e-10,3.377590546362141e-10,1.407290540797179e-10
14,5555,202,86,1.1671246979716804e-10,2.641172294415919e-10,1.3423132609304385e-10
14,5555,202,87,1.1470157266164545e-10,1.9287860597616902e-10,1.1051396732619889e-10
14,5555,202,88,9.630989961498738e-11,1.7892794834414296e-10,9.836297827020629e-11
14,5555,202,89,7.251160209188193e-11,1.7450236337877933e-10,9.406079524991023e-11
14,5555,202,90,6.057713271479454e-11,1.1640552937535148e-10,6.140080400039158e-11
14,5555,202,91,5.700506910759383e-11,1.1436960514559264e-10,4.469823249087488e-11
14,5555,202,92,4.262858645065229e-11,9.328717181476777e-11,3.8922458536929763e-11
14,5555,202,93,4.20194855860748e-11,8.05521434581975e-11,3.6691992312864605e-11
14,5555,202,94,2.7612484327495165e-11,5.74801781560358e-11,2.3474930372359418e-11
14,5555,202,95,2.736900116308936e-11,4.7603618968054554e-11,2.0332126734616706e-11
14,5555,202,96,2.364566720378207e-11,4.281067803805406e-11,1.5293119374448647e-11
14,5555,202,97,1.9172606185711798e-11,3.756298851287198e-11,1.2748101990399042e-11
14,5555,202,98,1.0710822055479767e-11,3.65107937962684e-11,9.922474799613548e-12
14,5555,202,99,9.309122105631901e-12,2.5947259797731796e-11,8.741582755598875e-12
14,5555,202,100,6.8955356127963886e-12,2.0218907089447264e-11,7.192751409916218e-12
14,5555,202,101,5.914169117727183e-12,1.780459144861588e-11,6.858141118204976e-12
14,5555,202,102,4.992253647622738e-12,1.4761470754887154e-11,5.568732312606299e-12
14,5555,202,103,4.57374758886298e-12,1.3495854782504859e-11,4.7396495366369845e-12
14,5555,202,104,3.664379510220666e-12,8.538106762423823e-12,3.29260296555731e-12
14,5555,202,105,2.0570090003980837e-12,7.405007163793738e-12,2.7490794427196005e-12
14,5555,202,106,1.4522780002029402e-12,5.904608699594776e-12,2.0123375933373483e-12
14,5555,202,107,1.4436198002096357e-12,4.370997528550592e-12,1.4576024548733933e-12
14,5555,202,108,1.0823192942591238e-12,2.9144372767647392e-12,1.2073480591002853e-12
14,5555,202,109,7.755066053262094e-13,2.5117583050379597e-12,9.147816945813836e-13
14,5555,202,110,4.752343428154298e-13,2.169969040675861e-12,8.567172097848344e-13
14,5555,202,111,3.789963293889093e-13,1.9424782168099727e-12,4.707542750325655e-13
14,5555,202,112,2.771142723775356e-13,1.2923161665740617e-12,4.253366387158722e-13
14,5555,202,113,2.2466493737341178e-13,7.95360189286366e-13,3.585245526821502e-13
14,5555,202,114,1.7011256293492248e-13,5.637088272564071e-13,3.147564016018528e-13
14,5555,202,115,1.569693861886749e-13,4.701603865300967e-13,2.572777542031822e-13
14,5555,202,116,1.0954740609766301e-13,3.0908816414746665e-13,1.0772387212790096e-13
14,5555,202,117,9.998409976522767e-14,2.1647744263532959e-13,9.756423818761519e-14
14,5555,202,118,8.50414057544948e-14,2.0697595282457277e-13,5.818397531918096e-14
14,5555,202,119,5.3881575723691945e-14,1.744655040233014e-13,4.965176343638282e-14
14,5555,202,120,3.853026363985942e-14,8.166336963391846e-14,2.082959386071101e-14
14,5555,202,121,1.772181380529377e-14,6.644785466337692e-14,1.8460402310589793e-14
14,5555,202,122,1.4290790800381513e-14,1.9821476723902038e-14,8.02229336772846e-15
14,5555,202,123,7.82892300938748e-15,1.454472692536368e-14,7.900171767473274e-15
14,5555,202,124,1.9583726836748705e-15,1.0619868104100392e-14,3.054068541724261e-15
14,5555,202,125,9.999999999999983e-16,6.821320397938739e-15,2.7444527403967226e-15
14,5555,202,126,9.999999999999983e-16,5.610254618606192e-15,9.999999999999985e-16
14,5555,202,127,9.999999999999983e-16,9.999999999999987e-16,9.999999999999985e-16
14,5555,202,128,9.999999999999983e-16,9.999999999999987e-16,9.999999999999985e-16
14,5555,303,1,0.921786188741522,0.9229546982662465,0.9217914436574554
14,5555,303,2,0.04292663689580426,0.04203791825733271,0.04312986216124085
14,5555,303,3,0.010852121465859314,0.01070782551332364,0.010920782593649989
14,5555,303,4,0.009942719095427774,0.009984468672169343,0.009991133097911643
14,5555,303,5,0.0056867346370069105,0.005719206296206552,0.005685011069882214
14,5555,303,6,0.004713586472081698,0.004726826936281814,0.004688815267416817
14,5555,303,7,0.0012519949857890133,0.0011265019066170427,0.0012550368776864424
14,5555,303,8,0.0009759995638631138,0.0009388326487359631,0.0008422492093103775
14,5555,303,9,0.0005624727785188543,0.0005541471177051334,0.0005546544056587359
14,5555,303,10,0.0003261726448287593,0.0003014392170455716,0.00027514348274458854
14,5555,303,11,0.0002533678261497057,0.00026224807950076787,0.0002267700474198431
14,5555,303,12,0.0001734650074560959,0.00016213441510211227,0.00018021294246245144
14,5555,303,13,0.00010031500838812894,0.000101919288886319,9.329011905539374e-05
14,5555,303,14,9.551750968255776e-05,9.22066411976622e-05,7.941026243671089e-05
14,5555,303,15,8.519611253659581e-05,7.566310741599886e-05,6.170022017107779e-05
14,5555,303,16,5.525644063694988e-05,6.150314575417384e-05,4.750246141022712e-05
14,5555,303,17,5.220461956880479e-05,4.379775825234284e-05,4.5736298414327026e-05
14,5555,303,18,3.688252493257819e-05,3.405673592611318e-05,2.9344831116123042e-05
14,5555,303,19,2.7826183438056694e-05,2.9241390991115766e-05,2.5884265265657796e-05
14,5555,303,20,2.3847762521872464e-05,1.987024660801301e-05,2.0848584409598677e-05
14,5555,303,21,1.7183305809275047e-05,1.1522857476956692e-05,1.536705785195012e-05
14,5555,303,22,1.135240821685632e-05,1.1152624290701538e-05,7.410843308601828e-06
14,5555,303,23,8.448119581001184e-06,9.82608438595954e-06,5.839319776364441e-06
14,5555,303,24,6.2126282607085e-06,7.228980603366408e-06,5.401767814534459e-06
14,5555,303,25,4.798195852185444e-06,4.153569013556409e-06,3.7339725123033555e-06
14,5555,303,26,4.182850545297148e-06,3.469462714916933e-06,3.161003902487278e-06
14,5555,303,27,3.6779136428837223e-06,3.0819517739735985e-06,2.5666970458531884e-06
14,5555,303,28,3.4558258679501934e-06,2.045733040421646e-06,2.550845863237388e-06
14,5555,303,29,2.0536831133565183e-06,2.0083807721141324e-06,1.4040820981472483e-06
14,5555,303,30,1.7691879517848677e-06,1.6411796868893563e-06,1.3187847073905725e-06
14,5555,303,31,1.4255922065790286e-06,1.4294115202495913e-06,1.1985933669686547e-06
14,5555,303,32,1.0500724555992003e-06,1.3563782930041398e-06,7.509553962856289e-07
14,5555,303,33,8.372897993634096e-07,1.1244885437088372e-06,6.929713329703832e-07
14,5555,303,34,7.763639393781064e-07,1.0429274748346397e-06,6.194314538387742e-07
14,5555,303,35,6.468631613343961e-07,7.757562854128071e-07,5.646876125612568e-07
14,5555,303,36,5.628202407400214e-07,5.615176349787364e-07,4.1198791521477053e-07
14,5555,303,37,4.5963952877594554e-07,5.024891122520324e-07,3.4744904950422394e-07
14,5555,303,38,3.696205808179768e-07,4.3217734322639125e-07,2.721723390462156e-07
14,5555,303,39,3.6584884343503834e-07,3.3829361751478834e-07,2.1880834813594056e-07
14,5555,303,40,2.8579694957947396e-07,2.5137137700470466e-07,1.9924462620386034e-07
14,5555,303,41,2.3746760949877737e-07,2.394222567678549e-07,1.8910841392743524e-07
14,5555,303,42,2.0528836921846165e-07,1.769325563830968e-07,1.736705552007932e-07
14,5555,303,43,1.8513796873288492e-07,1.7146220732822888e-07,1.5372334918742714e-07
14,5555,303,44,1.8248353071716392e-07,1.493647658603127e-07,1.10463640806842e-07
14,5555,303,45,1.187226668737765e-07,1.203735383662775e-07,8.901498593318715e-08
14,5555,303,46,1.0983460860596812e-07,9.906659290614644e-08,7.294720799015763e-08
14,5555,303,47,7.917979271655798e-08,8.37327759940219e-08,6.263496988598827e-08
14,5555,303,48,7.690530702766479e-08,6.661179514086843e-08,5.378787085016934e-08
14,5555,303,49,6.519459898173826e-08,5.176321304805151e-08,3.3080753827556405e-08
14,5555,303,50,4.7195175570694946e-08,4.9879236671563305e-08,2.867479772087223e-08
14,5555,303,51,3.519319463136114e-08,4.363793105880994e-08,2.2554665108288393e-08
14,5555,303,52,3.433936621151686e-08,3.9023515109252884e-08,1.9686891228014104e-08
14,5555,303,53,2.808290937418191e-08,3.1811146258083064e-08,1.638929908552446e-08
14,5555,303,54,2.4999229186562886e-08,2.9472270259543012e-08,1.5187986177575655e-08
14,5555,303,55,1.9516889622952426e-08,2.5745274462730368e-08,1.465860969723248e-08
14,5555,303,56,1.8313882818209802e-08,2.283368962898876e-08,1.117936086848127e-08
14,5555,303,57,1.744498837803152e-08,2.1367163063815708e-08,1.0876454450437459e-08
14,5555,303,58,1.5956574320508623e-08,1.8713593623376277e-08,9.507976585329577e-09
14,5555,303,59,1.3162437635042667e-08,1.5828228671320245e-08,7.462921624999423e-09
14,5555,303,60,1.0274544951025878e-08,1.3304472591886926e-08,6.624060761801931e-09
14,5555,303,61,8.584775487706119e-09,1.1171295364173287e-08,5.962264237158073e-09
14,5555,303,62,6.592432445145801e-09,8.636481577267685e-09,4.580795435676905e-09
14,5555,303,63,5.971491814024749e-09,8.272493845818111e-09,3.7585757534684655e-09
14,5555,303,64,5.146772557659373e-09,6.956898778841341e-09,3.60282814939858e-09
14,5555,303,65,4.401724446865862e-09,6.884938917806003e-09,2.321142731058815e-09
14,5555,303,66,4.081820932451048e-09,5.3373256083688084e-09,2.2365044052936085e-09
14,5555,303,67,3.6159950544131856e-09,4.464852490913993e-09,1.782676405694513e-09
14,5555,303,68,2.735287536403706e-09,4.211183656193559e-09,1.7396333357682905e-09
14,5555,303,69,2.6423380062694785e-09,3.085416376864992e-09,1.517210255217129e-09
14,5555,303,70,1.835692112932433e-09,2.9933083051679537e-09,1.1957496747590562e-09
14,5555,303,71,1.3743251471983046e-09,2.4389150804464737e-09,1.102392471428113e-09
14,5555,303,72,1.3020534589420916e-09,2.3771486819737656e-09,9.554377046767647e-10
14,5555,303,73,1.1073274441584093e-09,1.8014293954525017e-09,7.565943383405457e-10
14,5555,303,74,8.610759892810409e-10,1.6534442353723016e-09,7.361550353603473e-10
14,5555,303,75,7.626438146541904e-10,1.296681437776258e-09,6.651321143683024e-10
14,5555,303,76,6.758159815684112e-10,9.974440482360252e-10,5.041946624812655e-10
14,5555,303,77,6.535707242845755e-10,9.618809565107118e-10,4.240938795933742e-10
14,5555,303,78,4.521864239943045e-10,7.576416569916765e-10,3.7474961696368274e-10
14,5555,303,79,3.2465791373369175e-10,6.841245776035368e-10,3.4139023991461705e-10
14,5555,303,80,2.429483491191904e-10,5.514578883754063e-10,2.8336076102100275e-10
14,5555,303,81,2.207145620580854e-10,4.938463507520723e-10,2.373495982451007e-10
14,5555,303,82,1.9732362199618895e-10,3.68400165247014e-10,2.1598069052581544e-10
14,5555,303,83,1.7360442911303306e-10,3.23989845665513e-10,1.5077297180193847e-10
14,5555,303,84,1.6293745351812327e-10,2.5940371284828264e-10,1.3616468431763946e-10
14,5555,303,85,1.290269968110701e-10,2.5801478479462975e-10,1.1641413156696738e-10
14,5555,303,86,1.1671246979716804e-10,1.945301258717342e-10,9.006480637409725e-11
14,5555,303,87,1.1470157266164545e-10,1.5848763710547702e-10,7.681096243817807e-11
14,5555,303,88,9.630989961498738e-11,1.3144203061980187e-10,7.216201871982569e-11
14,5555,303,89,7.251160209188193e-11,9.978562360640771e-11,5.3083378727603774e-11
14,5555,303,90,6.057713271479454e-11,8.60243630418243e-11,4.513162148985589e-11
14,5555,303,91,5.700506910759383e-11,7.400663723871122e-11,3.480870830900665e-11
14,5555,303,92,4.262858645065229e-11,6.465482184659496e-11,3.037059588852999e-11
14,5555,303,93,4.20194855860748e-11,5.392099428644639e-11,2.6670193548343526e-11
14,5555,303,94,2.7612484327495165e-11,4.7618026621913266e-11,2.306651837533171e-11
14,5555,303,95,2.736900116308936e-11,4.5044592034054504e-11,1.7449919058086607e-11
14,5555,303,96,2.364566720378207e-11,4.190626560126705e-11,1.4274967171509862e-11
14,5555,303,97,1.9172606185711798e-11,3.1508821925970154e-11,9.91408636967256e-12
14,5555,303,98,1.0710822055479767e-11,2.4128539096454883e-11,9.712382060270678e-12
14,5555,303,99,9.309122105631901e-12,1.860062884922574e-11,6.242602972840527e-12
14,5555,303,100,6.8955356127963886e-12,1.398150790547101e-11,5.905039255950248e-12
14,5555,303,101,5.914169117727183e-12,1.2487072349895242e-11,5.247209245740314e-12
14,5555,303,102,4.992253647622738e-12,9.321881728359762e-12,2.928744934052754e-12
14,5555,303,103,4.57374758886298e-12,7.993234603934264e-12,2.667319705326389e-12
14,5555,303,104,3.664379510220666e-12,5.208339081189426e-12,2.345196218682729e-12
14,5555,303,105,2.0570090003980837e-12,4.07225621303702e-12,1.388527066123107e-12
14,5555,303,106,1.4522780002029402e-12,3.1790179994441907e-12,1.2064107085012404e-12
14,5555,303,107,1.4436198002096357e-12,2.632568297046567e-12,1.064692081844723e-12
14,5555,303,108,1.0823192942591238e-12,2.0780311145435473e-12,8.701622236808922e-13
14,5555,303,109,7.755066053262094e-13,2.0395649958001273e-12,7.24122891250452e-13
14,5555,303,110,4.752343428154298e-13,1.4327036624433862e-12,5.906448276992696e-13
14,5555,303,111,3.789963293889093e-13,7.184257313657802e-13,3.6328706324927183e-13
14,5555,303,112,2.771142723775356e-13,6.768790909569326e-13,3.38880263026498e-13
14,5555,303,113,2.2466493737341178e-13,5.649023935999059e-13,2.2120182855812518e-13
14,5555,303,114,1.7011256293492248e-13,4.1128643332377473e-13,1.9696062529750674e-13
14,5555,303,115,1.569693861886749e-13,2.4648125968093384e-13,1.5726248570946184e-13
14,5555,303,116,1.0954740609766301e-13,2.387133060926142e-13,1.0255823523331975e-13
14,5555,303,117,9.998409976522767e-14,1.7388816929071597e-13,6.8016969729259e-14
14,5555,303,118,8.50414057544948e-14,1.210595019076406e-13,3.3260116892983943e-14
14,5555,303,119,5.3881575723691945e-14,1.068256699826192e-13,1.4584495646893046e-14
14,5555,303,120,3.853026363985942e-14,5.049021186049131e-14,1.1934271076330439e-14
14,5555,303,121,1.772181380529377e-14,4.490359019373347e-14,5.8725130781727164e-15
14,5555,303,122,1.4290790800381513e-14,2.2966478064607404e-14,4.525470701935911e-15
14,5555,303,123,7.82892300938748e-15,1.9247024338981826e-14,1.7002767895727173e-15
14,5555,303,124,1.9583726836748705e-15,1.011561697284522e-14,1.0390349482261742e-15
14,5555,303,125,9.999999999999983e-16,4.312616604471568e-15,9.999999999999971e-16
14,5555,303,126,9.999999999999983e-16,1.2303373977527777e-15,9.999999999999971e-16
14,5555,303,127,9.999999999999983e-16,9.999999999999985e-16,9.999999999999971e-16
14,5555,303,128,9.999999999999983e-16,9.999999999999985e-16,9.999999999999971e-16
14,5555,404,1,0.921786188741522,0.9273677890874354,0.9225533489223536
14,5555,404,2,0.04292663689580426,0.03881754487836601,0.042614011334668106
14,5555,404,3,0.010852121465859314,0.011494022862980723,0.01088343434760697
14,5555,404,4,0.009942719095427774,0.008210857504630013,0.009971068415555817
14,5555,404,5,0.0056867346370069105,0.005814265021849516,0.005533072992174897
14,5555,404,6,0.004713586472081698,0.00525108686065242,0.0047115756008542856
14,5555,404,7,0.0012519949857890133,0.0008760501579377815,0.001257287093170615
14,5555,404,8,0.0009759995638631138,0.0007034311575152268,0.0007944641272050075
14,5555,404,9,0.0005624727785188543,0.00038798412252599983,0.0005733122206759525
14,5555,404,10,0.0003261726448287593,0.00027256832747449424,0.000277904647888629
14,5555,404,11,0.0002533678261497057,0.00021962451542096963,0.00022072950309378182
14,5555,404,12,0.0001734650074560959,0.00013978202233586474,0.00016415239590682415
14,5555,404,13,0.00010031500838812894,9.160074012886435e-05,8.917608365406074e-05
14,5555,404,14,9.551750968255776e-05,7.737229637894979e-05,8.348349713705852e-05
14,5555,404,15,8.519611253659581e-05,6.802916785614e-05,6.207403247128609e-05
14,5555,404,16,5.525644063694988e-05,4.7847982665901644e-05,4.8472737162261794e-05
14,5555,404,17,5.220461956880479e-05,4.416696067502195e-05,4.030157266964721e-05
14,5555,404,18,3.688252493257819e-05,3.0288564184979905e-05,2.92787087618608e-05
14,5555,404,19,2.7826183438056694e-05,2.468481150796886e-05,2.7826784123714534e-05
14,5555,404,20,2.3847762521872464e-05,1.5102508503270341e-05,1.5700974923744076e-05
14,5555,404,21,1.7183305809275047e-05,9.024349017728767e-06,9.868201121953768e-06
14,5555,404,22,1.135240821685632e-05,7.3964166046117896e-06,7.134948083104603e-06
14,5555,404,23,8.448119581001184e-06,6.237016768513557e-06,6.8097768361586135e-06
14,5555,404,24,6.2126282607085e-06,4.778744024346051e-06,5.615670023802661e-06
14,5555,404,25,4.798195852185444e-06,3.5668410744848218e-06,3.842176045320953e-06
14,5555,404,26,4.182850545297148e-06,2.776396445355687e-06,3.1446266417584345e-06
14,5555,404,27,3.6779136428837223e-06,1.7843093499887068e-06,2.1761691554401476e-06
14,5555,404,28,3.4558258679501934e-06,1.6873341767222538e-06,2.0618240675784427e-06
14,5555,404,29,2.0536831133565183e-06,1.4065160615329293e-06,1.5176798971138731e-06
14,5555,404,30,1.7691879517848677e-06,1.2191963875521075e-06,1.3126929892816637e-06
14,5555,404,31,1.4255922065790286e-06,1.061437858327315e-06,1.0736307744606479e-06
14,5555,404,32,1.0500724555992003e-06,9.476874656794687e-07,8.09701590636118e-07
14,5555,404,33,8.372897993634096e-07,6.448093138581972e-07,6.531755740782777e-07
14,5555,404,34,7.763639393781064e-07,5.313830456564627e-07,5.051542978810403e-07
14,5555,404,35,6.468631613343961e-07,4.984859097740889e-07,4.038446891850113e-07
14,5555,404,36,5.628202407400214e-07,4.2134796154298175e-07,3.6888124883379915e-07
14,5555,404,37,4.5963952877594554e-07,3.3898649025672755e-07,3.3176844838348654e-07
14,5555,404,38,3.696205808179768e-07,2.3706631924842455e-07,2.595073758901026e-07
14,5555,404,39,3.6584884343503834e-07,2.2299341083838603e-07,2.209990976716834e-07
14,5555,404,40,2.8579694957947396e-07,2.0246707090667407e-07,1.8858159813455792e-07
14,5555,404,41,2.3746760949877737e-07,1.4739260736060086e-07,1.7550648354918531e-07
14,5555,404,42,2.0528836921846165e-07,1.166164822494216e-07,1.312087403011087e-07
14,5555,404,43,1.8513796873288492e-07,1.1260074840310305e-07,1.0581615737021241e-07
14,5555,404,44,1.8248353071716392e-07,1.0147043548948063e-07,9.642483276011968e-08
14,5555,404,45,1.187226668737765e-07,6.685767886716883e-08,8.242166217702308e-08
14,5555,404,46,1.0983460860596812e-07,6.13183278028009e-08,7.127277570579016e-08
14,5555,404,47,7.917979271655798e-08,5.6379268962473695e-08,5.529993604889033e-08
14,5555,404,48,7.690530702766479e-08,4.000568799538979e-08,4.349538449006571e-08
14,5555,404,49,6.519459898173826e-08,3.3266528263919265e-08,4.088786678905985e-08
14,5555,404,50,4.7195175570694946e-08,3.040503804554513e-08,2.947258008968047e-08
14,5555,404,51,3.519319463136114e-08,2.5283632799777385e-08,2.4997050569897533e-08
14,5555,404,52,3.433936621151686e-08,2.284367744829931e-08,2.2581604955605296e-08
14,5555,404,53,2.808290937418191e-08,1.7204134390045463e-08,1.9442557187926014e-08
14,5555,404,54,2.4999229186562886e-08,1.3006293523824008e-08,1.8090023323953034e-08
14,5555,404,55,1.9516889622952426e-08,1.0082976924667619e-08,1.629423582214465e-08
14,5555,404,56,1.8313882818209802e-08,8.832454302956312e-09,1.3471054460386811e-08
14,5555,404,57,1.744498837803152e-08,7.47689569160938e-09,1.12628570436483e-08
14,5555,404,58,1.5956574320508623e-08,5.6725638095665e-09,1.0073493469011843e-08
14,5555,404,59,1.3162437635042667e-08,5.370001939186615e-09,8.599513914127239e-09
14,5555,404,60,1.0274544951025878e-08,4.531317715370531e-09,7.1024010495801266e-09
14,5555,404,61,8.584775487706119e-09,4.1823937360069235e-09,5.990097483049169e-09
14,5555,404,62,6.592432445145801e-09,3.393075757775207e-09,5.283685912803613e-09
14,5555,404,63,5.971491814024749e-09,2.7615478160961617e-09,4.547241124035983e-09
14,5555,404,64,5.146772557659373e-09,2.4738219347809358e-09,3.769415975201479e-09
14,5555,404,65,4.401724446865862e-09,2.1464933614808537e-09,3.1814016962950145e-09
14,5555,404,66,4.081820932451048e-09,1.98973407391255e-09,2.690487003208658e-09
14,5555,404,67,3.6159950544131856e-09,1.955250464271597e-09,2.1894919527908353e-09
14,5555,404,68,2.735287536403706e-09,1.6655162807401046e-09,2.0596569160566685e-09
14,5555,404,69,2.6423380062694785e-09,1.1697221775480112e-09,1.6465831826761289e-09
14,5555,404,70,1.835692112932433e-09,1.1321145885525341e-09,1.457859491997131e-09
14,5555,404,71,1.3743251471983046e-09,1.0389341406839014e-09,1.197975269301328e-09
14,5555,404,72,1.3020534589420916e-09,9.504335774134085e-10,1.036119810626321e-09
14,5555,404,73,1.1073274441584093e-09,8.409145772263168e-10,9.37968863279147e-10
14,5555,404,74,8.610759892810409e-10,6.514017062241477e-10,7.822112149144332e-10
14,5555,404,75,7.626438146541904e-10,6.292089320095819e-10,7.315038570763805e-10
14,5555,404,76,6.758159815684112e-10,4.759806814425529e-10,6.970317495987422e-10
14,5555,404,77,6.535707242845755e-10,3.4318954625341843e-10,5.779978580555945e-10
14,5555,404,78,4.521864239943045e-10,3.070537389632796e-10,3.7013765281500063e-10
14,5555,404,79,3.2465791373369175e-10,2.716150913826063e-10,3.2538649480422987e-10
14,5555,404,80,2.429483491191904e-10,2.457673879467025e-10,2.5940312034312775e-10
14,5555,404,81,2.207145620580854e-10,2.3874737420170497e-10,2.2233014177492334e-10
14,5555,404,82,1.9732362199618895e-10,2.077680768382983e-10,2.0219029869692182e-10
14,5555,404,83,1.7360442911303306e-10,1.7193052600098083e-10,1.9394067575033317e-10
14,5555,404,84,1.6293745351812327e-10,1.7045424285282013e-10,1.6376861258797228e-10
14,5555,404,85,1.290269968110701e-10,1.1300232348388162e-10,1.5188135889595824e-10
14,5555,404,86,1.1671246979716804e-10,9.204969204587522e-11,1.0722310385020027e-10
14,5555,404,87,1.1470157266164545e-10,8.828148490514528e-11,9.64393710076303e-11
14,5555,404,88,9.630989961498738e-11,6.466634502237498e-11,7.318767071064536e-11
14,5555,404,89,7.251160209188193e-11,5.1694533461894485e-11,5.5839813199826085e-11
14,5555,404,90,6.057713271479454e-11,4.495391229148589e-11,4.179599412503498e-11
14,5555,404,91,5.700506910759383e-11,3.448843271275397e-11,3.9781555575283524e-11
14,5555,404,92,4.262858645065229e-11,2.950202035300488e-11,3.3997511410504906e-11
14,5555,404,93,4.20194855860748e-11,2.5388211940532536e-11,3.170563222231559e-11
14,5555,404,94,2.7612484327495165e-11,2.158641456100908e-11,2.5598978782635207e-11
14,5555,404,95,2.736900116308936e-11,1.4846817450768524e-11,2.0430863084909726e-11
14,5555,404,96,2.364566720378207e-11,9.766260026126837e-12,1.7875692987510292e-11
14,5555,404,97,1.9172606185711798e-11,8.845983830442935e-12,1.3872422716363171e-11
14,5555,404,98,1.0710822055479767e-11,6.070252093690446e-12,1.0866898970462452e-11
14,5555,404,99,9.309122105631901e-12,5.310533044194943e-12,8.590795826334523e-12
14,5555,404,100,6.8955356127963886e-12,4.270726901351504e-12,7.328597948622719e-12
14,5555,404,101,5.914169117727183e-12,3.769057150115429e-12,4.880603480196095e-12
14,5555,404,102,4.992253647622738e-12,3.1716426624357977e-12,4.060784558379227e-12
14,5555,404,103,4.57374758886298e-12,2.4591071822643292e-12,3.435283591337161e-12
14,5555,404,104,3.664379510220666e-12,2.1963018469259417e-12,3.103338521860931e-12
14,5555,404,105,2.0570090003980837e-12,1.7619149323694576e-12,2.658642865371372e-12
14,5555,404,106,1.4522780002029402e-12,1.5559758834803805e-12,2.2064303989300117e-12
14,5555,404,107,1.4436198002096357e-12,1.3424357482633432e-12,1.6689287763699815e-12
14,5555,404,108,1.0823192942591238e-12,7.134334489738021e-13,1.29129383372243e-12
14,5555,404,109,7.755066053262094e-13,5.51452209833467e-13,9.432285908637088e-13
14,5555,404,110,4.752343428154298e-13,4.655292490881119e-13,8.231263220406936e-13
14,5555,404,111,3.789963293889093e-13,3.8818704942643067e-13,5.168716485530836e-13
14,5555,404,112,2.771142723775356e-13,3.550525181918199e-13,3.0406645083969753e-13
14,5555,404,113,2.2466493737341178e-13,2.4223868391053474e-13,2.8119060401353575e-13
14,5555,404,114,1.7011256293492248e-13,1.898900180536466e-13,2.2248906613617307e-13
14,5555,404,115,1.569693861886749e-13,1.546211819519503e-13,1.51813709313692e-13
14,5555,404,116,1.0954740609766301e-13,1.4796435595181194e-13,1.2671582967825074e-13
14,5555,404,117,9.998409976522767e-14,1.0077004104945891e-13,6.859665558096608e-14
14,5555,404,118,8.50414057544948e-14,3.923479065266984e-14,5.2194383827798943e-14
14,5555,404,119,5.3881575723691945e-14,2.4115928850570323e-14,3.1238469056045764e-14
14,5555,404,120,3.853026363985942e-14,1.8370161105149483e-14,1.702434961032559e-14
14,5555,404,121,1.772181380529377e-14,8.07798902225208e-15,9.252522747859384e-15
14,5555,404,122,1.4290790800381513e-14,7.941822085998641e-15,6.684058358701205e-15
14,5555,404,123,7.82892300938748e-15,2.6499951716309764e-15,5.0805312038330975e-15
14,5555,404,124,1.9583726836748705e-15,1.816893229380242e-15,2.5859163012393146e-15
14,5555,404,125,9.999999999999983e-16,9.99999999999997e-16,9.999999999999965e-16
14,5555,404,126,9.999999999999983e-16,9.99999999999997e-16,9.999999999999965e-16
14,5555,404,127,9.999999999999983e-16,9.99999999999997e-16,9.999999999999965e-16
14,5555,404,128,9.999999999999983e-16,9.99999999999997e-16,9.999999999999965e-16
14,5555,505,1,0.921786188741522,0.9227011522848744,0.9220818650725011
14,5555,505,2,0.04292663689580426,0.04260605707159254,0.0430198975875716
14,5555,505,3,0.010852121465859314,0.01063774031293164,0.010836173301249943
14,5555,505,4,0.009942719095427774,0.010037209233788862,0.010001158312523788
14,5555,505,5,0.0056867346370069105,0.005466904878608908,0.005613158533107332
14,5555,505,6,0.004713586472081698,0.004587627311742063,0.004629512559106542
14,5555,505,7,0.0012519949857890133,0.0011984742075164011,0.0012920547075880534
14,5555,505,8,0.0009759995638631138,0.0009527761402315557,0.0008057145289847983
14,5555,505,9,0.0005624727785188543,0.0005815613600663799,0.0005723939714270019
14,5555,505,10,0.0003261726448287593,0.00030629567290121673,0.000305953214580746
14,5555,505,11,0.0002533678261497057,0.00023470306498729905,0.00023415009794512887
14,5555,505,12,0.0001734650074560959,0.00015614181027516166,0.0001527287076667866
14,5555,505,13,0.00010031500838812894,0.00010748559240963952,8.163345854585945e-05
14,5555,505,14,9.551750968255776e-05,9.251238996235227e-05,7.670530859660262e-05
14,5555,505,15,8.519611253659581e-05,8.174768202508595e-05,6.801530679858262e-05
14,5555,505,16,5.525644063694988e-05,5.7189780816479816e-05,5.1380464924910195e-05
14,5555,505,17,5.220461956880479e-05,4.7004917874554783e-05,4.545631520717825e-05
14,5555,505,18,3.688252493257819e-05,3.773344080950791e-05,3.9407959824399957e-05
14,5555,505,19,2.7826183438056694e-05,2.641584481246699e-05,2.3696292453517595e-05
14,5555,505,20,2.3847762521872464e-05,1.9403731911616546e-05,1.5520601426603087e-05
14,5555,505,21,1.7183305809275047e-05,1.4632131943079951e-05,1.085309786618533e-05
14,5555,505,22,1.135240821685632e-05,1.0303567700935507e-05,7.790735384188003e-06
14,5555,505,23,8.448119581001184e-06,8.392547406445344e-06,6.309065692556532e-06
14,5555,505,24,6.2126282607085e-06,5.396727393533381e-06,5.4154722198556636e-06
14,5555,505,25,4.798195852185444e-06,4.292942846014478e-06,4.604842327058801e-06
14,5555,505,26,4.182850545297148e-06,4.2568438255435805e-06,4.063429999163885e-06
14,5555,505,27,3.6779136428837223e-06,2.8686410271115778e-06,3.1549403633456242e-06
14,5555,505,28,3.4558258679501934e-06,2.6031006598937414e-06,2.3285053069524955e-06
14,5555,505,29,2.0536831133565183e-06,1.7151978884204647e-06,1.3351974564936165e-06
14,5555,505,30,1.7691879517848677e-06,1.587583208712292e-06,1.3056018660638274e-06
14,5555,505,31,1.4255922065790286e-06,1.2554180319874182e-06,1.0778339926287764e-06
14,5555,505,32,1.0500724555992003e-06,1.1934883704624682e-06,7.188100033130088e-07
14,5555,505,33,8.372897993634096e-07,8.763869987891118e-07,5.857289845096473e-07
14,5555,505,34,7.763639393781064e-07,7.001708685334181e-07,5.324530031692828e-07
14,5555,505,35,6.468631613343961e-07,5.118084325760521e-07,5.186030720368254e-07
14,5555,505,36,5.628202407400214e-07,5.012562456416142e-07,4.2522054240903565e-07
14,5555,505,37,4.5963952877594554e-07,4.869632609715792e-07,3.5133299252079054e-07
14,5555,505,38,3.696205808179768e-07,3.7739598939556093e-07,3.414101626165185e-07
14,5555,505,39,3.6584884343503834e-07,3.0096391714885904e-07,2.9280709920377897e-07
14,5555,505,40,2.8579694957947396e-07,2.17680556770625e-07,2.4020701143154017e-07
14,5555,505,41,2.3746760949877737e-07,1.789031840035e-07,2.005279281905014e-07
14,5555,505,42,2.0528836921846165e-07,1.6577643598436248e-07,1.528532591711293e-07
14,5555,505,43,1.8513796873288492e-07,1.5966279642384758e-07,1.3971546397329148e-07
14,5555,505,44,1.8248353071716392e-07,1.4481842759615236e-07,1.2503109520924382e-07
14,5555,505,45,1.187226668737765e-07,1.365264473284238e-07,9.844728792649623e-08
14,5555,505,46,1.0983460860596812e-07,9.757728847938104e-08,6.872163166368982e-08
14,5555,505,47,7.917979271655798e-08,7.937796934124791e-08,5.6107433296051696e-08
14,5555,505,48,7.690530702766479e-08,5.70824058878541e-08,5.431122934108248e-08
14,5555,505,49,6.519459898173826e-08,5.27277432522999e-08,4.1174223582389365e-08
14,5555,505,50,4.7195175570694946e-08,5.1235952463788146e-08,3.253692516869216e-08
14,5555,505,51,3.519319463136114e-08,3.4547654482091305e-08,2.933513735124751e-08
14,5555,505,52,3.433936621151686e-08,3.225844459237762e-08,2.5866774020390647e-08
14,5555,505,53,2.808290937418191e-08,2.9514284294848175e-08,2.405960931766465e-08
14,5555,505,54,2.4999229186562886e-08,2.269477218926521e-08,1.7599057730827663e-08
14,5555,505,55,1.9516889622952426e-08,1.8410232502222916e-08,1.6926602256036274e-08
14,5555,505,56,1.8313882818209802e-08,1.764790109828279e-08,1.6078076398265245e-08
14,5555,505,57,1.744498837803152e-08,1.638112129069524e-08,1.1651410038868184e-08
14,5555,505,58,1.5956574320508623e-08,1.2718260283392907e-08,1.0550279196809973e-08
14,5555,505,59,1.3162437635042667e-08,1.188865549675436e-08,9.523102680586311e-09
14,5555,505,60,1.0274544951025878e-08,1.040446105307173e-08,8.226602763313596e-09
14,5555,505,61,8.584775487706119e-09,9.322996312331894e-09,6.485610274367873e-09
14,5555,505,62,6.592432445145801e-09,8.428707383208475e-09,4.6559399573277965e-09
14,5555,505,63,5.971491814024749e-09,6.516646103829221e-09,3.6908728883322256e-09
14,5555,505,64,5.146772557659373e-09,5.664455032563765e-09,3.517664481769182e-09
14,5555,505,65,4.401724446865862e-09,5.356260230285724e-09,2.7985451230957054e-09
14,5555,505,66,4.081820932451048e-09,4.082651937033747e-09,2.6022479093032796e-09
14,5555,505,67,3.6159950544131856e-09,3.6215338814984082e-09,2.160788546327524e-09
14,5555,505,68,2.735287536403706e-09,3.029216702010391e-09,1.7854245020360408e-09
14,5555,505,69,2.6423380062694785e-09,2.4848315091175814e-09,1.5524749490684675e-09
14,5555,505,70,1.835692112932433e-09,2.2727872939656466e-09,1.4693041346774978e-09
14,5555,505,71,1.3743251471983046e-09,1.8067386167335806e-09,1.2344350111417554e-09
14,5555,505,72,1.3020534589420916e-09,1.4459525573557401e-09,9.223195371832934e-10
14,5555,505,73,1.1073274441584093e-09,1.1618031625664898e-09,8.367027006891509e-10
14,5555,505,74,8.610759892810409e-10,1.1286069035206378e-09,7.646159925399926e-10
14,5555,505,75,7.626438146541904e-10,9.968029323294102e-10,7.491937676116846e-10
14,5555,505,76,6.758159815684112e-10,7.30884546910126e-10,6.478015334747993e-10
14,5555,505,77,6.535707242845755e-10,6.005149813712389e-10,5.377139024048691e-10
14,5555,505,78,4.521864239943045e-10,5.476998145128924e-10,3.9265413867172017e-10
14,5555,505,79,3.2465791373369175e-10,4.192452841623797e-10,3.7764434595453827e-10
14,5555,505,80,2.429483491191904e-10,3.8442158639999624e-10,3.4570294209979873e-10
14,5555,505,81,2.207145620580854e-10,3.718568913284003e-10,2.9685359633802286e-10
14,5555,505,82,1.9732362199618895e-10,3.248663609352608e-10,2.540861719561977e-10
14,5555,505,83,1.7360442911303306e-10,2.710112886514585e-10,2.0079233696760578e-10
14,5555,505,84,1.6293745351812327e-10,2.3680745045446347e-10,1.51241558426521e-10
14,5555,505,85,1.290269968110701e-10,1.8750855491930383e-10,1.3275805101193361e-10
14,5555,505,86,1.1671246979716804e-10,1.3019812975983312e-10,1.1081408073005625e-10
14,5555,505,87,1.1470157266164545e-10,1.2812084160956933e-10,8.205799899577695e-11
14,5555,505,88,9.630989961498738e-11,9.377060523334398e-11,6.266615551079439e-11
14,5555,505,89,7.251160209188193e-11,8.819538134231027e-11,5.598334488716123e-11
14,5555,505,90,6.057713271479454e-11,7.695170404394507e-11,4.596064130452691e-11
14,5555,505,91,5.700506910759383e-11,7.261856790456116e-11,4.240966401013965e-11
14,5555,505,92,4.262858645065229e-11,5.7946191514685525e-11,3.255766007275488e-11
14,5555,505,93,4.20194855860748e-11,4.827632099660907e-11,3.084074280576773e-11
14,5555,505,94,2.7612484327495165e-11,4.4619061184874755e-11,2.6110771619413186e-11
14,5555,505,95,2.736900116308936e-11,3.588795921013642e-11,2.3728574632548558e-11
14,5555,505,96,2.364566720378207e-11,2.1440557155049362e-11,1.7612753955269554e-11
14,5555,505,97,1.9172606185711798e-11,1.7207477003571555e-11,1.2086376035761279e-11
14,5555,505,98,1.0710822055479767e-11,1.5864874475639925e-11,1.143284836641851e-11
14,5555,505,99,9.309122105631901e-12,1.3262617232147985e-11,9.076785373007668e-12
14,5555,505,100,6.8955356127963886e-12,1.1598322890367666e-11,7.957298676503806e-12
14,5555,505,101,5.914169117727183e-12,1.016666063858001e-11,6.0113854648920004e-12
14,5555,505,102,4.992253647622738e-12,8.982724397478547e-12,3.944303893294161e-12
14,5555,505,103,4.57374758886298e-12,6.924092338451075e-12,3.3132447297140967e-12
14,5555,505,104,3.664379510220666e-12,4.972280331513773e-12,2.7595212590085618e-12
14,5555,505,105,2.0570090003980837e-12,3.103269549061706e-12,1.9839301825634634e-12
14,5555,505,106,1.4522780002029402e-12,2.841778015029936e-12,1.7340189282477899e-12
14,5555,505,107,1.4436198002096357e-12,2.445316121069875e-12,1.4331746381878175e-12
14,5555,505,108,1.0823192942591238e-12,1.93623865966069e-12,8.476660324208704e-13
14,5555,505,109,7.755066053262094e-13,1.6710315632862579e-12,7.0599841983779e-13
14,5555,505,110,4.752343428154298e-13,1.2235080296345891e-12,5.791247518812006e-13
14,5555,505,111,3.789963293889093e-13,8.743805591329669e-13,3.861814695395511e-13
14,5555,505,112,2.771142723775356e-13,7.535099711547564e-13,2.786226716904554e-13
14,5555,505,113,2.2466493737341178e-13,6.308868822772208e-13,2.24609193131302e-13
14,5555,505,114,1.7011256293492248e-13,5.012314440447652e-13,1.7302247023644355e-13
14,5555,505,115,1.569693861886749e-13,3.618521373218605e-13,1.2818824970206193e-13
14,5555,505,116,1.0954740609766301e-13,2.1897208029269363e-13,8.291878321257743e-14
14,5555,505,117,9.998409976522767e-14,1.5620142208145719e-13,7.457867654122536e-14
14,5555,505,118,8.50414057544948e-14,1.397058358037476e-13,6.115525644153747e-14
14,5555,505,119,5.3881575723691945e-14,8.315256795203743e-14,3.232578427960533e-14
14,5555,505,120,3.853026363985942e-14,4.0516438284271894e-14,2.6375838852738193e-14
14,5555,505,121,1.772181380529377e-14,3.490401559821548e-14,1.0832356504042011e-14
14,5555,505,122,1.4290790800381513e-14,8.671011526842394e-15,6.893220303304186e-15
14,5555,505,123,7.82892300938748e-15,6.941534203659342e-15,4.8282871152939784e-15
14,5555,505,124,1.9583726836748705e-15,3.0538262053023184e-15,2.6064689226552827e-15
14,5555,505,125,9.999999999999983e-16,2.1682878048489635e-15,1.8704299706390944e-15
14,5555,505,126,9.999999999999983e-16,9.99999999999999e-16,9.999999999999981e-16
14,5555,505,127,9.999999999999983e-16,9.99999999999999e-16,9.999999999999981e-16
14,5555,505,128,9.999999999999983e-16,9.99999999999999e-16,9.999999999999981e-16
14,5678,101,1,0.8799546589326628,0.8810056627878754,0.8800800450185264
14,5678,101,2,0.06039911364489689,0.05941711661665584,0.06040574444374203
14,5678,101,3,0.029791402478690176,0.029719322420369888,0.030346460262814207
14,5678,101,4,0.014779378760118596,0.014970159568300313,0.014824289258800067
14,5678,101,5,0.00573723612446272,0.005763282476164052,0.005760847281836048
14,5678,101,6,0.0030611625733051387,0.0030384651902464785,0.003021758657016739
14,5678,101,7,0.001850498346694316,0.0017689473123752917,0.0016061279462747805
14,5678,101,8,0.0011952143426533003,0.0011718672751250057,0.0012140540185674412
14,5678,101,9,0.0011661007448972808,0.0011465284468427993,0.001035267279660656
14,5678,101,10,0.0005563496344332643,0.0005414176049016073,0.0004751479932261231
14,5678,101,11,0.0005072832050894304,0.0005196811306417199,0.00039912864951407675
14,5678,101,12,0.00023266351070324226,0.00020824461577778597,0.00021338053754694244
14,5678,101,13,0.00017780615374707925,0.0001531318241929217,0.00013850465122713668
14,5678,101,14,0.00013641178042205445,0.00012719231279279355,0.00010542246329498631
14,5678,101,15,0.000109427518861189,0.00010345925120615733,8.939400445838183e-05
14,5678,101,16,7.478293683520212e-05,8.106894673194565e-05,6.644839268583482e-05
14,5678,101,17,5.053225189327309e-05,4.8645306379142555e-05,4.76464912758208e-05
14,5678,101,18,3.973762181004159e-05,3.307457306417112e-05,3.723226268432239e-05
14,5678,101,19,3.346254359796389e-05,2.8437151404561244e-05,2.1092968387502708e-05
14,5678,101,20,2.4610997813535603e-05,2.6805459212479693e-05,1.8645903269444e-05
14,5678,101,21,2.013845136969121e-05,2.6695780103991903e-05,1.7498547306733033e-05
14,5678,101,22,1.5208286556878967e-05,1.4786440174892709e-05,1.2533289143137396e-05
14,5678,101,23,1.3446931921071728e-05,1.4282053637677729e-05,1.123771852076807e-05
14,5678,101,24,1.3372511773060387e-05,1.2867142818494336e-05,9.845016252515436e-06
14,5678,101,25,1.0831190162560217e-05,9.450503428395895e-06,8.081650026512163e-06
14,5678,101,26,8.136641574505173e-06,9.075048231322126e-06,7.194721764718331e-06
14,5678,101,27,7.992971257845996e-06,7.608360761639056e-06,4.430875615818333e-06
14,5678,101,28,5.365274475027694e-06,5.745765107411702e-06,3.772451644774691e-06
14,5678,101,29,4.292995405024899e-06,4.636099680890097e-06,3.206543908446755e-06
14,5678,101,30,4.0478556373292075e-06,3.712205473699576e-06,2.7382989673517506e-06
14,5678,101,31,3.600086716679734e-06,3.046737373366723e-06,2.3966074446871783e-06
14,5678,101,32,3.5404794706545097e-06,2.855487210155567e-06,1.7647255403932064e-06
14,5678,101,33,1.819476283808829e-06,2.397430469445562e-06,1.4975211685134519e-06
14,5678,101,34,1.489053176150218e-06,2.2526500690673333e-06,1.092970012937901e-06
14,5678,101,35,1.337227740842743e-06,1.336011835991771e-06,1.01956386384279e-06
14,5678,101,36,1.067573277628495e-06,1.0060733123236917e-06,8.412871918954794e-07
14,5678,101,37,9.346292049217715e-07,7.848540414883457e-07,7.129125196581802e-07
14,5678,101,38,8.113464402626703e-07,6.399905480289787e-07,5.56684057784897e-07
14,5678,101,39,6.865395032536359e-07,6.343311741885787e-07,4.5334970570979684e-07
14,5678,101,40,5.995667043573481e-07,5.772708761787002e-07,3.716757408014527e-07
14,5678,101,41,4.6896189677153275e-07,4.0462999957848453e-07,3.2257552018193275e-07
14,5678,101,42,4.288390958016277e-07,3.650082684427294e-07,2.699215704222377e-07
14,5678,101,43,3.66653972578167e-07,3.3549512938563035e-07,2.538613531496006e-07
14,5678,101,44,3.186596925979822e-07,2.6709812061790345e-07,1.7524025166946245e-07
14,5678,101,45,2.64631648403256e-07,2.489477326741265e-07,1.5214743639284124e-07
14,5678,101,46,2.1723251230210656e-07,1.758244663094608e-07,1.375988820613505e-07
14,5678,101,47,2.0487413672757515e-07,1.7258678475232605e-07,1.3027199189407428e-07
14,5678,101,48,1.8138068758728424e-07,1.5546952037469176e-07,9.505088039820288e-08
14,5678,101,49,1.746672468709787e-07,1.371585941326775e-07,8.839881522701398e-08
14,5678,101,50,1.440806307185284e-07,1.1992879995397446e-07,7.812012449445986e-08
14,5678,101,51,1.1159825831045403e-07,1.0823521181281144e-07,5.8825067805627976e-08
14,5678,101,52,8.686848427784714e-08,9.462348064494016e-08,5.240978986843087e-08
14,5678,101,53,6.832875896890227e-08,7.822544264833116e-08,4.605438404056424e-08
14,5678,101,54,5.8463781449705124e-08,7.025508685721931e-08,3.854141063810536e-08
14,5678,101,55,5.1188818209188846e-08,5.5274433880426895e-08,3.136680737135671e-08
14,5678,101,56,4.5586708254130944e-08,4.2859814937402226e-08,2.7510450921780575e-08
14,5678,101,57,3.998870924204067e-08,4.173976115088066e-08,2.6903405069692666e-08
14,5678,101,58,3.448310627347358e-08,3.782260933009986e-08,2.5384026889974592e-08
14,5678,101,59,2.385940404960962e-08,3.5124405916446315e-08,2.2275333034054562e-08
14,5678,101,60,2.252245599622113e-08,2.073945456510509e-08,1.3134318384775882e-08
14,5678,101,61,2.1449865653100277e-08,1.837652129622286e-08,1.0861786095504447e-08
14,5678,101,62,1.7858449673682226e-08,1.7261572965479198e-08,1.0184260812234578e-08
14,5678,101,63,1.7671018027835884e-08,1.252269409819714e-08,8.613813868228284e-09
14,5678,101,64,1.1281282060754182e-08,1.1500142960546224e-08,5.9235750807212415e-09
14,5678,101,65,8.426887280074439e-09,1.0650858054244913e-08,5.117145856912261e-09
14,5678,101,66,8.048373497697546e-09,8.377646634797413e-09,4.6243358884412405e-09
14,5678,101,67,6.856737011243625e-09,7.242658896867125e-09,3.6187245193083177e-09
14,5678,101,68,5.718015741234013e-09,6.634427138434294e-09,3.0386545400495353e-09
14,5678,101,69,5.121849687980039e-09,5.2511397009120676e-09,2.7361296852771513e-09
14,5678,101,70,4.5512156251550345e-09,4.674594210056152e-09,2.2104114378538834e-09
14,5678,101,71,3.7695380463739884e-09,4.552869719633798e-09,2.111507653072036e-09
14,5678,101,72,3.656852468250477e-09,3.8135348806448224e-09,1.625093489202494e-09
14,5678,101,73,3.2415764183406716e-09,3.1087138968460332e-09,1.1650526255109884e-09
14,5678,101,74,2.9046300714142388e-09,2.790795130480286e-09,9.296297904235163e-10
14,5678,101,75,1.9955910622252928e-09,2.2615141174211082e-09,8.992635932868663e-10
14,5678,101,76,1.8049419028546886e-09,2.012679008081363e-09,8.487872537637048e-10
14,5678,101,77,1.6088385836953623e-09,1.5865356394414126e-09,7.197144390758943e-10
14,5678,101,78,1.0217996778055597e-09,1.393216444781812e-09,6.426977284893155e-10
14,5678,101,79,9.474171036111884e-10,1.3259980604285745e-09,5.531375654529899e-10
14,5678,101,80,8.818146131668127e-10,1.1536412618199483e-09,4.6486797478927263e-10
14,5678,101,81,8.279328756012845e-10,8.413110414624899e-10,3.7373427162379024e-10
14,5678,101,82,7.666350566502888e-10,8.37116509786177e-10,3.3081342649687325e-10
14,5678,101,83,6.253006027277018e-10,6.390110075869053e-10,3.053400425394293e-10
14,5678,101,84,5.226482096278794e-10,5.588821869410313e-10,2.94038367506611e-10
14,5678,101,85,4.093148300642065e-10,4.0630820494149763e-10,2.2968778785615091e-10
14,5678,101,86,3.416573303828859e-10,3.7427293198672184e-10,1.746575966908185e-10
14,5678,101,87,3.2581682119630305e-10,3.6055675643454926e-10,1.554900668857096e-10
14,5678,101,88,2.368989533842165e-10,3.2913081585822025e-10,1.3089296251011672e-10
14,5678,101,89,1.7839740273714085e-10,3.0424111596875395e-10,9.706341099392872e-11
14,5678,101,90,1.460035739069061e-10,2.488666856648001e-10,9.200055427556428e-11
14,5678,101,91,1.23679903869503e-10,1.6605117179633329e-10,7.523080727806607e-11
14,5678,101,92,1.2294812048081225e-10,1.4784394534950805e-10,7.085240642437863e-11
14,5678,101,93,9.261318147379013e-11,1.3798529501646825e-10,5.500248140135436e-11
14,5678,101,94,9.181276106728464e-11,1.1572830936092013e-10,4.651418766067702e-11
14,5678,101,95,5.979317317908835e-11,9.467646838591537e-11,4.196186615561358e-11
14,5678,101,96,5.569769986407571e-11,7.275943681061715e-11,3.2188232021212983e-11
14,5678,101,97,4.3485290581665786e-11,5.2472386059553775e-11,2.2931205347030714e-11
14,5678,101,98,2.8257369942769524e-11,4.023701303637756e-11,2.0721029812739374e-11
14,5678,101,99,2.7681395320766233e-11,3.928216818606615e-11,1.2900525994582644e-11
14,5678,101,100,2.0982220799538583e-11,3.4885684099853125e-11,1.171654959102834e-11
14,5678,101,101,2.0845350090754485e-11,2.74903007715832e-11,1.0107059575020903e-11
14,5678,101,102,1.5692030777062872e-11,2.2157603016079212e-11,8.338327095908312e-12
14,5678,101,103,7.374984248698686e-12,2.05787091755405e-11,6.748585249980402e-12
14,5678,101,104,7.143036421095706e-12,1.9864338377208615e-11,5.2206385393903555e-12
14,5678,101,105,5.0589980402915046e-12,1.6690073482333057e-11,4.7281303323611055e-12
14,5678,101,106,3.660763038892436e-12,1.152734867096998e-11,4.150716606644056e-12
14,5678,101,107,3.50722580807054e-12,1.1242649515333382e-11,2.587573021967964e-12
14,5678,101,108,2.122659994644335e-12,5.524589874387659e-12,2.2360420668412557e-12
14,5678,101,109,1.5897685914347657e-12,4.4687791881558236e-12,1.820598454474029e-12
14,5678,101,110,1.5266223378836136e-12,3.8686798795702496e-12,1.174599560972747e-12
14,5678,101,111,1.4086597002531447e-12,2.5779330140067764e-12,8.492382543305498e-13
14,5678,101,112,1.0306325048465377e-12,2.2926776057309328e-12,7.88523221304054e-13
14,5678,101,113,7.865496079025082e-13,1.1696698964670368e-12,6.165448133422079e-13
14,5678,101,114,5.68028972000325e-13,9.474781915904274e-13,3.512193113826196e-13
14,5678,101,115,4.0912693748142695e-13,8.995455918267565e-13,3.2307658719346746e-13
14,5678,101,116,2.998724328842577e-13,5.730470376187173e-13,2.3431342668354544e-13
14,5678,101,117,1.7193604345367732e-13,4.915468356430227e-13,1.4333411270054304e-13
14,5678,101,118,9.816678674343785e-14,2.2036812981653142e-13,9.09083675103796e-14
14,5678,101,119,9.44298212274328e-14,9.042484578662317e-14,6.156705761148172e-14
14,5678,101,120,5.3823225244131685e-14,7.343019977768535e-14,2.9309215484904285e-14
14,5678,101,121,3.076472295968052e-14,7.147216726002677e-14,1.900140401633801e-14
14,5678,101,122,1.3710873639273435e-14,5.353815413008488e-14,1.582450183293486e-14
14,5678,101,123,9.935371361598281e-15,3.139489885412068e-14,6.065808449236303e-15
14,5678,101,124,3.725228823994026e-15,5.233552531802238e-15,1.3170201517801534e-15
14,5678,101,125,9.99999999999999e-16,4.123884945648797e-15,9.99999999999998e-16
14,5678,101,126,9.99999999999999e-16,2.7435053737281688e-15,9.99999999999998e-16
14,5678,101,127,9.99999999999999e-16,9.999999999999971e-16,9.99999999999998e-16
14,5678,101,128,9.99999999999999e-16,9.999999999999971e-16,9.99999999999998e-16
14,5678,202,1,0.8799546589326628,0.8806042676984341,0.8798540062288314
14,5678,202,2,0.06039911364489689,0.060085118007029065,0.06100436386125817
14,5678,202,3,0.029791402478690176,0.029623819868568334,0.029821292612349153
14,5678,202,4,0.014779378760118596,0.014786614763496058,0.014876231040688779
14,5678,202,5,0.00573723612446272,0.005748138574730741,0.005745439645011741
14,5678,202,6,0.0030611625733051387,0.003057688338906655,0.0030904526332540283
14,5678,202,7,0.001850498346694316,0.0017774944308741152,0.0017535406831361456
14,5678,202,8,0.0011952143426533003,0.0011927856459571391,0.0011501305245402553
14,5678,202,9,0.0011661007448972808,0.0010420827048949804,0.0009673290161582615
14,5678,202,10,0.0005563496344332643,0.0006294462517430895,0.00047861484842381605
14,5678,202,11,0.0005072832050894304,0.00047747889323034514,0.000431257304508097
14,5678,202,12,0.00023266351070324226,0.0002214199769904951,0.0002082980231011607
14,5678,202,13,0.00017780615374707925,0.00017369362826210824,0.0001322100974331002
14,5678,202,14,0.00013641178042205445,0.00012332518880894643,0.00010594371442181325
14,5678,202,15,0.000109427518861189,0.00010928080890012396,9.358638530115962e-05
14,5678,202,16,7.478293683520212e-05,7.016198718063762e-05,6.578434613549657e-05
14,5678,202,17,5.053225189327309e-05,4.380657368512056e-05,4.488929591433382e-05
14,5678,202,18,3.973762181004159e-05,4.036803369298122e-05,3.3746332910239176e-05
14,5678,202,19,3.346254359796389e-05,3.328686127586939e-05,2.397199899641529e-05
14,5678,202,20,2.4610997813535603e-05,2.8835508988987054e-05,1.9696176481162853e-05
14,5678,202,21,2.013845136969121e-05,2.811743562324263e-05,1.945793456052734e-05
14,5678,202,22,1.5208286556878967e-05,2.0587279255636774e-05,1.5100476448960937e-05
14,5678,202,23,1.3446931921071728e-05,1.200281312114073e-05,1.0911726803060374e-05
14,5678,202,24,1.3372511773060387e-05,1.1861499908299466e-05,9.832368388432267e-06
14,5678,202,25,1.0831190162560217e-05,9.263418312922486e-06,8.18142856640437e-06
14,5678,202,26,8.136641574505173e-06,8.285501397596537e-06,6.1972248040338766e-06
14,5678,202,27,7.992971257845996e-06,6.098306444142774e-06,5.461309102292552e-06
14,5678,202,28,5.365274475027694e-06,4.663523695695756e-06,4.63605013468469e-06
14,5678,202,29,4.292995405024899e-06,4.429062260125285e-06,3.682445606884787e-06
14,5678,202,30,4.0478556373292075e-06,4.248939838809671e-06,3.2529955913297218e-06
14,5678,202,31,3.600086716679734e-06,3.4424918258919235e-06,2.533928427453931e-06
14,5678,202,32,3.5404794706545097e-06,3.335828902870715e-06,1.789674684503443e-06
14,5678,202,33,1.819476283808829e-06,2.674542477318945e-06,1.2256534532017361e-06
14,5678,202,34,1.489053176150218e-06,2.3425001731164197e-06,9.118374980813668e-07
14,5678,202,35,1.337227740842743e-06,1.5168516676425835e-06,8.888375392304906e-07
14,5678,202,36,1.067573277628495e-06,9.995427067189637e-07,7.8123964547315e-07
14,5678,202,37,9.346292049217715e-07,9.132822677028376e-07,7.128090279995016e-07
14,5678,202,38,8.113464402626703e-07,8.409790462631133e-07,5.900639954074039e-07
14,5678,202,39,6.865395032536359e-07,7.211441335257776e-07,4.782134178140718e-07
14,5678,202,40,5.995667043573481e-07,6.794304849796941e-07,4.2221648446137555e-07
14,5678,202,41,4.6896189677153275e-07,5.440573217345204e-07,3.329155336084781e-07
14,5678,202,42,4.288390958016277e-07,4.618183447250819e-07,2.8713091489221256e-07
14,5678,202,43,3.66653972578167e-07,4.2930446807921613e-07,2.122048425486568e-07
14,5678,202,44,3.186596925979822e-07,3.2087495797551066e-07,1.9018323962305485e-07
14,5678,202,45,2.64631648403256e-07,2.7124463016821307e-07,1.6447557796089297e-07
14,5678,202,46,2.1723251230210656e-07,2.584014002427745e-07,1.3796404711056714e-07
14,5678,202,47,2.0487413672757515e-07,2.3123217261418566e-07,1.0854102984634172e-07
14,5678,202,48,1.8138068758728424e-07,2.035808747623441e-07,1.0735612346816884e-07
14,5678,202,49,1.746672468709787e-07,1.5738036054209265e-07,9.978767646890723e-08
14,5678,202,50,1.440806307185284e-07,1.2676933432612747e-07,7.659954360415088e-08
14,5678,202,51,1.1159825831045403e-07,1.1468933636644356e-07,6.734645799280475e-08
14,5678,202,52,8.686848427784714e-08,1.0314048742361067e-07,5.521053374143001e-08
14,5678,202,53,6.832875896890227e-08,8.810903084800116e-08,5.215779972350177e-08
14,5678,202,54,5.8463781449705124e-08,8.128515400804351e-08,4.689160799656605e-08
14,5678,202,55,5.1188818209188846e-08,6.69418942645373e-08,3.5490353112871374e-08
14,5678,202,56,4.5586708254130944e-08,6.158088485810143e-08,3.4339564253644666e-08
14,5678,202,57,3.998870924204067e-08,4.906862455606336e-08,2.636988683849485e-08
14,5678,202,58,3.448310627347358e-08,4.385498696383135e-08,2.2962785218743952e-08
14,5678,202,59,2.385940404960962e-08,3.581766431947559e-08,1.6938890695217073e-08
14,5678,202,60,2.252245599622113e-08,3.4747624230157745e-08,1.4110665550836385e-08
14,5678,202,61,2.1449865653100277e-08,3.136629903641487e-08,1.29256074512435e-08
14,5678,202,62,1.7858449673682226e-08,2.8113389972196544e-08,1.0354756776031781e-08
14,5678,202,63,1.7671018027835884e-08,2.1779826948744278e-08,8.378225183149436e-09
14,5678,202,64,1.1281282060754182e-08,1.616694874631114e-08,7.661764615375531e-09
14,5678,202,65,8.426887280074439e-09,1.562934958691588e-08,5.776280740653562e-09
14,5678,202,66,8.048373497697546e-09,1.12905772931605e-08,5.655456167915349e-09
14,5678,202,67,6.856737011243625e-09,8.449285388588557e-09,3.6269350583660972e-09
14,5678,202,68,5.718015741234013e-09,6.133660154509042e-09,3.516047664087427e-09
14,5678,202,69,5.121849687980039e-09,5.538344073887735e-09,2.750801180688641e-09
14,5678,202,70,4.5512156251550345e-09,4.701080786514657e-09,2.241977781519744e-09
14,5678,202,71,3.7695380463739884e-09,3.3069662596148205e-09,2.153095056837411e-09
14,5678,202,72,3.656852468250477e-09,3.2404654097903222e-09,1.829641983844049e-09
14,5678,202,73,3.2415764183406716e-09,3.0031694694042343e-09,1.6831567658089685e-09
14,5678,202,74,2.9046300714142388e-09,2.4709429188500055e-09,1.4589636745158725e-09
14,5678,202,75,1.9955910622252928e-09,2.050045963182728e-09,1.0943077888601203e-09
14,5678,202,76,1.8049419028546886e-09,1.9188550252615183e-09,1.0413300254698082e-09
14,5678,202,77,1.6088385836953623e-09,1.7184958456257566e-09,9.7563966008435e-10
14,5678,202,78,1.0217996778055597e-09,1.4842412506892073e-09,7.087120026774629e-10
14,5678,202,79,9.474171036111884e-10,1.469577901959121e-09,6.832773130823945e-10
14,5678,202,80,8.818146131668127e-10,1.220606328915053e-09,4.3713863988427965e-10
14,5678,202,81,8.279328756012845e-10,1.2035835960348866e-09,3.7647136796265503e-10
14,5678,202,82,7.666350566502888e-10,9.172978417396748e-10,3.5159665496311317e-10
14,5678,202,83,6.253006027277018e-10,8.090050402940215e-10,3.3125395669346733e-10
14,5678,202,84,5.226482096278794e-10,6.600051046472715e-10,2.5594610767877396e-10
14,5678,202,85,4.093148300642065e-10,5.838163320987118e-10,2.466777561802861e-10
14,5678,202,86,3.416573303828859e-10,4.243541441973031e-10,2.234321949206041e-10
14,5678,202,87,3.2581682119630305e-10,3.6616087791251796e-10,2.075162527193034e-10
14,5678,202,88,2.368989533842165e-10,3.45137047485108e-10,1.6744616852793095e-10
14,5678,202,89,1.7839740273714085e-10,2.4698466493411316e-10,1.326995363807883e-10
14,5678,202,90,1.460035739069061e-10,2.2508394018298526e-10,9.598260647077384e-11
14,5678,202,91,1.23679903869503e-10,1.8488354846888492e-10,9.229636321009211e-11
14,5678,202,92,1.2294812048081225e-10,1.7456030764881728e-10,9.03778366807796e-11
14,5678,202,93,9.261318147379013e-11,1.3429236984388263e-10,5.434217931037721e-11
14,5678,202,94,9.181276106728464e-11,1.3225420919350895e-10,4.598484269450181e-11
14,5678,202,95,5.979317317908835e-11,8.616203310911578e-11,3.794041443209575e-11
14,5678,202,96,5.569769986407571e-11,8.388721040098537e-11,3.5776448055513554e-11
14,5678,202,97,4.3485290581665786e-11,7.148438633751253e-11,2.3721263798142578e-11
14,5678,202,98,2.8257369942769524e-11,5.712606155386111e-11,2.1076134212545575e-11
14,5678,202,99,2.7681395320766233e-11,4.7133353398171485e-11,1.5480572372681335e-11
14,5678,202,100,2.0982220799538583e-11,4.178823271807336e-11,1.0435948455397638e-11
14,5678,202,101,2.0845350090754485e-11,2.675505117976618e-11,9.828325068727472e-12
14,5678,202,102,1.5692030777062872e-11,1.8314570964471098e-11,7.716152552278082e-12
14,5678,202,103,7.374984248698686e-12,1.4524819710063788e-11,6.237534119467537e-12
14,5678,202,104,7.143036421095706e-12,1.3317945849937516e-11,5.606825740503625e-12
14,5678,202,105,5.0589980402915046e-12,1.118642744181666e-11,4.578414107055624e-12
14,5678,202,106,3.660763038892436e-12,9.757515064883141e-12,3.3650339599401964e-12
14,5678,202,107,3.50722580807054e-12,8.733063923988918e-12,3.019326148402538e-12
14,5678,202,108,2.122659994644335e-12,7.752640628305841e-12,2.3387430479439064e-12
14,5678,202,109,1.5897685914347657e-12,7.236937078545334e-12,1.7002505010695888e-12
14,5678,202,110,1.5266223378836136e-12,5.254548172976914e-12,1.5011830871289106e-12
14,5678,202,111,1.4086597002531447e-12,2.795076202152831e-12,1.156404359265067e-12
14,5678,202,112,1.0306325048465377e-12,2.1055853080543382e-12,8.701787135012415e-13
14,5678,202,113,7.865496079025082e-13,1.9817108521140896e-12,7.926532452596541e-13
14,5678,202,114,5.68028972000325e-13,9.995080404671279e-13,5.202380682638304e-13
14,5678,202,115,4.0912693748142695e-13,8.031972246470397e-13,4.0093585183651386e-13
14,5678,202,116,2.998724328842577e-13,7.478360627197435e-13,2.765969216028066e-13
14,5678,202,117,1.7193604345367732e-13,5.813854768556571e-13,1.480263719519162e-13
14,5678,202,118,9.816678674343785e-14,4.247211234014464e-13,1.0271588665825189e-13
14,5678,202,119,9.44298212274328e-14,3.828157613850695e-13,6.655813089153329e-14
14,5678,202,120,5.3823225244131685e-14,1.8480215296614226e-13,4.272344104885057e-14
14,5678,202,121,3.076472295968052e-14,1.1277506626335599e-13,1.693687615638052e-14
14,5678,202,122,1.3710873639273435e-14,8.78718334372565e-14,1.49608820728819e-14
14,5678,202,123,9.935371361598281e-15,4.0403923492001506e-14,8.384049206157643e-15
14,5678,202,124,3.725228823994026e-15,2.801546252380026e-14,4.49600078225277e-15
14,5678,202,125,9.99999999999999e-16,1.1604818801133108e-14,3.704224315864059e-15
14,5678,202,126,9.99999999999999e-16,1.9757311797475153e-15,1.4775079341086647e-15
14,5678,202,127,9.99999999999999e-16,9.999999999999987e-16,9.999999999999985e-16
14,5678,202,128,9.99999999999999e-16,9.999999999999987e-16,9.999999999999985e-16
14,5678,303,1,0.8799546589326628,0.8815052535397947,0.8796145847538045
14,5678,303,2,0.06039911364489689,0.059708128832677204,0.06107684425578237
14,5678,303,3,0.029791402478690176,0.029170010013172824,0.030119287909529547
14,5678,303,4,0.014779378760118596,0.014911720089271567,0.014796645391926575
14,5678,303,5,0.00573723612446272,0.005837048139422137,0.005696971789125821
14,5678,303,6,0.0030611625733051387,0.00307793309817082,0.0031062007433875737
14,5678,303,7,0.001850498346694316,0.0017452589667818295,0.0015396513895151165
14,5678,303,8,0.0011952143426533003,0.001134492284711362,0.0011619204646108883
14,5678,303,9,0.0011661007448972808,0.0010262329254535564,0.0010863240489741525
14,5678,303,10,0.0005563496344332643,0.000467031362744653,0.0004901181349059851
14,5678,303,11,0.0005072832050894304,0.00043282509154642557,0.00044401688008726585
14,5678,303,12,0.00023266351070324226,0.0002602753073151112,0.00021231314927580894
14,5678,303,13,0.00017780615374707925,0.00015926953889065196,0.00016392034749768247
14,5678,303,14,0.00013641178042205445,0.00013361536622151268,0.00010591324917985511
14,5678,303,15,0.000109427518861189,0.00010205783138102472,9.709138037887308e-05
14,5678,303,16,7.478293683520212e-05,6.832867912545605e-05,6.267812023487639e-05
14,5678,303,17,5.053225189327309e-05,5.646223908204814e-05,4.2322186138275385e-05
14,5678,303,18,3.973762181004159e-05,3.497333296786691e-05,3.4599110240662524e-05
14,5678,303,19,3.346254359796389e-05,3.171457744247389e-05,2.5745060678373487e-05
14,5678,303,20,2.4610997813535603e-05,2.8302858370556933e-05,2.171028778922106e-05
14,5678,303,21,2.013845136969121e-05,2.063763688533718e-05,1.7756012827946622e-05
14,5678,303,22,1.5208286556878967e-05,1.5559946610957444e-05,1.7459142237632137e-05
14,5678,303,23,1.3446931921071728e-05,1.2795526800506131e-05,1.1771853792254865e-05
14,5678,303,24,1.3372511773060387e-05,9.26973499490133e-06,8.810172750348992e-06
14,5678,303,25,1.0831190162560217e-05,8.765460146517198e-06,7.28673171402094e-06
14,5678,303,26,8.136641574505173e-06,7.774262910014333e-06,6.136548291680552e-06
14,5678,303,27,7.992971257845996e-06,6.818105560371358e-06,5.247306945701692e-06
14,5678,303,28,5.365274475027694e-06,3.5319258382503854e-06,5.164928198396364e-06
14,5678,303,29,4.292995405024899e-06,3.243333597262732e-06,3.819353745177734e-06
14,5678,303,30,4.0478556373292075e-06,2.916939955229232e-06,2.7955020998465195e-06
14,5678,303,31,3.600086716679734e-06,2.861486723689326e-06,2.7492508573933384e-06
14,5678,303,32,3.5404794706545097e-06,1.8942375019260433e-06,2.1129925831305386e-06
14,5678,303,33,1.819476283808829e-06,1.8903371970325914e-06,1.4825271465436823e-06
14,5678,303,34,1.489053176150218e-06,1.7272299578371535e-06,1.4580628246290534e-06
14,5678,303,35,1.337227740842743e-06,1.5984637304864796e-06,1.0778050296738706e-06
14,5678,303,36,1.067573277628495e-06,1.2265522620225403e-06,9.65316460803581e-07
14,5678,303,37,9.346292049217715e-07,8.762402031681965e-07,8.605080083665308e-07
14,5678,303,38,8.113464402626703e-07,7.78024831135579e-07,7.407455980184707e-07
14,5678,303,39,6.865395032536359e-07,7.628090069857798e-07,5.195888786708318e-07
14,5678,303,40,5.995667043573481e-07,6.212543596742966e-07,4.961997719579404e-07
14,5678,303,41,4.6896189677153275e-07,4.697402782276954e-07,3.5943376127211947e-07
14,5678,303,42,4.288390958016277e-07,4.575047443794127e-07,2.9220524859197403e-07
14,5678,303,43,3.66653972578167e-07,4.2163659358589003e-07,2.7682441511198807e-07
14,5678,303,44,3.186596925979822e-07,3.991129739087427e-07,2.471265015338671e-07
14,5678,303,45,2.64631648403256e-07,2.9545797575283255e-07,1.716854629352624e-07
14,5678,303,46,2.1723251230210656e-07,2.2800214361190422e-07,1.5538508639275005e-07
14,5678,303,47,2.0487413672757515e-07,1.9438737196145985e-07,1.4622831448620483e-07
14,5678,303,48,1.8138068758728424e-07,1.723668806885748e-07,1.1928449424714247e-07
14,5678,303,49,1.746672468709787e-07,1.4477719603417754e-07,9.247647251959397e-08
14,5678,303,50,1.440806307185284e-07,9.481536194903626e-08,9.147112488609718e-08
14,5678,303,51,1.1159825831045403e-07,8.590804100304068e-08,7.13556851933571e-08
14,5678,303,52,8.686848427784714e-08,8.427380018522421e-08,6.1929454092767e-08
14,5678,303,53,6.832875896890227e-08,7.747395341026255e-08,6.146389377453681e-08
14,5678,303,54,5.8463781449705124e-08,5.751518105710658e-08,3.96140857305871e-08
14,5678,303,55,5.1188818209188846e-08,5.489305895685095e-08,3.823274794301443e-08
14,5678,303,56,4.5586708254130944e-08,3.961121548198371e-08,3.041631598431446e-08
14,5678,303,57,3.998870924204067e-08,3.104111449235594e-08,2.797019731385486e-08
14,5678,303,58,3.448310627347358e-08,2.783770873090411e-08,2.5644915380694556e-08
14,5678,303,59,2.385940404960962e-08,2.7554433471058394e-08,1.877967590762183e-08
14,5678,303,60,2.252245599622113e-08,2.000016534598162e-08,1.6768252122853913e-08
14,5678,303,61,2.1449865653100277e-08,1.801641944787249e-08,1.4127588133950325e-08
14,5678,303,62,1.7858449673682226e-08,1.721367111848998e-08,1.2369271157211605e-08
14,5678,303,63,1.7671018027835884e-08,1.4163914737971165e-08,9.733737786656975e-09
14,5678,303,64,1.1281282060754182e-08,1.2712578822225366e-08,8.112777293767813e-09
14,5678,303,65,8.426887280074439e-09,9.261485147890793e-09,6.5431607444936094e-09
14,5678,303,66,8.048373497697546e-09,8.552455373908972e-09,6.445359247643935e-09
14,5678,303,67,6.856737011243625e-09,7.823282357781546e-09,3.791126843907234e-09
14,5678,303,68,5.718015741234013e-09,7.572686348798784e-09,3.6009286998247604e-09
14,5678,303,69,5.121849687980039e-09,4.790782581480075e-09,3.2740410792646367e-09
14,5678,303,70,4.5512156251550345e-09,4.629129932471328e-09,2.9503800727290603e-09
14,5678,303,71,3.7695380463739884e-09,4.364334291003402e-09,2.27258585724004e-09
14,5678,303,72,3.656852468250477e-09,2.9843662182985662e-09,1.855282727012586e-09
14,5678,303,73,3.2415764183406716e-09,2.6153782300753056e-09,1.8034844348916795e-09
14,5678,303,74,2.9046300714142388e-09,2.525213039178533e-09,1.7051066883964153e-09
14,5678,303,75,1.9955910622252928e-09,2.406307672943405e-09,1.3463544943228384e-09
14,5678,303,76,1.8049419028546886e-09,2.261112688374198e-09,9.68577776042439e-10
14,5678,303,77,1.6088385836953623e-09,1.698247948594838e-09,7.233153380691844e-10
14,5678,303,78,1.0217996778055597e-09,1.5107928022334193e-09,6.972730392668246e-10
14,5678,303,79,9.474171036111884e-10,1.1717138289446265e-09,6.706238943477553e-10
14,5678,303,80,8.818146131668127e-10,8.700067277139173e-10,5.757313734520033e-10
14,5678,303,81,8.279328756012845e-10,7.872564637436235e-10,5.561986619755891e-10
14,5678,303,82,7.666350566502888e-10,7.497255017066571e-10,4.082434620728028e-10
14,5678,303,83,6.253006027277018e-10,6.475952798007982e-10,3.1297789528789656e-10
14,5678,303,84,5.226482096278794e-10,5.810780322129482e-10,2.8747440213197924e-10
14,5678,303,85,4.093148300642065e-10,5.389935893978105e-10,2.388205721903982e-10
14,5678,303,86,3.416573303828859e-10,3.0844419261967834e-10,1.8613781964906932e-10
14,5678,303,87,3.2581682119630305e-10,2.771472095929142e-10,1.6102459733151588e-10
14,5678,303,88,2.368989533842165e-10,2.5528435594145705e-10,1.4897170703306004e-10
14,5678,303,89,1.7839740273714085e-10,1.9723181182147022e-10,1.1711051445882408e-10
14,5678,303,90,1.460035739069061e-10,1.8771796733957147e-10,1.0070925591098228e-10
14,5678,303,91,1.23679903869503e-10,1.4495853626414306e-10,7.431775693529756e-11
14,5678,303,92,1.2294812048081225e-10,1.2962007280521305e-10,6.650697029411964e-11
14,5678,303,93,9.261318147379013e-11,1.0768350537018695e-10,5.926913306052355e-11
14,5678,303,94,9.181276106728464e-11,7.74629438012613e-11,4.593612329596982e-11
14,5678,303,95,5.979317317908835e-11,7.488585979472527e-11,3.428007730351211e-11
14,5678,303,96,5.569769986407571e-11,5.499488535631212e-11,2.7033773566973118e-11
14,5678,303,97,4.3485290581665786e-11,4.570089213356523e-11,2.0982503229577845e-11
14,5678,303,98,2.8257369942769524e-11,3.636352212351068e-11,1.804741352793792e-11
14,5678,303,99,2.7681395320766233e-11,2.835730615498261e-11,1.338392246745825e-11
14,5678,303,100,2.0982220799538583e-11,2.4413940229670192e-11,1.0888049556988637e-11
14,5678,303,101,2.0845350090754485e-11,2.374510546446639e-11,9.45002536199146e-12
14,5678,303,102,1.5692030777062872e-11,1.784581082769577e-11,7.571261755578001e-12
14,5678,303,103,7.374984248698686e-12,1.0104755785881142e-11,5.721885990587789e-12
14,5678,303,104,7.143036421095706e-12,9.394831707546377e-12,4.9727216250044525e-12
14,5678,303,105,5.0589980402915046e-12,8.982692418727053e-12,4.329198372119392e-12
14,5678,303,106,3.660763038892436e-12,8.05824558241564e-12,3.499429739632046e-12
14,5678,303,107,3.50722580807054e-12,6.6365048273744714e-12,2.7006019492872667e-12
14,5678,303,108,2.122659994644335e-12,4.949307524969403e-12,1.6883371707462451e-12
14,5678,303,109,1.5897685914347657e-12,4.6676473608290575e-12,1.2769763221195503e-12
14,5678,303,110,1.5266223378836136e-12,3.3187776824066536e-12,1.1952086497088913e-12
14,5678,303,111,1.4086597002531447e-12,2.2932365351587574e-12,1.0104783255498927e-12
14,5678,303,112,1.0306325048465377e-12,2.2115466953097538e-12,8.026106307737762e-13
14,5678,303,113,7.865496079025082e-13,1.4702383815608726e-12,6.368860747610622e-13
14,5678,303,114,5.68028972000325e-13,1.2845213300867096e-12,3.539549298817788e-13
14,5678,303,115,4.0912693748142695e-13,9.567341938196446e-13,2.4825933205296575e-13
14,5678,303,116,2.998724328842577e-13,5.42717286372956e-13,2.0193143506348097e-13
14,5678,303,117,1.7193604345367732e-13,2.38587774907777e-13,1.2978892412086817e-13
14,5678,303,118,9.816678674343785e-14,2.261078740292117e-13,9.655216431549447e-14
14,5678,303,119,9.44298212274328e-14,1.6505178710556244e-13,5.528441659779935e-14
14,5678,303,120,5.3823225244131685e-14,1.4126496867925825e-13,4.6415317364643636e-14
14,5678,303,121,3.076472295968052e-14,7.91396468295842e-14,3.036260541296826e-14
14,5678,303,122,1.3710873639273435e-14,3.889473177569833e-14,1.1357205600177749e-14
14,5678,303,123,9.935371361598281e-15,2.3567743026190318e-14,1.0635189520650101e-14
14,5678,303,124,3.725228823994026e-15,9.618672520434106e-15,2.475369339322382e-15
14,5678,303,125,9.99999999999999e-16,6.644957178684257e-15,2.0221822468804145e-15
14,5678,303,126,9.99999999999999e-16,2.0752101043538693e-15,9.99999999999998e-16
14,5678,303,127,9.99999999999999e-16,9.999999999999995e-16,9.99999999999998e-16
14,5678,303,128,9.99999999999999e-16,9.999999999999995e-16,9.99999999999998e-16
14,5678,404,1,0.8799546589326628,0.8804580990275523,0.8798666873985695
14,5678,404,2,0.06039911364489689,0.06024135665407493,0.06058828546885913
14,5678,404,3,0.029791402478690176,0.029681987650740396,0.030231093341335353
14,5678,404,4,0.014779378760118596,0.01481629304466942,0.014959979749301059
14,5678,404,5,0.00573723612446272,0.005699050225009092,0.005654489808679864
14,5678,404,6,0.0030611625733051387,0.003034047312732013,0.003065417270751796
14,5678,404,7,0.001850498346694316,0.0018478469331080353,0.001668616931705436
14,5678,404,8,0.0011952143426533003,0.0011292482113128904,0.0012166971505997142
14,5678,404,9,0.0011661007448972808,0.0011198409280358782,0.001034106748371007
14,5678,404,10,0.0005563496344332643,0.0005463455457810663,0.0004787887495420232
14,5678,404,11,0.0005072832050894304,0.00043143541866398616,0.0003984619585701882
14,5678,404,12,0.00023266351070324226,0.00022092424287035577,0.00019244266291819885
14,5678,404,13,0.00017780615374707925,0.00017482937571126463,0.00014677815416103352
14,5678,404,14,0.00013641178042205445,0.0001439297742162081,0.00010689416689477614
14,5678,404,15,0.000109427518861189,0.00010749753114300614,9.60089505352069e-05
14,5678,404,16,7.478293683520212e-05,7.78187586190775e-05,7.645606948474986e-05
14,5678,404,17,5.053225189327309e-05,5.0286343863224745e-05,4.4100246136937846e-05
14,5678,404,18,3.973762181004159e-05,4.292338247340045e-05,3.5221965936214275e-05
14,5678,404,19,3.346254359796389e-05,3.558885002136058e-05,2.367899144620525e-05
14,5678,404,20,2.4610997813535603e-05,2.414415213061514e-05,2.066524660363726e-05
14,5678,404,21,2.013845136969121e-05,1.8702186606138878e-05,1.903915793985669e-05
14,5678,404,22,1.5208286556878967e-05,1.5298165747020897e-05,1.516698005661597e-05
14,5678,404,23,1.3446931921071728e-05,1.3940067340916528e-05,9.331207337678723e-06
14,5678,404,24,1.3372511773060387e-05,1.158712077305883e-05,9.041267286823812e-06
14,5678,404,25,1.0831190162560217e-05,9.626611114399311e-06,8.337891065588892e-06
14,5678,404,26,8.136641574505173e-06,7.4894099538548034e-06,6.770298866809021e-06
14,5678,404,27,7.992971257845996e-06,7.3835185138171905e-06,5.257822194353166e-06
14,5678,404,28,5.365274475027694e-06,5.433387384435782e-06,3.6609912840098924e-06
14,5678,404,29,4.292995405024899e-06,5.371105104604214e-06,2.798698804871213e-06
14,5678,404,30,4.0478556373292075e-06,4.733510903733152e-06,2.572063236185857e-06
14,5678,404,31,3.600086716679734e-06,2.989782714546469e-06,2.2877092917074026e-06
14,5678,404,32,3.5404794706545097e-06,2.163828663121711e-06,1.9155408956351925e-06
14,5678,404,33,1.819476283808829e-06,1.6888433410806814e-06,1.744374837665923e-06
14,5678,404,34,1.489053176150218e-06,1.6236567299014494e-06,1.1569458913079496e-06
14,5678,404,35,1.337227740842743e-06,1.4465669989579333e-06,1.010774720608646e-06
14,5678,404,36,1.067573277628495e-06,1.0674701985195743e-06,7.755530581397712e-07
14,5678,404,37,9.346292049217715e-07,9.462236404493365e-07,6.874666418005108e-07
14,5678,404,38,8.113464402626703e-07,7.006934547003454e-07,6.720592125481595e-07
14,5678,404,39,6.865395032536359e-07,6.038848348505742e-07,4.873468180424855e-07
14,5678,404,40,5.995667043573481e-07,5.023072256145634e-07,4.648226994358062e-07
14,5678,404,41,4.6896189677153275e-07,4.972254177426023e-07,2.9724685526414094e-07
14,5678,404,42,4.288390958016277e-07,3.796219955517006e-07,2.8593833709820816e-07
14,5678,404,43,3.66653972578167e-07,3.1402779952906347e-07,1.9574413853268722e-07
14,5678,404,44,3.186596925979822e-07,2.581218039027353e-07,1.7540161455952201e-07
14,5678,404,45,2.64631648403256e-07,2.0185147120938103e-07,1.657460492251057e-07
14,5678,404,46,2.1723251230210656e-07,1.8733151504279805e-07,1.1853881128414546e-07
14,5678,404,47,2.0487413672757515e-07,1.8234806448784268e-07,9.899416739402599e-08
14,5678,404,48,1.8138068758728424e-07,1.6642304521768714e-07,9.35263055829579e-08
14,5678,404,49,1.746672468709787e-07,1.4617556195051297e-07,7.766025317830619e-08
14,5678,404,50,1.440806307185284e-07,1.4106742131617635e-07,7.091637928537126e-08
14,5678,404,51,1.1159825831045403e-07,1.1912206152438098e-07,5.2801563746143893e-08
14,5678,404,52,8.686848427784714e-08,9.720123057259861e-08,4.9550004895596316e-08
14,5678,404,53,6.832875896890227e-08,8.237078449314674e-08,3.663655033896719e-08
14,5678,404,54,5.8463781449705124e-08,6.487310032395128e-08,3.163521845181784e-08
14,5678,404,55,5.1188818209188846e-08,6.095491622936189e-08,2.9249977644571664e-08
14,5678,404,56,4.5586708254130944e-08,5.7340375632259584e-08,2.6700510442620572e-08
14,5678,404,57,3.998870924204067e-08,4.217019444181426e-08,2.0138926455310665e-08
14,5678,404,58,3.448310627347358e-08,3.011404570397257e-08,1.895158248115546e-08
14,5678,404,59,2.385940404960962e-08,2.777201785932212e-08,1.6489824820693006e-08
14,5678,404,60,2.252245599622113e-08,2.056572558753777e-08,1.4850277004571898e-08
14,5678,404,61,2.1449865653100277e-08,1.8692175189592194e-08,1.3862403294091293e-08
14,5678,404,62,1.7858449673682226e-08,1.6272235393511083e-08,8.620068618688765e-09
14,5678,404,63,1.7671018027835884e-08,1.5311861111801398e-08,8.363538072000606e-09
14,5678,404,64,1.1281282060754182e-08,1.3505829160245821e-08,7.1520076423511495e-09
14,5678,404,65,8.426887280074439e-09,8.886404790781217e-09,6.7095471848527065e-09
14,5678,404,66,8.048373497697546e-09,8.41625851572659e-09,4.7204556433956054e-09
14,5678,404,67,6.856737011243625e-09,7.284779581592919e-09,3.401430711727791e-09
14,5678,404,68,5.718015741234013e-09,6.555491174817086e-09,2.8360148737972222e-09
14,5678,404,69,5.121849687980039e-09,5.0592399309393396e-09,2.7139597444031615e-09
14,5678,404,70,4.5512156251550345e-09,3.6981528695126953e-09,2.408025324362671e-09
14,5678,404,71,3.7695380463739884e-09,3.4809594207901385e-09,2.148341534043994e-09
14,5678,404,72,3.656852468250477e-09,3.0066352566663987e-09,1.7565010090977637e-09
14,5678,404,73,3.2415764183406716e-09,2.9627653211840283e-09,1.4777149553400902e-09
14,5678,404,74,2.9046300714142388e-09,2.694287721251118e-09,1.0807242101342486e-09
14,5678,404,75,1.9955910622252928e-09,2.39529488051208e-09,9.195900419032667e-10
14,5678,404,76,1.8049419028546886e-09,2.1559123419572234e-09,8.954946257952526e-10
14,5678,404,77,1.6088385836953623e-09,1.5638909198677504e-09,7.389007404969404e-10
14,5678,404,78,1.0217996778055597e-09,1.4732061820306739e-09,5.661798838466461e-10
14,5678,404,79,9.474171036111884e-10,1.2928852302612068e-09,4.3369434479995236e-10
14,5678,404,80,8.818146131668127e-10,1.2346040909066345e-09,3.6881113927682825e-10
14,5678,404,81,8.279328756012845e-10,8.82126214504725e-10,3.223095225667132e-10
14,5678,404,82,7.666350566502888e-10,8.677048732652751e-10,2.667541724911862e-10
14,5678,404,83,6.253006027277018e-10,6.461831578061057e-10,2.407840080471927e-10
14,5678,404,84,5.226482096278794e-10,5.495056779359936e-10,2.013859767267422e-10
14,5678,404,85,4.093148300642065e-10,4.135362982656874e-10,1.7490531393091053e-10
14,5678,404,86,3.416573303828859e-10,3.3180984978472213e-10,1.4635927314716048e-10
14,5678,404,87,3.2581682119630305e-10,2.7328166671821526e-10,1.061029091763297e-10
14,5678,404,88,2.368989533842165e-10,2.638720505741675e-10,9.704134717082996e-11
14,5678,404,89,1.7839740273714085e-10,2.287741648417044e-10,9.291152584148796e-11
14,5678,404,90,1.460035739069061e-10,2.0154302592020192e-10,6.720092248024913e-11
14,5678,404,91,1.23679903869503e-10,1.6387148600883948e-10,6.067368429564816e-11
14,5678,404,92,1.2294812048081225e-10,1.5761704501173833e-10,5.609326512528854e-11
14,5678,404,93,9.261318147379013e-11,1.2501233683873275e-10,4.945776272463675e-11
14,5678,404,94,9.181276106728464e-11,1.2235431525388555e-10,4.0596999007430266e-11
14,5678,404,95,5.979317317908835e-11,8.155934996345339e-11,3.7564749902383795e-11
14,5678,404,96,5.569769986407571e-11,7.807301830538074e-11,3.4509728869279566e-11
14,5678,404,97,4.3485290581665786e-11,6.401971348011482e-11,2.4918433791941975e-11
14,5678,404,98,2.8257369942769524e-11,4.1176840291546494e-11,1.88661457274348e-11
14,5678,404,99,2.7681395320766233e-11,3.696616968996185e-11,1.4218109268841372e-11
14,5678,404,100,2.0982220799538583e-11,3.423364989179152e-11,1.0937762880087066e-11
14,5678,404,101,2.0845350090754485e-11,2.6085893789142077e-11,7.78860964226859e-12
14,5678,404,102,1.5692030777062872e-11,1.5228461398208487e-11,6.427775021981893e-12
14,5678,404,103,7.374984248698686e-12,1.3654576968663279e-11,5.9129919596137295e-12
14,5678,404,104,7.143036421095706e-12,1.1938781049255253e-11,5.0411309543673736e-12
14,5678,404,105,5.0589980402915046e-12,8.434336280311584e-12,4.724781627625859e-12
14,5678,404,106,3.660763038892436e-12,8.210712096014591e-12,3.704506035773921e-12
14,5678,404,107,3.50722580807054e-12,6.401734317250231e-12,2.4233237551999214e-12
14,5678,404,108,2.122659994644335e-12,5.7037056651741805e-12,2.113457788390881e-12
14,5678,404,109,1.5897685914347657e-12,4.032268499431648e-12,1.2416831047898548e-12
14,5678,404,110,1.5266223378836136e-12,3.058274983469389e-12,8.849383424118035e-13
14,5678,404,111,1.4086597002531447e-12,2.242518804182432e-12,8.51159294050073e-13
14,5678,404,112,1.0306325048465377e-12,1.7071296178492494e-12,4.855252943328142e-13
14,5678,404,113,7.865496079025082e-13,1.3348599305403776e-12,4.155401433793161e-13
14,5678,404,114,5.68028972000325e-13,1.2866971487455195e-12,3.458321380670527e-13
14,5678,404,115,4.0912693748142695e-13,5.338769350922837e-13,2.1921971252312454e-13
14,5678,404,116,2.998724328842577e-13,5.253923219248978e-13,1.6499107235906653e-13
14,5678,404,117,1.7193604345367732e-13,3.6583034589392504e-13,1.400452473339825e-13
14,5678,404,118,9.816678674343785e-14,2.3530361612298897e-13,8.403951509961004e-14
14,5678,404,119,9.44298212274328e-14,1.729614910062432e-13,7.743249737272238e-14
14,5678,404,120,5.3823225244131685e-14,8.045131168215684e-14,2.6792071012479484e-14
14,5678,404,121,3.076472295968052e-14,6.545382233168003e-14,1.328175220749993e-14
14,5678,404,122,1.3710873639273435e-14,4.432475579094452e-14,9.886824707297164e-15
14,5678,404,123,9.935371361598281e-15,2.930610788481878e-14,6.5667000986278064e-15
14,5678,404,124,3.725228823994026e-15,9.61441728395221e-15,5.744354094990758e-15
14,5678,404,125,9.99999999999999e-16,2.6081234107900277e-15,1.9561731900337745e-15
14,5678,404,126,9.99999999999999e-16,2.3522612995227493e-15,1.9319574923648508e-15
14,5678,404,127,9.99999999999999e-16,9.99999999999998e-16,9.99999999999998e-16
14,5678,404,128,9.99999999999999e-16,9.99999999999998e-16,9.99999999999998e-16
14,5678,505,1,0.8799546589326628,0.8812427911241568,0.8801243824090567
14,5678,505,2,0.06039911364489689,0.05961536067442424,0.060541877924506236
14,5678,505,3,0.029791402478690176,0.02939497647313065,0.030047507175583306
14,5678,505,4,0.014779378760118596,0.01510384872858164,0.014880872497134245
14,5678,505,5,0.00573723612446272,0.005846621941336158,0.005683960233291495
14,5678,505,6,0.0030611625733051387,0.002954188418051592,0.0030242032334813007
14,5678,505,7,0.001850498346694316,0.0017672375893097536,0.0017119928161453176
14,5678,505,8,0.0011952143426533003,0.0011442791220481982,0.0011786371053890848
14,5678,505,9,0.0011661007448972808,0.001087065590110246,0.0010353545640429825
14,5678,505,10,0.0005563496344332643,0.0005515066718794485,0.0004926368962663096
14,5678,505,11,0.0005072832050894304,0.0004349820160835499,0.0004715860545445264
14,5678,505,12,0.00023266351070324226,0.00018723595028976453,0.0001926078840856702
14,5678,505,13,0.00017780615374707925,0.00018117854273995827,0.00013675784057063376
14,5678,505,14,0.00013641178042205445,0.00010223503983127946,0.00011461119931775026
14,5678,505,15,0.000109427518861189,7.844290044282533e-05,7.504484418874795e-05
14,5678,505,16,7.478293683520212e-05,5.56188690564429e-05,6.568168507554262e-05
14,5678,505,17,5.053225189327309e-05,4.584806068555446e-05,4.353944017525847e-05
14,5678,505,18,3.973762181004159e-05,3.3697247051493195e-05,3.4575754394281094e-05
14,5678,505,19,3.346254359796389e-05,3.0598721420759544e-05,2.486892704319832e-05
14,5678,505,20,2.4610997813535603e-05,2.4620127313532866e-05,1.978429975632549e-05
14,5678,505,21,2.013845136969121e-05,1.9106523637687792e-05,1.7011233374043526e-05
14,5678,505,22,1.5208286556878967e-05,1.8330577685628045e-05,1.5512344253999977e-05
14,5678,505,23,1.3446931921071728e-05,1.3755074008001014e-05,1.1628637056589765e-05
14,5678,505,24,1.3372511773060387e-05,1.3443518286400896e-05,9.435667039921088e-06
14,5678,505,25,1.0831190162560217e-05,1.14939852765468e-05,8.196823207001775e-06
14,5678,505,26,8.136641574505173e-06,1.0221679261458703e-05,7.303760303126941e-06
14,5678,505,27,7.992971257845996e-06,4.965271508822045e-06,6.567865082809353e-06
14,5678,505,28,5.365274475027694e-06,4.6624582834758625e-06,4.4850342488534644e-06
14,5678,505,29,4.292995405024899e-06,4.443598841422747e-06,3.7355623689184316e-06
14,5678,505,30,4.0478556373292075e-06,2.9316932341635354e-06,2.8984760221952613e-06
14,5678,505,31,3.600086716679734e-06,2.737726553702278e-06,2.477905726680112e-06
14,5678,505,32,3.5404794706545097e-06,2.6856961032158514e-06,2.1206704794040894e-06
14,5678,505,33,1.819476283808829e-06,1.2706623555797128e-06,1.442261361636281e-06
14,5678,505,34,1.489053176150218e-06,9.134878136144635e-07,1.1506169149756356e-06
14,5678,505,35,1.337227740842743e-06,8.99132163159484e-07,8.975650621482964e-07
14,5678,505,36,1.067573277628495e-06,8.455140472972256e-07,6.187350943194419e-07
14,5678,505,37,9.346292049217715e-07,6.356902885587305e-07,5.176765939448713e-07
14,5678,505,38,8.113464402626703e-07,5.931376426292706e-07,5.111059420353697e-07
14,5678,505,39,6.865395032536359e-07,5.39114328678785e-07,4.6882967425430145e-07
14,5678,505,40,5.995667043573481e-07,4.784415041692627e-07,3.5936753553481276e-07
14,5678,505,41,4.6896189677153275e-07,4.297455894927231e-07,2.9162520070369584e-07
14,5678,505,42,4.288390958016277e-07,3.065575207173032e-07,2.8447505481044596e-07
14,5678,505,43,3.66653972578167e-07,2.868826068889681e-07,2.408084053930522e-07
14,5678,505,44,3.186596925979822e-07,2.501634879907652e-07,2.0516048903514307e-07
14,5678,505,45,2.64631648403256e-07,2.3101496736507186e-07,1.8222672060146504e-07
14,5678,505,46,2.1723251230210656e-07,2.105303548132214e-07,1.4220602010786715e-07
14,5678,505,47,2.0487413672757515e-07,1.3539225938277973e-07,1.1105917542636186e-07
14,5678,505,48,1.8138068758728424e-07,1.201001396726906e-07,1.0957757434390381e-07
14,5678,505,49,1.746672468709787e-07,1.1917084995484741e-07,1.0292832699769021e-07
14,5678,505,50,1.440806307185284e-07,9.699281871279665e-08,8.665438022112054e-08
14,5678,505,51,1.1159825831045403e-07,7.349660300962353e-08,6.60226002820574e-08
14,5678,505,52,8.686848427784714e-08,7.049088604600085e-08,5.569885573067977e-08
14,5678,505,53,6.832875896890227e-08,5.979163326779541e-08,4.598312773169309e-08
14,5678,505,54,5.8463781449705124e-08,5.149538086627809e-08,3.7076030683817405e-08
14,5678,505,55,5.1188818209188846e-08,4.932762604376883e-08,3.5987907505418165e-08
14,5678,505,56,4.5586708254130944e-08,3.380610053018886e-08,2.635725605774396e-08
14,5678,505,57,3.998870924204067e-08,3.180930370786901e-08,2.5329432350800618e-08
14,5678,505,58,3.448310627347358e-08,2.4434686429253073e-08,2.2186349750511048e-08
14,5678,505,59,2.385940404960962e-08,1.6726125158902402e-08,1.6790030310787704e-08
14,5678,505,60,2.252245599622113e-08,1.5861808045464548e-08,1.2201224324596179e-08
14,5678,505,61,2.1449865653100277e-08,1.2749513304883681e-08,1.1441113661211886e-08
14,5678,505,62,1.7858449673682226e-08,1.2612880329957267e-08,1.060460589049615e-08
14,5678,505,63,1.7671018027835884e-08,1.0668673405205057e-08,8.14649077385731e-09
14,5678,505,64,1.1281282060754182e-08,9.974627683795977e-09,7.911389117726612e-09
14,5678,505,65,8.426887280074439e-09,7.514040337117295e-09,6.035110002484036e-09
14,5678,505,66,8.048373497697546e-09,5.08723550968672e-09,5.680867603885112e-09
14,5678,505,67,6.856737011243625e-09,4.918008738464583e-09,4.157006354975538e-09
14,5678,505,68,5.718015741234013e-09,4.779175785995204e-09,3.684990456458774e-09
14,5678,505,69,5.121849687980039e-09,4.1715710823340516e-09,3.0304592054107473e-09
14,5678,505,70,4.5512156251550345e-09,3.4969127120598344e-09,2.7041725971666216e-09
14,5678,505,71,3.7695380463739884e-09,3.069966212103884e-09,1.8484042446736795e-09
14,5678,505,72,3.656852468250477e-09,2.8248829244043683e-09,1.7542726059399614e-09
14,5678,505,73,3.2415764183406716e-09,2.6205089105119086e-09,1.7026493877505368e-09
14,5678,505,74,2.9046300714142388e-09,2.0733107303803586e-09,1.1301952387968484e-09
14,5678,505,75,1.9955910622252928e-09,1.773512657527019e-09,1.0225365903270856e-09
14,5678,505,76,1.8049419028546886e-09,1.6923480380261922e-09,9.2615420212265e-10
14,5678,505,77,1.6088385836953623e-09,1.3625924414254949e-09,7.323622428109544e-10
14,5678,505,78,1.0217996778055597e-09,1.2607718374108706e-09,6.478218221576635e-10
14,5678,505,79,9.474171036111884e-10,1.0166832119036436e-09,5.517647875045267e-10
14,5678,505,80,8.818146131668127e-10,8.28942862602365e-10,4.3109922297280014e-10
14,5678,505,81,8.279328756012845e-10,6.991415080877327e-10,4.1791860964113555e-10
14,5678,505,82,7.666350566502888e-10,6.281471632437765e-10,3.4052536281511816e-10
14,5678,505,83,6.253006027277018e-10,5.752847382241774e-10,3.1325098795816643e-10
14,5678,505,84,5.226482096278794e-10,4.3318059735943836e-10,2.211338235228199e-10
14,5678,505,85,4.093148300642065e-10,4.0645561245290805e-10,2.1384685608619135e-10
14,5678,505,86,3.416573303828859e-10,3.027014321959297e-10,1.6663639593871452e-10
14,5678,505,87,3.2581682119630305e-10,2.82443763570745e-10,1.4216175429260487e-10
14,5678,505,88,2.368989533842165e-10,2.5824318968717774e-10,1.2480430798465529e-10
14,5678,505,89,1.7839740273714085e-10,2.2789735263152177e-10,1.1262897485680688e-10
14,5678,505,90,1.460035739069061e-10,2.2746156598856208e-10,8.989533470816619e-11
14,5678,505,91,1.23679903869503e-10,1.8511913535875283e-10,7.283999225239589e-11
14,5678,505,92,1.2294812048081225e-10,1.5557952867832417e-10,6.46868395727654e-11
14,5678,505,93,9.261318147379013e-11,1.1485229109878827e-10,5.1771972633095923e-11
14,5678,505,94,9.181276106728464e-11,9.607379538388857e-11,4.899388251857888e-11
14,5678,505,95,5.979317317908835e-11,6.185542435898906e-11,4.456090227762544e-11
14,5678,505,96,5.569769986407571e-11,5.107781434160291e-11,3.0794160554064614e-11
14,5678,505,97,4.3485290581665786e-11,4.2994395281047934e-11,2.3405063342014852e-11
14,5678,505,98,2.8257369942769524e-11,4.0119740388901697e-11,2.137818564731412e-11
14,5678,505,99,2.7681395320766233e-11,2.7404549769759275e-11,1.4242230811772576e-11
14,5678,505,100,2.0982220799538583e-11,1.6170351181714785e-11,1.3519069025420877e-11
14,5678,505,101,2.0845350090754485e-11,1.4979931847473003e-11,1.1157179906206936e-11
14,5678,505,102,1.5692030777062872e-11,1.2492978080815848e-11,1.0808354098660771e-11
14,5678,505,103,7.374984248698686e-12,1.234681871455065e-11,6.0793495268211416e-12
14,5678,505,104,7.143036421095706e-12,1.0762668510475898e-11,5.188564003891023e-12
14,5678,505,105,5.0589980402915046e-12,7.930603478852581e-12,4.088270428025977e-12
14,5678,505,106,3.660763038892436e-12,5.59843795824129e-12,3.1518827554316335e-12
14,5678,505,107,3.50722580807054e-12,5.30520555811991e-12,2.255741074365615e-12
14,5678,505,108,2.122659994644335e-12,4.7791949537972106e-12,1.8615052930673305e-12
14,5678,505,109,1.5897685914347657e-12,3.5302406312679915e-12,1.7323524616811907e-12
14,5678,505,110,1.5266223378836136e-12,3.1840272425017913e-12,1.6289623532055635e-12
14,5678,505,111,1.4086597002531447e-12,2.1417493375823916e-12,1.2960928291649556e-12
14,5678,505,112,1.0306325048465377e-12,1.955670720916619e-12,7.911718518873383e-13
14,5678,505,113,7.865496079025082e-13,1.5600300695817079e-12,5.193258159973438e-13
14,5678,505,114,5.68028972000325e-13,1.140873777407822e-12,4.2731124131200807e-13
14,5678,505,115,4.0912693748142695e-13,6.778079126601526e-13,3.095020615317126e-13
14,5678,505,116,2.998724328842577e-13,5.141349565895117e-13,2.1093271220802798e-13
14,5678,505,117,1.7193604345367732e-13,4.559329266937907e-13,1.6248266949484538e-13
14,5678,505,118,9.816678674343785e-14,2.3069478411898703e-13,9.491829665373354e-14
14,5678,505,119,9.44298212274328e-14,2.109445365536061e-13,8.450526348066821e-14
14,5678,505,120,5.3823225244131685e-14,1.6861295463135902e-13,6.624871923474918e-14
14,5678,505,121,3.076472295968052e-14,9.300530843925702e-14,3.2237339568178414e-14
14,5678,505,122,1.3710873639273435e-14,3.6774286684044486e-14,1.7400477666350544e-14
14,5678,505,123,9.935371361598281e-15,1.3851328348690402e-14,9.511765743452206e-15
14,5678,505,124,3.725228823994026e-15,5.194127515781433e-15,4.454863357708601e-15
14,5678,505,125,9.99999999999999e-16,2.7790593268917653e-15,3.325282649785097e-15
14,5678,505,126,9.99999999999999e-16,9.999999999999983e-16,2.2536873725096914e-15
14,5678,505,127,9.99999999999999e-16,9.999999999999983e-16,9.999999999999983e-16
14,5678,505,128,9.99999999999999e-16,9.999999999999983e-16,9.999999999999983e-16
14,6666,101,1,0.855740768523122,0.857343296897487,0.856134792469433
14,6666,101,2,0.0837856863463548,0.08316897642818764,0.08381838558055676
14,6666,101,3,0.02553612684662728,0.025605721793015335,0.02569560581094045
14,6666,101,4,0.01764601532669152,0.017183237371598388,0.017752200115879725
14,6666,101,5,0.005392225057228626,0.0051367674103660116,0.005394008495595575
14,6666,101,6,0.003766884600188181,0.00392339413975807,0.003683845049186182
14,6666,101,7,0.002354800347831296,0.0021165466327880203,0.0023230019300122134
14,6666,101,8,0.0014877955044028445,0.001437154400030439,0.0011983535870339658
14,6666,101,9,0.0011243856653206628,0.0011065104323354628,0.0011460300739825346
14,6666,101,10,0.0007758121599938067,0.0006745936653729931,0.0007289920696106011
14,6666,101,11,0.0005773691114636645,0.0006486836800626894,0.0005665093267990547
14,6666,101,12,0.0004309392920712557,0.0003648336297006964,0.00035670258635355385
14,6666,101,13,0.00038767567090832697,0.0003399689129068181,0.0003240748825076
14,6666,101,14,0.00025476587209171303,0.00024150848397088204,0.00025840426470407024
14,6666,101,15,0.000193436842297444,0.0002045738193928924,0.00016924737048913826
14,6666,101,16,0.00011884479275530104,0.00011463166114158239,8.91043476848627e-05
14,6666,101,17,8.418435559069592e-05,7.545349422138456e-05,7.336336650421087e-05
14,6666,101,18,7.296669169008271e-05,6.400157801204202e-05,6.207445082230553e-05
14,6666,101,19,3.80634243849604e-05,4.0798084383007436e-05,3.7660086039746917e-05
14,6666,101,20,3.479150773599698e-05,2.9602549840780896e-05,3.4212221646617066e-05
14,6666,101,21,3.382272931518938e-05,2.875248807849929e-05,3.022131929304675e-05
14,6666,101,22,2.641898251975701e-05,2.5656555468815753e-05,1.98443550363145e-05
14,6666,101,23,2.6141975177210097e-05,2.3706841210690488e-05,1.8292859224037687e-05
14,6666,101,24,1.9651225132109697e-05,1.7601050113915252e-05,1.745381933817589e-05
14,6666,101,25,1.5263302498995236e-05,1.6895032521495367e-05,1.400865384707253e-05
14,6666,101,26,1.2568849615991534e-05,1.1937407943343129e-05,9.448335156262617e-06
14,6666,101,27,1.1207514667400467e-05,1.1705965592648244e-05,7.971522726541548e-06
14,6666,101,28,9.774869194873245e-06,7.751212502595154e-06,7.162416256861596e-06
14,6666,101,29,6.436650425993022e-06,7.017771835078955e-06,4.910868857315591e-06
14,6666,101,30,6.181600177844582e-06,4.443541088826884e-06,3.9794161242867164e-06
14,6666,101,31,4.636052748193045e-06,3.947988283919639e-06,3.660934435517012e-06
14,6666,101,32,3.9560938399454145e-06,2.5758600593246443e-06,2.549616482676225e-06
14,6666,101,33,3.908320535376742e-06,2.046447038331413e-06,2.5105481390224525e-06
14,6666,101,34,2.555428018882146e-06,1.9512802017991353e-06,1.9468193981507854e-06
14,6666,101,35,2.2423660065251135e-06,1.8900332531708679e-06,1.377569321710457e-06
14,6666,101,36,1.8964439410950498e-06,1.8106733214256709e-06,1.1517371403036877e-06
14,6666,101,37,1.6353648911593968e-06,1.7098174623878568e-06,1.0823518067358674e-06
14,6666,101,38,1.1694099442803732e-06,1.2937441443003511e-06,7.351893912840764e-07
14,6666,101,39,9.774963161576046e-07,9.84185303672282e-07,6.668668090037165e-07
14,6666,101,40,8.562578159291057e-07,8.394573858588735e-07,6.135527778163084e-07
14,6666,101,41,7.592983477476507e-07,7.854133281333449e-07,5.453958772721501e-07
14,6666,101,42,6.760259114247736e-07,7.511801916245229e-07,5.252097495902469e-07
14,6666,101,43,4.913035725733437e-07,5.83953333243658e-07,4.0961476887404897e-07
14,6666,101,44,3.9103272347293725e-07,5.662688484534945e-07,3.519881815252781e-07
14,6666,101,45,3.506488722691538e-07,3.6678198440563127e-07,3.0357244163744e-07
14,6666,101,46,3.210423343442183e-07,2.939610191455881e-07,2.434323820011335e-07
14,6666,101,47,3.1715295703555853e-07,2.7574045775749036e-07,2.0386525105743012e-07
14,6666,101,48,3.0466602765576e-07,2.2674175324284266e-07,1.9812658057040869e-07
14,6666,101,49,2.2155901213670254e-07,1.9759793419954116e-07,1.542837527668914e-07
14,6666,101,50,1.7770221895195577e-07,1.5609264986899544e-07,1.500080298735312e-07
14,6666,101,51,1.6458830326105522e-07,1.3448335378604087e-07,1.0539334441637583e-07
14,6666,101,52,1.5344113932831e-07,1.1515958124323148e-07,8.792893051563425e-08
14,6666,101,53,1.4675615804623681e-07,1.1217505272889423e-07,8.156801847147803e-08
14,6666,101,54,9.066589920536661e-08,9.287930232633933e-08,7.50283908060708e-08
14,6666,101,55,8.516674904987657e-08,7.89214194536399e-08,5.7486590747006786e-08
14,6666,101,56,7.44339123085495e-08,5.767473749895193e-08,5.314222314106621e-08
14,6666,101,57,6.945510642361111e-08,5.4836652857103644e-08,3.566907791216032e-08
14,6666,101,58,5.6194430265771534e-08,5.2662637447682006e-08,3.511326856195397e-08
14,6666,101,59,4.908863771185326e-08,4.9385313015803927e-08,3.383926424782596e-08
14,6666,101,60,3.7933638014982925e-08,3.924815566809833e-08,3.13922469434168e-08
14,6666,101,61,3.157288417060638e-08,3.4417092642700753e-08,2.5649228138701136e-08
14,6666,101,62,2.4208864527630274e-08,3.321105117300129e-08,1.967009384126566e-08
14,6666,101,63,2.3340241269745613e-08,2.5390950801433927e-08,1.8289199007971278e-08
14,6666,101,64,2.325233349311455e-08,1.627681047578976e-08,1.5272869280387637e-08
14,6666,101,65,1.6321800718758742e-08,1.5241981200158063e-08,1.3845271086279037e-08
14,6666,101,66,1.3698205083205145e-08,1.4242336228598348e-08,1.0600072754168347e-08
14,6666,101,67,1.3239718088731654e-08,1.2750121086364252e-08,8.672243532069324e-09
14,6666,101,68,1.1855094687891507e-08,1.152673123954297e-08,7.976905416682577e-09
14,6666,101,69,9.526664502392518e-09,1.0117404788375932e-08,6.2760985431328585e-09
14,6666,101,70,7.10391112286454e-09,8.789162371347324e-09,4.840689762493723e-09
14,6666,101,71,6.751302533430909e-09,8.620162639180087e-09,4.337660412908387e-09
14,6666,101,72,6.748053970557609e-09,7.510133262321731e-09,3.615132073777599e-09
14,6666,101,73,5.2854237982253064e-09,6.673607189980518e-09,3.0432593774193204e-09
14,6666,101,74,4.498777374190921e-09,4.824170508625476e-09,2.8545177006653624e-09
14,6666,101,75,3.5193088493675666e-09,3.923604321162334e-09,2.6508990244267805e-09
14,6666,101,76,2.8131796253377758e-09,3.5294706182058846e-09,2.229377031972233e-09
14,6666,101,77,2.68846622281311e-09,2.9036676836116e-09,1.6850679689346955e-09
14,6666,101,78,2.4690348055081626e-09,2.525034521173802e-09,1.3819315992414316e-09
14,6666,101,79,2.0300769037073945e-09,2.46205877668118e-09,1.1546861659033779e-09
14,6666,101,80,1.771677492619143e-09,1.5768286910373622e-09,1.0777801487223805e-09
14,6666,101,81,1.703711547106255e-09,1.4515394259309617e-09,9.099399016895903e-10
14,6666,101,82,1.3661707962245846e-09,1.4130112575850279e-09,7.534542228400903e-10
14,6666,101,83,1.1994472761572867e-09,1.2132415002118274e-09,7.234566409477414e-10
14,6666,101,84,1.0890669837609132e-09,9.00820391923333e-10,5.465219027900186e-10
14,6666,101,85,8.675609581542181e-10,7.408616282397364e-10,5.090379606565839e-10
14,6666,101,86,5.734429808110887e-10,6.363995006616279e-10,3.7688863212969677e-10
14,6666,101,87,4.983757434792545e-10,5.810069252983517e-10,3.2117770290346176e-10
14,6666,101,88,4.4823714492103206e-10,4.286110685940395e-10,2.728022707269173e-10
14,6666,101,89,4.139488121146215e-10,3.958547015695196e-10,2.2581860514257155e-10
14,6666,101,90,3.371367679559796e-10,3.631007384384165e-10,2.1526066136114158e-10
14,6666,101,91,3.0788588931467694e-10,3.135197602747343e-10,1.8042311640849327e-10
14,6666,101,92,2.729457885591799e-10,2.2591235844511217e-10,1.44116414492468e-10
14,6666,101,93,2.4178672259876565e-10,1.8224944515851743e-10,1.3560270077544156e-10
14,6666,101,94,1.52997992249176e-10,1.6108662833898283e-10,1.1503719177482743e-10
14,6666,101,95,1.3416020704847005e-10,1.4822265237897475e-10,1.0569577652981093e-10
14,6666,101,96,1.3223348636677835e-10,1.366610701341499e-10,7.29770970094684e-11
14,6666,101,97,8.228420840564533e-11,1.0515178873041036e-10,7.24036926546834e-11
14,6666,101,98,8.168027819254692e-11,9.11688405635681e-11,5.785332247708228e-11
14,6666,101,99,6.741749940097266e-11,9.005151598696406e-11,4.848445428874164e-11
14,6666,101,100,6.30383408606966e-11,7.370547456012244e-11,4.433260188610102e-11
14,6666,101,101,4.676598972839088e-11,4.745892911121627e-11,2.887008607405721e-11
14,6666,101,102,4.532894684774539e-11,4.696419808199611e-11,2.2631086630337386e-11
14,6666,101,103,3.688966049712985e-11,3.870413062672734e-11,2.1449974050374132e-11
14,6666,101,104,2.969307622765452e-11,2.5539020679497782e-11,1.7701383325408873e-11
14,6666,101,105,2.528348229749404e-11,2.0863739191653515e-11,1.2325257170258802e-11
14,6666,101,106,1.4004321155204803e-11,1.987122938315805e-11,1.058317353627402e-11
14,6666,101,107,1.1582087920801948e-11,1.4122035719125438e-11,9.407430372515411e-12
14,6666,101,108,7.949361137815179e-12,1.1517109306761477e-11,8.232011273032815e-12
14,6666,101,109,6.531879577111157e-12,9.510669234750402e-12,5.292597713698527e-12
14,6666,101,110,4.6321654521573345e-12,8.400064506493712e-12,3.6849363449276244e-12
14,6666,101,111,3.503842654911294e-12,4.207454950215616e-12,2.0960423169708395e-12
14,6666,101,112,3.4871694887295443e-12,2.7378654647374873e-12,1.891261687903763e-12
14,6666,101,113,2.4650531613682223e-12,2.5344309731904894e-12,1.6097519032451218e-12
14,6666,101,114,2.3927964806127166e-12,1.7746022280956934e-12,1.4416380878271802e-12
14,6666,101,115,9.5798682483215e-13,1.6665953141658324e-12,7.825718653013845e-13
14,6666,101,116,6.568851865110825e-13,1.4304139299459593e-12,6.379930868667451e-13
14,6666,101,117,5.926126802366299e-13,1.0575177826445605e-12,4.695495371272881e-13
14,6666,101,118,4.751023219170887e-13,7.013991862201893e-13,2.96161680726605e-13
14,6666,101,119,2.790855485679165e-13,6.726014798430694e-13,2.6412231091953756e-13
14,6666,101,120,1.4432524054379517e-13,2.245584958498388e-13,1.3918519581506833e-13
14,6666,101,121,1.3143342674241015e-13,1.3777879227105537e-13,8.89733998364255e-14
14,6666,101,122,8.96167219560552e-14,1.0753068077205219e-13,7.601219387864015e-14
14,6666,101,123,6.835280134153306e-14,9.84097815280619e-14,2.343133150015837e-14
14,6666,101,124,4.059774017481757e-14,4.176059737581826e-14,1.185183461744543e-14
14,6666,101,125,1.522764643275368e-14,4.43441613148275e-15,5.541454912560417e-15
14,6666,101,126,3.6852336275048135e-15,4.20586243985155e-15,2.8937738325686323e-15
14,6666,101,127,9.999999999999987e-16,9.99999999999999e-16,9.999999999999977e-16
14,6666,101,128,9.999999999999987e-16,9.99999999999999e-16,9.999999999999977e-16
14,6666,202,1,0.855740768523122,0.8557910468194836,0.8556877648721286
14,6666,202,2,0.0837856863463548,0.08326019734508197,0.08447342341497274
14,6666,202,3,0.02553612684662728,0.026224317478508126,0.02545679235691685
14,6666,202,4,0.01764601532669152,0.017364991168926786,0.017849443526586246
14,6666,202,5,0.005392225057228626,0.005270026341171395,0.00532459921649475
14,6666,202,6,0.003766884600188181,0.003825110926977896,0.003725699006188014
14,6666,202,7,0.002354800347831296,0.0025282162117577864,0.0020589291777940513
14,6666,202,8,0.0014877955044028445,0.0014348401661329398,0.0013595119920182114
14,6666,202,9,0.0011243856653206628,0.001148951644050543,0.001133918551023128
14,6666,202,10,0.0007758121599938067,0.0008451640259692182,0.0007977893664438013
14,6666,202,11,0.0005773691114636645,0.000586115336692833,0.0005716285625540172
14,6666,202,12,0.0004309392920712557,0.0004420258191960526,0.0003988732105014419
14,6666,202,13,0.00038767567090832697,0.0003347952923438134,0.0003083520727663171
14,6666,202,14,0.00025476587209171303,0.0002144345918473297,0.00023584052385148104
14,6666,202,15,0.000193436842297444,0.00016717170696667848,0.00016531047565492772
14,6666,202,16,0.00011884479275530104,0.00012676969514156198,8.968731657286532e-05
14,6666,202,17,8.418435559069592e-05,9.642653785911761e-05,7.835925658100891e-05
14,6666,202,18,7.296669169008271e-05,7.699326999305797e-05,6.401578688719123e-05
14,6666,202,19,3.80634243849604e-05,4.1572328004961734e-05,3.5105827255436926e-05
14,6666,202,20,3.479150773599698e-05,3.6414072983438345e-05,3.211496608115468e-05
14,6666,202,21,3.382272931518938e-05,3.3360296888296295e-05,2.4242697263705872e-05
14,6666,202,22,2.641898251975701e-05,2.7010594545862596e-05,2.262770041050371e-05
14,6666,202,23,2.6141975177210097e-05,2.2745292534403124e-05,1.911040751570857e-05
14,6666,202,24,1.9651225132109697e-05,2.047506918876058e-05,1.7955651419549274e-05
14,6666,202,25,1.5263302498995236e-05,1.4789457032962255e-05,1.1495320668367627e-05
14,6666,202,26,1.2568849615991534e-05,1.1971785817644258e-05,1.1391223026557344e-05
14,6666,202,27,1.1207514667400467e-05,9.56926999215311e-06,9.315047853667528e-06
14,6666,202,28,9.774869194873245e-06,6.8829575521669775e-06,8.208523202382216e-06
14,6666,202,29,6.436650425993022e-06,5.645028646119363e-06,4.106631423048516e-06
14,6666,202,30,6.181600177844582e-06,5.172714767713586e-06,3.4436381315564366e-06
14,6666,202,31,4.636052748193045e-06,4.752769736692814e-06,2.979647733821159e-06
14,6666,202,32,3.9560938399454145e-06,3.528646669029042e-06,2.8524229285058487e-06
14,6666,202,33,3.908320535376742e-06,2.5835558590682173e-06,2.6502757138007466e-06
14,6666,202,34,2.555428018882146e-06,2.459812503599272e-06,2.116706624460839e-06
14,6666,202,35,2.2423660065251135e-06,2.0722796372171083e-06,1.5594259443087885e-06
14,6666,202,36,1.8964439410950498e-06,1.8942557322197317e-06,1.2802160829571692e-06
14,6666,202,37,1.6353648911593968e-06,1.5771801145178143e-06,1.0795444337605313e-06
14,6666,202,38,1.1694099442803732e-06,1.3510395586943559e-06,9.495148730390107e-07
14,6666,202,39,9.774963161576046e-07,1.156499896433376e-06,8.16348151345676e-07
14,6666,202,40,8.562578159291057e-07,9.979584920051635e-07,7.540642673412539e-07
14,6666,202,41,7.592983477476507e-07,6.384090238355493e-07,6.117018050374771e-07
14,6666,202,42,6.760259114247736e-07,6.165361465688965e-07,4.535973259130374e-07
14,6666,202,43,4.913035725733437e-07,4.2500563847624975e-07,4.420017789270468e-07
14,6666,202,44,3.9103272347293725e-07,4.1654540280594074e-07,3.4906725033916424e-07
14,6666,202,45,3.506488722691538e-07,3.661168685912588e-07,2.8406406856308575e-07
14,6666,202,46,3.210423343442183e-07,2.8775384213865943e-07,2.506543564065622e-07
14,6666,202,47,3.1715295703555853e-07,2.195941065581118e-07,2.1081165199490057e-07
14,6666,202,48,3.0466602765576e-07,1.8829170490330393e-07,1.9379679746805064e-07
14,6666,202,49,2.2155901213670254e-07,1.814192055426144e-07,1.694912336124961e-07
14,6666,202,50,1.7770221895195577e-07,1.401116991397737e-07,1.4746229763738223e-07
14,6666,202,51,1.6458830326105522e-07,1.2270901284982046e-07,1.0661838317418584e-07
14,6666,202,52,1.5344113932831e-07,1.170087401718589e-07,9.993963527749304e-08
14,6666,202,53,1.4675615804623681e-07,1.053579209975473e-07,8.690941185977735e-08
14,6666,202,54,9.066589920536661e-08,7.295467787625128e-08,7.719621299153284e-08
14,6666,202,55,8.516674904987657e-08,6.469057884991034e-08,6.342462118559331e-08
14,6666,202,56,7.44339123085495e-08,6.015763880902768e-08,5.056825294684825e-08
14,6666,202,57,6.945510642361111e-08,5.2339365495406314e-08,4.337699752795088e-08
14,6666,202,58,5.6194430265771534e-08,4.4823702091676476e-08,3.900915754291877e-08
14,6666,202,59,4.908863771185326e-08,4.2608904186874074e-08,3.536351734956645e-08
14,6666,202,60,3.7933638014982925e-08,3.3815406714664454e-08,3.01418377587171e-08
14,6666,202,61,3.157288417060638e-08,2.574634604287794e-08,2.4505560387999588e-08
14,6666,202,62,2.4208864527630274e-08,2.4528596735060404e-08,1.8648827677508278e-08
14,6666,202,63,2.3340241269745613e-08,2.358957969476965e-08,1.5568115624596213e-08
14,6666,202,64,2.325233349311455e-08,1.749156770011833e-08,1.44143590667658e-08
14,6666,202,65,1.6321800718758742e-08,1.4909072431302054e-08,1.3270047485969992e-08
14,6666,202,66,1.3698205083205145e-08,1.4115891411894525e-08,1.0490911425269576e-08
14,6666,202,67,1.3239718088731654e-08,1.2493357064608574e-08,9.956705061507529e-09
14,6666,202,68,1.1855094687891507e-08,1.1795749102380185e-08,8.915966146597689e-09
14,6666,202,69,9.526664502392518e-09,9.824593363600729e-09,6.664997705617922e-09
14,6666,202,70,7.10391112286454e-09,8.835265620289986e-09,5.5077971030117334e-09
14,6666,202,71,6.751302533430909e-09,8.443296001815306e-09,5.177261098740002e-09
14,6666,202,72,6.748053970557609e-09,7.493332805926473e-09,3.6743644103220604e-09
14,6666,202,73,5.2854237982253064e-09,7.38832852257778e-09,3.4185546181810665e-09
14,6666,202,74,4.498777374190921e-09,5.8191162485626485e-09,2.6923406649792367e-09
14,6666,202,75,3.5193088493675666e-09,4.687349477857402e-09,2.2431579389087927e-09
14,6666,202,76,2.8131796253377758e-09,3.996508266025258e-09,1.8811003134381683e-09
14,6666,202,77,2.68846622281311e-09,3.79050399249478e-09,1.8166878967863605e-09
14,6666,202,78,2.4690348055081626e-09,3.221180809078485e-09,1.7511529567594937e-09
14,6666,202,79,2.0300769037073945e-09,2.60024346089748e-09,1.2662638809981231e-09
14,6666,202,80,1.771677492619143e-09,2.5096980859019075e-09,1.1607195600656254e-09
14,6666,202,81,1.703711547106255e-09,1.8805404986757206e-09,1.116512654189545e-09
14,6666,202,82,1.3661707962245846e-09,1.443353317998124e-09,9.937552929354398e-10
14,6666,202,83,1.1994472761572867e-09,1.4193561769575808e-09,8.11144511458261e-10
14,6666,202,84,1.0890669837609132e-09,1.376077370256142e-09,7.403311327049548e-10
14,6666,202,85,8.675609581542181e-10,1.1267051238671909e-09,5.5767802500675e-10
14,6666,202,86,5.734429808110887e-10,7.584785260122141e-10,5.465743751820481e-10
14,6666,202,87,4.983757434792545e-10,7.352694761468307e-10,4.113857903217477e-10
14,6666,202,88,4.4823714492103206e-10,6.505103655560906e-10,3.7475517338726475e-10
14,6666,202,89,4.139488121146215e-10,6.228877209561326e-10,3.0328901289441005e-10
14,6666,202,90,3.371367679559796e-10,5.694308378436428e-10,2.352959905404292e-10
14,6666,202,91,3.0788588931467694e-10,4.847735679235122e-10,2.1190102157632403e-10
14,6666,202,92,2.729457885591799e-10,3.8379198558020167e-10,1.7270384645891982e-10
14,6666,202,93,2.4178672259876565e-10,2.494167244157715e-10,1.2863632550796874e-10
14,6666,202,94,1.52997992249176e-10,2.380925080968136e-10,1.239968460375037e-10
14,6666,202,95,1.3416020704847005e-10,2.2080309388668173e-10,1.1636034234489598e-10
14,6666,202,96,1.3223348636677835e-10,1.9113812835430279e-10,9.116676311474267e-11
14,6666,202,97,8.228420840564533e-11,1.361454114971002e-10,8.794226062372322e-11
14,6666,202,98,8.168027819254692e-11,1.2017868510675428e-10,6.026055912560029e-11
14,6666,202,99,6.741749940097266e-11,1.178242219499991e-10,4.9773192089596075e-11
14,6666,202,100,6.30383408606966e-11,1.0869160797727185e-10,3.225301739614272e-11
14,6666,202,101,4.676598972839088e-11,8.736756814050628e-11,2.77770115707255e-11
14,6666,202,102,4.532894684774539e-11,7.640786713944443e-11,1.8981482568236163e-11
14,6666,202,103,3.688966049712985e-11,6.588622935083731e-11,1.5068162624415885e-11
14,6666,202,104,2.969307622765452e-11,4.122298172042636e-11,1.3604359420412966e-11
14,6666,202,105,2.528348229749404e-11,2.3811437989592933e-11,1.3223618404623633e-11
14,6666,202,106,1.4004321155204803e-11,1.9409943218888737e-11,1.0023017161436546e-11
14,6666,202,107,1.1582087920801948e-11,1.900724667177281e-11,6.107417811908367e-12
14,6666,202,108,7.949361137815179e-12,1.5866011305465432e-11,5.612173260815085e-12
14,6666,202,109,6.531879577111157e-12,1.2320949600609016e-11,4.115529072313414e-12
14,6666,202,110,4.6321654521573345e-12,8.656525755448705e-12,2.5782648160143567e-12
14,6666,202,111,3.503842654911294e-12,5.649586989739959e-12,2.167349729239252e-12
14,6666,202,112,3.4871694887295443e-12,4.136069601550557e-12,2.009098565449463e-12
14,6666,202,113,2.4650531613682223e-12,3.743947232849383e-12,1.306716494695771e-12
14,6666,202,114,2.3927964806127166e-12,3.033886725321144e-12,1.151466082699859e-12
14,6666,202,115,9.5798682483215e-13,1.933762005564171e-12,6.589798392350165e-13
14,6666,202,116,6.568851865110825e-13,1.4320952312450565e-12,4.226233835217586e-13
14,6666,202,117,5.926126802366299e-13,1.2877452969226776e-12,3.738850621556663e-13
14,6666,202,118,4.751023219170887e-13,7.447357581647167e-13,2.2948920239634537e-13
14,6666,202,119,2.790855485679165e-13,4.2122616857427857e-13,1.7738277821995789e-13
14,6666,202,120,1.4432524054379517e-13,3.576758511661199e-13,1.1273020727900297e-13
14,6666,202,121,1.3143342674241015e-13,1.406702854769771e-13,6.776910265132233e-14
14,6666,202,122,8.96167219560552e-14,1.2701234532468953e-13,4.154604682616755e-14
14,6666,202,123,6.835280134153306e-14,8.58671827062064e-14,2.2585414140743634e-14
14,6666,202,124,4.059774017481757e-14,2.1479250601815134e-14,1.2070556464027509e-14
14,6666,202,125,1.522764643275368e-14,1.853396410764735e-14,7.469745926370983e-15
14,6666,202,126,3.6852336275048135e-15,1.3574931825875631e-14,4.359098699660301e-15
14,6666,202,127,9.999999999999987e-16,7.458729471973617e-15,9.999999999999989e-16
14,6666,202,128,9.999999999999987e-16,4.460744432138563e-15,9.999999999999989e-16
14,6666,303,1,0.855740768523122,0.8578285207619132,0.8563768252765718
14,6666,303,2,0.0837856863463548,0.08376372137866844,0.08401925743006908
14,6666,303,3,0.02553612684662728,0.025546281006245845,0.025354827118470924
14,6666,303,4,0.01764601532669152,0.016390108070447135,0.017886988469100643
14,6666,303,5,0.005392225057228626,0.0051416150619371555,0.005358860825546986
14,6666,303,6,0.003766884600188181,0.003970676277510726,0.003708933412678688
14,6666,303,7,0.002354800347831296,0.002120697687544581,0.002095682341031677
14,6666,303,8,0.0014877955044028445,0.001310676058608619,0.0012543272784805997
14,6666,303,9,0.0011243856653206628,0.0010273491628211351,0.0011326358183477204
14,6666,303,10,0.0007758121599938067,0.0006342340470973465,0.0007349563519289459
14,6666,303,11,0.0005773691114636645,0.0005742367947169752,0.0005708252762707169
14,6666,303,12,0.0004309392920712557,0.0004040749660852521,0.0003503594522258342
14,6666,303,13,0.00038767567090832697,0.0003100907963350338,0.0003085870775530215
14,6666,303,14,0.00025476587209171303,0.00027928793873895676,0.0002441046858811381
14,6666,303,15,0.000193436842297444,0.00017767749809448688,0.00015965959053513176
14,6666,303,16,0.00011884479275530104,0.00012908621070177888,9.088760359067782e-05
14,6666,303,17,8.418435559069592e-05,8.90325282408208e-05,7.533901957440275e-05
14,6666,303,18,7.296669169008271e-05,6.743108944553941e-05,5.687439820599703e-05
14,6666,303,19,3.80634243849604e-05,4.433308349597642e-05,3.805771484957902e-05
14,6666,303,20,3.479150773599698e-05,2.8144189033663414e-05,2.9721826687299693e-05
14,6666,303,21,3.382272931518938e-05,2.4814173568634905e-05,2.6785173883967204e-05
14,6666,303,22,2.641898251975701e-05,2.2555518280699702e-05,2.499658788282845e-05
14,6666,303,23,2.6141975177210097e-05,2.002357228722499e-05,1.5755569576273096e-05
14,6666,303,24,1.9651225132109697e-05,1.620290099306449e-05,1.554646110976672e-05
14,6666,303,25,1.5263302498995236e-05,1.3896445156981142e-05,1.3175176396911765e-05
14,6666,303,26,1.2568849615991534e-05,9.775518896992725e-06,1.0840681947566896e-05
14,6666,303,27,1.1207514667400467e-05,9.323331265077142e-06,8.984133575472624e-06
14,6666,303,28,9.774869194873245e-06,8.494555846469328e-06,5.956411134797053e-06
14,6666,303,29,6.436650425993022e-06,6.787503428981168e-06,4.515734741035768e-06
14,6666,303,30,6.181600177844582e-06,4.711866720684164e-06,4.3974839644025716e-06
14,6666,303,31,4.636052748193045e-06,4.1710204041904506e-06,3.6068964506433115e-06
14,6666,303,32,3.9560938399454145e-06,3.446564000638056e-06,3.3044888936170852e-06
14,6666,303,33,3.908320535376742e-06,3.389112221131119e-06,2.393579671550084e-06
14,6666,303,34,2.555428018882146e-06,2.3412979939974975e-06,2.0017439814809966e-06
14,6666,303,35,2.2423660065251135e-06,1.9405999678860677e-06,1.4600137883651504e-06
14,6666,303,36,1.8964439410950498e-06,1.6941018989850713e-06,1.2881981909286886e-06
14,6666,303,37,1.6353648911593968e-06,1.4225794840796608e-06,1.1676421273390506e-06
14,6666,303,38,1.1694099442803732e-06,1.1368962240367362e-06,9.854430708650657e-07
14,6666,303,39,9.774963161576046e-07,9.745648582261876e-07,6.902202941404945e-07
14,6666,303,40,8.562578159291057e-07,8.47293966681722e-07,5.526313652130555e-07
14,6666,303,41,7.592983477476507e-07,6.878022656632288e-07,5.392889629533973e-07
14,6666,303,42,6.760259114247736e-07,6.653410705964587e-07,4.770171964558034e-07
14,6666,303,43,4.913035725733437e-07,5.23965370738835e-07,3.953908314088565e-07
14,6666,303,44,3.9103272347293725e-07,5.142808120503544e-07,3.151500234483545e-07
14,6666,303,45,3.506488722691538e-07,3.3759045408104485e-07,3.0382489139938115e-07
14,6666,303,46,3.210423343442183e-07,2.709004455149329e-07,2.8645622337565186e-07
14,6666,303,47,3.1715295703555853e-07,2.3535433088851235e-07,2.704513715222383e-07
14,6666,303,48,3.0466602765576e-07,1.9989611906852006e-07,1.8996233788690196e-07
14,6666,303,49,2.2155901213670254e-07,1.8209394918568608e-07,1.823615505350265e-07
14,6666,303,50,1.7770221895195577e-07,1.59332772177823e-07,1.695671916722245e-07
14,6666,303,51,1.6458830326105522e-07,1.3421004803942094e-07,1.1606393263372008e-07
14,6666,303,52,1.5344113932831e-07,1.256420517595275e-07,8.188828042953376e-08
14,6666,303,53,1.4675615804623681e-07,1.2011276855882754e-07,7.340351272554438e-08
14,6666,303,54,9.066589920536661e-08,7.671028692885955e-08,7.226238386903429e-08
14,6666,303,55,8.516674904987657e-08,6.805322104940999e-08,5.570158502875357e-08
14,6666,303,56,7.44339123085495e-08,6.350924004679479e-08,5.415126595986338e-08
14,6666,303,57,6.945510642361111e-08,5.356308900522962e-08,4.135692136769952e-08
14,6666,303,58,5.6194430265771534e-08,4.7269930957047396e-08,3.678090498266355e-08
14,6666,303,59,4.908863771185326e-08,3.852458626827638e-08,3.053996288147549e-08
14,6666,303,60,3.7933638014982925e-08,3.6286543709055134e-08,2.891215381330211e-08
14,6666,303,61,3.157288417060638e-08,3.455732116763835e-08,2.5026081042238656e-08
14,6666,303,62,2.4208864527630274e-08,2.996824713528934e-08,2.368549802839933e-08
14,6666,303,63,2.3340241269745613e-08,2.4209572045709758e-08,1.8568605470724332e-08
14,6666,303,64,2.325233349311455e-08,1.948726294012502e-08,1.639212183444991e-08
14,6666,303,65,1.6321800718758742e-08,1.6948377324073424e-08,1.2487031509694446e-08
14,6666,303,66,1.3698205083205145e-08,1.607660358759766e-08,8.947759305477007e-09
14,6666,303,67,1.3239718088731654e-08,1.2014249252635576e-08,8.14439964063505e-09
14,6666,303,68,1.1855094687891507e-08,1.1723331833395248e-08,6.5859065919957275e-09
14,6666,303,69,9.526664502392518e-09,1.0611287821985674e-08,5.983426883884821e-09
14,6666,303,70,7.10391112286454e-09,8.36928366920503e-09,5.555144466788547e-09
14,6666,303,71,6.751302533430909e-09,6.6308331792305715e-09,4.550191043960691e-09
14,6666,303,72,6.748053970557609e-09,5.117530662612364e-09,4.3054823734347615e-09
14,6666,303,73,5.2854237982253064e-09,4.969697042850139e-09,3.847739795728426e-09
14,6666,303,74,4.498777374190921e-09,4.5653661370530335e-09,3.2047148692636142e-09
14,6666,303,75,3.5193088493675666e-09,4.07022774193858e-09,2.4289143802676803e-09
14,6666,303,76,2.8131796253377758e-09,3.6517709499020903e-09,2.1313544380930364e-09
14,6666,303,77,2.68846622281311e-09,3.193939146955994e-09,1.9478207248890348e-09
14,6666,303,78,2.4690348055081626e-09,2.735271562499021e-09,1.5995450672158779e-09
14,6666,303,79,2.0300769037073945e-09,2.56625963806752e-09,1.380235150910692e-09
14,6666,303,80,1.771677492619143e-09,1.9904014968815917e-09,1.0741107740748357e-09
14,6666,303,81,1.703711547106255e-09,1.8692960309912457e-09,9.991353560014393e-10
14,6666,303,82,1.3661707962245846e-09,1.7745362305777971e-09,8.569775197535306e-10
14,6666,303,83,1.1994472761572867e-09,1.4049282645863111e-09,7.782273358257519e-10
14,6666,303,84,1.0890669837609132e-09,1.2389619173885376e-09,6.259769306024502e-10
14,6666,303,85,8.675609581542181e-10,1.038605022046268e-09,5.768820230238264e-10
14,6666,303,86,5.734429808110887e-10,7.464123278353456e-10,4.163663081262349e-10
14,6666,303,87,4.983757434792545e-10,5.824098333050094e-10,3.6216049992443604e-10
14,6666,303,88,4.4823714492103206e-10,4.814935651546139e-10,3.0521274210705073e-10
14,6666,303,89,4.139488121146215e-10,4.4007404748599707e-10,2.4922129501494283e-10
14,6666,303,90,3.371367679559796e-10,4.3291574884104017e-10,2.40787384854827e-10
14,6666,303,91,3.0788588931467694e-10,3.2544453290941376e-10,1.9197011227018358e-10
14,6666,303,92,2.729457885591799e-10,3.1906819186952633e-10,1.3532730322600189e-10
14,6666,303,93,2.4178672259876565e-10,2.5875419335643135e-10,1.134939866322614e-10
14,6666,303,94,1.52997992249176e-10,2.2188745897854473e-10,9.259639601943263e-11
14,6666,303,95,1.3416020704847005e-10,1.5900598679233493e-10,8.884134190818333e-11
14,6666,303,96,1.3223348636677835e-10,1.326758088948922e-10,5.897302686884351e-11
14,6666,303,97,8.228420840564533e-11,1.2215846436020824e-10,5.465716715946508e-11
14,6666,303,98,8.168027819254692e-11,9.153123747426035e-11,4.245343522966392e-11
14,6666,303,99,6.741749940097266e-11,7.84420282474133e-11,3.9821111055590304e-11
14,6666,303,100,6.30383408606966e-11,7.307108112901488e-11,3.356280704435944e-11
14,6666,303,101,4.676598972839088e-11,5.07921692634792e-11,2.7882906781621804e-11
14,6666,303,102,4.532894684774539e-11,4.9668561464897216e-11,1.9740342881322668e-11
14,6666,303,103,3.688966049712985e-11,3.983324224349527e-11,1.7685194493427944e-11
14,6666,303,104,2.969307622765452e-11,2.9737061246718594e-11,1.0770168859543625e-11
14,6666,303,105,2.528348229749404e-11,2.575246630911943e-11,9.597389729527225e-12
14,6666,303,106,1.4004321155204803e-11,1.724878830836512e-11,7.732004298544814e-12
14,6666,303,107,1.1582087920801948e-11,1.6012212188306214e-11,5.253412443135479e-12
14,6666,303,108,7.949361137815179e-12,1.4109756172827498e-11,4.629583155485465e-12
14,6666,303,109,6.531879577111157e-12,1.0140745012730667e-11,3.72775160587942e-12
14,6666,303,110,4.6321654521573345e-12,9.554587762806705e-12,3.591691654140684e-12
14,6666,303,111,3.503842654911294e-12,8.052952263321502e-12,3.0122676584328934e-12
14,6666,303,112,3.4871694887295443e-12,5.175036038077022e-12,1.4800826750995614e-12
14,6666,303,113,2.4650531613682223e-12,2.899990381478338e-12,1.2002117148181795e-12
14,6666,303,114,2.3927964806127166e-12,2.6782130955633565e-12,1.056390556921291e-12
14,6666,303,115,9.5798682483215e-13,1.6384618176766854e-12,8.960943461238879e-13
14,6666,303,116,6.568851865110825e-13,1.3865704097012706e-12,6.137393057286089e-13
14,6666,303,117,5.926126802366299e-13,7.361799047153246e-13,4.126677059509675e-13
14,6666,303,118,4.751023219170887e-13,6.523857502278845e-13,3.0568913634099313e-13
14,6666,303,119,2.790855485679165e-13,2.7381662145791165e-13,2.3554320104543013e-13
14,6666,303,120,1.4432524054379517e-13,2.185310692694668e-13,1.2750925976764554e-13
14,6666,303,121,1.3143342674241015e-13,1.1928483601077535e-13,7.742958807658076e-14
14,6666,303,122,8.96167219560552e-14,1.0757254322210445e-13,6.653146760924981e-14
14,6666,303,123,6.835280134153306e-14,8.717905851356125e-14,2.409044458441791e-14
14,6666,303,124,4.059774017481757e-14,7.063414856641721e-14,9.34214920080173e-15
14,6666,303,125,1.522764643275368e-14,2.935483110652127e-14,7.61193296222775e-15
14,6666,303,126,3.6852336275048135e-15,1.0884640268307967e-14,2.6686905161743976e-15
14,6666,303,127,9.999999999999987e-16,2.4576848120997723e-15,9.999999999999987e-16
14,6666,303,128,9.999999999999987e-16,9.99999999999999e-16,9.999999999999987e-16
14,6666,404,1,0.855740768523122,0.856728595405293,0.8558660268886303
14,6666,404,2,0.0837856863463548,0.0830466114116377,0.0839767521694582
14,6666,404,3,0.02553612684662728,0.02547888296667844,0.025652486146320583
14,6666,404,4,0.01764601532669152,0.01759176956479299,0.01770018948886299
14,6666,404,5,0.005392225057228626,0.005208954363554148,0.005350814349305568
14,6666,404,6,0.003766884600188181,0.00375587066820999,0.003775541388554788
14,6666,404,7,0.002354800347831296,0.002427070524012837,0.0022635228040727043
14,6666,404,8,0.0014877955044028445,0.0014984399769199866,0.001366911481095879
14,6666,404,9,0.0011243856653206628,0.0011274869666161769,0.001144671487259521
14,6666,404,10,0.0007758121599938067,0.0008117344326778145,0.0007135503484111385
14,6666,404,11,0.0005773691114636645,0.0005999935985845194,0.0005693889032116567
14,6666,404,12,0.0004309392920712557,0.00039771669296784614,0.000367395119639365
14,6666,404,13,0.00038767567090832697,0.0003606637241249055,0.0003457881139114446
14,6666,404,14,0.00025476587209171303,0.00023166401953130463,0.00026119796191646614
14,6666,404,15,0.000193436842297444,0.0002165403971299159,0.0001752175242305267
14,6666,404,16,0.00011884479275530104,0.00012294849343878563,0.000100706907084221
14,6666,404,17,8.418435559069592e-05,7.167593601564194e-05,8.49915621653321e-05
14,6666,404,18,7.296669169008271e-05,5.662496704228418e-05,5.584546414063948e-05
14,6666,404,19,3.80634243849604e-05,4.6199580512098396e-05,3.8403234937239766e-05
14,6666,404,20,3.479150773599698e-05,3.9652655818839914e-05,3.023576310609665e-05
14,6666,404,21,3.382272931518938e-05,2.883662994696847e-05,2.4167709993076037e-05
14,6666,404,22,2.641898251975701e-05,2.86846625531919e-05,2.232259319378261e-05
14,6666,404,23,2.6141975177210097e-05,2.2030458212656367e-05,2.111874601246828e-05
14,6666,404,24,1.9651225132109697e-05,1.8525280596164796e-05,1.8568814745007587e-05
14,6666,404,25,1.5263302498995236e-05,1.611289152290669e-05,1.2886889512232067e-05
14,6666,404,26,1.2568849615991534e-05,1.0989332354520345e-05,1.0987388723940759e-05
14,6666,404,27,1.1207514667400467e-05,1.0308365030285953e-05,9.448915830842491e-06
14,6666,404,28,9.774869194873245e-06,7.54709097945996e-06,7.46039722048967e-06
14,6666,404,29,6.436650425993022e-06,5.609679399535149e-06,5.165426195666478e-06
14,6666,404,30,6.181600177844582e-06,5.213409026687578e-06,4.452555331579763e-06
14,6666,404,31,4.636052748193045e-06,4.9461693151824246e-06,3.9866926355580956e-06
14,6666,404,32,3.9560938399454145e-06,3.583292740397646e-06,3.972132422017468e-06
14,6666,404,33,3.908320535376742e-06,2.3744615100859305e-06,2.812258125125807e-06
14,6666,404,34,2.555428018882146e-06,2.3671787266349343e-06,2.2675724753661824e-06
14,6666,404,35,2.2423660065251135e-06,2.115631687762046e-06,1.6969095527019603e-06
14,6666,404,36,1.8964439410950498e-06,1.8430326820502142e-06,1.4040473274438671e-06
14,6666,404,37,1.6353648911593968e-06,1.2940308763028829e-06,1.270294549928091e-06
14,6666,404,38,1.1694099442803732e-06,1.1528802614581985e-06,1.205306335580531e-06
14,6666,404,39,9.774963161576046e-07,1.1046620791257897e-06,8.593025535047636e-07
14,6666,404,40,8.562578159291057e-07,7.938293014647306e-07,7.0512126062205e-07
14,6666,404,41,7.592983477476507e-07,7.103717679198832e-07,5.304057899611221e-07
14,6666,404,42,6.760259114247736e-07,6.527266105815787e-07,4.0178625151483436e-07
14,6666,404,43,4.913035725733437e-07,5.956234037678657e-07,3.2737592639567747e-07
14,6666,404,44,3.9103272347293725e-07,5.650721565937506e-07,2.883782152788113e-07
14,6666,404,45,3.506488722691538e-07,4.4979171495994697e-07,2.5624669962339515e-07
14,6666,404,46,3.210423343442183e-07,4.1784796291772364e-07,2.2386735237857035e-07
14,6666,404,47,3.1715295703555853e-07,3.604364375566193e-07,2.2020057149846593e-07
14,6666,404,48,3.0466602765576e-07,2.5001899489069545e-07,1.8665146719077153e-07
14,6666,404,49,2.2155901213670254e-07,2.0860492813304996e-07,1.5414215190410515e-07
14,6666,404,50,1.7770221895195577e-07,1.9638390987759054e-07,1.4339692474709787e-07
14,6666,404,51,1.6458830326105522e-07,1.6459250033052706e-07,1.2664466571379494e-07
14,6666,404,52,1.5344113932831e-07,1.2699331515887075e-07,1.1107918395509147e-07
14,6666,404,53,1.4675615804623681e-07,1.2299962799408745e-07,1.1027768117907692e-07
14,6666,404,54,9.066589920536661e-08,7.659952245731393e-08,7.674449879028387e-08
14,6666,404,55,8.516674904987657e-08,7.118918408736626e-08,6.590496883368324e-08
14,6666,404,56,7.44339123085495e-08,7.022523133034188e-08,6.112305933839546e-08
14,6666,404,57,6.945510642361111e-08,5.982341180987875e-08,5.301965377188064e-08
14,6666,404,58,5.6194430265771534e-08,5.678621760585529e-08,3.783681923719619e-08
14,6666,404,59,4.908863771185326e-08,4.737547443639548e-08,3.5954807318248716e-08
14,6666,404,60,3.7933638014982925e-08,4.3527721960479774e-08,2.759769767055717e-08
14,6666,404,61,3.157288417060638e-08,3.5095913257585645e-08,2.7169531773746436e-08
14,6666,404,62,2.4208864527630274e-08,2.39969253127298e-08,2.288987776607926e-08
14,6666,404,63,2.3340241269745613e-08,2.0339038627171285e-08,1.546924658310184e-08
14,6666,404,64,2.325233349311455e-08,1.943200770966719e-08,1.4291669374605375e-08
14,6666,404,65,1.6321800718758742e-08,1.9228989984558116e-08,1.1386387074507992e-08
14,6666,404,66,1.3698205083205145e-08,1.5756758664704217e-08,1.1154199168614667e-08
14,6666,404,67,1.3239718088731654e-08,1.4491050018907876e-08,9.017620732500427e-09
14,6666,404,68,1.1855094687891507e-08,9.980074107247043e-09,8.802195315560565e-09
14,6666,404,69,9.526664502392518e-09,8.46249059286658e-09,7.057654498607601e-09
14,6666,404,70,7.10391112286454e-09,7.732401875919509e-09,5.927013030105998e-09
14,6666,404,71,6.751302533430909e-09,7.692400785165284e-09,5.240141436051175e-09
14,6666,404,72,6.748053970557609e-09,6.092475012450424e-09,3.5753122897338325e-09
14,6666,404,73,5.2854237982253064e-09,5.579552318872828e-09,3.5506836603023616e-09
14,6666,404,74,4.498777374190921e-09,5.251618811025951e-09,2.65172287951492e-09
14,6666,404,75,3.5193088493675666e-09,3.8656359575985335e-09,2.2726972395046792e-09
14,6666,404,76,2.8131796253377758e-09,3.696523816060858e-09,1.9576805131271557e-09
14,6666,404,77,2.68846622281311e-09,2.66607263947637e-09,1.9255093411156572e-09
14,6666,404,78,2.4690348055081626e-09,2.0089831814559437e-09,1.564322209000656e-09
14,6666,404,79,2.0300769037073945e-09,1.903882658410587e-09,1.2814264249441255e-09
14,6666,404,80,1.771677492619143e-09,1.410819556964396e-09,1.0104353455495984e-09
14,6666,404,81,1.703711547106255e-09,1.2497792817270713e-09,9.435831983727611e-10
14,6666,404,82,1.3661707962245846e-09,1.038534370470189e-09,9.167539524128781e-10
14,6666,404,83,1.1994472761572867e-09,9.427446364109224e-10,7.62133414858755e-10
14,6666,404,84,1.0890669837609132e-09,8.0461602072002e-10,6.293096979461617e-10
14,6666,404,85,8.675609581542181e-10,8.017959243365751e-10,5.814713479656117e-10
14,6666,404,86,5.734429808110887e-10,6.241452886322094e-10,4.687255246126207e-10
14,6666,404,87,4.983757434792545e-10,5.758685925550772e-10,4.499276386389385e-10
14,6666,404,88,4.4823714492103206e-10,3.777912875791847e-10,3.607507958864293e-10
14,6666,404,89,4.139488121146215e-10,3.4552751641192016e-10,3.0217729655289727e-10
14,6666,404,90,3.371367679559796e-10,3.287388572604936e-10,2.8867780384449597e-10
14,6666,404,91,3.0788588931467694e-10,2.936228689568234e-10,2.772117210612401e-10
14,6666,404,92,2.729457885591799e-10,2.7703643955447496e-10,1.8096374768632934e-10
14,6666,404,93,2.4178672259876565e-10,2.571104623847895e-10,1.555360745493921e-10
14,6666,404,94,1.52997992249176e-10,2.0674651626439586e-10,1.222353078829367e-10
14,6666,404,95,1.3416020704847005e-10,1.5544401123728901e-10,1.083903339784664e-10
14,6666,404,96,1.3223348636677835e-10,1.2435978600181144e-10,7.494350243984501e-11
14,6666,404,97,8.228420840564533e-11,1.1565209942605115e-10,6.982535074767211e-11
14,6666,404,98,8.168027819254692e-11,1.0472782979334813e-10,5.5038117546192545e-11
14,6666,404,99,6.741749940097266e-11,1.0373486237701229e-10,5.220118405052093e-11
14,6666,404,100,6.30383408606966e-11,4.867724564342966e-11,3.822020886252543e-11
14,6666,404,101,4.676598972839088e-11,4.389546009890675e-11,3.7109267445491566e-11
14,6666,404,102,4.532894684774539e-11,3.032138325866731e-11,2.861466361451866e-11
14,6666,404,103,3.688966049712985e-11,2.7346755319913674e-11,1.6566223489064668e-11
14,6666,404,104,2.969307622765452e-11,2.2289988797530812e-11,1.4061486352470043e-11
14,6666,404,105,2.528348229749404e-11,2.1778542513372906e-11,1.1499781316781372e-11
14,6666,404,106,1.4004321155204803e-11,2.0340191793700217e-11,1.0506621917103363e-11
14,6666,404,107,1.1582087920801948e-11,1.3919351267440855e-11,7.213238297544354e-12
14,6666,404,108,7.949361137815179e-12,1.310269292198967e-11,6.814143367165323e-12
14,6666,404,109,6.531879577111157e-12,1.0718030405367838e-11,6.63401868151568e-12
14,6666,404,110,4.6321654521573345e-12,8.410556544889479e-12,3.126581478670033e-12
14,6666,404,111,3.503842654911294e-12,6.273115506428246e-12,2.882275526503838e-12
14,6666,404,112,3.4871694887295443e-12,5.0910358035441584e-12,1.913241997098574e-12
14,6666,404,113,2.4650531613682223e-12,3.830160527354436e-12,1.19188979546406e-12
14,6666,404,114,2.3927964806127166e-12,2.505823139447285e-12,1.1494820003970578e-12
14,6666,404,115,9.5798682483215e-13,1.2610004305989592e-12,6.94867688699397e-13
14,6666,404,116,6.568851865110825e-13,1.1230054522310051e-12,6.801876255808978e-13
14,6666,404,117,5.926126802366299e-13,7.432272448773799e-13,4.510984083721321e-13
14,6666,404,118,4.751023219170887e-13,6.835188033139034e-13,3.233718450777176e-13
14,6666,404,119,2.790855485679165e-13,4.5254595379921426e-13,1.5197120401037348e-13
14,6666,404,120,1.4432524054379517e-13,4.3011791055548523e-13,1.4184404356913097e-13
14,6666,404,121,1.3143342674241015e-13,3.495529130670075e-13,7.000516472879006e-14
14,6666,404,122,8.96167219560552e-14,1.4498237296567296e-13,4.894952672659471e-14
14,6666,404,123,6.835280134153306e-14,1.1512544489266902e-13,2.0088556416841594e-14
14,6666,404,124,4.059774017481757e-14,1.0814199214122682e-13,1.7515416137199896e-14
14,6666,404,125,1.522764643275368e-14,2.1058526673432993e-14,1.1677044285538723e-14
14,6666,404,126,3.6852336275048135e-15,1.2949223985250742e-14,2.789663026653097e-15
14,6666,404,127,9.999999999999987e-16,5.454313403889133e-15,9.999999999999985e-16
14,6666,404,128,9.999999999999987e-16,1.0138927620069468e-15,9.999999999999985e-16
14,6666,505,1,0.855740768523122,0.8565492442812304,0.8561868083848374
14,6666,505,2,0.0837856863463548,0.08329006594265971,0.08382952976539187
14,6666,505,3,0.02553612684662728,0.025562004041061615,0.02564613839703329
14,6666,505,4,0.01764601532669152,0.0175713341772864,0.017776485104372332
14,6666,505,5,0.005392225057228626,0.00529415747767624,0.0053419434539358915
14,6666,505,6,0.003766884600188181,0.003826192022980895,0.0037765585796145735
14,6666,505,7,0.002354800347831296,0.0024110552180463597,0.002212860758212957
14,6666,505,8,0.0014877955044028445,0.0014193882528306997,0.0013039317908177714
14,6666,505,9,0.0011243856653206628,0.0011057876799373167,0.0010976031968903623
14,6666,505,10,0.0007758121599938067,0.0007290009185752925,0.000688158239045343
14,6666,505,11,0.0005773691114636645,0.0005794610255059618,0.0005713752865458831
14,6666,505,12,0.0004309392920712557,0.0004015135891931633,0.00037356587154750264
14,6666,505,13,0.00038767567090832697,0.0003361177028751761,0.0003319667342348198
14,6666,505,14,0.00025476587209171303,0.00026220878023012903,0.00023891679900484513
14,6666,505,15,0.000193436842297444,0.00017304250352568188,0.00016674319060182207
14,6666,505,16,0.00011884479275530104,9.573078293916992e-05,0.00010780351784436073
14,6666,505,17,8.418435559069592e-05,8.364464492631975e-05,7.435996680476795e-05
14,6666,505,18,7.296669169008271e-05,7.231267102833234e-05,6.232268764324743e-05
14,6666,505,19,3.80634243849604e-05,3.756590458225512e-05,3.236256389914368e-05
14,6666,505,20,3.479150773599698e-05,3.328897492314578e-05,3.183294297821259e-05
14,6666,505,21,3.382272931518938e-05,2.443069098345884e-05,2.6437373026654516e-05
14,6666,505,22,2.641898251975701e-05,2.4341019555456558e-05,2.0109221195142413e-05
14,6666,505,23,2.6141975177210097e-05,2.1422464727092247e-05,1.845183953063433e-05
14,6666,505,24,1.9651225132109697e-05,1.6385168286151405e-05,1.7932797154282414e-05
14,6666,505,25,1.5263302498995236e-05,1.3627318287960063e-05,1.1292236399102331e-05
14,6666,505,26,1.2568849615991534e-05,1.3097634210760008e-05,9.136381940481623e-06
14,6666,505,27,1.1207514667400467e-05,9.772718999377904e-06,8.844117073514502e-06
14,6666,505,28,9.774869194873245e-06,8.75685703301363e-06,7.2518092943369326e-06
14,6666,505,29,6.436650425993022e-06,5.494071271394976e-06,5.36197718638865e-06
14,6666,505,30,6.181600177844582e-06,4.866226519537724e-06,4.096733458624297e-06
14,6666,505,31,4.636052748193045e-06,3.665092881952805e-06,3.738379966739636e-06
14,6666,505,32,3.9560938399454145e-06,3.6398106643344793e-06,2.5165524922350857e-06
14,6666,505,33,3.908320535376742e-06,2.9059243279643824e-06,1.8098182800443011e-06
14,6666,505,34,2.555428018882146e-06,2.487513241589464e-06,1.771682876709988e-06
14,6666,505,35,2.2423660065251135e-06,2.086885688343983e-06,1.5485791011173943e-06
14,6666,505,36,1.8964439410950498e-06,1.76572683050268e-06,1.321391384412888e-06
14,6666,505,37,1.6353648911593968e-06,1.3452153694701454e-06,1.2505479151696139e-06
14,6666,505,38,1.1694099442803732e-06,1.1935192616644103e-06,8.514377898452649e-07
14,6666,505,39,9.774963161576046e-07,8.921489952962042e-07,7.000220764352713e-07
14,6666,505,40,8.562578159291057e-07,7.304409258301707e-07,6.139259083998084e-07
14,6666,505,41,7.592983477476507e-07,5.460502059568346e-07,5.012856699350775e-07
14,6666,505,42,6.760259114247736e-07,5.176455724943412e-07,4.73762261457145e-07
14,6666,505,43,4.913035725733437e-07,4.676647080057224e-07,4.417399488828951e-07
14,6666,505,44,3.9103272347293725e-07,3.34418459008779e-07,3.3004685057943695e-07
14,6666,505,45,3.506488722691538e-07,2.693898584433471e-07,2.9526674082950863e-07
14,6666,505,46,3.210423343442183e-07,2.4340930969884137e-07,2.370646362818794e-07
14,6666,505,47,3.1715295703555853e-07,2.0699584649961045e-07,2.207830907000455e-07
14,6666,505,48,3.0466602765576e-07,1.9240648441718931e-07,1.719563568639629e-07
14,6666,505,49,2.2155901213670254e-07,1.681534863228832e-07,1.6609909050968325e-07
14,6666,505,50,1.7770221895195577e-07,1.30140570438638e-07,1.2779526675348949e-07
14,6666,505,51,1.6458830326105522e-07,1.24090157333377e-07,1.1250860208103607e-07
14,6666,505,52,1.5344113932831e-07,9.971692189726261e-08,8.91645684662982e-08
14,6666,505,53,1.4675615804623681e-07,9.679052106316487e-08,7.873887584902998e-08
14,6666,505,54,9.066589920536661e-08,8.3859856071878e-08,6.911860673940085e-08
14,6666,505,55,8.516674904987657e-08,6.867109886461861e-08,5.745514294481779e-08
14,6666,505,56,7.44339123085495e-08,6.416425653845348e-08,4.9972427131263564e-08
14,6666,505,57,6.945510642361111e-08,5.356836301515884e-08,4.0738163585680335e-08
14,6666,505,58,5.6194430265771534e-08,4.3506091770472185e-08,3.508339984405991e-08
14,6666,505,59,4.908863771185326e-08,3.3322897704280576e-08,2.8505318583405505e-08
14,6666,505,60,3.7933638014982925e-08,3.161836522257543e-08,2.365583472603361e-08
14,6666,505,61,3.157288417060638e-08,2.8273774347309217e-08,1.9656096870904e-08
14,6666,505,62,2.4208864527630274e-08,2.8042313320174336e-08,1.7063595708947915e-08
14,6666,505,63,2.3340241269745613e-08,2.2110817703235466e-08,1.5296356710358376e-08
14,6666,505,64,2.325233349311455e-08,1.977653889427869e-08,1.3250447336613805e-08
14,6666,505,65,1.6321800718758742e-08,1.8373836442840793e-08,1.1810549919037331e-08
14,6666,505,66,1.3698205083205145e-08,1.3786134387818834e-08,1.0380148557416172e-08
14,6666,505,67,1.3239718088731654e-08,9.99477892527285e-09,9.405273345874368e-09
14,6666,505,68,1.1855094687891507e-08,7.1552338192142164e-09,8.264633183512001e-09
14,6666,505,69,9.526664502392518e-09,6.835114412170504e-09,5.722036562149323e-09
14,6666,505,70,7.10391112286454e-09,6.580187490565304e-09,4.970372036633299e-09
14,6666,505,71,6.751302533430909e-09,6.078717595701739e-09,4.890657583759741e-09
14,6666,505,72,6.748053970557609e-09,4.366017150958551e-09,3.22225587806139e-09
14,6666,505,73,5.2854237982253064e-09,3.937403348772441e-09,3.126340950704563e-09
14,6666,505,74,4.498777374190921e-09,3.522182056316698e-09,2.906760985128428e-09
14,6666,505,75,3.5193088493675666e-09,2.7136225522396353e-09,2.404577478279473e-09
14,6666,505,76,2.8131796253377758e-09,2.5901492186474754e-09,2.2496611850928465e-09
14,6666,505,77,2.68846622281311e-09,2.278652546159571e-09,1.8221551750426357e-09
14,6666,505,78,2.4690348055081626e-09,2.2183175476849054e-09,1.1136439294405612e-09
14,6666,505,79,2.0300769037073945e-09,1.8863451772639382e-09,9.896447371973e-10
14,6666,505,80,1.771677492619143e-09,1.7585666434808434e-09,8.709269349011104e-10
14,6666,505,81,1.703711547106255e-09,1.1764279533914858e-09,8.646236065475716e-10
14,6666,505,82,1.3661707962245846e-09,1.1008334159698207e-09,6.66415702047355e-10
14,6666,505,83,1.1994472761572867e-09,1.0431039751750458e-09,5.89666021114932e-10
14,6666,505,84,1.0890669837609132e-09,9.140666816903256e-10,4.967587343834438e-10
14,6666,505,85,8.675609581542181e-10,7.712233084835477e-10,4.499559440815302e-10
14,6666,505,86,5.734429808110887e-10,7.111782380417583e-10,3.948967453593359e-10
14,6666,505,87,4.983757434792545e-10,4.958318554308068e-10,3.5217538124221426e-10
14,6666,505,88,4.4823714492103206e-10,4.367186551592385e-10,3.4021675124684546e-10
14,6666,505,89,4.139488121146215e-10,3.849329386091694e-10,2.647793355973552e-10
14,6666,505,90,3.371367679559796e-10,3.4570864881973106e-10,2.4611350244622724e-10
14,6666,505,91,3.0788588931467694e-10,2.436882798038327e-10,2.0003235618473543e-10
14,6666,505,92,2.729457885591799e-10,2.2379987157352012e-10,1.55923783674294e-10
14,6666,505,93,2.4178672259876565e-10,1.898362272405003e-10,1.446232056093846e-10
14,6666,505,94,1.52997992249176e-10,1.5793362189313263e-10,9.341550711248254e-11
14,6666,505,95,1.3416020704847005e-10,1.5671955868720562e-10,8.19164771102475e-11
14,6666,505,96,1.3223348636677835e-10,1.5031409088662845e-10,7.905125576281275e-11
14,6666,505,97,8.228420840564533e-11,1.0398797201395653e-10,6.876203586053461e-11
14,6666,505,98,8.168027819254692e-11,1.0027190263667133e-10,5.4476857250179126e-11
14,6666,505,99,6.741749940097266e-11,8.778187772534462e-11,4.895738505986847e-11
14,6666,505,100,6.30383408606966e-11,6.455123324171124e-11,4.427236902193331e-11
14,6666,505,101,4.676598972839088e-11,4.845447032073126e-11,3.653177884549202e-11
14,6666,505,102,4.532894684774539e-11,3.853340177555075e-11,2.8118873143453004e-11
14,6666,505,103,3.688966049712985e-11,3.7374701973672324e-11,1.9549153062557487e-11
14,6666,505,104,2.969307622765452e-11,3.2845281969960146e-11,1.3703976909741732e-11
14,6666,505,105,2.528348229749404e-11,2.1323122776027673e-11,1.0915289322835934e-11
14,6666,505,106,1.4004321155204803e-11,1.3351324511212333e-11,1.0527546542694669e-11
14,6666,505,107,1.1582087920801948e-11,1.2860539533736677e-11,7.37333081284787e-12
14,6666,505,108,7.949361137815179e-12,1.086461201086253e-11,6.179152585571561e-12
14,6666,505,109,6.531879577111157e-12,5.357033351121996e-12,4.006649866541802e-12
14,6666,505,110,4.6321654521573345e-12,4.400116862734511e-12,3.686636827866742e-12
14,6666,505,111,3.503842654911294e-12,2.7266222873770838e-12,2.726322615086657e-12
14,6666,505,112,3.4871694887295443e-12,2.361138826500266e-12,1.8843036995157573e-12
14,6666,505,113,2.4650531613682223e-12,2.0414632107516503e-12,1.7030841443972004e-12
14,6666,505,114,2.3927964806127166e-12,1.6222501038835366e-12,1.5023422106874222e-12
14,6666,505,115,9.5798682483215e-13,1.131215972173374e-12,8.458625774728956e-13
14,6666,505,116,6.568851865110825e-13,1.105497227547751e-12,3.7334780596506386e-13
14,6666,505,117,5.926126802366299e-13,7.319194752051877e-13,3.059127628032494e-13
14,6666,505,118,4.751023219170887e-13,6.838961410234093e-13,2.6077183964238507e-13
14,6666,505,119,2.790855485679165e-13,5.049712291727269e-13,1.9777451202854002e-13
14,6666,505,120,1.4432524054379517e-13,4.436200975697544e-13,1.1576099065669585e-13
14,6666,505,121,1.3143342674241015e-13,2.8953319932127605e-13,5.69055186678419e-14
14,6666,505,122,8.96167219560552e-14,1.54461606487038e-13,4.925269816633111e-14
14,6666,505,123,6.835280134153306e-14,7.305899676340673e-14,2.5880922472510738e-14
14,6666,505,124,4.059774017481757e-14,3.3966006318237406e-14,1.3584146444112231e-14
14,6666,505,125,1.522764643275368e-14,5.016396793353769e-15,1.1281669739360755e-14
14,6666,505,126,3.6852336275048135e-15,4.7522486143077084e-15,5.854908431786481e-15
14,6666,505,127,9.999999999999987e-16,9.99999999999998e-16,9.999999999999997e-16
14,6666,505,128,9.999999999999987e-16,9.99999999999998e-16,9.999999999999997e-16
14,7777,101,1,0.8673690453652105,0.8686316474422688,0.8672588901134104
14,7777,101,2,0.10964955900160825,0.10806750942395187,0.10997579357398593
14,7777,101,3,0.011331074652905431,0.011233317277443852,0.011400262521851329
14,7777,101,4,0.0038645559051563873,0.0038472595894730333,0.00388778023530967
14,7777,101,5,0.002512213543421751,0.002675681468442936,0.0023285822230237727
14,7777,101,6,0.00230591471187899,0.002540184534790024,0.002289923659858005
14,7777,101,7,0.0014023871152645236,0.0013628403592895895,0.0013922038297391436
14,7777,101,8,0.0007076152834911548,0.0006594736420492573,0.0006398429596353422
14,7777,101,9,0.00031989232148971674,0.00032891205307318815,0.00030573437788959033
14,7777,101,10,0.00017614375147568124,0.00022778063316735765,0.00015691959275659134
14,7777,101,11,0.0001272064497315193,0.00015831137177033496,0.00013444034923533883
14,7777,101,12,6.82370718702606e-05,8.234188525296845e-05,6.283228667413821e-05
14,7777,101,13,3.4261326273866644e-05,3.5178728861464904e-05,3.3327605546749775e-05
14,7777,101,14,2.3848198905101082e-05,2.8365858178086692e-05,2.276142055284631e-05
14,7777,101,15,2.2664740048452967e-05,2.3662218224425314e-05,2.171669336748398e-05
14,7777,101,16,1.661879843185506e-05,1.5909386964232118e-05,1.6875896265946053e-05
14,7777,101,17,1.420171734753467e-05,1.5155116435860104e-05,1.586796475683039e-05
14,7777,101,18,1.0662213971525965e-05,1.396405588588351e-05,1.2099384606784148e-05
14,7777,101,19,9.189640849594423e-06,1.0251412683711975e-05,8.43636759395252e-06
14,7777,101,20,6.221102440501481e-06,7.334555381862022e-06,6.4822860186001394e-06
14,7777,101,21,5.883590404124236e-06,6.881414864253196e-06,6.290924612346794e-06
14,7777,101,22,5.029251576177891e-06,6.0330241999563035e-06,4.973293548953763e-06
14,7777,101,23,4.899496855122263e-06,4.584160204105513e-06,4.583930545722727e-06
14,7777,101,24,2.8063690931824386e-06,3.6551588745003223e-06,2.534876087290319e-06
14,7777,101,25,2.4195108333244023e-06,2.56922143054024e-06,2.1883618472043152e-06
14,7777,101,26,1.5760602210058556e-06,2.224447741897237e-06,2.028096501136058e-06
14,7777,101,27,1.1627600112864642e-06,1.5537109312101199e-06,1.2414185843326175e-06
14,7777,101,28,1.0224187524513519e-06,1.49869581018908e-06,1.1804383666882738e-06
14,7777,101,29,8.024344813061595e-07,1.1425314288996112e-06,6.570757915935864e-07
14,7777,101,30,5.626363491457633e-07,8.931823062834982e-07,6.255891535955982e-07
14,7777,101,31,3.886050489110284e-07,8.044861518232274e-07,5.363054253881116e-07
14,7777,101,32,3.242448896473359e-07,5.593177123088983e-07,4.069073920865592e-07
14,7777,101,33,2.8203647806079747e-07,4.586831311621794e-07,3.487705016103071e-07
14,7777,101,34,2.1191649764325903e-07,4.0986598208769617e-07,3.1033840626628254e-07
14,7777,101,35,1.427899757079479e-07,3.042042736490572e-07,2.0826023607805122e-07
14,7777,101,36,1.3324982100772e-07,2.6007035971117887e-07,1.778086572863934e-07
14,7777,101,37,1.234366200195688e-07,1.8583049929685667e-07,1.2975700207444493e-07
14,7777,101,38,1.0921533605337387e-07,1.2776985000418897e-07,1.2033124213890128e-07
14,7777,101,39,1.0574962139554883e-07,1.2092180639863508e-07,1.0478651992462151e-07
14,7777,101,40,8.785178086867817e-08,1.064248738314639e-07,9.183756726624522e-08
14,7777,101,41,8.393456555063093e-08,7.553206552194716e-08,8.114245163081043e-08
14,7777,101,42,6.128445869057526e-08,7.14618288270069e-08,6.691678756219042e-08
14,7777,101,43,4.4687587199927066e-08,5.964611714623071e-08,4.834175753330539e-08
14,7777,101,44,3.956792734769929e-08,4.7529666711514626e-08,3.9347103458309614e-08
14,7777,101,45,3.256591805963748e-08,4.016755519967727e-08,3.7408039188851014e-08
14,7777,101,46,2.3918204773205782e-08,3.063796689700908e-08,2.942412501952543e-08
14,7777,101,47,1.949346747933473e-08,2.7950465175001045e-08,2.8652917091605745e-08
14,7777,101,48,1.67106713686159e-08,2.407474737720662e-08,2.354446900708022e-08
14,7777,101,49,1.5074081091496677e-08,2.190023483753363e-08,2.06719087636477e-08
14,7777,101,50,1.3236134750123881e-08,2.1028739402610445e-08,1.698512394862617e-08
14,7777,101,51,1.1197026409414364e-08,2.039746386972992e-08,1.3921072756722583e-08
14,7777,101,52,9.816531417803528e-09,1.6117238684958604e-08,1.2285394121468745e-08
14,7777,101,53,7.090691576970427e-09,1.4579086939769415e-08,9.809646991117192e-09
14,7777,101,54,6.659049943476582e-09,9.311684292900963e-09,8.925975858237675e-09
14,7777,101,55,4.209984359532474e-09,8.554398695927927e-09,7.3775528020046355e-09
14,7777,101,56,4.103617001584008e-09,7.3315994096572315e-09,6.998525239958866e-09
14,7777,101,57,2.8553401451738005e-09,6.903825686788439e-09,5.768357747242018e-09
14,7777,101,58,2.5895724704621055e-09,6.00205922726287e-09,5.050897194542955e-09
14,7777,101,59,2.344209708782196e-09,4.792921091142801e-09,3.91670666673014e-09
14,7777,101,60,1.789054450715216e-09,4.393198578077871e-09,3.2716399571853363e-09
14,7777,101,61,1.495673211143394e-09,3.199115730109738e-09,2.959994548855472e-09
14,7777,101,62,1.2272477828832155e-09,3.1577478290287516e-09,2.3336979806304175e-09
14,7777,101,63,1.1486822427799814e-09,2.7773534163052506e-09,2.0252944330406947e-09
14,7777,101,64,8.903127101368502e-10,2.7028858783099954e-09,1.476716449324677e-09
14,7777,101,65,7.63438735465956e-10,2.4677542849715895e-09,1.3656954390731755e-09
14,7777,101,66,6.768096677349332e-10,1.9682793678805503e-09,1.0599184198289785e-09
14,7777,101,67,6.422259093114845e-10,1.948765150713079e-09,9.554653276321224e-10
14,7777,101,68,6.243444802435208e-10,1.393375908034415e-09,9.148948217261191e-10
14,7777,101,69,4.417387391576726e-10,1.3819429372348011e-09,7.708842569196584e-10
14,7777,101,70,3.860705304360285e-10,1.0952293657937182e-09,6.667935737016355e-10
14,7777,101,71,3.344212517926996e-10,8.616354254915831e-10,5.239775484456942e-10
14,7777,101,72,2.532052618132048e-10,7.464050799951926e-10,4.699662412313518e-10
14,7777,101,73,2.2489658581547139e-10,5.870505160250693e-10,4.160554634188837e-10
14,7777,101,74,2.1078732758050333e-10,5.689270952609431e-10,3.16235601861099e-10
14,7777,101,75,1.5657558390338885e-10,3.9822621738606345e-10,2.7922193565354535e-10
14,7777,101,76,1.347790023312166e-10,3.0271767367503367e-10,2.0601340035192197e-10
14,7777,101,77,1.3210579264362303e-10,2.879030705275797e-10,1.572031407896178e-10
14,7777,101,78,1.0838006747910938e-10,2.6335495386826066e-10,1.5362452369497357e-10
14,7777,101,79,7.908188477047216e-11,2.3388143841089405e-10,1.0909907890193936e-10
14,7777,101,80,6.233333763667284e-11,1.900934892941834e-10,1.0296260497053412e-10
14,7777,101,81,4.783777821825169e-11,1.725158832934116e-10,7.287440199700196e-11
14,7777,101,82,4.5246224274254456e-11,1.405017919338419e-10,6.092041508858082e-11
14,7777,101,83,3.658547536685065e-11,1.2672254610338637e-10,5.843468815597933e-11
14,7777,101,84,3.238631566952363e-11,9.883356579056012e-11,5.549553283680922e-11
14,7777,101,85,2.9231961326286336e-11,7.294687970912927e-11,4.337151395716162e-11
14,7777,101,86,2.7630426034425063e-11,5.747030343254475e-11,3.949743484387141e-11
14,7777,101,87,2.5234288654029716e-11,5.053421340807825e-11,3.178017193510468e-11
14,7777,101,88,2.3768604568763723e-11,4.509319508135802e-11,2.934193993030997e-11
14,7777,101,89,1.530339911877427e-11,3.7464508523639104e-11,2.1312424364485895e-11
14,7777,101,90,8.506359726377131e-12,3.185928013151506e-11,1.994016321897864e-11
14,7777,101,91,8.416599327652964e-12,3.0372624062490216e-11,1.7948226094583864e-11
14,7777,101,92,7.031268177596167e-12,2.4619716551019362e-11,1.3246331321554792e-11
14,7777,101,93,6.6989152588504795e-12,2.07621155480096e-11,1.1447712283687524e-11
14,7777,101,94,5.905274833353886e-12,1.7251875460715754e-11,9.698090705337952e-12
14,7777,101,95,4.621398798605971e-12,1.6438529296950978e-11,8.417935813682353e-12
14,7777,101,96,3.068603641300196e-12,1.336103684440849e-11,5.4466774099590454e-12
14,7777,101,97,2.6972671772347042e-12,1.1011541604100593e-11,4.9101205076679424e-12
14,7777,101,98,2.5002370792068946e-12,9.625176826418702e-12,4.370883318804679e-12
14,7777,101,99,1.9502608799207605e-12,7.9137143949247e-12,4.025638363095931e-12
14,7777,101,100,1.81402977413131e-12,6.0711217715912916e-12,2.9924177824624158e-12
14,7777,101,101,1.5379657860045562e-12,5.88394673360763e-12,2.753014052590029e-12
14,7777,101,102,1.3787765844474408e-12,5.1096810900387105e-12,1.787346019290584e-12
14,7777,101,103,7.332729738287493e-13,3.879222084227114e-12,1.5281466258814314e-12
14,7777,101,104,5.703692775481953e-13,2.6948824136328377e-12,1.0334246085627446e-12
14,7777,101,105,4.5164551151418285e-13,1.877409716679044e-12,7.641631522863798e-13
14,7777,101,106,2.928972114790458e-13,1.6165297937598356e-12,5.675803235678538e-13
14,7777,101,107,2.602018813350878e-13,1.5137059887933019e-12,4.971310161155238e-13
14,7777,101,108,2.0578254602986457e-13,9.641286209657009e-13,4.1018196261603313e-13
14,7777,101,109,1.646699263967419e-13,9.037612099187952e-13,2.690368062062993e-13
14,7777,101,110,1.096115935897273e-13,8.368631142284255e-13,1.6747971468917337e-13
14,7777,101,111,7.04813351944716e-14,4.925512704257331e-13,1.3684326270457485e-13
14,7777,101,112,4.035696077860191e-14,3.3275729398452554e-13,1.1922706234348084e-13
14,7777,101,113,3.661702940005665e-14,2.557543418798635e-13,6.540441035018483e-14
14,7777,101,114,2.933759434560817e-14,2.3346712325867734e-13,5.536392207808285e-14
14,7777,101,115,1.4196996603681062e-14,1.7564567581263908e-13,3.742786909566384e-14
14,7777,101,116,1.2317829571788948e-14,1.4170195951825958e-13,3.1254325214537214e-14
14,7777,101,117,9.665157494759353e-15,6.861700187561442e-14,1.7347758612685038e-14
14,7777,101,118,7.523006123336654e-15,3.92843684814099e-14,1.7347132546101513e-14
14,7777,101,119,4.159259428407207e-15,3.253396623360725e-14,1.2549992130119511e-14
14,7777,101,120,3.959904126727798e-15,2.4341240013288167e-14,7.163502180490626e-15
14,7777,101,121,1.5166137165854707e-15,9.059506535112472e-15,5.3627928071421644e-15
14,7777,101,122,9.999999999999948e-16,7.239669603538389e-15,2.27540503385987e-15
14,7777,101,123,9.999999999999948e-16,3.0094749579821576e-15,1.8274859364576725e-15
14,7777,101,124,9.999999999999948e-16,9.999999999999967e-16,1.543469979412568e-15
14,7777,101,125,9.999999999999948e-16,9.999999999999967e-16,9.99999999999997e-16
14,7777,101,126,9.999999999999948e-16,9.999999999999967e-16,9.99999999999997e-16
14,7777,101,127,9.999999999999948e-16,9.999999999999967e-16,9.99999999999997e-16
14,7777,101,128,9.999999999999948e-16,9.999999999999967e-16,9.99999999999997e-16
14,7777,202,1,0.8673690453652105,0.8676949173653139,0.8682941030179061
14,7777,202,2,0.10964955900160825,0.10915156290109193,0.10890722211887276
14,7777,202,3,0.011331074652905431,0.011281660427370064,0.011447038770661128
14,7777,202,4,0.0038645559051563873,0.003934658798543019,0.0038996060600036543
14,7777,202,5,0.002512213543421751,0.002631650224269688,0.002313755449053633
14,7777,202,6,0.00230591471187899,0.002284852457858178,0.0022974889181899493
14,7777,202,7,0.0014023871152645236,0.0013210904344786373,0.0013747492816773507
14,7777,202,8,0.0007076152834911548,0.0007121427452111067,0.000632910235135534
14,7777,202,9,0.00031989232148971674,0.00031107517831940423,0.00027074514420874274
14,7777,202,10,0.00017614375147568124,0.000208116362614135,0.00015257220053171793
14,7777,202,11,0.0001272064497315193,0.00020361633575313024,0.0001469440639416745
14,7777,202,12,6.82370718702606e-05,5.084162463353012e-05,7.492592651194548e-05
14,7777,202,13,3.4261326273866644e-05,3.969286476697592e-05,3.680545806030695e-05
14,7777,202,14,2.3848198905101082e-05,3.494747816779146e-05,2.863376686179955e-05
14,7777,202,15,2.2664740048452967e-05,2.8623770976400845e-05,2.543593495037371e-05
14,7777,202,16,1.661879843185506e-05,2.3514582313450364e-05,2.049752968261993e-05
14,7777,202,17,1.420171734753467e-05,1.9399157675703337e-05,1.515445474640515e-05
14,7777,202,18,1.0662213971525965e-05,1.288439193823117e-05,1.4429776744274693e-05
14,7777,202,19,9.189640849594423e-06,9.13534263959742e-06,8.66711014247676e-06
14,7777,202,20,6.221102440501481e-06,8.150372804021437e-06,7.706847437611003e-06
14,7777,202,21,5.883590404124236e-06,7.133444115798907e-06,6.8829638389191285e-06
14,7777,202,22,5.029251576177891e-06,5.581403025654036e-06,5.128409348853347e-06
14,7777,202,23,4.899496855122263e-06,4.685444296311219e-06,3.917852632502731e-06
14,7777,202,24,2.8063690931824386e-06,4.503243055138588e-06,2.797078629421457e-06
14,7777,202,25,2.4195108333244023e-06,3.2254549088936636e-06,2.328400234921453e-06
14,7777,202,26,1.5760602210058556e-06,2.2977575596628373e-06,2.247637226376413e-06
14,7777,202,27,1.1627600112864642e-06,2.059502316445902e-06,1.7645222954830568e-06
14,7777,202,28,1.0224187524513519e-06,1.7206135535219976e-06,1.0169955997521494e-06
14,7777,202,29,8.024344813061595e-07,1.3684984048920386e-06,7.691686143385076e-07
14,7777,202,30,5.626363491457633e-07,7.673778148569971e-07,7.045056467619876e-07
14,7777,202,31,3.886050489110284e-07,7.234042025725138e-07,5.734255849437367e-07
14,7777,202,32,3.242448896473359e-07,7.1691791019422e-07,4.682445080562864e-07
14,7777,202,33,2.8203647806079747e-07,5.896273026870444e-07,3.1242241261172884e-07
14,7777,202,34,2.1191649764325903e-07,3.670842214144017e-07,2.5337668111840296e-07
14,7777,202,35,1.427899757079479e-07,2.6718832980298355e-07,2.1853366507765243e-07
14,7777,202,36,1.3324982100772e-07,2.4532817962641803e-07,1.991736222779814e-07
14,7777,202,37,1.234366200195688e-07,1.7091681182100127e-07,1.7944516363474085e-07
14,7777,202,38,1.0921533605337387e-07,1.6438763990084637e-07,1.382944979650537e-07
14,7777,202,39,1.0574962139554883e-07,1.1263898894335856e-07,1.1482469550635045e-07
14,7777,202,40,8.785178086867817e-08,9.305797331404042e-08,8.551091744268858e-08
14,7777,202,41,8.393456555063093e-08,9.05607389624495e-08,7.274607987958849e-08
14,7777,202,42,6.128445869057526e-08,7.082623070057502e-08,6.64539321060536e-08
14,7777,202,43,4.4687587199927066e-08,6.81519291541537e-08,5.254780309491872e-08
14,7777,202,44,3.956792734769929e-08,5.9250937098050935e-08,4.6546773644273274e-08
14,7777,202,45,3.256591805963748e-08,5.191741749762852e-08,4.0079050047749835e-08
14,7777,202,46,2.3918204773205782e-08,4.415483600522461e-08,3.66839248018159e-08
14,7777,202,47,1.949346747933473e-08,3.985706692654901e-08,3.020557204736586e-08
14,7777,202,48,1.67106713686159e-08,3.8644418718963e-08,2.5184191585327838e-08
14,7777,202,49,1.5074081091496677e-08,3.2832881729745717e-08,1.9451045844202164e-08
14,7777,202,50,1.3236134750123881e-08,2.6957385909219454e-08,1.8861742448334715e-08
14,7777,202,51,1.1197026409414364e-08,2.0540544313439442e-08,1.4949057032181083e-08
14,7777,202,52,9.816531417803528e-09,1.917392702594759e-08,1.1397780477979954e-08
14,7777,202,53,7.090691576970427e-09,1.532076211499307e-08,1.1276587999100544e-08
14,7777,202,54,6.659049943476582e-09,1.4936634649323294e-08,8.913239045895705e-09
14,7777,202,55,4.209984359532474e-09,1.2025168392724626e-08,8.696019349457605e-09
14,7777,202,56,4.103617001584008e-09,1.0452032125161777e-08,7.186186671058265e-09
14,7777,202,57,2.8553401451738005e-09,9.091100270218698e-09,6.346201432428923e-09
14,7777,202,58,2.5895724704621055e-09,8.338634725393036e-09,4.276977213929287e-09
14,7777,202,59,2.344209708782196e-09,6.072364835317656e-09,3.950080305214286e-09
14,7777,202,60,1.789054450715216e-09,4.803813507892845e-09,2.791056929999118e-09
14,7777,202,61,1.495673211143394e-09,4.499990538741277e-09,2.58754913225715e-09
14,7777,202,62,1.2272477828832155e-09,3.824538474870442e-09,2.1802531856884312e-09
14,7777,202,63,1.1486822427799814e-09,3.765758406331052e-09,2.043185217323783e-09
14,7777,202,64,8.903127101368502e-10,2.6998997359872578e-09,1.577775535640473e-09
14,7777,202,65,7.63438735465956e-10,1.93334460138016e-09,1.5439877893511197e-09
14,7777,202,66,6.768096677349332e-10,1.8284592629748243e-09,1.2726362910632994e-09
14,7777,202,67,6.422259093114845e-10,1.5530814710927804e-09,1.2244494904085793e-09
14,7777,202,68,6.243444802435208e-10,1.4441800270638143e-09,9.496207302382018e-10
14,7777,202,69,4.417387391576726e-10,1.158504169022424e-09,7.563155090786443e-10
14,7777,202,70,3.860705304360285e-10,1.1231165173807818e-09,6.885325463200756e-10
14,7777,202,71,3.344212517926996e-10,8.582828126563523e-10,5.670406982580849e-10
14,7777,202,72,2.532052618132048e-10,7.005402163295188e-10,4.998176867425474e-10
14,7777,202,73,2.2489658581547139e-10,6.521762407224978e-10,4.505778075237207e-10
14,7777,202,74,2.1078732758050333e-10,5.630537928537121e-10,3.6350636821327585e-10
14,7777,202,75,1.5657558390338885e-10,5.107667855728633e-10,3.135435282475647e-10
14,7777,202,76,1.347790023312166e-10,4.1066533316924297e-10,2.709667356219582e-10
14,7777,202,77,1.3210579264362303e-10,3.3076240407974354e-10,2.326693502891408e-10
14,7777,202,78,1.0838006747910938e-10,3.1098593047176674e-10,1.5007099372112042e-10
14,7777,202,79,7.908188477047216e-11,2.8213016180852275e-10,1.3090013991956037e-10
14,7777,202,80,6.233333763667284e-11,2.2559965256174524e-10,1.2865119258818865e-10
14,7777,202,81,4.783777821825169e-11,1.9149745287685026e-10,1.0802899640215776e-10
14,7777,202,82,4.5246224274254456e-11,1.7753400741141443e-10,9.239779616536738e-11
14,7777,202,83,3.658547536685065e-11,1.4528151020721716e-10,8.214156938512925e-11
14,7777,202,84,3.238631566952363e-11,1.191326684485079e-10,7.040308596549874e-11
14,7777,202,85,2.9231961326286336e-11,1.0551543331734317e-10,4.6500464377290394e-11
14,7777,202,86,2.7630426034425063e-11,8.577388915747892e-11,4.083523390548686e-11
14,7777,202,87,2.5234288654029716e-11,8.032489907520721e-11,3.7436217650291085e-11
14,7777,202,88,2.3768604568763723e-11,7.753823581345455e-11,3.228271170483259e-11
14,7777,202,89,1.530339911877427e-11,6.058792817452113e-11,2.7616761411135562e-11
14,7777,202,90,8.506359726377131e-12,4.017639810314775e-11,2.3599523416673354e-11
14,7777,202,91,8.416599327652964e-12,3.209438877998256e-11,2.2276287907005828e-11
14,7777,202,92,7.031268177596167e-12,2.4786489839438668e-11,1.640733075826947e-11
14,7777,202,93,6.6989152588504795e-12,2.4586746114708342e-11,1.3660989699834941e-11
14,7777,202,94,5.905274833353886e-12,2.4023105034693477e-11,1.0928910622700911e-11
14,7777,202,95,4.621398798605971e-12,2.2757070215046612e-11,8.9914830185187e-12
14,7777,202,96,3.068603641300196e-12,1.6025191885419945e-11,7.76800575644317e-12
14,7777,202,97,2.6972671772347042e-12,1.4938128735395745e-11,7.02354271527437e-12
14,7777,202,98,2.5002370792068946e-12,1.3196957440372692e-11,4.85652247832238e-12
14,7777,202,99,1.9502608799207605e-12,1.1458158752124399e-11,4.44785690553406e-12
14,7777,202,100,1.81402977413131e-12,7.655773252247936e-12,3.191765218805334e-12
14,7777,202,101,1.5379657860045562e-12,6.832525669084023e-12,2.703371679643834e-12
14,7777,202,102,1.3787765844474408e-12,6.4221483718939125e-12,2.1118415060696644e-12
14,7777,202,103,7.332729738287493e-13,5.43758498269416e-12,1.9169884807769497e-12
14,7777,202,104,5.703692775481953e-13,3.716548592296134e-12,1.4202608410715946e-12
14,7777,202,105,4.5164551151418285e-13,3.062863947330646e-12,1.1763556560260703e-12
14,7777,202,106,2.928972114790458e-13,2.056733090695962e-12,7.222211555080228e-13
14,7777,202,107,2.602018813350878e-13,1.373766625808033e-12,6.616756989190467e-13
14,7777,202,108,2.0578254602986457e-13,8.433438279303422e-13,4.750077265661248e-13
14,7777,202,109,1.646699263967419e-13,8.26089051488439e-13,4.226783050411404e-13
14,7777,202,110,1.096115935897273e-13,6.167264340674226e-13,3.0925138321706565e-13
14,7777,202,111,7.04813351944716e-14,5.129944361523872e-13,2.6234010816969403e-13
14,7777,202,112,4.035696077860191e-14,3.8211675143395145e-13,1.33128142171217e-13
14,7777,202,113,3.661702940005665e-14,2.101967930622051e-13,1.251627268222646e-13
14,7777,202,114,2.933759434560817e-14,1.9448484689132603e-13,9.51757284537298e-14
14,7777,202,115,1.4196996603681062e-14,1.6786364792693785e-13,5.4891796856396756e-14
14,7777,202,116,1.2317829571788948e-14,1.3606781367311674e-13,3.725184571746427e-14
14,7777,202,117,9.665157494759353e-15,1.1544342002828128e-13,2.896724362647708e-14
14,7777,202,118,7.523006123336654e-15,5.5611015359701144e-14,2.3154598053824358e-14
14,7777,202,119,4.159259428407207e-15,5.218975434015448e-14,9.896826843871336e-15
14,7777,202,120,3.959904126727798e-15,3.348823745859736e-14,9.483410482874222e-15
14,7777,202,121,1.5166137165854707e-15,3.2927540744007384e-14,7.13104862771885e-15
14,7777,202,122,9.999999999999948e-16,7.579038982114542e-15,3.393785116578269e-15
14,7777,202,123,9.999999999999948e-16,4.974464723739621e-15,2.1570505306218797e-15
14,7777,202,124,9.999999999999948e-16,3.809291657113362e-15,1.0932596485194848e-15
14,7777,202,125,9.999999999999948e-16,3.0307501417875085e-15,9.999999999999973e-16
14,7777,202,126,9.999999999999948e-16,9.999999999999987e-16,9.999999999999973e-16
14,7777,202,127,9.999999999999948e-16,9.999999999999987e-16,9.999999999999973e-16
14,7777,202,128,9.999999999999948e-16,9.999999999999987e-16,9.999999999999973e-16
14,7777,303,1,0.8673690453652105,0.8673645474065674,0.8669820645479599
14,7777,303,2,0.10964955900160825,0.10975985265838957,0.11029872237568743
14,7777,303,3,0.011331074652905431,0.01137995470148496,0.011393035518091517
14,7777,303,4,0.0038645559051563873,0.0037830342210800824,0.003906373251131821
14,7777,303,5,0.002512213543421751,0.002442339617602315,0.002294168999757262
14,7777,303,6,0.00230591471187899,0.002332898273129901,0.002276086775618781
14,7777,303,7,0.0014023871152645236,0.0013652727068085588,0.001412076624896308
14,7777,303,8,0.0007076152834911548,0.0006409217297020993,0.0006312828136805299
14,7777,303,9,0.00031989232148971674,0.0003118215170983054,0.0002898718380453739
14,7777,303,10,0.00017614375147568124,0.00018600354212580547,0.0001604072792524972
14,7777,303,11,0.0001272064497315193,0.00017801145049675522,0.0001325345090461429
14,7777,303,12,6.82370718702606e-05,6.163665613949941e-05,6.647457503292987e-05
14,7777,303,13,3.4261326273866644e-05,3.670942072844304e-05,3.142660284089024e-05
14,7777,303,14,2.3848198905101082e-05,2.72834386873664e-05,2.30037807729513e-05
14,7777,303,15,2.2664740048452967e-05,2.4652567026046353e-05,1.9880934851532137e-05
14,7777,303,16,1.661879843185506e-05,2.1679118543009905e-05,1.722642569224125e-05
14,7777,303,17,1.420171734753467e-05,2.065514473767683e-05,1.4814141974600646e-05
14,7777,303,18,1.0662213971525965e-05,9.900373726602603e-06,8.672588394901594e-06
14,7777,303,19,9.189640849594423e-06,8.876360055092767e-06,8.470529163426341e-06
14,7777,303,20,6.221102440501481e-06,7.825666551553199e-06,7.238812172260555e-06
14,7777,303,21,5.883590404124236e-06,7.261430150038436e-06,6.099979558182096e-06
14,7777,303,22,5.029251576177891e-06,5.941462636457339e-06,4.797081225153872e-06
14,7777,303,23,4.899496855122263e-06,4.580012949047661e-06,3.483548000291604e-06
14,7777,303,24,2.8063690931824386e-06,4.4533610426376146e-06,2.2221411859356344e-06
14,7777,303,25,2.4195108333244023e-06,3.0198351108495816e-06,1.8035873943431186e-06
14,7777,303,26,1.5760602210058556e-06,2.385254419988585e-06,1.6933887976117747e-06
14,7777,303,27,1.1627600112864642e-06,1.6931794221177992e-06,1.2591580134900835e-06
14,7777,303,28,1.0224187524513519e-06,1.330239061793525e-06,9.72122377965617e-07
14,7777,303,29,8.024344813061595e-07,9.61544399396894e-07,6.714324682765037e-07
14,7777,303,30,5.626363491457633e-07,7.242719928119072e-07,5.20101444828593e-07
14,7777,303,31,3.886050489110284e-07,6.476958645384656e-07,5.11323513483916e-07
14,7777,303,32,3.242448896473359e-07,5.947049144167722e-07,4.1737618320815366e-07
14,7777,303,33,2.8203647806079747e-07,4.3805905918484304e-07,3.248534145357501e-07
14,7777,303,34,2.1191649764325903e-07,3.262606549617275e-07,2.2661545320156832e-07
14,7777,303,35,1.427899757079479e-07,2.5626294301470944e-07,1.7334979153559686e-07
14,7777,303,36,1.3324982100772e-07,2.4032311532166303e-07,1.493687669183112e-07
14,7777,303,37,1.234366200195688e-07,2.0232420624694498e-07,1.1884176052896968e-07
14,7777,303,38,1.0921533605337387e-07,1.9618801966837877e-07,1.1381398273927855e-07
14,7777,303,39,1.0574962139554883e-07,1.5287208685864705e-07,9.123561971187748e-08
14,7777,303,40,8.785178086867817e-08,1.446385483323968e-07,7.854265754714047e-08
14,7777,303,41,8.393456555063093e-08,6.570045175507454e-08,6.10495490876579e-08
14,7777,303,42,6.128445869057526e-08,6.405933699366583e-08,5.96559609656519e-08
14,7777,303,43,4.4687587199927066e-08,5.7863648701760604e-08,4.926678604769225e-08
14,7777,303,44,3.956792734769929e-08,4.814500030661621e-08,4.593041201360528e-08
14,7777,303,45,3.256591805963748e-08,4.41840622479703e-08,3.240817118939698e-08
14,7777,303,46,2.3918204773205782e-08,3.916850631663899e-08,2.5797972956019398e-08
14,7777,303,47,1.949346747933473e-08,3.0913744583585934e-08,2.4759490504557543e-08
14,7777,303,48,1.67106713686159e-08,2.908058674718674e-08,2.0615150929798804e-08
14,7777,303,49,1.5074081091496677e-08,2.7612742665248087e-08,1.893223039348039e-08
14,7777,303,50,1.3236134750123881e-08,2.3419451611028843e-08,1.4357256577046512e-08
14,7777,303,51,1.1197026409414364e-08,1.9861629804728555e-08,1.3079690561623162e-08
14,7777,303,52,9.816531417803528e-09,1.906539325468756e-08,1.2619079842971582e-08
14,7777,303,53,7.090691576970427e-09,1.635408309669679e-08,1.0997425552066956e-08
14,7777,303,54,6.659049943476582e-09,1.4398823391799027e-08,7.932464172729932e-09
14,7777,303,55,4.209984359532474e-09,1.1352161077804598e-08,6.977970189265696e-09
14,7777,303,56,4.103617001584008e-09,9.550162415958394e-09,4.740536336574115e-09
14,7777,303,57,2.8553401451738005e-09,7.587945599615537e-09,4.442381085672018e-09
14,7777,303,58,2.5895724704621055e-09,6.6396607070632824e-09,4.1646344614477e-09
14,7777,303,59,2.344209708782196e-09,6.298902355366837e-09,3.970802521064679e-09
14,7777,303,60,1.789054450715216e-09,5.379926838115757e-09,2.457646400397194e-09
14,7777,303,61,1.495673211143394e-09,4.27362959059801e-09,2.2865040075631166e-09
14,7777,303,62,1.2272477828832155e-09,3.866907915510402e-09,1.8308307646757485e-09
14,7777,303,63,1.1486822427799814e-09,2.8191610622156204e-09,1.804443741951871e-09
14,7777,303,64,8.903127101368502e-10,2.451168101435391e-09,1.3593281273363079e-09
14,7777,303,65,7.63438735465956e-10,2.317374827316784e-09,1.2214105801762781e-09
14,7777,303,66,6.768096677349332e-10,1.7887209880211053e-09,1.061466111612574e-09
14,7777,303,67,6.422259093114845e-10,1.3617330936045583e-09,7.691183708329724e-10
14,7777,303,68,6.243444802435208e-10,1.2459900337923186e-09,7.328328482501536e-10
14,7777,303,69,4.417387391576726e-10,1.0772113324351606e-09,6.248201925053879e-10
14,7777,303,70,3.860705304360285e-10,1.0139836250796707e-09,5.040977293969962e-10
14,7777,303,71,3.344212517926996e-10,9.24988857149802e-10,4.148327739521352e-10
14,7777,303,72,2.532052618132048e-10,6.221824760264535e-10,4.065720163629977e-10
14,7777,303,73,2.2489658581547139e-10,5.445074389379142e-10,3.2071079236294396e-10
14,7777,303,74,2.1078732758050333e-10,4.1771892812003816e-10,3.1175525120739144e-10
14,7777,303,75,1.5657558390338885e-10,3.0454849604633045e-10,2.4583180215042296e-10
14,7777,303,76,1.347790023312166e-10,2.982807618359071e-10,2.0890288381742716e-10
14,7777,303,77,1.3210579264362303e-10,2.1715844132549456e-10,1.9324464689548275e-10
14,7777,303,78,1.0838006747910938e-10,1.7064287499723332e-10,1.2736439211096402e-10
14,7777,303,79,7.908188477047216e-11,1.6035738178181594e-10,1.040483773223276e-10
14,7777,303,80,6.233333763667284e-11,1.4943418413298545e-10,7.277774921313683e-11
14,7777,303,81,4.783777821825169e-11,1.1756454946120387e-10,6.677033122759842e-11
14,7777,303,82,4.5246224274254456e-11,1.0738460807080605e-10,5.953617002257244e-11
14,7777,303,83,3.658547536685065e-11,7.742696614563448e-11,5.7099646769537586e-11
14,7777,303,84,3.238631566952363e-11,7.30277054417766e-11,4.815264139479407e-11
14,7777,303,85,2.9231961326286336e-11,6.113175714720948e-11,4.38995284560839e-11
14,7777,303,86,2.7630426034425063e-11,5.719499787147661e-11,3.0483322087984396e-11
14,7777,303,87,2.5234288654029716e-11,5.3573211576903174e-11,2.787479202594641e-11
14,7777,303,88,2.3768604568763723e-11,4.349589680236124e-11,2.081482971516494e-11
14,7777,303,89,1.530339911877427e-11,4.255169666880835e-11,1.927524904371844e-11
14,7777,303,90,8.506359726377131e-12,3.44183894168275e-11,1.5973000818753304e-11
14,7777,303,91,8.416599327652964e-12,3.4246534026353755e-11,1.1000465473057252e-11
14,7777,303,92,7.031268177596167e-12,3.0115388365850025e-11,1.0409721510838541e-11
14,7777,303,93,6.6989152588504795e-12,2.5873721537132713e-11,8.212493869489106e-12
14,7777,303,94,5.905274833353886e-12,1.8756293476096763e-11,7.36725272890944e-12
14,7777,303,95,4.621398798605971e-12,1.1783921447806702e-11,5.959562411918125e-12
14,7777,303,96,3.068603641300196e-12,1.1119044717592866e-11,5.262025694492699e-12
14,7777,303,97,2.6972671772347042e-12,8.747289105300406e-12,4.490759754822114e-12
14,7777,303,98,2.5002370792068946e-12,8.284324107540617e-12,3.070066272559416e-12
14,7777,303,99,1.9502608799207605e-12,6.168093241800558e-12,2.4003161275417336e-12
14,7777,303,100,1.81402977413131e-12,5.992685535198245e-12,2.303232807193711e-12
14,7777,303,101,1.5379657860045562e-12,3.76415150546164e-12,1.6296196588005844e-12
14,7777,303,102,1.3787765844474408e-12,3.2100756489097068e-12,1.2083026338785838e-12
14,7777,303,103,7.332729738287493e-13,2.0285670188519696e-12,8.760304917134713e-13
14,7777,303,104,5.703692775481953e-13,1.897742050370217e-12,7.264967937739379e-13
14,7777,303,105,4.5164551151418285e-13,1.7447793578781938e-12,5.968233151705382e-13
14,7777,303,106,2.928972114790458e-13,1.4869779805543422e-12,5.625789797031187e-13
14,7777,303,107,2.602018813350878e-13,9.71193366987138e-13,4.3721338550256834e-13
14,7777,303,108,2.0578254602986457e-13,6.536262107256998e-13,3.897783737735876e-13
14,7777,303,109,1.646699263967419e-13,5.628567555162882e-13,2.522453562292614e-13
14,7777,303,110,1.096115935897273e-13,4.333641167267889e-13,2.0009611566518945e-13
14,7777,303,111,7.04813351944716e-14,4.0544830620639226e-13,1.68426728052429e-13
14,7777,303,112,4.035696077860191e-14,2.23056889854317e-13,1.3214029547669606e-13
14,7777,303,113,3.661702940005665e-14,1.688315859169738e-13,9.865334997001467e-14
14,7777,303,114,2.933759434560817e-14,1.048586095532253e-13,6.60872746600671e-14
14,7777,303,115,1.4196996603681062e-14,7.624719546577851e-14,3.7345233285813696e-14
14,7777,303,116,1.2317829571788948e-14,6.022954126079298e-14,3.376894968913034e-14
14,7777,303,117,9.665157494759353e-15,5.53237583494635e-14,1.9512301105494438e-14
14,7777,303,118,7.523006123336654e-15,3.498466566778766e-14,1.0489318480205487e-14
14,7777,303,119,4.159259428407207e-15,2.0581921744617752e-14,5.637004130132802e-15
14,7777,303,120,3.959904126727798e-15,1.845005305516533e-14,3.4969324375823336e-15
14,7777,303,121,1.5166137165854707e-15,6.086966167787756e-15,3.4068906170340837e-15
14,7777,303,122,9.999999999999948e-16,5.2207074255810395e-15,2.1455544376159053e-15
14,7777,303,123,9.999999999999948e-16,3.901085102614413e-15,1.5745166085970736e-15
14,7777,303,124,9.999999999999948e-16,1.929574826404751e-15,9.99999999999996e-16
14,7777,303,125,9.999999999999948e-16,1.849430705136983e-15,9.99999999999996e-16
14,7777,303,126,9.999999999999948e-16,9.99999999999998e-16,9.99999999999996e-16
14,7777,303,127,9.999999999999948e-16,9.99999999999998e-16,9.99999999999996e-16
14,7777,303,128,9.999999999999948e-16,9.99999999999998e-16,9.99999999999996e-16
14,7777,404,1,0.8673690453652105,0.8770835268560819,0.8673819724034549
14,7777,404,2,0.10964955900160825,0.10093023089632074,0.10972981391185112
14,7777,404,3,0.011331074652905431,0.011702875638387965,0.011335718367767738
14,7777,404,4,0.0038645559051563873,0.0037118314483832664,0.003957848018167652
14,7777,404,5,0.002512213543421751,0.0024272854331423973,0.002415962400398536
14,7777,404,6,0.00230591471187899,0.0015842641135668666,0.002293150156227711
14,7777,404,7,0.0014023871152645236,0.0011139796426902035,0.0014129652866911393
14,7777,404,8,0.0007076152834911548,0.0007795330760080912,0.0006518416286911299
14,7777,404,9,0.00031989232148971674,0.00019268385259770714,0.0003000278622634656
14,7777,404,10,0.00017614375147568124,0.00014414934626602987,0.0001632566415113844
14,7777,404,11,0.0001272064497315193,0.0001292653209708687,0.00013755936303721207
14,7777,404,12,6.82370718702606e-05,6.902122666921363e-05,5.166668337610305e-05
14,7777,404,13,3.4261326273866644e-05,3.5101136086585165e-05,3.073368353412316e-05
14,7777,404,14,2.3848198905101082e-05,2.4967301258744184e-05,2.1315825752537483e-05
14,7777,404,15,2.2664740048452967e-05,1.4839664705449572e-05,2.0254408370707607e-05
14,7777,404,16,1.661879843185506e-05,1.1075855364575497e-05,1.9259806612428763e-05
14,7777,404,17,1.420171734753467e-05,9.4483434166602e-06,1.6439872295185983e-05
14,7777,404,18,1.0662213971525965e-05,7.410109802522817e-06,1.1401967213199145e-05
14,7777,404,19,9.189640849594423e-06,5.450161701695601e-06,9.278359002860592e-06
14,7777,404,20,6.221102440501481e-06,4.061487275728697e-06,7.392366834125283e-06
14,7777,404,21,5.883590404124236e-06,3.7982205251844013e-06,7.2016439432754505e-06
14,7777,404,22,5.029251576177891e-06,3.0205038128969037e-06,5.642767145588363e-06
14,7777,404,23,4.899496855122263e-06,2.3780908476099083e-06,3.8086221589856473e-06
14,7777,404,24,2.8063690931824386e-06,2.323183678477606e-06,3.201168631823944e-06
14,7777,404,25,2.4195108333244023e-06,1.7758426863496976e-06,2.6082319418294824e-06
14,7777,404,26,1.5760602210058556e-06,1.573342779266763e-06,1.8535096067431444e-06
14,7777,404,27,1.1627600112864642e-06,7.872216362709724e-07,1.5160826637570392e-06
14,7777,404,28,1.0224187524513519e-06,5.89872399487104e-07,1.1885713743949874e-06
14,7777,404,29,8.024344813061595e-07,4.5837128498541044e-07,8.96170552968826e-07
14,7777,404,30,5.626363491457633e-07,4.553794788207259e-07,8.221419735878018e-07
14,7777,404,31,3.886050489110284e-07,3.234265255151842e-07,6.474479402606071e-07
14,7777,404,32,3.242448896473359e-07,2.1666874025036367e-07,5.361702007987888e-07
14,7777,404,33,2.8203647806079747e-07,2.0408638932647228e-07,3.8313594310828604e-07
14,7777,404,34,2.1191649764325903e-07,1.7902715151696935e-07,3.569622316494819e-07
14,7777,404,35,1.427899757079479e-07,1.4775311966393835e-07,3.104798501659913e-07
14,7777,404,36,1.3324982100772e-07,1.3144626057140034e-07,1.7765054007835304e-07
14,7777,404,37,1.234366200195688e-07,1.174577150147442e-07,1.5937336586633178e-07
14,7777,404,38,1.0921533605337387e-07,1.0803524968649482e-07,1.331521397221873e-07
14,7777,404,39,1.0574962139554883e-07,6.634062634637645e-08,1.0548888064643704e-07
14,7777,404,40,8.785178086867817e-08,6.523850292092471e-08,8.750921686279826e-08
14,7777,404,41,8.393456555063093e-08,4.208629264413858e-08,6.420088294050716e-08
14,7777,404,42,6.128445869057526e-08,3.913553034029766e-08,6.156905943096166e-08
14,7777,404,43,4.4687587199927066e-08,3.220962327268334e-08,5.650664894297385e-08
14,7777,404,44,3.956792734769929e-08,2.1229522401200367e-08,4.8972116628090714e-08
14,7777,404,45,3.256591805963748e-08,1.953039459089475e-08,3.626271000392792e-08
14,7777,404,46,2.3918204773205782e-08,1.588407338967767e-08,3.423505535577079e-08
14,7777,404,47,1.949346747933473e-08,1.5056763242821477e-08,2.939169085076523e-08
14,7777,404,48,1.67106713686159e-08,1.3626806703978816e-08,2.5501714015001523e-08
14,7777,404,49,1.5074081091496677e-08,1.0574362287996063e-08,2.196085835280697e-08
14,7777,404,50,1.3236134750123881e-08,1.044077479450475e-08,2.0933788470602518e-08
14,7777,404,51,1.1197026409414364e-08,8.570553363607967e-09,1.62550014706275e-08
14,7777,404,52,9.816531417803528e-09,8.034441764262017e-09,1.2877956090087493e-08
14,7777,404,53,7.090691576970427e-09,7.221948290988122e-09,1.1437844979939968e-08
14,7777,404,54,6.659049943476582e-09,5.080366977667054e-09,9.526445232478253e-09
14,7777,404,55,4.209984359532474e-09,4.916096269875885e-09,8.734427626722256e-09
14,7777,404,56,4.103617001584008e-09,4.28131049365995e-09,6.797584003808187e-09
14,7777,404,57,2.8553401451738005e-09,3.4200906117152772e-09,6.273372817838857e-09
14,7777,404,58,2.5895724704621055e-09,3.095105182197103e-09,5.346143039764797e-09
14,7777,404,59,2.344209708782196e-09,2.5852119841738088e-09,4.030692238603356e-09
14,7777,404,60,1.789054450715216e-09,2.1918086798592453e-09,3.6716669557839048e-09
14,7777,404,61,1.495673211143394e-09,1.874703166477398e-09,3.5773903555975936e-09
14,7777,404,62,1.2272477828832155e-09,1.3144944136355538e-09,2.531319485914029e-09
14,7777,404,63,1.1486822427799814e-09,1.1970979820681075e-09,2.12516402027757e-09
14,7777,404,64,8.903127101368502e-10,9.269247378263682e-10,1.7757970094279419e-09
14,7777,404,65,7.63438735465956e-10,8.688526295592449e-10,1.6583297054307696e-09
14,7777,404,66,6.768096677349332e-10,6.781656877885963e-10,1.2773677309635954e-09
14,7777,404,67,6.422259093114845e-10,5.484274898017729e-10,1.2251259357390357e-09
14,7777,404,68,6.243444802435208e-10,5.376746745314083e-10,9.670622793314385e-10
14,7777,404,69,4.417387391576726e-10,4.271766333320948e-10,9.411038871277404e-10
14,7777,404,70,3.860705304360285e-10,3.531383604356216e-10,6.309779882476266e-10
14,7777,404,71,3.344212517926996e-10,3.499780955380388e-10,5.094436043700612e-10
14,7777,404,72,2.532052618132048e-10,1.9708163588546872e-10,4.3309647433428364e-10
14,7777,404,73,2.2489658581547139e-10,1.4593666450159894e-10,3.68593996661911e-10
14,7777,404,74,2.1078732758050333e-10,1.3572763201925884e-10,3.4820435424293945e-10
14,7777,404,75,1.5657558390338885e-10,1.2268486306751203e-10,2.9177950224399355e-10
14,7777,404,76,1.347790023312166e-10,1.138900966928641e-10,2.4175546389478497e-10
14,7777,404,77,1.3210579264362303e-10,8.872822516105203e-11,2.1670855827678823e-10
14,7777,404,78,1.0838006747910938e-10,7.30438041272629e-11,1.7727903543354123e-10
14,7777,404,79,7.908188477047216e-11,6.952318226952685e-11,1.3934124166369937e-10
14,7777,404,80,6.233333763667284e-11,5.706998482796022e-11,1.3076679216772037e-10
14,7777,404,81,4.783777821825169e-11,5.250240017059833e-11,1.173064190629727e-10
14,7777,404,82,4.5246224274254456e-11,4.092305387198658e-11,7.457061670960979e-11
14,7777,404,83,3.658547536685065e-11,4.023825548239719e-11,7.138134126390131e-11
14,7777,404,84,3.238631566952363e-11,2.784169989316645e-11,6.234521312082085e-11
14,7777,404,85,2.9231961326286336e-11,2.6720832117382236e-11,5.166641289654159e-11
14,7777,404,86,2.7630426034425063e-11,2.2998356103200073e-11,4.9476230905207185e-11
14,7777,404,87,2.5234288654029716e-11,1.8298514744052983e-11,3.7806797955047034e-11
14,7777,404,88,2.3768604568763723e-11,1.669700327727106e-11,3.551436959469386e-11
14,7777,404,89,1.530339911877427e-11,1.4014547544729994e-11,2.813142504026352e-11
14,7777,404,90,8.506359726377131e-12,1.3511910224277255e-11,2.400954636018125e-11
14,7777,404,91,8.416599327652964e-12,1.085789038521188e-11,1.9409780291423636e-11
14,7777,404,92,7.031268177596167e-12,7.374497041262455e-12,1.4212246218071731e-11
14,7777,404,93,6.6989152588504795e-12,6.6157898280373086e-12,1.1973599119436244e-11
14,7777,404,94,5.905274833353886e-12,5.8235520059997996e-12,9.472752966568835e-12
14,7777,404,95,4.621398798605971e-12,4.214304512997719e-12,9.041592342235766e-12
14,7777,404,96,3.068603641300196e-12,3.281878072326149e-12,8.09819455663678e-12
14,7777,404,97,2.6972671772347042e-12,2.8226968748216152e-12,6.47333579940365e-12
14,7777,404,98,2.5002370792068946e-12,2.505900789534209e-12,4.704145442815702e-12
14,7777,404,99,1.9502608799207605e-12,2.1031205712729358e-12,3.727323321896767e-12
14,7777,404,100,1.81402977413131e-12,1.9278206614540553e-12,3.0838316644698268e-12
14,7777,404,101,1.5379657860045562e-12,1.3833134948325717e-12,2.91694742691429e-12
14,7777,404,102,1.3787765844474408e-12,1.2019730040553031e-12,2.1283807095232988e-12
14,7777,404,103,7.332729738287493e-13,1.0344868538057604e-12,1.8249041766237527e-12
14,7777,404,104,5.703692775481953e-13,6.830835024677072e-13,1.0685957450688497e-12
14,7777,404,105,4.5164551151418285e-13,6.306725012526514e-13,8.182625970691425e-13
14,7777,404,106,2.928972114790458e-13,5.369576073569545e-13,6.636532828012879e-13
14,7777,404,107,2.602018813350878e-13,4.748940195410211e-13,5.355588722699566e-13
14,7777,404,108,2.0578254602986457e-13,2.940549260613045e-13,4.914091623291576e-13
14,7777,404,109,1.646699263967419e-13,2.712807400181827e-13,4.12744264394082e-13
14,7777,404,110,1.096115935897273e-13,2.3549993405737064e-13,2.9062028834237783e-13
14,7777,404,111,7.04813351944716e-14,1.2917646256289795e-13,2.0379589361950095e-13
14,7777,404,112,4.035696077860191e-14,1.0010256700790262e-13,1.7161830733968218e-13
14,7777,404,113,3.661702940005665e-14,7.05293925245316e-14,1.3293890248390086e-13
14,7777,404,114,2.933759434560817e-14,5.152025044976292e-14,1.0350401678809465e-13
14,7777,404,115,1.4196996603681062e-14,4.2663443571444254e-14,6.262080121373545e-14
14,7777,404,116,1.2317829571788948e-14,2.759677198660427e-14,4.7670484708201e-14
14,7777,404,117,9.665157494759353e-15,1.5724862213580638e-14,3.318318500720772e-14
14,7777,404,118,7.523006123336654e-15,1.0892391847417646e-14,3.0202288252515277e-14
14,7777,404,119,4.159259428407207e-15,6.7248979492448105e-15,1.5454429744244224e-14
14,7777,404,120,3.959904126727798e-15,6.56051715793014e-15,4.946617164382933e-15
14,7777,404,121,1.5166137165854707e-15,4.4015132392441145e-15,4.316295628937632e-15
14,7777,404,122,9.999999999999948e-16,3.3532652131775844e-15,3.4407051285097163e-15
14,7777,404,123,9.999999999999948e-16,9.999999999999961e-16,2.7976030597448364e-15
14,7777,404,124,9.999999999999948e-16,9.999999999999961e-16,9.999999999999971e-16
14,7777,404,125,9.999999999999948e-16,9.999999999999961e-16,9.999999999999971e-16
14,7777,404,126,9.999999999999948e-16,9.999999999999961e-16,9.999999999999971e-16
14,7777,404,127,9.999999999999948e-16,9.999999999999961e-16,9.999999999999971e-16
14,7777,404,128,9.999999999999948e-16,9.999999999999961e-16,9.999999999999971e-16
14,7777,505,1,0.8673690453652105,0.8674029449317051,0.8674399998013863
14,7777,505,2,0.10964955900160825,0.10954519366113095,0.10972176629238678
14,7777,505,3,0.011331074652905431,0.011337491471893895,0.011378724233738955
14,7777,505,4,0.0038645559051563873,0.003838894720484975,0.0038965043628985405
14,7777,505,5,0.002512213543421751,0.0024528933417150784,0.0024547901924404625
14,7777,505,6,0.00230591471187899,0.0023137664491262263,0.0022938647635039186
14,7777,505,7,0.0014023871152645236,0.001404962150672173,0.0013982168030068564
14,7777,505,8,0.0007076152834911548,0.0006618329774910103,0.0006421827517084373
14,7777,505,9,0.00031989232148971674,0.0003343636303126842,0.00028625462744054435
14,7777,505,10,0.00017614375147568124,0.00022497012835509685,0.00014867479820462556
14,7777,505,11,0.0001272064497315193,0.0001995618790929291,0.0001359642864883323
14,7777,505,12,6.82370718702606e-05,6.841619252352644e-05,5.535414659349621e-05
14,7777,505,13,3.4261326273866644e-05,3.974188011589859e-05,2.747962277623244e-05
14,7777,505,14,2.3848198905101082e-05,3.450643856997761e-05,2.2194831201707586e-05
14,7777,505,15,2.2664740048452967e-05,3.315643526222445e-05,1.8963562805559353e-05
14,7777,505,16,1.661879843185506e-05,2.0175543150645306e-05,1.3938567816102677e-05
14,7777,505,17,1.420171734753467e-05,1.6204266797675145e-05,1.3272445311492854e-05
14,7777,505,18,1.0662213971525965e-05,1.3426833717039987e-05,1.1267630826314681e-05
14,7777,505,19,9.189640849594423e-06,1.0963179518380245e-05,8.220281875095065e-06
14,7777,505,20,6.221102440501481e-06,8.01146911698684e-06,6.829685344746388e-06
14,7777,505,21,5.883590404124236e-06,6.791758046969934e-06,5.5879637509713e-06
14,7777,505,22,5.029251576177891e-06,5.715426824454016e-06,4.093326221796772e-06
14,7777,505,23,4.899496855122263e-06,5.077476598103027e-06,3.3981866102786025e-06
14,7777,505,24,2.8063690931824386e-06,4.673384063794143e-06,2.033181624995069e-06
14,7777,505,25,2.4195108333244023e-06,3.3828621807070958e-06,1.971112278882121e-06
14,7777,505,26,1.5760602210058556e-06,2.183108543248913e-06,1.5863618303539143e-06
14,7777,505,27,1.1627600112864642e-06,1.979552941708657e-06,1.2506789602648848e-06
14,7777,505,28,1.0224187524513519e-06,1.3654202387550319e-06,1.1804157493851683e-06
14,7777,505,29,8.024344813061595e-07,1.2387899747340215e-06,7.788548591946649e-07
14,7777,505,30,5.626363491457633e-07,9.885617024480698e-07,7.072716033583912e-07
14,7777,505,31,3.886050489110284e-07,7.683881029181543e-07,6.045420520749955e-07
14,7777,505,32,3.242448896473359e-07,7.548753608343263e-07,3.9667186677476045e-07
14,7777,505,33,2.8203647806079747e-07,6.791689494714208e-07,3.3212553253309584e-07
14,7777,505,34,2.1191649764325903e-07,6.27859317860868e-07,3.0859911290834226e-07
14,7777,505,35,1.427899757079479e-07,5.200952783134233e-07,2.4279167236437705e-07
14,7777,505,36,1.3324982100772e-07,2.722623808582026e-07,1.6410881110478272e-07
14,7777,505,37,1.234366200195688e-07,2.1971079801691423e-07,1.5397045231729266e-07
14,7777,505,38,1.0921533605337387e-07,2.1008231034110038e-07,1.245493823114265e-07
14,7777,505,39,1.0574962139554883e-07,1.817914892404413e-07,9.74559145002212e-08
14,7777,505,40,8.785178086867817e-08,1.3473326758579706e-07,8.550992851403843e-08
14,7777,505,41,8.393456555063093e-08,9.552139262927218e-08,7.156734885363376e-08
14,7777,505,42,6.128445869057526e-08,9.301516713998673e-08,5.4971404456304715e-08
14,7777,505,43,4.4687587199927066e-08,8.164296947798014e-08,5.133871489669762e-08
14,7777,505,44,3.956792734769929e-08,6.472508463105754e-08,4.354768969820884e-08
14,7777,505,45,3.256591805963748e-08,5.6127278914532334e-08,3.315840446571972e-08
14,7777,505,46,2.3918204773205782e-08,4.739628723112801e-08,2.9100463528319167e-08
14,7777,505,47,1.949346747933473e-08,4.61264942004597e-08,2.3547215857557085e-08
14,7777,505,48,1.67106713686159e-08,4.30049655532036e-08,2.0593628277420234e-08
14,7777,505,49,1.5074081091496677e-08,4.0065735982700515e-08,1.7114453045504968e-08
14,7777,505,50,1.3236134750123881e-08,3.59744664726516e-08,1.4438634084380819e-08
14,7777,505,51,1.1197026409414364e-08,2.228294255323521e-08,1.2060457712453018e-08
14,7777,505,52,9.816531417803528e-09,1.9615396125007883e-08,9.714284596704522e-09
14,7777,505,53,7.090691576970427e-09,1.8262021329902662e-08,8.24536270872233e-09
14,7777,505,54,6.659049943476582e-09,1.3153890653542911e-08,7.085967608823154e-09
14,7777,505,55,4.209984359532474e-09,1.0441095634953201e-08,5.851826378364802e-09
14,7777,505,56,4.103617001584008e-09,1.0292991064661217e-08,5.669047936066322e-09
14,7777,505,57,2.8553401451738005e-09,7.698244575590204e-09,4.773515862635701e-09
14,7777,505,58,2.5895724704621055e-09,7.214247115255956e-09,4.424013504956117e-09
14,7777,505,59,2.344209708782196e-09,6.201541225535335e-09,3.2641469596987965e-09
14,7777,505,60,1.789054450715216e-09,4.894927469496768e-09,2.8725778779562543e-09
14,7777,505,61,1.495673211143394e-09,4.472811612796035e-09,2.470327613633603e-09
14,7777,505,62,1.2272477828832155e-09,3.745939867429656e-09,2.0666993971254317e-09
14,7777,505,63,1.1486822427799814e-09,3.73280553020987e-09,1.9219946065047495e-09
14,7777,505,64,8.903127101368502e-10,3.5819011111032476e-09,1.2338024480448411e-09
14,7777,505,65,7.63438735465956e-10,2.712785247446341e-09,1.1230406468075904e-09
14,7777,505,66,6.768096677349332e-10,2.428754519435549e-09,8.681991713079794e-10
14,7777,505,67,6.422259093114845e-10,1.9482141027704912e-09,7.951050978609541e-10
14,7777,505,68,6.243444802435208e-10,1.9147818712369888e-09,7.352192460972337e-10
14,7777,505,69,4.417387391576726e-10,1.432409369582398e-09,6.573851230591572e-10
14,7777,505,70,3.860705304360285e-10,1.3509818026539844e-09,5.393668424667193e-10
14,7777,505,71,3.344212517926996e-10,9.38190744187811e-10,5.026074218678864e-10
14,7777,505,72,2.532052618132048e-10,7.614128026331906e-10,3.750961544202565e-10
14,7777,505,73,2.2489658581547139e-10,6.952468162154655e-10,3.3367082924297534e-10
14,7777,505,74,2.1078732758050333e-10,4.931531696871517e-10,3.287950371432651e-10
14,7777,505,75,1.5657558390338885e-10,3.877612329073866e-10,2.2989767985535515e-10
14,7777,505,76,1.347790023312166e-10,3.7768873317566874e-10,1.894054319048753e-10
14,7777,505,77,1.3210579264362303e-10,3.7496384128138467e-10,1.6743602269551208e-10
14,7777,505,78,1.0838006747910938e-10,3.141453354266275e-10,1.0161761402546911e-10
14,7777,505,79,7.908188477047216e-11,2.4454186128809354e-10,9.31365602502694e-11
14,7777,505,80,6.233333763667284e-11,2.352671803950461e-10,9.032785317856991e-11
14,7777,505,81,4.783777821825169e-11,1.8256404292748033e-10,7.704300408856739e-11
14,7777,505,82,4.5246224274254456e-11,1.6563685556007767e-10,7.202103849097672e-11
14,7777,505,83,3.658547536685065e-11,1.4315252815523247e-10,5.507316270703689e-11
14,7777,505,84,3.238631566952363e-11,1.352308928896008e-10,4.3507606644015083e-11
14,7777,505,85,2.9231961326286336e-11,1.0671378480648626e-10,3.637808045986672e-11
14,7777,505,86,2.7630426034425063e-11,8.955107777650137e-11,3.257821338457387e-11
14,7777,505,87,2.5234288654029716e-11,8.867784192704756e-11,2.6511633781275843e-11
14,7777,505,88,2.3768604568763723e-11,7.738032319111326e-11,1.9976631871252898e-11
14,7777,505,89,1.530339911877427e-11,5.5765147871978693e-11,1.9344168625115424e-11
14,7777,505,90,8.506359726377131e-12,5.021391021849614e-11,1.538647867133273e-11
14,7777,505,91,8.416599327652964e-12,4.4138861823786255e-11,1.4416063394776469e-11
14,7777,505,92,7.031268177596167e-12,3.198906425503817e-11,1.2399291700726333e-11
14,7777,505,93,6.6989152588504795e-12,2.904602603039632e-11,9.32109723829995e-12
14,7777,505,94,5.905274833353886e-12,1.8885927080418554e-11,8.219676166544826e-12
14,7777,505,95,4.621398798605971e-12,1.8801909746896465e-11,6.0223347042207514e-12
14,7777,505,96,3.068603641300196e-12,1.3822716604529139e-11,4.633987192439698e-12
14,7777,505,97,2.6972671772347042e-12,1.0448559787001542e-11,3.2576202745125614e-12
14,7777,505,98,2.5002370792068946e-12,9.034676888564374e-12,2.9230284726419103e-12
14,7777,505,99,1.9502608799207605e-12,7.069906204194081e-12,2.4591703832453195e-12
14,7777,505,100,1.81402977413131e-12,6.154432321900125e-12,1.968802798191519e-12
14,7777,505,101,1.5379657860045562e-12,5.281408500860169e-12,1.7742119766267275e-12
14,7777,505,102,1.3787765844474408e-12,4.448119470753316e-12,1.4049468492086735e-12
14,7777,505,103,7.332729738287493e-13,3.2710697773441034e-12,1.3026945637579343e-12
14,7777,505,104,5.703692775481953e-13,2.478107403454875e-12,8.934470506868109e-13
14,7777,505,105,4.5164551151418285e-13,2.2057178128699876e-12,6.741627591310898e-13
14,7777,505,106,2.928972114790458e-13,1.9826033200341278e-12,4.2634408232823484e-13
14,7777,505,107,2.602018813350878e-13,1.2053262551075425e-12,3.968516777937124e-13
14,7777,505,108,2.0578254602986457e-13,1.0614815543644359e-12,3.2205272941061405e-13
14,7777,505,109,1.646699263967419e-13,8.00890009079985e-13,2.8547600195344586e-13
14,7777,505,110,1.096115935897273e-13,6.019925478975482e-13,2.3232847250050163e-13
14,7777,505,111,7.04813351944716e-14,5.479258688176457e-13,1.6368331223321212e-13
14,7777,505,112,4.035696077860191e-14,4.5138202227026197e-13,1.3817764760202484e-13
14,7777,505,113,3.661702940005665e-14,3.018319770989682e-13,8.410283191878217e-14
14,7777,505,114,2.933759434560817e-14,2.8268765343818155e-13,6.005589560009703e-14
14,7777,505,115,1.4196996603681062e-14,2.6737475607718157e-13,3.490848625751457e-14
14,7777,505,116,1.2317829571788948e-14,1.866038675811076e-13,3.114478919780475e-14
14,7777,505,117,9.665157494759353e-15,1.2675930829387225e-13,2.283944469256729e-14
14,7777,505,118,7.523006123336654e-15,6.14249280332385e-14,2.0096631290961385e-14
14,7777,505,119,4.159259428407207e-15,4.353136718248496e-14,1.0972083994055497e-14
14,7777,505,120,3.959904126727798e-15,3.250967055278951e-14,6.4328685904674484e-15
14,7777,505,121,1.5166137165854707e-15,2.2697425597398857e-14,6.1016809471188946e-15
14,7777,505,122,9.999999999999948e-16,1.5538062322305472e-14,2.9603051024391976e-15
14,7777,505,123,9.999999999999948e-16,1.395384545576715e-14,1.5174885607805187e-15
14,7777,505,124,9.999999999999948e-16,7.092998749725575e-15,9.999999999999963e-16
14,7777,505,125,9.999999999999948e-16,9.99999999999998e-16,9.999999999999963e-16
14,7777,505,126,9.999999999999948e-16,9.99999999999998e-16,9.999999999999963e-16
14,7777,505,127,9.999999999999948e-16,9.99999999999998e-16,9.999999999999963e-16
14,7777,505,128,9.999999999999948e-16,9.99999999999998e-16,9.999999999999963e-16
14,8888,101,1,0.879955568832587,0.8803197064298296,0.8800288509622441
14,8888,101,2,0.03846460000617694,0.04038678418422646,0.03860721711697017
14,8888,101,3,0.03543986498115233,0.03563350695598333,0.035631658189385726
14,8888,101,4,0.01677583929923573,0.016526589163690465,0.016845300607129306
14,8888,101,5,0.01630878833452867,0.014502711184544041,0.016383592758865258
14,8888,101,6,0.005111773995089368,0.004926555561003303,0.005090830053434734
14,8888,101,7,0.002657774461360842,0.0025208230627392905,0.002698198913083315
14,8888,101,8,0.0011160666566210258,0.001136508075906218,0.0010163565680274605
14,8888,101,9,0.001028292487580358,0.0010898034911247284,0.0009930888586394805
14,8888,101,10,0.0006805597393875694,0.0006308867602546965,0.000586884973913663
14,8888,101,11,0.0004277332095367608,0.00039722511176397125,0.0003712842745551525
14,8888,101,12,0.0003867761238833204,0.00037592788743591964,0.0003373276553339063
14,8888,101,13,0.00031749166345870295,0.00027727942008462384,0.0002767788432915842
14,8888,101,14,0.0002880825072494552,0.0002668705349452234,0.00024141274816943817
14,8888,101,15,0.00018498123433653317,0.0002556842609046839,0.00017936627788169764
14,8888,101,16,0.00016985688066379777,0.0001747989843244149,0.00014781288027876117
14,8888,101,17,0.0001415521413142809,0.0001556200633236284,0.00012333215598976915
14,8888,101,18,0.0001323345030006278,9.882813168259119e-05,0.00011137262892798904
14,8888,101,19,0.00010415201230162852,7.732089041319628e-05,8.390756320076795e-05
14,8888,101,20,7.615831179818849e-05,5.679137970586916e-05,6.145989053633586e-05
14,8888,101,21,5.001993772113833e-05,5.015771813364821e-05,4.446151111227994e-05
14,8888,101,22,3.687122446635155e-05,1.9827398822506485e-05,3.0472091461956555e-05
14,8888,101,23,2.8932124359012417e-05,1.870068014768098e-05,2.3187580755924677e-05
14,8888,101,24,2.0544912204424256e-05,1.7170222489728105e-05,1.658901127898336e-05
14,8888,101,25,1.4398069215946112e-05,1.2421766582723355e-05,1.2784812825947603e-05
14,8888,101,26,1.0300938434676125e-05,9.132085747385207e-06,8.533005441814055e-06
14,8888,101,27,8.60577913898823e-06,8.051055276399226e-06,6.3662342568150675e-06
14,8888,101,28,8.19436419352941e-06,6.9355751096583356e-06,6.222195902443918e-06
14,8888,101,29,7.599006280379483e-06,6.7120826029578e-06,5.536617657814904e-06
14,8888,101,30,7.4984107331935326e-06,6.378641547832921e-06,4.690046797016474e-06
14,8888,101,31,5.786853810418042e-06,5.324049023336404e-06,3.731684569178048e-06
14,8888,101,32,4.793023894484418e-06,4.2390082200147834e-06,2.6949495990026362e-06
14,8888,101,33,4.0101199869342335e-06,3.389409291781202e-06,2.339508538316052e-06
14,8888,101,34,3.3589960849229645e-06,3.3519394422972956e-06,2.272802431018298e-06
14,8888,101,35,3.0498457497213932e-06,3.1809931099800247e-06,2.0456082272966214e-06
14,8888,101,36,2.610981356220757e-06,1.9539448283892566e-06,1.668370475256186e-06
14,8888,101,37,2.298401153616662e-06,1.8601554634943548e-06,1.6373799948136165e-06
14,8888,101,38,1.7278676991885898e-06,1.7663218127407175e-06,1.1832632925697175e-06
14,8888,101,39,1.4756983947117756e-06,1.3130565325634318e-06,1.1306256892581262e-06
14,8888,101,40,1.4526886092046971e-06,1.087864610424941e-06,9.402202388951917e-07
14,8888,101,41,1.1229705994262624e-06,1.0812328886556503e-06,8.654916856203817e-07
14,8888,101,42,1.091599045420677e-06,9.27728425953189e-07,7.521162051602407e-07
14,8888,101,43,8.865553053180385e-07,7.609335399141723e-07,5.957773715697634e-07
14,8888,101,44,8.47337200204591e-07,6.045255365182424e-07,4.7096546212865275e-07
14,8888,101,45,7.555543425289678e-07,5.613198761282729e-07,4.1714941175935655e-07
14,8888,101,46,5.099804758486753e-07,4.434000968274506e-07,3.967875516583672e-07
14,8888,101,47,4.421378139374971e-07,4.290720816031313e-07,3.62534032724912e-07
14,8888,101,48,3.7728340116547435e-07,3.1384785588294944e-07,2.719763762047676e-07
14,8888,101,49,3.3471118984087177e-07,2.7060811698340134e-07,2.39437241902793e-07
14,8888,101,50,2.730277976734884e-07,2.3274809321387906e-07,1.917751158538844e-07
14,8888,101,51,2.514137046879712e-07,1.836962335562147e-07,1.4818552581449976e-07
14,8888,101,52,1.9807018663997327e-07,1.2655855445181048e-07,1.2260682400592394e-07
14,8888,101,53,1.3766105419694394e-07,1.2185275279540902e-07,9.152918896388648e-08
14,8888,101,54,1.208547333308938e-07,1.1008521276443176e-07,7.100027440599263e-08
14,8888,101,55,1.1149784574597684e-07,9.859225044460773e-08,6.707652850333267e-08
14,8888,101,56,9.937920989682276e-08,7.398715706418143e-08,6.425878327593959e-08
14,8888,101,57,9.001895763917936e-08,6.330480535224768e-08,4.761086016045128e-08
14,8888,101,58,6.998874036099339e-08,5.74662430191843e-08,4.162361531930055e-08
14,8888,101,59,6.667027767692108e-08,4.850897898217731e-08,3.357341958551533e-08
14,8888,101,60,5.218735539364035e-08,4.007808758159169e-08,2.618662073841037e-08
14,8888,101,61,4.375995807541237e-08,3.459008251338492e-08,2.302092141312041e-08
14,8888,101,62,3.760720126809382e-08,2.908057443206912e-08,2.0465949552623574e-08
14,8888,101,63,3.336915122410569e-08,2.5643037359289498e-08,1.906193131443169e-08
14,8888,101,64,3.0909181475679076e-08,2.417649593363773e-08,1.6358649518878105e-08
14,8888,101,65,2.9160942890140066e-08,2.3697602415179694e-08,1.4891406976629919e-08
14,8888,101,66,2.553188309247947e-08,2.1472721420062915e-08,1.474408734901311e-08
14,8888,101,67,2.4298005197193633e-08,1.9552232798176752e-08,1.1148700276515346e-08
14,8888,101,68,2.1292136890048215e-08,1.3912314672824731e-08,1.0883023053648319e-08
14,8888,101,69,1.71408622550401e-08,1.183720921795087e-08,1.0262084034771437e-08
14,8888,101,70,1.6202922738521884e-08,9.582983580066243e-09,8.516798539500855e-09
14,8888,101,71,1.4011439621294271e-08,8.28960105963401e-09,7.0101038810098675e-09
14,8888,101,72,1.3021607649594364e-08,7.834671306247908e-09,5.949448813640706e-09
14,8888,101,73,1.232747217544738e-08,6.669416498707988e-09,5.419010980760782e-09
14,8888,101,74,1.146503930091314e-08,5.185511168941371e-09,5.17965039717648e-09
14,8888,101,75,9.84120886866061e-09,4.821924632916201e-09,4.8225258322988e-09
14,8888,101,76,7.948028128902478e-09,4.150993735040807e-09,3.818535796273083e-09
14,8888,101,77,6.070327520286949e-09,3.927037066454216e-09,3.722970454294522e-09
14,8888,101,78,5.604461459310855e-09,3.15185120013558e-09,3.12980113417581e-09
14,8888,101,79,4.094753783709565e-09,2.9500022493540198e-09,2.236024168640674e-09
14,8888,101,80,3.800470153951108e-09,2.6666886359246012e-09,1.9112955291623605e-09
14,8888,101,81,2.8503629163643185e-09,1.9414614438726874e-09,1.4756215176066895e-09
14,8888,101,82,2.6588029887844463e-09,1.847479972261444e-09,1.13827432344654e-09
14,8888,101,83,2.2626481715415703e-09,1.1885557426201613e-09,8.586988340375928e-10
14,8888,101,84,2.090226546390827e-09,1.0170768702542165e-09,8.501445441889541e-10
14,8888,101,85,1.175045639941819e-09,7.223420278391134e-10,7.996956509612602e-10
14,8888,101,86,1.0935361648423579e-09,6.62797169364844e-10,6.294907612075489e-10
14,8888,101,87,8.443167316936952e-10,6.295003418697413e-10,4.759741883406447e-10
14,8888,101,88,7.542854808058776e-10,5.990688178518784e-10,3.9337369000497395e-10
14,8888,101,89,5.409609249403385e-10,5.178649548911273e-10,2.693732297101997e-10
14,8888,101,90,3.9731483483066504e-10,4.370886619264623e-10,2.5003534422471147e-10
14,8888,101,91,3.870767464795638e-10,3.5840129390927484e-10,2.110176248634522e-10
14,8888,101,92,3.8291971682820133e-10,3.266086955843684e-10,1.6826988593994747e-10
14,8888,101,93,2.5893339966841845e-10,2.5607932695326827e-10,1.6173555813971586e-10
14,8888,101,94,2.2135164116683142e-10,2.5062578933196806e-10,1.2089121200284277e-10
14,8888,101,95,2.1937857990222534e-10,1.76296329519758e-10,9.007890869365892e-11
14,8888,101,96,1.849577231129892e-10,1.4135697082585618e-10,7.513421914602388e-11
14,8888,101,97,1.2859206542273454e-10,1.180886047550596e-10,7.006927274835625e-11
14,8888,101,98,9.043695430819444e-11,1.0306662491883616e-10,6.264554576907202e-11
14,8888,101,99,6.857940503522698e-11,9.678897358504995e-11,3.998224579094957e-11
14,8888,101,100,6.425682774073908e-11,6.691040148198551e-11,3.481316432324515e-11
14,8888,101,101,5.642486360061801e-11,5.643086487600373e-11,3.1414472157083105e-11
14,8888,101,102,4.815575623822213e-11,4.8335296308003864e-11,2.6858902077469866e-11
14,8888,101,103,4.551343227295905e-11,3.870101841712828e-11,2.2811420283602943e-11
14,8888,101,104,3.389370667290275e-11,3.074987055637292e-11,1.665069544826425e-11
14,8888,101,105,3.1263025004280936e-11,2.7472164494076003e-11,1.440869952031765e-11
14,8888,101,106,2.6084238656154496e-11,2.3398719076688763e-11,1.3409663856552713e-11
14,8888,101,107,2.583087140268583e-11,1.7434114155181175e-11,9.280821842603114e-12
14,8888,101,108,2.3828357449525664e-11,1.675905592744309e-11,8.907103177895795e-12
14,8888,101,109,1.7969848182691427e-11,8.019591798010124e-12,6.445192120229874e-12
14,8888,101,110,1.0167215866984405e-11,7.811179575901207e-12,5.6019707997445545e-12
14,8888,101,111,7.251539654911738e-12,6.447055773774945e-12,3.150452314361422e-12
14,8888,101,112,5.9240406258381555e-12,5.6127317017792855e-12,2.945099782320587e-12
14,8888,101,113,4.206069403060991e-12,3.4200998525464297e-12,2.7426241736326707e-12
14,8888,101,114,2.805470591950895e-12,3.076378174565626e-12,1.692282933438475e-12
14,8888,101,115,2.2739076690719566e-12,1.9456248778074727e-12,1.167200752603084e-12
14,8888,101,116,1.3279689070140453e-12,1.872675570295825e-12,8.706362944134451e-13
14,8888,101,117,9.312218252142515e-13,1.1684985650375077e-12,4.0281858006076554e-13
14,8888,101,118,3.235867489929102e-13,4.949455499624193e-13,1.7644364368670414e-13
14,8888,101,119,2.8997559484833467e-13,4.2247098975870303e-13,1.6260351100290153e-13
14,8888,101,120,2.1587183021872559e-13,2.0669113992234562e-13,5.967532358112272e-14
14,8888,101,121,1.28378643499339e-13,1.1921800257582559e-13,5.250097188159904e-14
14,8888,101,122,7.474834643236114e-14,9.027471411502811e-14,2.3611784222139388e-14
14,8888,101,123,4.3822062075452435e-14,4.8463743888395686e-14,1.0211629071256695e-14
14,8888,101,124,2.6193490273637145e-14,4.089512848766079e-14,5.716908816554689e-15
14,8888,101,125,1.3443019992062077e-14,2.0260324267982217e-14,4.214003323788354e-15
14,8888,101,126,4.691631586686753e-15,1.486761582273807e-14,3.63631261779649e-15
14,8888,101,127,2.4161479550549883e-15,5.600861098868943e-15,9.999999999999987e-16
14,8888,101,128,9.99999999999999e-16,9.999999999999995e-16,9.999999999999987e-16
14,8888,202,1,0.879955568832587,0.8811745029432736,0.8827925157339152
14,8888,202,2,0.03846460000617694,0.038621073382824375,0.037350305388358505
14,8888,202,3,0.03543986498115233,0.03548646832568261,0.03477994995209777
14,8888,202,4,0.01677583929923573,0.01653928971200221,0.016964817978318055
14,8888,202,5,0.01630878833452867,0.01552450040335758,0.016279467089408865
14,8888,202,6,0.005111773995089368,0.0049120732292420735,0.0049892603015647624
14,8888,202,7,0.002657774461360842,0.00254290380880799,0.0025721812665275867
14,8888,202,8,0.0011160666566210258,0.0010970821050703143,0.0009165530464269333
14,8888,202,9,0.001028292487580358,0.0010563193526736015,0.0008130026296323348
14,8888,202,10,0.0006805597393875694,0.0007431141555117478,0.0005717847923911285
14,8888,202,11,0.0004277332095367608,0.00042924575168914883,0.0003851356457023225
14,8888,202,12,0.0003867761238833204,0.0003698477374331326,0.00031163009401633234
14,8888,202,13,0.00031749166345870295,0.0002880778494934612,0.00027772491750696393
14,8888,202,14,0.0002880825072494552,0.0002816939955221723,0.00021268997482331737
14,8888,202,15,0.00018498123433653317,0.00018502352437759596,0.0001488982062505995
14,8888,202,16,0.00016985688066379777,0.00016260046791113087,0.00012015270050062806
14,8888,202,17,0.0001415521413142809,0.00013144952822123014,0.00011727301206746682
14,8888,202,18,0.0001323345030006278,0.00010954886365697244,9.621284025357678e-05
14,8888,202,19,0.00010415201230162852,7.431977614571335e-05,7.306836355538961e-05
14,8888,202,20,7.615831179818849e-05,5.760304406319111e-05,5.929711779231047e-05
14,8888,202,21,5.001993772113833e-05,4.8371945001395985e-05,4.2244328077069266e-05
14,8888,202,22,3.687122446635155e-05,3.28665990113405e-05,2.774168677836015e-05
14,8888,202,23,2.8932124359012417e-05,2.2831572026758418e-05,2.496079002464178e-05
14,8888,202,24,2.0544912204424256e-05,2.2151491385060173e-05,1.2133586766550745e-05
14,8888,202,25,1.4398069215946112e-05,1.1870313307273544e-05,1.0111619662769678e-05
14,8888,202,26,1.0300938434676125e-05,1.0008312818226819e-05,6.559275676108604e-06
14,8888,202,27,8.60577913898823e-06,9.268917251047513e-06,5.688330404682204e-06
14,8888,202,28,8.19436419352941e-06,8.703499519068003e-06,5.087825825868517e-06
14,8888,202,29,7.599006280379483e-06,6.955215194352959e-06,4.983602258682782e-06
14,8888,202,30,7.4984107331935326e-06,5.657884446068202e-06,4.255716208569704e-06
14,8888,202,31,5.786853810418042e-06,5.570591252022904e-06,3.7336473190871245e-06
14,8888,202,32,4.793023894484418e-06,4.659042493851286e-06,3.093750788657358e-06
14,8888,202,33,4.0101199869342335e-06,4.318451374305797e-06,2.3633845333376254e-06
14,8888,202,34,3.3589960849229645e-06,2.999519045614016e-06,2.196934952150145e-06
14,8888,202,35,3.0498457497213932e-06,2.415026850192382e-06,1.72038228411583e-06
14,8888,202,36,2.610981356220757e-06,1.8736051870429624e-06,1.660353682046149e-06
14,8888,202,37,2.298401153616662e-06,1.6505964049811098e-06,1.4056832535077715e-06
14,8888,202,38,1.7278676991885898e-06,1.6277619614581735e-06,1.2301302281169677e-06
14,8888,202,39,1.4756983947117756e-06,1.4834280818827559e-06,1.0488472572877452e-06
14,8888,202,40,1.4526886092046971e-06,1.3592140516372346e-06,8.097913098935923e-07
14,8888,202,41,1.1229705994262624e-06,9.091632774804331e-07,7.331767597161659e-07
14,8888,202,42,1.091599045420677e-06,8.325008389801735e-07,6.946388143761793e-07
14,8888,202,43,8.865553053180385e-07,6.492559837219626e-07,6.302913879856923e-07
14,8888,202,44,8.47337200204591e-07,5.829105504207009e-07,5.354964279565979e-07
14,8888,202,45,7.555543425289678e-07,5.438015263453917e-07,4.197533027220458e-07
14,8888,202,46,5.099804758486753e-07,5.299625399181239e-07,3.469642254079679e-07
14,8888,202,47,4.421378139374971e-07,3.6639523933517325e-07,2.812085882796726e-07
14,8888,202,48,3.7728340116547435e-07,2.914540449137147e-07,2.2819825082689667e-07
14,8888,202,49,3.3471118984087177e-07,2.513802794197958e-07,1.9186556564435577e-07
14,8888,202,50,2.730277976734884e-07,2.0691621934672976e-07,1.7379100560904632e-07
14,8888,202,51,2.514137046879712e-07,1.791593426603071e-07,1.332481188288124e-07
14,8888,202,52,1.9807018663997327e-07,1.6557839033586406e-07,9.451535765140777e-08
14,8888,202,53,1.3766105419694394e-07,1.5665657685400257e-07,8.827842758575446e-08
14,8888,202,54,1.208547333308938e-07,1.2969503819997683e-07,8.055654329013829e-08
14,8888,202,55,1.1149784574597684e-07,1.013207202016901e-07,5.149863656705663e-08
14,8888,202,56,9.937920989682276e-08,9.441496337736224e-08,4.9072171002766035e-08
14,8888,202,57,9.001895763917936e-08,7.776355181051057e-08,3.60634036625543e-08
14,8888,202,58,6.998874036099339e-08,6.556695932424338e-08,3.5254117478444224e-08
14,8888,202,59,6.667027767692108e-08,6.445326059176547e-08,3.0002207591637534e-08
14,8888,202,60,5.218735539364035e-08,5.3116688439779855e-08,2.8827244935295672e-08
14,8888,202,61,4.375995807541237e-08,4.923404005343479e-08,2.3550247806670618e-08
14,8888,202,62,3.760720126809382e-08,4.220004378779862e-08,1.983786813045444e-08
14,8888,202,63,3.336915122410569e-08,3.5459356212993404e-08,1.6956798177481377e-08
14,8888,202,64,3.0909181475679076e-08,2.7303707160595204e-08,1.481383741323624e-08
14,8888,202,65,2.9160942890140066e-08,2.7099391823759902e-08,1.2933504572352634e-08
14,8888,202,66,2.553188309247947e-08,2.4322743155534277e-08,1.177370660263336e-08
14,8888,202,67,2.4298005197193633e-08,2.1820128470693586e-08,1.0565883960845316e-08
14,8888,202,68,2.1292136890048215e-08,2.1540607040046336e-08,9.758671603959564e-09
14,8888,202,69,1.71408622550401e-08,1.8354407976766136e-08,9.084625729223627e-09
14,8888,202,70,1.6202922738521884e-08,1.534795027352394e-08,8.266759709305287e-09
14,8888,202,71,1.4011439621294271e-08,1.2483975255695832e-08,7.005831427468274e-09
14,8888,202,72,1.3021607649594364e-08,1.2234097655785382e-08,6.720715117855092e-09
14,8888,202,73,1.232747217544738e-08,1.0137410932762474e-08,5.980626417097719e-09
14,8888,202,74,1.146503930091314e-08,7.361693269974678e-09,4.7157905682719e-09
14,8888,202,75,9.84120886866061e-09,6.7819619644060454e-09,4.2577902762619034e-09
14,8888,202,76,7.948028128902478e-09,5.913962274823237e-09,3.568645275652472e-09
14,8888,202,77,6.070327520286949e-09,4.841063454279022e-09,2.8222718864359496e-09
14,8888,202,78,5.604461459310855e-09,3.491591172567189e-09,2.4260481469947285e-09
14,8888,202,79,4.094753783709565e-09,3.462195084941659e-09,1.979333081500883e-09
14,8888,202,80,3.800470153951108e-09,2.6771795525003816e-09,1.8281403527269775e-09
14,8888,202,81,2.8503629163643185e-09,2.1268623368970635e-09,1.3468283828517192e-09
14,8888,202,82,2.6588029887844463e-09,1.6328207783008359e-09,1.1978969164569548e-09
14,8888,202,83,2.2626481715415703e-09,1.5507333511791e-09,1.079793032005583e-09
14,8888,202,84,2.090226546390827e-09,1.471726009344273e-09,8.528531043354554e-10
14,8888,202,85,1.175045639941819e-09,1.1519794404774362e-09,5.502823866026751e-10
14,8888,202,86,1.0935361648423579e-09,1.0286786040860772e-09,4.190036043408147e-10
14,8888,202,87,8.443167316936952e-10,9.148885211875979e-10,4.093018791494414e-10
14,8888,202,88,7.542854808058776e-10,8.520227407102107e-10,3.4477681201161575e-10
14,8888,202,89,5.409609249403385e-10,7.982144341090327e-10,2.7692796447325943e-10
14,8888,202,90,3.9731483483066504e-10,6.545770455825701e-10,2.0578438426935868e-10
14,8888,202,91,3.870767464795638e-10,5.300465933759267e-10,1.6859698137585446e-10
14,8888,202,92,3.8291971682820133e-10,4.771054742771235e-10,1.3838964977604001e-10
14,8888,202,93,2.5893339966841845e-10,3.958769511242087e-10,1.1193267116818774e-10
14,8888,202,94,2.2135164116683142e-10,3.259924116111488e-10,1.0371057334850542e-10
14,8888,202,95,2.1937857990222534e-10,2.7931057262229323e-10,9.71143436471719e-11
14,8888,202,96,1.849577231129892e-10,2.333903154246212e-10,8.101282041747058e-11
14,8888,202,97,1.2859206542273454e-10,1.6493450450437287e-10,7.015132353709794e-11
14,8888,202,98,9.043695430819444e-11,1.4030200341184203e-10,4.9327865526009187e-11
14,8888,202,99,6.857940503522698e-11,1.2659753181161663e-10,4.667152628112435e-11
14,8888,202,100,6.425682774073908e-11,1.1836903654994585e-10,4.349402232030539e-11
14,8888,202,101,5.642486360061801e-11,1.1352643887440661e-10,2.758637273381729e-11
14,8888,202,102,4.815575623822213e-11,8.71335943300383e-11,2.6589260303990747e-11
14,8888,202,103,4.551343227295905e-11,6.045021422331863e-11,2.27435631471658e-11
14,8888,202,104,3.389370667290275e-11,5.3383191500608635e-11,1.300906527666847e-11
14,8888,202,105,3.1263025004280936e-11,4.750454642513931e-11,1.0246530739063536e-11
14,8888,202,106,2.6084238656154496e-11,3.923633795831946e-11,9.515496868252944e-12
14,8888,202,107,2.583087140268583e-11,3.3176618432411426e-11,7.668645014113374e-12
14,8888,202,108,2.3828357449525664e-11,2.839133509137858e-11,5.522680464212973e-12
14,8888,202,109,1.7969848182691427e-11,2.009346878906938e-11,4.563919232476698e-12
14,8888,202,110,1.0167215866984405e-11,1.3841214490893692e-11,3.2263430893573964e-12
14,8888,202,111,7.251539654911738e-12,1.331254941935282e-11,2.3753999379081875e-12
14,8888,202,112,5.9240406258381555e-12,1.0675593380941697e-11,1.6945455141527817e-12
14,8888,202,113,4.206069403060991e-12,9.853444001033554e-12,1.4695489324636964e-12
14,8888,202,114,2.805470591950895e-12,6.716302926180411e-12,1.2610955097956434e-12
14,8888,202,115,2.2739076690719566e-12,3.4920185438520264e-12,1.10490382523426e-12
14,8888,202,116,1.3279689070140453e-12,2.5108907442984695e-12,5.170723472791307e-13
14,8888,202,117,9.312218252142515e-13,1.607362995218074e-12,4.246845691262481e-13
14,8888,202,118,3.235867489929102e-13,9.262211469166793e-13,2.0782450363851971e-13
14,8888,202,119,2.8997559484833467e-13,7.678791474010137e-13,1.4947619342566968e-13
14,8888,202,120,2.1587183021872559e-13,5.388917543590241e-13,1.200987423914588e-13
14,8888,202,121,1.28378643499339e-13,4.696201694539956e-13,4.023567071892562e-14
14,8888,202,122,7.474834643236114e-14,4.546105873095722e-13,2.753015519549319e-14
14,8888,202,123,4.3822062075452435e-14,1.9709609581680603e-13,1.2021368108370569e-14
14,8888,202,124,2.6193490273637145e-14,9.727944405590413e-14,8.992333837027025e-15
14,8888,202,125,1.3443019992062077e-14,5.721832338558635e-14,4.682302770923099e-15
14,8888,202,126,4.691631586686753e-15,2.9767085235604925e-14,2.8166168894954408e-15
14,8888,202,127,2.4161479550549883e-15,4.587453524574176e-15,9.999999999999987e-16
14,8888,202,128,9.99999999999999e-16,1.4737558021142686e-15,9.999999999999987e-16
14,8888,303,1,0.879955568832587,0.8808029108189698,0.8794249965199379
14,8888,303,2,0.03846460000617694,0.039326491312556465,0.03859172950815257
14,8888,303,3,0.03543986498115233,0.03580971740938527,0.03574445544177091
14,8888,303,4,0.01677583929923573,0.016405540240512596,0.01716762679880665
14,8888,303,5,0.01630878833452867,0.015037228834261222,0.016632648089863835
14,8888,303,6,0.005111773995089368,0.004938294524354249,0.005121723957104905
14,8888,303,7,0.002657774461360842,0.0025869471282647266,0.0026637973130036706
14,8888,303,8,0.0011160666566210258,0.001203616118983781,0.0010978520937042129
14,8888,303,9,0.001028292487580358,0.0009902627945745312,0.0008878740343294477
14,8888,303,10,0.0006805597393875694,0.0006772713605781436,0.0005627325430934258
14,8888,303,11,0.0004277332095367608,0.00044138505966216917,0.00038216351005472744
14,8888,303,12,0.0003867761238833204,0.0003328887806338021,0.0003446230494293522
14,8888,303,13,0.00031749166345870295,0.00028516075748627516,0.00024738208470808493
14,8888,303,14,0.0002880825072494552,0.0002731904791427215,0.0002297834331366552
14,8888,303,15,0.00018498123433653317,0.00019395354440330818,0.00018572075710288484
14,8888,303,16,0.00016985688066379777,0.00015252675804455648,0.00014735098194849312
14,8888,303,17,0.0001415521413142809,0.0001193687431074601,0.00013251048909337733
14,8888,303,18,0.0001323345030006278,9.359106786416915e-05,0.00010382666131086538
14,8888,303,19,0.00010415201230162852,6.560780602975207e-05,7.702558269855426e-05
14,8888,303,20,7.615831179818849e-05,5.898625694540182e-05,6.947539040730855e-05
14,8888,303,21,5.001993772113833e-05,4.97957723740547e-05,3.992790092115509e-05
14,8888,303,22,3.687122446635155e-05,2.892699341069961e-05,3.388913499802002e-05
14,8888,303,23,2.8932124359012417e-05,2.359652768862327e-05,2.6946777136518023e-05
14,8888,303,24,2.0544912204424256e-05,2.201400957223096e-05,1.651233502858008e-05
14,8888,303,25,1.4398069215946112e-05,1.4343674541040552e-05,1.3325044516598766e-05
14,8888,303,26,1.0300938434676125e-05,1.1259946734919813e-05,9.044304667631454e-06
14,8888,303,27,8.60577913898823e-06,9.108736166381484e-06,5.500730191106575e-06
14,8888,303,28,8.19436419352941e-06,7.135834346919187e-06,5.129561335400869e-06
14,8888,303,29,7.599006280379483e-06,6.1538059302979e-06,4.527844051108227e-06
14,8888,303,30,7.4984107331935326e-06,4.489235899302731e-06,4.43242801561169e-06
14,8888,303,31,5.786853810418042e-06,3.998633245396452e-06,3.6345312203688594e-06
14,8888,303,32,4.793023894484418e-06,3.6359138732784477e-06,2.6943301691334105e-06
14,8888,303,33,4.0101199869342335e-06,2.459600267008866e-06,2.4852409601893236e-06
14,8888,303,34,3.3589960849229645e-06,2.3850294027285023e-06,2.2667581176843e-06
14,8888,303,35,3.0498457497213932e-06,2.2021411831692732e-06,1.8440055291594274e-06
14,8888,303,36,2.610981356220757e-06,1.9537826137111284e-06,1.69329170446204e-06
14,8888,303,37,2.298401153616662e-06,1.6551667789254314e-06,1.5850887877842356e-06
14,8888,303,38,1.7278676991885898e-06,1.3500706614185173e-06,1.412984446337643e-06
14,8888,303,39,1.4756983947117756e-06,1.2827624902377477e-06,1.2134236600953043e-06
14,8888,303,40,1.4526886092046971e-06,1.2603728242809618e-06,1.0300356263672427e-06
14,8888,303,41,1.1229705994262624e-06,8.417491903451935e-07,8.917178618939418e-07
14,8888,303,42,1.091599045420677e-06,7.103055189325029e-07,7.774592303244327e-07
14,8888,303,43,8.865553053180385e-07,6.013458003436743e-07,6.808623258298387e-07
14,8888,303,44,8.47337200204591e-07,5.98321276081797e-07,5.778594608911931e-07
14,8888,303,45,7.555543425289678e-07,4.595671196356895e-07,4.19156632051759e-07
14,8888,303,46,5.099804758486753e-07,3.747706398831493e-07,3.161564257478589e-07
14,8888,303,47,4.421378139374971e-07,3.3501619983941073e-07,2.6908366096575066e-07
14,8888,303,48,3.7728340116547435e-07,2.462824000595366e-07,2.60148925781281e-07
14,8888,303,49,3.3471118984087177e-07,2.2571107591140158e-07,2.2200571732560117e-07
14,8888,303,50,2.730277976734884e-07,2.2304109615125448e-07,1.7786932924185876e-07
14,8888,303,51,2.514137046879712e-07,1.8393756905452157e-07,1.6017246066104785e-07
14,8888,303,52,1.9807018663997327e-07,1.7671291792798245e-07,1.283517848057399e-07
14,8888,303,53,1.3766105419694394e-07,1.5168091210331856e-07,1.1700329644042442e-07
14,8888,303,54,1.208547333308938e-07,1.255360242018382e-07,9.424376084926195e-08
14,8888,303,55,1.1149784574597684e-07,1.229083335829493e-07,7.473224679222146e-08
14,8888,303,56,9.937920989682276e-08,1.0715115509844615e-07,6.51113011481247e-08
14,8888,303,57,9.001895763917936e-08,9.245396067480357e-08,5.6477082320878576e-08
14,8888,303,58,6.998874036099339e-08,6.060212023157656e-08,5.337158505803762e-08
14,8888,303,59,6.667027767692108e-08,5.904098547394322e-08,3.3437737271031614e-08
14,8888,303,60,5.218735539364035e-08,4.953871872797764e-08,3.1107669333443586e-08
14,8888,303,61,4.375995807541237e-08,4.433658417359654e-08,2.4585092122857786e-08
14,8888,303,62,3.760720126809382e-08,3.430184167148455e-08,2.05989091732371e-08
14,8888,303,63,3.336915122410569e-08,2.980144727999905e-08,1.9429208844250386e-08
14,8888,303,64,3.0909181475679076e-08,2.7979877444733455e-08,1.5573613538279323e-08
14,8888,303,65,2.9160942890140066e-08,2.4987563759603558e-08,1.4642154421507322e-08
14,8888,303,66,2.553188309247947e-08,2.2317652951297455e-08,1.3779813337800923e-08
14,8888,303,67,2.4298005197193633e-08,2.1334682529366637e-08,1.1090966272054944e-08
14,8888,303,68,2.1292136890048215e-08,1.6073501436488984e-08,9.662791834240733e-09
14,8888,303,69,1.71408622550401e-08,1.2849039513475966e-08,9.01820625548556e-09
14,8888,303,70,1.6202922738521884e-08,1.1248520811915282e-08,8.757109666967693e-09
14,8888,303,71,1.4011439621294271e-08,8.972312226934532e-09,7.854615730768382e-09
14,8888,303,72,1.3021607649594364e-08,8.746650666579486e-09,7.118545599038536e-09
14,8888,303,73,1.232747217544738e-08,6.4173891120027005e-09,5.8457118854264555e-09
14,8888,303,74,1.146503930091314e-08,5.599552637910706e-09,4.3452479494325366e-09
14,8888,303,75,9.84120886866061e-09,4.819904082152769e-09,3.91937143683608e-09
14,8888,303,76,7.948028128902478e-09,3.942882382494422e-09,3.62971958354162e-09
14,8888,303,77,6.070327520286949e-09,3.5229384388520585e-09,3.3782066989160537e-09
14,8888,303,78,5.604461459310855e-09,3.124849801634687e-09,2.701401791633229e-09
14,8888,303,79,4.094753783709565e-09,2.199851786325296e-09,1.957511208550262e-09
14,8888,303,80,3.800470153951108e-09,1.922562807416543e-09,1.6977167608301174e-09
14,8888,303,81,2.8503629163643185e-09,1.5650126586494901e-09,1.4680085684306523e-09
14,8888,303,82,2.6588029887844463e-09,1.5354833465007185e-09,1.3819275877628342e-09
14,8888,303,83,2.2626481715415703e-09,1.3206559859834488e-09,1.2077745761502437e-09
14,8888,303,84,2.090226546390827e-09,1.1040417916252374e-09,1.0544145585438366e-09
14,8888,303,85,1.175045639941819e-09,1.0288752048083957e-09,9.462062574312771e-10
14,8888,303,86,1.0935361648423579e-09,8.899794787018571e-10,7.222179580535721e-10
14,8888,303,87,8.443167316936952e-10,8.334733101374227e-10,5.776209950732143e-10
14,8888,303,88,7.542854808058776e-10,5.392776308318168e-10,5.503581480031393e-10
14,8888,303,89,5.409609249403385e-10,5.106391449884714e-10,4.533573227152715e-10
14,8888,303,90,3.9731483483066504e-10,4.553014555612861e-10,3.0931332193341975e-10
14,8888,303,91,3.870767464795638e-10,3.077001322794522e-10,2.633149221295917e-10
14,8888,303,92,3.8291971682820133e-10,2.8627682012899403e-10,1.9918283381089092e-10
14,8888,303,93,2.5893339966841845e-10,2.3853407366058387e-10,1.6510050330426796e-10
14,8888,303,94,2.2135164116683142e-10,1.9328902441877253e-10,1.5312496436259662e-10
14,8888,303,95,2.1937857990222534e-10,1.7889725817260295e-10,1.2400635718925048e-10
14,8888,303,96,1.849577231129892e-10,1.493574801176574e-10,1.0592569720589466e-10
14,8888,303,97,1.2859206542273454e-10,1.3785950735635862e-10,8.245126084717981e-11
14,8888,303,98,9.043695430819444e-11,1.3049511118177988e-10,7.214588551718334e-11
14,8888,303,99,6.857940503522698e-11,1.1639335818240912e-10,4.942723092560852e-11
14,8888,303,100,6.425682774073908e-11,1.081122285898613e-10,3.6031497290613774e-11
14,8888,303,101,5.642486360061801e-11,6.978187924597058e-11,3.1674450732483266e-11
14,8888,303,102,4.815575623822213e-11,6.64837335749269e-11,2.7612777361050252e-11
14,8888,303,103,4.551343227295905e-11,5.525139456678359e-11,2.3681455712036166e-11
14,8888,303,104,3.389370667290275e-11,5.3252540562510336e-11,1.6973679151206957e-11
14,8888,303,105,3.1263025004280936e-11,2.9558263910361764e-11,1.5503883819984504e-11
14,8888,303,106,2.6084238656154496e-11,2.7728357032411847e-11,1.29666370438894e-11
14,8888,303,107,2.583087140268583e-11,2.338950721326606e-11,1.1425613238438943e-11
14,8888,303,108,2.3828357449525664e-11,2.2097746584912935e-11,9.258238506629394e-12
14,8888,303,109,1.7969848182691427e-11,1.121032065897366e-11,7.032775508768839e-12
14,8888,303,110,1.0167215866984405e-11,9.102700966913502e-12,5.620880356694091e-12
14,8888,303,111,7.251539654911738e-12,7.737353696557642e-12,2.723074166144924e-12
14,8888,303,112,5.9240406258381555e-12,3.991293624917574e-12,2.30086994535555e-12
14,8888,303,113,4.206069403060991e-12,3.163315890045007e-12,1.7785317129327583e-12
14,8888,303,114,2.805470591950895e-12,2.299913435521605e-12,1.5481229417911236e-12
14,8888,303,115,2.2739076690719566e-12,2.0884521616872277e-12,1.0538870719907157e-12
14,8888,303,116,1.3279689070140453e-12,1.932050924042437e-12,7.921343448540766e-13
14,8888,303,117,9.312218252142515e-13,1.0669928200897372e-12,4.427710277573963e-13
14,8888,303,118,3.235867489929102e-13,5.46372649422861e-13,2.0183277067304065e-13
14,8888,303,119,2.8997559484833467e-13,4.654400315307544e-13,1.2027379849531573e-13
14,8888,303,120,2.1587183021872559e-13,3.0927254392485975e-13,1.0073051242050704e-13
14,8888,303,121,1.28378643499339e-13,1.9297090647362548e-13,5.051862737838356e-14
14,8888,303,122,7.474834643236114e-14,1.4019725725239826e-13,3.8997919839395367e-14
14,8888,303,123,4.3822062075452435e-14,1.0850736310927484e-13,1.8766292635603596e-14
14,8888,303,124,2.6193490273637145e-14,3.807451349690441e-14,9.923609939110353e-15
14,8888,303,125,1.3443019992062077e-14,1.6957924693727255e-14,4.776472812041998e-15
14,8888,303,126,4.691631586686753e-15,4.266440054986345e-15,1.8021822055343097e-15
14,8888,303,127,2.4161479550549883e-15,1.3709652414869613e-15,9.99999999999998e-16
14,8888,303,128,9.99999999999999e-16,9.999999999999999e-16,9.99999999999998e-16
14,8888,404,1,0.879955568832587,0.8802709695343394,0.8802165444815016
14,8888,404,2,0.03846460000617694,0.03900072327230045,0.03851155566777345
14,8888,404,3,0.03543986498115233,0.036240961116689396,0.03601053906115357
14,8888,404,4,0.01677583929923573,0.016925237717021622,0.016736874817808615
14,8888,404,5,0.01630878833452867,0.01510467948058096,0.01644016550820323
14,8888,404,6,0.005111773995089368,0.004924082621439536,0.004942931825012242
14,8888,404,7,0.002657774461360842,0.0026649248502311797,0.0026411287571730183
14,8888,404,8,0.0011160666566210258,0.0011121783660069744,0.001017412184213899
14,8888,404,9,0.001028292487580358,0.0010269117281480188,0.0007619084674507257
14,8888,404,10,0.0006805597393875694,0.0006016106185869012,0.0005976025883990746
14,8888,404,11,0.0004277332095367608,0.0003714685434374293,0.0003789342291275658
14,8888,404,12,0.0003867761238833204,0.0003133660757174494,0.0003392012799709519
14,8888,404,13,0.00031749166345870295,0.0002858565211882304,0.00028818380198306607
14,8888,404,14,0.0002880825072494552,0.00023541013052437844,0.00024158727680231618
14,8888,404,15,0.00018498123433653317,0.00022941612474955522,0.0001792112007164764
14,8888,404,16,0.00016985688066379777,0.0001461462335204129,0.00014571322202530223
14,8888,404,17,0.0001415521413142809,0.00013492867266753198,0.00011727823057725928
14,8888,404,18,0.0001323345030006278,8.41430858444436e-05,0.00010666787204624664
14,8888,404,19,0.00010415201230162852,8.143217260160207e-05,7.563355479344976e-05
14,8888,404,20,7.615831179818849e-05,6.933390847251416e-05,6.368392002078275e-05
14,8888,404,21,5.001993772113833e-05,3.7952790872094775e-05,4.4104642169378996e-05
14,8888,404,22,3.687122446635155e-05,2.4532265772921227e-05,3.5975790817725866e-05
14,8888,404,23,2.8932124359012417e-05,1.778855976525636e-05,2.4905966825345396e-05
14,8888,404,24,2.0544912204424256e-05,1.6673491718932422e-05,1.53594606859002e-05
14,8888,404,25,1.4398069215946112e-05,1.5553510612433593e-05,1.3137709053659713e-05
14,8888,404,26,1.0300938434676125e-05,8.941164378795355e-06,7.743648078519683e-06
14,8888,404,27,8.60577913898823e-06,7.591823930056009e-06,5.830133138566596e-06
14,8888,404,28,8.19436419352941e-06,7.491836070897941e-06,4.894514964217268e-06
14,8888,404,29,7.599006280379483e-06,5.421214934868663e-06,4.337215660548166e-06
14,8888,404,30,7.4984107331935326e-06,5.085649966447091e-06,4.2118012364571105e-06
14,8888,404,31,5.786853810418042e-06,4.162376606981699e-06,3.5893104804257933e-06
14,8888,404,32,4.793023894484418e-06,4.021966962040186e-06,3.4187065464074743e-06
14,8888,404,33,4.0101199869342335e-06,2.97626261462832e-06,2.745608573917637e-06
14,8888,404,34,3.3589960849229645e-06,2.5908384006401864e-06,2.4132087979324703e-06
14,8888,404,35,3.0498457497213932e-06,2.4267921821266628e-06,1.9626976644078183e-06
14,8888,404,36,2.610981356220757e-06,1.8841205658593364e-06,1.7244052812495378e-06
14,8888,404,37,2.298401153616662e-06,1.6723396716660994e-06,1.515762627860615e-06
14,8888,404,38,1.7278676991885898e-06,1.4426444482374617e-06,1.3612882822017284e-06
14,8888,404,39,1.4756983947117756e-06,1.302976921292843e-06,1.0649431379850975e-06
14,8888,404,40,1.4526886092046971e-06,8.733698250697018e-07,1.013348368616335e-06
14,8888,404,41,1.1229705994262624e-06,8.242292909069715e-07,8.441026674017068e-07
14,8888,404,42,1.091599045420677e-06,7.090199754024552e-07,7.791703477743483e-07
14,8888,404,43,8.865553053180385e-07,6.175822098328303e-07,7.088020369911763e-07
14,8888,404,44,8.47337200204591e-07,5.491788518704385e-07,5.490892306354795e-07
14,8888,404,45,7.555543425289678e-07,5.12503935899081e-07,5.052808683604171e-07
14,8888,404,46,5.099804758486753e-07,4.1717732731887246e-07,4.3895323716311947e-07
14,8888,404,47,4.421378139374971e-07,3.887657362601749e-07,3.8520287191129254e-07
14,8888,404,48,3.7728340116547435e-07,2.6589302712695465e-07,2.9955597817532363e-07
14,8888,404,49,3.3471118984087177e-07,2.158867017912609e-07,2.5820817794908193e-07
14,8888,404,50,2.730277976734884e-07,2.0541957450798116e-07,1.8252383865577664e-07
14,8888,404,51,2.514137046879712e-07,2.019178648602731e-07,1.5083877633438648e-07
14,8888,404,52,1.9807018663997327e-07,1.5285450780414437e-07,1.4316091444467925e-07
14,8888,404,53,1.3766105419694394e-07,1.1338894647584657e-07,1.2364386068083287e-07
14,8888,404,54,1.208547333308938e-07,1.0912041303489527e-07,8.831494661766117e-08
14,8888,404,55,1.1149784574597684e-07,6.738591583044697e-08,6.997764948875408e-08
14,8888,404,56,9.937920989682276e-08,5.7443204660334305e-08,5.212205393860236e-08
14,8888,404,57,9.001895763917936e-08,5.0482692463889e-08,4.5324895356994596e-08
14,8888,404,58,6.998874036099339e-08,4.388504635930578e-08,4.115457971247564e-08
14,8888,404,59,6.667027767692108e-08,3.95925151748244e-08,3.7665993307361094e-08
14,8888,404,60,5.218735539364035e-08,3.3335055524169804e-08,2.5476199163665774e-08
14,8888,404,61,4.375995807541237e-08,3.125231356532695e-08,2.4668589907070327e-08
14,8888,404,62,3.760720126809382e-08,2.9600390671842865e-08,2.0410900016869784e-08
14,8888,404,63,3.336915122410569e-08,2.8454888985713638e-08,1.9151713660628236e-08
14,8888,404,64,3.0909181475679076e-08,2.249237307756308e-08,1.8778156998916957e-08
14,8888,404,65,2.9160942890140066e-08,2.212768208624502e-08,1.5896355146082028e-08
14,8888,404,66,2.553188309247947e-08,1.8543341280001377e-08,1.3137470614998146e-08
14,8888,404,67,2.4298005197193633e-08,1.4676495584531805e-08,1.1338191702390064e-08
14,8888,404,68,2.1292136890048215e-08,1.4344491217853714e-08,1.010898926916079e-08
14,8888,404,69,1.71408622550401e-08,1.1793481194206574e-08,9.291465738404765e-09
14,8888,404,70,1.6202922738521884e-08,1.1266292607294342e-08,8.207699702289155e-09
14,8888,404,71,1.4011439621294271e-08,8.951553207089439e-09,7.213992525634759e-09
14,8888,404,72,1.3021607649594364e-08,6.849992066169486e-09,6.628627375538704e-09
14,8888,404,73,1.232747217544738e-08,5.397839813673604e-09,5.755621296660159e-09
14,8888,404,74,1.146503930091314e-08,4.433052807216679e-09,4.675268065931007e-09
14,8888,404,75,9.84120886866061e-09,4.389149822731111e-09,4.032829241940802e-09
14,8888,404,76,7.948028128902478e-09,4.0254872646087635e-09,3.6561168590665284e-09
14,8888,404,77,6.070327520286949e-09,3.6509273811288507e-09,2.9945421790379613e-09
14,8888,404,78,5.604461459310855e-09,2.5493067443914234e-09,2.7936334659616285e-09
14,8888,404,79,4.094753783709565e-09,1.9185917890630434e-09,2.32942049189408e-09
14,8888,404,80,3.800470153951108e-09,1.805254007000389e-09,2.1183763786898326e-09
14,8888,404,81,2.8503629163643185e-09,1.454722752953681e-09,1.7974870184697195e-09
14,8888,404,82,2.6588029887844463e-09,1.3310149310235287e-09,1.427020118073669e-09
14,8888,404,83,2.2626481715415703e-09,1.1242313550036773e-09,1.1069861646854988e-09
14,8888,404,84,2.090226546390827e-09,9.469230379752213e-10,1.0473998138568379e-09
14,8888,404,85,1.175045639941819e-09,9.155505054578676e-10,8.369709687959105e-10
14,8888,404,86,1.0935361648423579e-09,6.648772944680392e-10,7.180724281543181e-10
14,8888,404,87,8.443167316936952e-10,5.027287702410549e-10,5.483709448515389e-10
14,8888,404,88,7.542854808058776e-10,4.056879427845104e-10,4.542998530071294e-10
14,8888,404,89,5.409609249403385e-10,3.566472181017524e-10,3.9067239066765113e-10
14,8888,404,90,3.9731483483066504e-10,2.7390648566907604e-10,3.3102608848963107e-10
14,8888,404,91,3.870767464795638e-10,2.297324078437187e-10,2.525312211672882e-10
14,8888,404,92,3.8291971682820133e-10,2.1794777925684273e-10,1.9690810106450613e-10
14,8888,404,93,2.5893339966841845e-10,1.9722437666735664e-10,1.8093354698281644e-10
14,8888,404,94,2.2135164116683142e-10,1.7658759512881781e-10,1.5283821410128504e-10
14,8888,404,95,2.1937857990222534e-10,1.4370119333410723e-10,1.2889690458642262e-10
14,8888,404,96,1.849577231129892e-10,1.3538437092559208e-10,1.1008798360063587e-10
14,8888,404,97,1.2859206542273454e-10,1.1230981774096619e-10,8.904031682467385e-11
14,8888,404,98,9.043695430819444e-11,8.236480342708006e-11,6.94287955061106e-11
14,8888,404,99,6.857940503522698e-11,7.1643093052897e-11,5.378076208326647e-11
14,8888,404,100,6.425682774073908e-11,5.223791900400443e-11,4.408748201888571e-11
14,8888,404,101,5.642486360061801e-11,4.72856957213167e-11,3.8078924957387376e-11
14,8888,404,102,4.815575623822213e-11,4.452090497175009e-11,3.20836916174998e-11
14,8888,404,103,4.551343227295905e-11,3.642964367723322e-11,2.5251393315018556e-11
14,8888,404,104,3.389370667290275e-11,2.5562111809443605e-11,2.2703865054083513e-11
14,8888,404,105,3.1263025004280936e-11,1.9388206732349042e-11,1.628225265944537e-11
14,8888,404,106,2.6084238656154496e-11,1.7083233449804467e-11,1.4110531546781146e-11
14,8888,404,107,2.583087140268583e-11,1.1918411431835401e-11,1.2184458934814588e-11
14,8888,404,108,2.3828357449525664e-11,1.0283553249008908e-11,8.17731125820254e-12
14,8888,404,109,1.7969848182691427e-11,9.880504586294938e-12,7.054287201715332e-12
14,8888,404,110,1.0167215866984405e-11,5.507339475789112e-12,6.234105540127183e-12
14,8888,404,111,7.251539654911738e-12,4.483979109392584e-12,4.019381586311205e-12
14,8888,404,112,5.9240406258381555e-12,4.348836388066773e-12,3.1527222118732968e-12
14,8888,404,113,4.206069403060991e-12,3.740220210621489e-12,2.0638812161150052e-12
14,8888,404,114,2.805470591950895e-12,2.4483580610341867e-12,1.9546639823634576e-12
14,8888,404,115,2.2739076690719566e-12,1.7920467559418045e-12,1.464149630622843e-12
14,8888,404,116,1.3279689070140453e-12,1.292529457514182e-12,6.704735533976508e-13
14,8888,404,117,9.312218252142515e-13,8.476414995171426e-13,4.789746977712504e-13
14,8888,404,118,3.235867489929102e-13,5.142348014409514e-13,3.466699995000336e-13
14,8888,404,119,2.8997559484833467e-13,4.668853622545038e-13,2.997730901284255e-13
14,8888,404,120,2.1587183021872559e-13,3.571583401844681e-13,1.387698032356795e-13
14,8888,404,121,1.28378643499339e-13,1.590960611748317e-13,1.179260280979968e-13
14,8888,404,122,7.474834643236114e-14,1.441406737787273e-13,3.089842881033413e-14
14,8888,404,123,4.3822062075452435e-14,7.955386489333991e-14,1.3833168263401303e-14
14,8888,404,124,2.6193490273637145e-14,2.6359982113055743e-14,8.784064332102865e-15
14,8888,404,125,1.3443019992062077e-14,2.0830955968085685e-14,5.453632221886413e-15
14,8888,404,126,4.691631586686753e-15,4.22699934108507e-15,3.0302608701581255e-15
14,8888,404,127,2.4161479550549883e-15,2.2734429809341328e-15,9.999999999999985e-16
14,8888,404,128,9.99999999999999e-16,9.999999999999989e-16,9.999999999999985e-16
14,8888,505,1,0.879955568832587,0.8808989699150376,0.8804032198550509
14,8888,505,2,0.03846460000617694,0.03867861742859365,0.03865207591931596
14,8888,505,3,0.03543986498115233,0.03597571761633752,0.03535712999850741
14,8888,505,4,0.01677583929923573,0.01676756099641961,0.016855718402939014
14,8888,505,5,0.01630878833452867,0.014914794737786275,0.016369831908587647
14,8888,505,6,0.005111773995089368,0.005001302834850092,0.005137246522936495
14,8888,505,7,0.002657774461360842,0.0025712530661284975,0.0027473473803786264
14,8888,505,8,0.0011160666566210258,0.001156685615396392,0.0009813055045607394
14,8888,505,9,0.001028292487580358,0.0010261361691124055,0.0008858481579562768
14,8888,505,10,0.0006805597393875694,0.0006971834892183548,0.0005166452303063517
14,8888,505,11,0.0004277332095367608,0.0004215216125059782,0.0003853398212695089
14,8888,505,12,0.0003867761238833204,0.0003643960199640411,0.0003167100136228797
14,8888,505,13,0.00031749166345870295,0.0002920722428852507,0.00025859426750278464
14,8888,505,14,0.0002880825072494552,0.00023508926706854088,0.00023938631241182876
14,8888,505,15,0.00018498123433653317,0.00022712427606102115,0.00016289088234705272
14,8888,505,16,0.00016985688066379777,0.00013952462083536543,0.00015736857348990093
14,8888,505,17,0.0001415521413142809,0.00012991437273217958,0.0001247678338125247
14,8888,505,18,0.0001323345030006278,0.00011702437450867011,0.00011129032613687968
14,8888,505,19,0.00010415201230162852,0.00010182373693792091,9.460968076729428e-05
14,8888,505,20,7.615831179818849e-05,6.585518889267903e-05,6.107511840134772e-05
14,8888,505,21,5.001993772113833e-05,5.1820706002607655e-05,4.903877749337047e-05
14,8888,505,22,3.687122446635155e-05,3.355329130770728e-05,3.2558982203217246e-05
14,8888,505,23,2.8932124359012417e-05,2.6479337374520067e-05,2.459293392823557e-05
14,8888,505,24,2.0544912204424256e-05,2.4048662336712224e-05,1.1936933995525246e-05
14,8888,505,25,1.4398069215946112e-05,9.55689022769187e-06,1.0351564283224408e-05
14,8888,505,26,1.0300938434676125e-05,9.51472486890296e-06,7.827135439458836e-06
14,8888,505,27,8.60577913898823e-06,9.04439198152416e-06,5.609582369461348e-06
14,8888,505,28,8.19436419352941e-06,7.727418290956577e-06,4.751093279138293e-06
14,8888,505,29,7.599006280379483e-06,6.413756909191235e-06,4.670428425314788e-06
14,8888,505,30,7.4984107331935326e-06,6.142288864690257e-06,4.115819925245576e-06
14,8888,505,31,5.786853810418042e-06,4.70909530430903e-06,3.6563010489322208e-06
14,8888,505,32,4.793023894484418e-06,3.8080417817909353e-06,3.1767327047729566e-06
14,8888,505,33,4.0101199869342335e-06,3.351295137417371e-06,2.7047833068979635e-06
14,8888,505,34,3.3589960849229645e-06,2.97127071117455e-06,2.360666500790602e-06
14,8888,505,35,3.0498457497213932e-06,2.617164341774644e-06,2.0124508601300736e-06
14,8888,505,36,2.610981356220757e-06,2.2596103832307013e-06,1.6793784722230956e-06
14,8888,505,37,2.298401153616662e-06,1.6824732698565128e-06,1.3475398573751181e-06
14,8888,505,38,1.7278676991885898e-06,1.572522371028008e-06,1.2196756346531588e-06
14,8888,505,39,1.4756983947117756e-06,1.406819622527428e-06,1.1956713599018108e-06
14,8888,505,40,1.4526886092046971e-06,1.331602077443752e-06,1.0286860045453222e-06
14,8888,505,41,1.1229705994262624e-06,1.1166661693263254e-06,8.695297455884025e-07
14,8888,505,42,1.091599045420677e-06,1.0167375454457764e-06,7.024434307437496e-07
14,8888,505,43,8.865553053180385e-07,8.718639586004375e-07,6.074808583825249e-07
14,8888,505,44,8.47337200204591e-07,6.799815449953737e-07,5.535675319168398e-07
14,8888,505,45,7.555543425289678e-07,5.22429869393607e-07,5.338457524525675e-07
14,8888,505,46,5.099804758486753e-07,4.3864246826586884e-07,4.592989859364812e-07
14,8888,505,47,4.421378139374971e-07,3.780775359647257e-07,3.740144086927723e-07
14,8888,505,48,3.7728340116547435e-07,3.636780519503147e-07,2.79634013302912e-07
14,8888,505,49,3.3471118984087177e-07,2.79161122565723e-07,2.3576917460189862e-07
14,8888,505,50,2.730277976734884e-07,2.239348093614674e-07,1.9772490892107105e-07
14,8888,505,51,2.514137046879712e-07,2.1118029035799372e-07,1.4161738875735584e-07
14,8888,505,52,1.9807018663997327e-07,1.9282064321553521e-07,1.3642885631083763e-07
14,8888,505,53,1.3766105419694394e-07,1.4386482291142806e-07,1.2689318568675918e-07
14,8888,505,54,1.208547333308938e-07,1.3564884120524773e-07,8.519997046059836e-08
14,8888,505,55,1.1149784574597684e-07,1.1387381811288701e-07,5.891245426900977e-08
14,8888,505,56,9.937920989682276e-08,1.044782247628722e-07,5.146740646817117e-08
14,8888,505,57,9.001895763917936e-08,9.886875582916326e-08,4.827827001864781e-08
14,8888,505,58,6.998874036099339e-08,5.7088781935550076e-08,4.119800640434985e-08
14,8888,505,59,6.667027767692108e-08,5.323754524915052e-08,3.137171319096087e-08
14,8888,505,60,5.218735539364035e-08,5.125938791956439e-08,2.8040451459576195e-08
14,8888,505,61,4.375995807541237e-08,4.459125112012254e-08,2.5326990937267254e-08
14,8888,505,62,3.760720126809382e-08,4.2050632884493395e-08,2.1339499349555297e-08
14,8888,505,63,3.336915122410569e-08,3.294093897573812e-08,1.8425352506722854e-08
14,8888,505,64,3.0909181475679076e-08,2.7845521835860678e-08,1.542119904932555e-08
14,8888,505,65,2.9160942890140066e-08,2.5012036934954392e-08,1.4201068287712764e-08
14,8888,505,66,2.553188309247947e-08,2.4018481642825508e-08,1.3203382018045599e-08
14,8888,505,67,2.4298005197193633e-08,2.214766147563321e-08,1.210745000984818e-08
14,8888,505,68,2.1292136890048215e-08,1.91641836623007e-08,1.1218130733673962e-08
14,8888,505,69,1.71408622550401e-08,1.7958209265796006e-08,9.938137194340533e-09
14,8888,505,70,1.6202922738521884e-08,1.666974123044608e-08,7.550858959407398e-09
14,8888,505,71,1.4011439621294271e-08,1.2600821854558521e-08,6.617856568404959e-09
14,8888,505,72,1.3021607649594364e-08,1.1232909040203194e-08,6.276666704960507e-09
14,8888,505,73,1.232747217544738e-08,1.0514170501803466e-08,5.5106017192438186e-09
14,8888,505,74,1.146503930091314e-08,1.0173323092678643e-08,4.462663410691086e-09
14,8888,505,75,9.84120886866061e-09,8.800983496462438e-09,4.1614355042558e-09
14,8888,505,76,7.948028128902478e-09,6.57674849762762e-09,3.9631652711296e-09
14,8888,505,77,6.070327520286949e-09,5.89384357549742e-09,3.4809618232092376e-09
14,8888,505,78,5.604461459310855e-09,4.5441986084205585e-09,2.805571992869883e-09
14,8888,505,79,4.094753783709565e-09,3.745343372019369e-09,2.581910584842855e-09
14,8888,505,80,3.800470153951108e-09,3.5232716596516647e-09,2.102161493827538e-09
14,8888,505,81,2.8503629163643185e-09,3.3137994606498595e-09,1.878355979027092e-09
14,8888,505,82,2.6588029887844463e-09,2.2693346218476836e-09,1.5522149639942851e-09
14,8888,505,83,2.2626481715415703e-09,1.8980145370481507e-09,1.179468437907441e-09
14,8888,505,84,2.090226546390827e-09,1.667360934224e-09,8.588394169528095e-10
14,8888,505,85,1.175045639941819e-09,1.2284291732746758e-09,7.995128541503647e-10
14,8888,505,86,1.0935361648423579e-09,1.220596994216659e-09,6.541809088074161e-10
14,8888,505,87,8.443167316936952e-10,9.111127697682642e-10,4.68255624721153e-10
14,8888,505,88,7.542854808058776e-10,8.133751164642563e-10,4.1155691206606237e-10
14,8888,505,89,5.409609249403385e-10,6.27492438157224e-10,3.8709774750559146e-10
14,8888,505,90,3.9731483483066504e-10,5.463507171964968e-10,3.373142090784333e-10
14,8888,505,91,3.870767464795638e-10,5.438444798133273e-10,2.2907822684708296e-10
14,8888,505,92,3.8291971682820133e-10,4.788714149262775e-10,1.9761416897039676e-10
14,8888,505,93,2.5893339966841845e-10,3.667712598848765e-10,1.3815537303193468e-10
14,8888,505,94,2.2135164116683142e-10,3.633217130561284e-10,1.2665380113541274e-10
14,8888,505,95,2.1937857990222534e-10,2.371501181059128e-10,9.20725691367752e-11
14,8888,505,96,1.849577231129892e-10,2.1430882720377872e-10,7.640501812058369e-11
14,8888,505,97,1.2859206542273454e-10,1.442127168883305e-10,6.018720045198838e-11
14,8888,505,98,9.043695430819444e-11,1.249672190487267e-10,5.3344033626775696e-11
14,8888,505,99,6.857940503522698e-11,1.0994105667028773e-10,4.300865403558243e-11
14,8888,505,100,6.425682774073908e-11,9.775661202034651e-11,3.0931562513586264e-11
14,8888,505,101,5.642486360061801e-11,9.076984585910934e-11,2.9811864234594524e-11
14,8888,505,102,4.815575623822213e-11,5.596997031536215e-11,2.513677636975049e-11
14,8888,505,103,4.551343227295905e-11,5.342913995023565e-11,2.3519133186027026e-11
14,8888,505,104,3.389370667290275e-11,4.0924576283556594e-11,1.8107545077455872e-11
14,8888,505,105,3.1263025004280936e-11,2.406848825107528e-11,1.6709386545716907e-11
14,8888,505,106,2.6084238656154496e-11,2.2991910264711448e-11,1.2502401070832505e-11
14,8888,505,107,2.583087140268583e-11,2.0482805288638235e-11,9.078526236336454e-12
14,8888,505,108,2.3828357449525664e-11,1.7460956021094042e-11,8.557933594670248e-12
14,8888,505,109,1.7969848182691427e-11,1.077925764802e-11,6.9045266611245186e-12
14,8888,505,110,1.0167215866984405e-11,8.996975352043889e-12,4.435411541099424e-12
14,8888,505,111,7.251539654911738e-12,8.654048491033632e-12,3.150624173484662e-12
14,8888,505,112,5.9240406258381555e-12,7.335892174124709e-12,2.701523968679751e-12
14,8888,505,113,4.206069403060991e-12,4.894021674118564e-12,1.6964790478890419e-12
14,8888,505,114,2.805470591950895e-12,3.5448844820913018e-12,1.3487771443579699e-12
14,8888,505,115,2.2739076690719566e-12,2.859911833521767e-12,1.1092661973457489e-12
14,8888,505,116,1.3279689070140453e-12,2.775147097390148e-12,6.80247711961158e-13
14,8888,505,117,9.312218252142515e-13,1.1139791496831335e-12,5.101211295446846e-13
14,8888,505,118,3.235867489929102e-13,1.040781747408801e-12,2.9628801369643245e-13
14,8888,505,119,2.8997559484833467e-13,5.380998122373691e-13,2.5938115875052035e-13
14,8888,505,120,2.1587183021872559e-13,4.940942128364787e-13,1.2741392646952208e-13
14,8888,505,121,1.28378643499339e-13,4.210833636642663e-13,5.809092427894222e-14
14,8888,505,122,7.474834643236114e-14,2.6990509051288664e-13,3.827924641038042e-14
14,8888,505,123,4.3822062075452435e-14,1.4882089145959906e-13,2.122311069377579e-14
14,8888,505,124,2.6193490273637145e-14,9.758508008293631e-14,1.0727964085723203e-14
14,8888,505,125,1.3443019992062077e-14,1.899192456428634e-14,4.947641240056349e-15
14,8888,505,126,4.691631586686753e-15,6.3032541251802556e-15,1.9350756214608673e-15
14,8888,505,127,2.4161479550549883e-15,2.0640929967195364e-15,9.999999999999989e-16
14,8888,505,128,9.99999999999999e-16,9.99999999999999e-16,9.999999999999989e-16
14,9012,101,1,0.8912205435381745,0.8914260293803821,0.8920166897164653
14,9012,101,2,0.07359427722853545,0.07380570827001891,0.0735397627039746
14,9012,101,3,0.014532473542684124,0.014710988275936934,0.014323208894454546
14,9012,101,4,0.009098444209976037,0.008939145326400675,0.009097207443494931
14,9012,101,5,0.0061155236927167,0.005935950617721187,0.006071364371289469
14,9012,101,6,0.001403485257709665,0.0012383226083075,0.0013115823919103067
14,9012,101,7,0.0012383441237006905,0.0011994627004106304,0.0011626968542631198
14,9012,101,8,0.0010741664138951695,0.0010986695672021362,0.0009651351049229586
14,9012,101,9,0.0006236448711203101,0.000610345303942046,0.0005452891483422561
14,9012,101,10,0.00043785080264147156,0.0003348972464052788,0.0003784860595869459
14,9012,101,11,0.0001677115181469844,0.00017480129406095623,0.00017279678179933219
14,9012,101,12,0.00010001586236972909,0.00011886925180020344,7.968859760741563e-05
14,9012,101,13,7.779143379275157e-05,0.00010863023098716056,6.306253723006107e-05
14,9012,101,14,6.365033898053608e-05,7.777435498273203e-05,5.398389424020964e-05
14,9012,101,15,5.974798254621842e-05,4.792436347758034e-05,5.033480990157319e-05
14,9012,101,16,5.149810048626704e-05,4.1850745075844156e-05,4.829313410768186e-05
14,9012,101,17,4.1625958106429543e-05,3.0935952212331934e-05,3.7661881551716876e-05
14,9012,101,18,3.02312583021979e-05,2.690931119789291e-05,2.3369688706598742e-05
14,9012,101,19,1.4757331991752153e-05,1.2648797990361459e-05,1.3132372626392792e-05
14,9012,101,20,9.475516952606029e-06,1.1005341536029486e-05,7.736491480417503e-06
14,9012,101,21,7.701503088892854e-06,1.07692991451735e-05,6.453750853551105e-06
14,9012,101,22,7.6281058967259895e-06,7.008000394435481e-06,6.084752646759843e-06
14,9012,101,23,6.47257918873292e-06,6.697821229497329e-06,5.6500779169266086e-06
14,9012,101,24,5.624982473062951e-06,6.526507887531733e-06,3.911553189324532e-06
14,9012,101,25,3.5684119967666575e-06,3.602357401233542e-06,3.2900850132971135e-06
14,9012,101,26,2.585334679096101e-06,2.7711210129704978e-06,2.716103408310048e-06
14,9012,101,27,2.0580102063265104e-06,1.932120743370739e-06,2.4622654156630355e-06
14,9012,101,28,1.6206095446221206e-06,1.84340773242736e-06,1.549520431388486e-06
14,9012,101,29,1.1342787868844184e-06,1.4723775918497312e-06,9.166571759641425e-07
14,9012,101,30,1.037486477097913e-06,1.3049056593264464e-06,8.902390237606335e-07
14,9012,101,31,1.020517633072996e-06,8.517295263036479e-07,7.088321330513719e-07
14,9012,101,32,6.755567570601934e-07,6.860487788085832e-07,6.746499441983685e-07
14,9012,101,33,6.395115910210217e-07,6.19092372795787e-07,5.557677655719001e-07
14,9012,101,34,5.639314648994552e-07,5.768016348221681e-07,4.134006270089648e-07
14,9012,101,35,4.4303559591816374e-07,5.243861448530176e-07,4.0018183080687066e-07
14,9012,101,36,3.228896152831613e-07,3.2351171151362646e-07,3.700434378607108e-07
14,9012,101,37,2.9690477125368924e-07,2.557917393392906e-07,2.8849479468139596e-07
14,9012,101,38,2.3200970868495557e-07,2.3408557945487755e-07,2.0631657596288882e-07
14,9012,101,39,1.9514294813880267e-07,1.753117099732164e-07,1.7636679760970846e-07
14,9012,101,40,1.6532581299748277e-07,1.5151002537252302e-07,1.54816213357169e-07
14,9012,101,41,1.5061895667954926e-07,1.2809658992166576e-07,1.0164931595025751e-07
14,9012,101,42,1.256739610782511e-07,1.0506595388999139e-07,7.940436216517929e-08
14,9012,101,43,8.742434620240098e-08,8.491410752461427e-08,7.257540010415383e-08
14,9012,101,44,7.09412149355939e-08,8.251566096789165e-08,6.909625686789395e-08
14,9012,101,45,4.865824793747024e-08,5.8057627079050276e-08,5.3276946427299836e-08
14,9012,101,46,3.764333423672392e-08,5.272128441984923e-08,3.859413002276553e-08
14,9012,101,47,3.276917579964658e-08,4.070174049624547e-08,3.313752022573203e-08
14,9012,101,48,3.1791744955562295e-08,3.593244815686091e-08,2.7592585697135185e-08
14,9012,101,49,2.707306018338567e-08,3.537921311837594e-08,2.455894520114213e-08
14,9012,101,50,2.1888880688561517e-08,2.996800967376481e-08,1.9992583635919632e-08
14,9012,101,51,1.820072650206746e-08,2.4669726428861024e-08,1.8237607873013514e-08
14,9012,101,52,1.4889308531330335e-08,2.0004090312768385e-08,1.7251346782783795e-08
14,9012,101,53,1.4285292768653735e-08,1.6813955810105907e-08,1.5808594854621736e-08
14,9012,101,54,1.2328556603904028e-08,1.5644051866640795e-08,1.1871206581681914e-08
14,9012,101,55,8.990169677619731e-09,1.2285552447144722e-08,1.0721188761547619e-08
14,9012,101,56,6.97691352601459e-09,8.355751551795225e-09,8.254463138862576e-09
14,9012,101,57,6.703966538545407e-09,8.213636247670648e-09,5.8602348029712e-09
14,9012,101,58,5.54151622115397e-09,6.320826415644937e-09,5.306752673603667e-09
14,9012,101,59,5.411531092532086e-09,5.808317413358828e-09,4.015405868401982e-09
14,9012,101,60,4.227557895150355e-09,4.163094452161879e-09,3.838643078347869e-09
14,9012,101,61,3.057106192064182e-09,3.908147887014543e-09,3.091697651398098e-09
14,9012,101,62,3.044921928802198e-09,3.414396846660874e-09,2.598570485753936e-09
14,9012,101,63,2.684206423104621e-09,3.20618175746068e-09,2.1839495765027315e-09
14,9012,101,64,2.067291970576547e-09,2.5541163491114748e-09,1.9679692893882703e-09
14,9012,101,65,1.8775919973390714e-09,2.2767164276577674e-09,1.696681523000542e-09
14,9012,101,66,1.5835239477031936e-09,1.8674306994645394e-09,1.5089688470881328e-09
14,9012,101,67,1.1864897649833592e-09,1.7836465176240864e-09,1.308839389053162e-09
14,9012,101,68,1.103479186018505e-09,1.2566682225912e-09,1.0933791222056523e-09
14,9012,101,69,1.057631322553167e-09,1.2194968542751717e-09,1.059048268377506e-09
14,9012,101,70,9.220659883455624e-10,1.1659708234671581e-09,9.274576865263678e-10
14,9012,101,71,7.362491497970312e-10,1.1056190321261288e-09,8.172772180497791e-10
14,9012,101,72,6.266305238900857e-10,1.042009939343824e-09,7.507823068081876e-10
14,9012,101,73,5.70400669235632e-10,6.17048177182707e-10,6.681797493781689e-10
14,9012,101,74,4.362497014579399e-10,5.276785587265071e-10,4.794942412805096e-10
14,9012,101,75,3.2360160650528747e-10,5.1478385842277e-10,3.3844675914127754e-10
14,9012,101,76,2.696413905649365e-10,4.2346764304084055e-10,2.7894371894678665e-10
14,9012,101,77,2.345409460882606e-10,3.523563350309888e-10,2.0723513353749429e-10
14,9012,101,78,1.8906829706057784e-10,3.2246597031827445e-10,1.8458936173631308e-10
14,9012,101,79,1.4434706945066664e-10,2.8241931441835957e-10,1.8046832560468118e-10
14,9012,101,80,1.278519210263615e-10,2.349953833219311e-10,1.506677942504015e-10
14,9012,101,81,1.1092158389715658e-10,2.2546764864737325e-10,1.338111610274461e-10
14,9012,101,82,7.64543177307516e-11,1.7841539375253143e-10,1.0560149711258022e-10
14,9012,101,83,6.315235634564186e-11,1.3365976869638439e-10,8.240789942869872e-11
14,9012,101,84,5.860485864202522e-11,1.1382000136222809e-10,5.893141116655298e-11
14,9012,101,85,5.357612531752685e-11,8.669348048819997e-11,5.684062223564899e-11
14,9012,101,86,4.263076796047601e-11,6.848278545545808e-11,5.212409156440987e-11
14,9012,101,87,3.746897585601811e-11,6.083616894080902e-11,3.695185680019545e-11
14,9012,101,88,3.215819881240211e-11,4.9106330780917144e-11,2.950442555820186e-11
14,9012,101,89,3.091616877609991e-11,4.1500621271609066e-11,2.523608428164163e-11
14,9012,101,90,1.9225830259023054e-11,3.602855765329493e-11,2.3382695011533198e-11
14,9012,101,91,1.4210482926994624e-11,2.6215245536210164e-11,2.1050480264758798e-11
14,9012,101,92,1.3430608995793997e-11,2.2179531447334602e-11,1.7784684794224168e-11
14,9012,101,93,9.608416758655324e-12,2.198918161186155e-11,1.3613569927387042e-11
14,9012,101,94,9.583092791162935e-12,2.024981492792543e-11,9.271634700469188e-12
14,9012,101,95,6.69124383855917e-12,1.4492294688752628e-11,8.131384690257447e-12
14,9012,101,96,5.7024537884993864e-12,1.3690803435482641e-11,6.910061939942297e-12
14,9012,101,97,5.476183275721642e-12,1.347621241337895e-11,5.5423100873070356e-12
14,9012,101,98,4.015746580747889e-12,8.164320705474303e-12,5.3614866496974556e-12
14,9012,101,99,2.707111812677057e-12,6.5201367572313755e-12,3.5327582978866317e-12
14,9012,101,100,2.5431537219907947e-12,4.081864127391008e-12,2.8700615042486255e-12
14,9012,101,101,1.9907121929290297e-12,3.7004265627017265e-12,2.3400245881696796e-12
14,9012,101,102,1.5256633226632894e-12,3.53154229331797e-12,1.910428961775934e-12
14,9012,101,103,1.3840048834529839e-12,2.2279787633642338e-12,1.7488016967885241e-12
14,9012,101,104,9.057020993049109e-13,1.8240760389851396e-12,1.2240968338781172e-12
14,9012,101,105,7.272509195862931e-13,1.531746851078594e-12,1.010894571020879e-12
14,9012,101,106,4.550707619378738e-13,1.496362498929682e-12,8.235867627304868e-13
14,9012,101,107,4.1912952975790374e-13,1.441517376339545e-12,6.491336431945472e-13
14,9012,101,108,2.831202652021988e-13,7.924150917721891e-13,5.683533528194797e-13
14,9012,101,109,1.940919631617681e-13,7.690443486032081e-13,4.2124602122489235e-13
14,9012,101,110,1.7570392780421618e-13,5.714837399068029e-13,3.078042117600335e-13
14,9012,101,111,1.3000925372150306e-13,4.390821796752426e-13,2.6194789622438267e-13
14,9012,101,112,1.1069429930759275e-13,2.977638533682834e-13,2.2347540036238924e-13
14,9012,101,113,7.763629285374273e-14,2.716270304351414e-13,1.1616773423404205e-13
14,9012,101,114,3.0185981510835834e-14,2.6044699938362726e-13,7.563056929851561e-14
14,9012,101,115,2.7722309433674555e-14,1.6250114409674414e-13,5.355909206694645e-14
14,9012,101,116,2.7245625343379183e-14,1.0988924222071276e-13,3.201391235922745e-14
14,9012,101,117,1.0135193480239037e-14,7.019880382005508e-14,2.8903071620264e-14
14,9012,101,118,1.0020983025811695e-14,3.426768129578044e-14,1.6724936907836637e-14
14,9012,101,119,9.169105197272403e-15,3.1257010025350423e-14,1.4160183978838531e-14
14,9012,101,120,2.566646690745322e-15,1.3357406839922688e-14,9.27780936117774e-15
14,9012,101,121,1.3157016466168225e-15,1.0276818693006131e-14,6.778028538376876e-15
14,9012,101,122,1.0462538932097718e-15,9.442754262348783e-15,1.9150278958898334e-15
14,9012,101,123,9.999999999999951e-16,3.1820733690275927e-15,1.7254159632232345e-15
14,9012,101,124,9.999999999999951e-16,1.3307020724541072e-15,9.999999999999963e-16
14,9012,101,125,9.999999999999951e-16,1.2246459621812576e-15,9.999999999999963e-16
14,9012,101,126,9.999999999999951e-16,9.99999999999998e-16,9.999999999999963e-16
14,9012,101,127,9.999999999999951e-16,9.99999999999998e-16,9.999999999999963e-16
14,9012,101,128,9.999999999999951e-16,9.99999999999998e-16,9.999999999999963e-16
14,9012,202,1,0.8912205435381745,0.8912476269237835,0.891220263792786
14,9012,202,2,0.07359427722853545,0.07364130198999147,0.07388580137158504
14,9012,202,3,0.014532473542684124,0.014510838490063772,0.014485669822813876
14,9012,202,4,0.009098444209976037,0.008983869544722842,0.009086718693315505
14,9012,202,5,0.0061155236927167,0.006150944685640137,0.006097607978214899
14,9012,202,6,0.001403485257709665,0.0013253480832173558,0.0013777299018444778
14,9012,202,7,0.0012383441237006905,0.0012319426751656265,0.0012245337297764134
14,9012,202,8,0.0010741664138951695,0.0011863494584360191,0.001035704324297443
14,9012,202,9,0.0006236448711203101,0.0006409032596345099,0.0006089496853905974
14,9012,202,10,0.00043785080264147156,0.0004369889745706777,0.0003932820065433662
14,9012,202,11,0.0001677115181469844,0.0001469820173106368,0.00014978604233623847
14,9012,202,12,0.00010001586236972909,9.94678781495814e-05,8.103667324445212e-05
14,9012,202,13,7.779143379275157e-05,8.992503706406138e-05,7.384421998013962e-05
14,9012,202,14,6.365033898053608e-05,8.127781235009881e-05,6.505873305244336e-05
14,9012,202,15,5.974798254621842e-05,5.4947853790726304e-05,5.039431058436118e-05
14,9012,202,16,5.149810048626704e-05,4.265719253934581e-05,4.395765721673065e-05
14,9012,202,17,4.1625958106429543e-05,3.5242333380696434e-05,3.315896976579412e-05
14,9012,202,18,3.02312583021979e-05,2.1734668081688663e-05,2.4486850104098687e-05
14,9012,202,19,1.4757331991752153e-05,1.2548568428366899e-05,1.2804297034274042e-05
14,9012,202,20,9.475516952606029e-06,1.1911228288470794e-05,8.511393099548657e-06
14,9012,202,21,7.701503088892854e-06,8.69668255669801e-06,7.705844678674612e-06
14,9012,202,22,7.6281058967259895e-06,7.556637576283445e-06,5.896988044800829e-06
14,9012,202,23,6.47257918873292e-06,7.015799843479527e-06,5.7042879518850035e-06
14,9012,202,24,5.624982473062951e-06,6.9709296019268384e-06,5.5767225431852415e-06
14,9012,202,25,3.5684119967666575e-06,3.6647336361954354e-06,3.2582675043032353e-06
14,9012,202,26,2.585334679096101e-06,2.0724513384297595e-06,2.7858831031797604e-06
14,9012,202,27,2.0580102063265104e-06,1.6337817338195989e-06,1.5993079834252463e-06
14,9012,202,28,1.6206095446221206e-06,1.5718299886550534e-06,1.53905811223129e-06
14,9012,202,29,1.1342787868844184e-06,1.5179147991021635e-06,1.1119280442827019e-06
14,9012,202,30,1.037486477097913e-06,1.0588495917142389e-06,9.64108692981141e-07
14,9012,202,31,1.020517633072996e-06,1.0315895495398326e-06,8.169429764455976e-07
14,9012,202,32,6.755567570601934e-07,6.504266490649749e-07,6.273846278876886e-07
14,9012,202,33,6.395115910210217e-07,6.099620061067931e-07,5.275441459272252e-07
14,9012,202,34,5.639314648994552e-07,5.701975810471136e-07,4.489089628264473e-07
14,9012,202,35,4.4303559591816374e-07,4.852051270039715e-07,3.6140662082144167e-07
14,9012,202,36,3.228896152831613e-07,3.89571946132479e-07,3.2207849371712755e-07
14,9012,202,37,2.9690477125368924e-07,2.529470933605911e-07,2.6352794249866156e-07
14,9012,202,38,2.3200970868495557e-07,1.9530542286501118e-07,2.2251683058215346e-07
14,9012,202,39,1.9514294813880267e-07,1.7271401260808952e-07,1.6737096175629178e-07
14,9012,202,40,1.6532581299748277e-07,1.5970861295067226e-07,1.4682880325234766e-07
14,9012,202,41,1.5061895667954926e-07,1.2996332430622416e-07,1.2125973262724401e-07
14,9012,202,42,1.256739610782511e-07,1.2542096366108954e-07,8.296400996791471e-08
14,9012,202,43,8.742434620240098e-08,1.14915745676468e-07,7.913375690667683e-08
14,9012,202,44,7.09412149355939e-08,9.68419028598192e-08,6.031279963914812e-08
14,9012,202,45,4.865824793747024e-08,9.052639449273933e-08,4.5027886580931804e-08
14,9012,202,46,3.764333423672392e-08,6.556864774829266e-08,3.6307565414399316e-08
14,9012,202,47,3.276917579964658e-08,4.5794724085598124e-08,3.212854415103179e-08
14,9012,202,48,3.1791744955562295e-08,4.086716030250268e-08,2.562606970343939e-08
14,9012,202,49,2.707306018338567e-08,3.634699962815192e-08,2.1980201814640482e-08
14,9012,202,50,2.1888880688561517e-08,2.6904630252124432e-08,2.0613942842768523e-08
14,9012,202,51,1.820072650206746e-08,1.845417730697757e-08,1.78808619195614e-08
14,9012,202,52,1.4889308531330335e-08,1.611872219223477e-08,1.7746409325205013e-08
14,9012,202,53,1.4285292768653735e-08,1.4416444428102903e-08,1.347631661054033e-08
14,9012,202,54,1.2328556603904028e-08,1.3069076848848469e-08,1.1051600078702462e-08
14,9012,202,55,8.990169677619731e-09,1.2850829555709976e-08,9.8286854526484e-09
14,9012,202,56,6.97691352601459e-09,8.287348662419878e-09,9.28338739616209e-09
14,9012,202,57,6.703966538545407e-09,6.8624085373360485e-09,7.735022964057515e-09
14,9012,202,58,5.54151622115397e-09,6.7152310866691855e-09,5.37701741728719e-09
14,9012,202,59,5.411531092532086e-09,5.640209167053279e-09,5.16393699607204e-09
14,9012,202,60,4.227557895150355e-09,5.3182972107318525e-09,4.211759362331069e-09
14,9012,202,61,3.057106192064182e-09,4.203843703162308e-09,3.732507505271153e-09
14,9012,202,62,3.044921928802198e-09,4.008549691990874e-09,2.974793000426775e-09
14,9012,202,63,2.684206423104621e-09,3.4526622110556562e-09,2.706597374533721e-09
14,9012,202,64,2.067291970576547e-09,3.146278359783106e-09,2.2200378599512767e-09
14,9012,202,65,1.8775919973390714e-09,2.311807085652482e-09,2.0513825182924106e-09
14,9012,202,66,1.5835239477031936e-09,2.272744060589611e-09,1.6752664443025915e-09
14,9012,202,67,1.1864897649833592e-09,2.007340364732532e-09,1.5795667089049835e-09
14,9012,202,68,1.103479186018505e-09,1.6061385254477927e-09,1.4133070213209966e-09
14,9012,202,69,1.057631322553167e-09,1.4867514685335264e-09,1.1027690541866614e-09
14,9012,202,70,9.220659883455624e-10,1.4204824461245203e-09,1.0651333153678834e-09
14,9012,202,71,7.362491497970312e-10,1.283154790714691e-09,9.282462180033793e-10
14,9012,202,72,6.266305238900857e-10,9.576046138338578e-10,7.130456225037141e-10
14,9012,202,73,5.70400669235632e-10,6.748386037366624e-10,6.011578454460366e-10
14,9012,202,74,4.362497014579399e-10,6.587745453533938e-10,5.256326702155739e-10
14,9012,202,75,3.2360160650528747e-10,5.160945250879013e-10,4.647801914139425e-10
14,9012,202,76,2.696413905649365e-10,4.674625300265816e-10,2.889066573832875e-10
14,9012,202,77,2.345409460882606e-10,4.257757989430897e-10,2.648043126412322e-10
14,9012,202,78,1.8906829706057784e-10,4.006196229778311e-10,2.3010666233832046e-10
14,9012,202,79,1.4434706945066664e-10,3.7827869836105536e-10,1.63220001412988e-10
14,9012,202,80,1.278519210263615e-10,2.548183545186633e-10,1.431217539794644e-10
14,9012,202,81,1.1092158389715658e-10,2.032636013313828e-10,1.2636024700138466e-10
14,9012,202,82,7.64543177307516e-11,1.6367943813322744e-10,9.902726920668593e-11
14,9012,202,83,6.315235634564186e-11,1.4606773866718126e-10,7.69858245957786e-11
14,9012,202,84,5.860485864202522e-11,1.2710020176979786e-10,5.784158587111866e-11
14,9012,202,85,5.357612531752685e-11,1.0148871581846693e-10,5.4180065572366325e-11
14,9012,202,86,4.263076796047601e-11,8.715872278732311e-11,3.77574951201367e-11
14,9012,202,87,3.746897585601811e-11,8.396132046427461e-11,3.679468267999001e-11
14,9012,202,88,3.215819881240211e-11,6.399228328132102e-11,3.1724053118975916e-11
14,9012,202,89,3.091616877609991e-11,5.718440535179215e-11,2.348660199809549e-11
14,9012,202,90,1.9225830259023054e-11,3.23869392519662e-11,2.0989565712672683e-11
14,9012,202,91,1.4210482926994624e-11,2.927168399733601e-11,1.8984725010765354e-11
14,9012,202,92,1.3430608995793997e-11,2.7856525937248168e-11,1.7660585667210543e-11
14,9012,202,93,9.608416758655324e-12,2.3143538919580345e-11,1.4402355936882565e-11
14,9012,202,94,9.583092791162935e-12,1.9876306410025947e-11,1.3857058352410001e-11
14,9012,202,95,6.69124383855917e-12,1.7183923628008567e-11,1.1980228164660167e-11
14,9012,202,96,5.7024537884993864e-12,1.4664843786896463e-11,7.369758376183755e-12
14,9012,202,97,5.476183275721642e-12,1.325706240557014e-11,6.867431350354889e-12
14,9012,202,98,4.015746580747889e-12,1.3211868609683708e-11,5.846501130685937e-12
14,9012,202,99,2.707111812677057e-12,9.537950402611588e-12,5.511277709472931e-12
14,9012,202,100,2.5431537219907947e-12,7.229818514574557e-12,4.063495183230092e-12
14,9012,202,101,1.9907121929290297e-12,6.642334043390419e-12,3.860991903761451e-12
14,9012,202,102,1.5256633226632894e-12,6.179148301845489e-12,2.4295240948743098e-12
14,9012,202,103,1.3840048834529839e-12,3.11666914637021e-12,2.3940655705161455e-12
14,9012,202,104,9.057020993049109e-13,2.6226071482349006e-12,1.3356302906359994e-12
14,9012,202,105,7.272509195862931e-13,1.9429963406868648e-12,9.084266926263396e-13
14,9012,202,106,4.550707619378738e-13,1.6111472731071182e-12,6.95281405318014e-13
14,9012,202,107,4.1912952975790374e-13,1.285926414373696e-12,6.766418360694549e-13
14,9012,202,108,2.831202652021988e-13,1.184586977141562e-12,5.161926769590838e-13
14,9012,202,109,1.940919631617681e-13,9.383221554153615e-13,4.584929447928898e-13
14,9012,202,110,1.7570392780421618e-13,5.160001243243161e-13,3.8410331374153084e-13
14,9012,202,111,1.3000925372150306e-13,4.966547462656373e-13,2.0525254160649287e-13
14,9012,202,112,1.1069429930759275e-13,4.4282362585978604e-13,1.3635944047035203e-13
14,9012,202,113,7.763629285374273e-14,2.538306692716555e-13,1.0922798685118785e-13
14,9012,202,114,3.0185981510835834e-14,1.7962772852976785e-13,1.0342382786664836e-13
14,9012,202,115,2.7722309433674555e-14,1.5880912803532886e-13,5.678534524254428e-14
14,9012,202,116,2.7245625343379183e-14,1.0360978504742746e-13,5.33839067767412e-14
14,9012,202,117,1.0135193480239037e-14,1.0116388178090701e-13,3.2971777044736894e-14
14,9012,202,118,1.0020983025811695e-14,5.981651372011778e-14,1.569261746563583e-14
14,9012,202,119,9.169105197272403e-15,3.7931206099074966e-14,1.2874894858605693e-14
14,9012,202,120,2.566646690745322e-15,2.4203893239016385e-14,8.560648974113768e-15
14,9012,202,121,1.3157016466168225e-15,2.123657140528303e-14,5.203615291430444e-15
14,9012,202,122,1.0462538932097718e-15,1.2418280047973085e-14,2.5442987832048643e-15
14,9012,202,123,9.999999999999951e-16,9.964964100659964e-15,2.3250591393473e-15
14,9012,202,124,9.999999999999951e-16,2.8461616901080824e-15,1.0051878688546371e-15
14,9012,202,125,9.999999999999951e-16,9.99999999999998e-16,9.999999999999965e-16
14,9012,202,126,9.999999999999951e-16,9.99999999999998e-16,9.999999999999965e-16
14,9012,202,127,9.999999999999951e-16,9.99999999999998e-16,9.999999999999965e-16
14,9012,202,128,9.999999999999951e-16,9.99999999999998e-16,9.999999999999965e-16
14,9012,303,1,0.8912205435381745,0.8954654727333317,0.8914369066209729
14,9012,303,2,0.07359427722853545,0.07103283407237462,0.07360974790489236
14,9012,303,3,0.014532473542684124,0.014765035340872232,0.014513118305422233
14,9012,303,4,0.009098444209976037,0.008735886340647158,0.009136424155517962
14,9012,303,5,0.0061155236927167,0.005757797676626532,0.006150185329999521
14,9012,303,6,0.001403485257709665,0.0010977476139300566,0.0013128438943810624
14,9012,303,7,0.0012383441237006905,0.0010569607446274988,0.0012312381914600693
14,9012,303,8,0.0010741664138951695,0.0006267526242494646,0.0010612789478922093
14,9012,303,9,0.0006236448711203101,0.0005434669114330117,0.000601591744912889
14,9012,303,10,0.00043785080264147156,0.00032779560537107974,0.000362081444142183
14,9012,303,11,0.0001677115181469844,0.00014774094150894485,0.0001705416018097819
14,9012,303,12,0.00010001586236972909,0.00012528510110482595,7.692403040361235e-05
14,9012,303,13,7.779143379275157e-05,8.738992718680837e-05,6.751540806272495e-05
14,9012,303,14,6.365033898053608e-05,4.9824512078419655e-05,6.499792595985288e-05
14,9012,303,15,5.974798254621842e-05,4.59701633700246e-05,4.539576052738829e-05
14,9012,303,16,5.149810048626704e-05,3.500890549202849e-05,4.346585576351671e-05
14,9012,303,17,4.1625958106429543e-05,3.0834939414630636e-05,3.093624858909872e-05
14,9012,303,18,3.02312583021979e-05,1.5031106754901752e-05,2.3614663989787887e-05
14,9012,303,19,1.4757331991752153e-05,1.0560776097845861e-05,1.392958018286544e-05
14,9012,303,20,9.475516952606029e-06,8.998779181522417e-06,8.051121204610977e-06
14,9012,303,21,7.701503088892854e-06,6.618885044064395e-06,7.293654880189661e-06
14,9012,303,22,7.6281058967259895e-06,4.415350528080392e-06,6.842903995369555e-06
14,9012,303,23,6.47257918873292e-06,4.172734923567207e-06,5.275370622162164e-06
14,9012,303,24,5.624982473062951e-06,3.8859194056710385e-06,4.433077422975252e-06
14,9012,303,25,3.5684119967666575e-06,3.688362556320446e-06,3.55427318726242e-06
14,9012,303,26,2.585334679096101e-06,2.03056246966199e-06,2.5251117556181093e-06
14,9012,303,27,2.0580102063265104e-06,1.9128218778701648e-06,1.6192967882620905e-06
14,9012,303,28,1.6206095446221206e-06,1.2550167235407546e-06,1.3244411524603871e-06
14,9012,303,29,1.1342787868844184e-06,1.1437217655379686e-06,1.040664505633616e-06
14,9012,303,30,1.037486477097913e-06,9.920705545981085e-07,9.901893395342692e-07
14,9012,303,31,1.020517633072996e-06,7.257467456096019e-07,7.38496463992799e-07
14,9012,303,32,6.755567570601934e-07,4.775793135267625e-07,5.487895675450619e-07
14,9012,303,33,6.395115910210217e-07,3.4441198294850854e-07,5.385768645599229e-07
14,9012,303,34,5.639314648994552e-07,3.393404100107469e-07,4.011087860262005e-07
14,9012,303,35,4.4303559591816374e-07,2.391588765944793e-07,3.2357209305913015e-07
14,9012,303,36,3.228896152831613e-07,1.9260426691000186e-07,2.9588103293460267e-07
14,9012,303,37,2.9690477125368924e-07,1.906771711630589e-07,2.542995177697179e-07
14,9012,303,38,2.3200970868495557e-07,1.634754070252552e-07,2.0545372657988216e-07
14,9012,303,39,1.9514294813880267e-07,1.3814133238942785e-07,1.839211460953033e-07
14,9012,303,40,1.6532581299748277e-07,1.0330483860616434e-07,1.519049940689982e-07
14,9012,303,41,1.5061895667954926e-07,8.667982035223889e-08,1.2934317846765275e-07
14,9012,303,42,1.256739610782511e-07,7.287825963295015e-08,1.0207188394818906e-07
14,9012,303,43,8.742434620240098e-08,7.032387066730389e-08,7.589460770564181e-08
14,9012,303,44,7.09412149355939e-08,5.277662610693844e-08,6.293076057798102e-08
14,9012,303,45,4.865824793747024e-08,4.899016085789385e-08,4.5311037032185415e-08
14,9012,303,46,3.764333423672392e-08,4.774930196388292e-08,4.0613265295531194e-08
14,9012,303,47,3.276917579964658e-08,4.296689385534529e-08,3.1219329196019225e-08
14,9012,303,48,3.1791744955562295e-08,2.4104350307768883e-08,2.8757573046995328e-08
14,9012,303,49,2.707306018338567e-08,2.102157560629271e-08,2.0098115512007193e-08
14,9012,303,50,2.1888880688561517e-08,2.054654881286438e-08,1.9308754666367294e-08
14,9012,303,51,1.820072650206746e-08,1.4946553158407438e-08,1.7147029981922816e-08
14,9012,303,52,1.4889308531330335e-08,1.1024264987852917e-08,1.377109421938401e-08
14,9012,303,53,1.4285292768653735e-08,1.080418203009736e-08,1.2072568867075115e-08
14,9012,303,54,1.2328556603904028e-08,1.0123326314342859e-08,1.003335272411463e-08
14,9012,303,55,8.990169677619731e-09,5.374767375028712e-09,9.113654993173638e-09
14,9012,303,56,6.97691352601459e-09,4.980913779677572e-09,8.47978939962476e-09
14,9012,303,57,6.703966538545407e-09,4.5524905418579785e-09,6.5123728396928295e-09
14,9012,303,58,5.54151622115397e-09,3.796761134663173e-09,5.273280642510492e-09
14,9012,303,59,5.411531092532086e-09,3.5276617054440548e-09,4.433542866782324e-09
14,9012,303,60,4.227557895150355e-09,3.3673450858879865e-09,4.309575032928803e-09
14,9012,303,61,3.057106192064182e-09,2.617097081267579e-09,3.4894742989778476e-09
14,9012,303,62,3.044921928802198e-09,1.9419579280196612e-09,3.1522437598024135e-09
14,9012,303,63,2.684206423104621e-09,1.548778822194043e-09,2.581958064480919e-09
14,9012,303,64,2.067291970576547e-09,1.4935021823014897e-09,2.4688012472787023e-09
14,9012,303,65,1.8775919973390714e-09,1.1172478990283535e-09,1.8507138129726567e-09
14,9012,303,66,1.5835239477031936e-09,1.0458417582812092e-09,1.480120984763251e-09
14,9012,303,67,1.1864897649833592e-09,6.970350344622514e-10,1.3772307971832855e-09
14,9012,303,68,1.103479186018505e-09,6.275585791509387e-10,1.1612513269588846e-09
14,9012,303,69,1.057631322553167e-09,5.4106257615132e-10,8.216359211258351e-10
14,9012,303,70,9.220659883455624e-10,5.22013541645868e-10,7.515609734062647e-10
14,9012,303,71,7.362491497970312e-10,4.603999152474506e-10,6.859880479023355e-10
14,9012,303,72,6.266305238900857e-10,3.1756282881333975e-10,5.582671556966394e-10
14,9012,303,73,5.70400669235632e-10,2.8273207813421407e-10,5.000812361051208e-10
14,9012,303,74,4.362497014579399e-10,1.8861081335579027e-10,4.2201889528601713e-10
14,9012,303,75,3.2360160650528747e-10,1.794134304503352e-10,3.673276424528761e-10
14,9012,303,76,2.696413905649365e-10,1.6414603660996576e-10,3.2369074351158233e-10
14,9012,303,77,2.345409460882606e-10,1.551873995837711e-10,2.9702287277226686e-10
14,9012,303,78,1.8906829706057784e-10,1.4146296892310275e-10,2.4462955586892764e-10
14,9012,303,79,1.4434706945066664e-10,1.0132478865222049e-10,1.8011699523870936e-10
14,9012,303,80,1.278519210263615e-10,9.034619353033709e-11,1.556530609939868e-10
14,9012,303,81,1.1092158389715658e-10,8.533698813079817e-11,1.366423597868034e-10
14,9012,303,82,7.64543177307516e-11,6.712757176960889e-11,8.743752320645249e-11
14,9012,303,83,6.315235634564186e-11,6.53153611214535e-11,8.098032771203404e-11
14,9012,303,84,5.860485864202522e-11,5.556454870738291e-11,6.383714612061952e-11
14,9012,303,85,5.357612531752685e-11,4.6692776865665936e-11,5.6713146094581477e-11
14,9012,303,86,4.263076796047601e-11,3.822758357211211e-11,5.0139357605580824e-11
14,9012,303,87,3.746897585601811e-11,2.6945109236595875e-11,4.6494602767563024e-11
14,9012,303,88,3.215819881240211e-11,2.5335183426930876e-11,3.313071573433682e-11
14,9012,303,89,3.091616877609991e-11,1.9373830932899766e-11,2.6760990734848903e-11
14,9012,303,90,1.9225830259023054e-11,1.8657964061833028e-11,2.3192360206943685e-11
14,9012,303,91,1.4210482926994624e-11,1.6609509942588085e-11,1.9614387410099478e-11
14,9012,303,92,1.3430608995793997e-11,1.3704497027200501e-11,1.5675129833139893e-11
14,9012,303,93,9.608416758655324e-12,1.2185650266261692e-11,1.3214694792325153e-11
14,9012,303,94,9.583092791162935e-12,6.9088929751504186e-12,1.1315816284161417e-11
14,9012,303,95,6.69124383855917e-12,5.647456410748352e-12,1.040322754836546e-11
14,9012,303,96,5.7024537884993864e-12,5.490170829986027e-12,7.0872540129607235e-12
14,9012,303,97,5.476183275721642e-12,3.693723880221705e-12,6.5364094334202076e-12
14,9012,303,98,4.015746580747889e-12,3.3067888243430942e-12,4.455831725992794e-12
14,9012,303,99,2.707111812677057e-12,2.397583359189022e-12,4.061205238856094e-12
14,9012,303,100,2.5431537219907947e-12,1.975523007254435e-12,2.614256263944713e-12
14,9012,303,101,1.9907121929290297e-12,1.8955530286391485e-12,2.2636659993459912e-12
14,9012,303,102,1.5256633226632894e-12,1.42997625865986e-12,1.6870514923945192e-12
14,9012,303,103,1.3840048834529839e-12,1.0826559662594943e-12,1.391298222440588e-12
14,9012,303,104,9.057020993049109e-13,9.139429276622221e-13,1.1965027656634498e-12
14,9012,303,105,7.272509195862931e-13,6.978083251722281e-13,9.121028956123602e-13
14,9012,303,106,4.550707619378738e-13,5.693913657154091e-13,8.001699348322419e-13
14,9012,303,107,4.1912952975790374e-13,4.078202549594796e-13,6.483899190220806e-13
14,9012,303,108,2.831202652021988e-13,3.741387347819403e-13,5.938832199696504e-13
14,9012,303,109,1.940919631617681e-13,2.5785535033600195e-13,4.968584217229426e-13
14,9012,303,110,1.7570392780421618e-13,2.4980085517945037e-13,3.5079252790497875e-13
14,9012,303,111,1.3000925372150306e-13,1.993270124081807e-13,2.603484842803509e-13
14,9012,303,112,1.1069429930759275e-13,1.5090569610162914e-13,1.8205117328841237e-13
14,9012,303,113,7.763629285374273e-14,1.3187533335722534e-13,1.3345964098943714e-13
14,9012,303,114,3.0185981510835834e-14,1.0304786520278393e-13,1.008614052227045e-13
14,9012,303,115,2.7722309433674555e-14,9.488215317125069e-14,5.338247252865486e-14
14,9012,303,116,2.7245625343379183e-14,5.6241078249952386e-14,4.680841939830178e-14
14,9012,303,117,1.0135193480239037e-14,4.022190297443625e-14,3.67879620936083e-14
14,9012,303,118,1.0020983025811695e-14,1.2542881854136292e-14,2.504082106400036e-14
14,9012,303,119,9.169105197272403e-15,1.0230346685894547e-14,1.0596566647603605e-14
14,9012,303,120,2.566646690745322e-15,8.138465108020537e-15,8.576669893002638e-15
14,9012,303,121,1.3157016466168225e-15,4.186477586820198e-15,3.881068116504743e-15
14,9012,303,122,1.0462538932097718e-15,3.663082798990705e-15,1.5571448881820342e-15
14,9012,303,123,9.999999999999951e-16,1.018278003810417e-15,1.190852408558436e-15
14,9012,303,124,9.999999999999951e-16,9.999999999999953e-16,9.999999999999961e-16
14,9012,303,125,9.999999999999951e-16,9.999999999999953e-16,9.999999999999961e-16
14,9012,303,126,9.999999999999951e-16,9.999999999999953e-16,9.999999999999961e-16
14,9012,303,127,9.999999999999951e-16,9.999999999999953e-16,9.999999999999961e-16
14,9012,303,128,9.999999999999951e-16,9.999999999999953e-16,9.999999999999961e-16
14,9012,404,1,0.8912205435381745,0.9016092601282207,0.8914972695922408
14,9012,404,2,0.07359427722853545,0.06642394039124697,0.07341618371017124
14,9012,404,3,0.014532473542684124,0.013988184767096441,0.014584103507759162
14,9012,404,4,0.009098444209976037,0.008591662020433469,0.009139843153514677
14,9012,404,5,0.0061155236927167,0.005530134429729022,0.006114137369004786
14,9012,404,6,0.001403485257709665,0.0010453746285250323,0.0013928608383098487
14,9012,404,7,0.0012383441237006905,0.0010140560209400214,0.0012576428981568312
14,9012,404,8,0.0010741664138951695,0.0004994751309755546,0.0011311672905152327
14,9012,404,9,0.0006236448711203101,0.0004461455479475424,0.0005031885702413062
14,9012,404,10,0.00043785080264147156,0.0003712710842917304,0.00037370686478219455
14,9012,404,11,0.0001677115181469844,0.00014540480155228062,0.00015153369831535717
14,9012,404,12,0.00010001586236972909,7.115649013999732e-05,8.792615776026152e-05
14,9012,404,13,7.779143379275157e-05,6.188260223375762e-05,6.791047494320589e-05
14,9012,404,14,6.365033898053608e-05,5.4562277421220155e-05,6.588896978592294e-05
14,9012,404,15,5.974798254621842e-05,4.30758816252417e-05,5.169807355489164e-05
14,9012,404,16,5.149810048626704e-05,2.4720911917290104e-05,4.451231396475989e-05
14,9012,404,17,4.1625958106429543e-05,1.796126812206481e-05,3.243194036866983e-05
14,9012,404,18,3.02312583021979e-05,1.7647986232636175e-05,2.462019401760379e-05
14,9012,404,19,1.4757331991752153e-05,8.934268383136423e-06,1.5952831528126295e-05
14,9012,404,20,9.475516952606029e-06,8.13916792242024e-06,8.561102274327485e-06
14,9012,404,21,7.701503088892854e-06,5.199994187995911e-06,7.075241682593427e-06
14,9012,404,22,7.6281058967259895e-06,4.7731061466122694e-06,6.414288434391744e-06
14,9012,404,23,6.47257918873292e-06,3.501691933610969e-06,5.3298798416168785e-06
14,9012,404,24,5.624982473062951e-06,3.390350615538478e-06,4.4926410770555686e-06
14,9012,404,25,3.5684119967666575e-06,2.3505321525460414e-06,3.2993779293901684e-06
14,9012,404,26,2.585334679096101e-06,1.4629574729318723e-06,2.7926104265600333e-06
14,9012,404,27,2.0580102063265104e-06,1.2556983141467886e-06,1.6790358915803412e-06
14,9012,404,28,1.6206095446221206e-06,9.220827067482091e-07,1.413640306464411e-06
14,9012,404,29,1.1342787868844184e-06,7.7865990550205e-07,1.0350821235093953e-06
14,9012,404,30,1.037486477097913e-06,5.456846061373151e-07,8.597539774786452e-07
14,9012,404,31,1.020517633072996e-06,5.121623984728851e-07,6.996034528340983e-07
14,9012,404,32,6.755567570601934e-07,4.902874630053052e-07,5.764661349930976e-07
14,9012,404,33,6.395115910210217e-07,3.957456994034125e-07,5.073984455931224e-07
14,9012,404,34,5.639314648994552e-07,2.1106438792545834e-07,4.193982186928721e-07
14,9012,404,35,4.4303559591816374e-07,2.0686789145027914e-07,3.856197714982083e-07
14,9012,404,36,3.228896152831613e-07,1.7520781360195566e-07,3.376113713764289e-07
14,9012,404,37,2.9690477125368924e-07,1.446212752409056e-07,2.625438485809289e-07
14,9012,404,38,2.3200970868495557e-07,1.2922922491179925e-07,2.1060608780577233e-07
14,9012,404,39,1.9514294813880267e-07,1.0960797914409848e-07,1.949895599768777e-07
14,9012,404,40,1.6532581299748277e-07,7.33745562117244e-08,1.5830030935751079e-07
14,9012,404,41,1.5061895667954926e-07,6.007620692763261e-08,1.3707392543432125e-07
14,9012,404,42,1.256739610782511e-07,5.354259997604795e-08,1.0643052469683802e-07
14,9012,404,43,8.742434620240098e-08,4.451323427009314e-08,9.432336079120048e-08
14,9012,404,44,7.09412149355939e-08,4.006742191517467e-08,6.474551399896412e-08
14,9012,404,45,4.865824793747024e-08,2.5657417804274883e-08,5.77593922782145e-08
14,9012,404,46,3.764333423672392e-08,2.185789433456619e-08,3.670932508012613e-08
14,9012,404,47,3.276917579964658e-08,1.825310953744758e-08,3.438572069449101e-08
14,9012,404,48,3.1791744955562295e-08,1.6133924316043576e-08,2.750737243997174e-08
14,9012,404,49,2.707306018338567e-08,1.5049113020428596e-08,2.538384656191387e-08
14,9012,404,50,2.1888880688561517e-08,1.2459565361164232e-08,2.1569067151694668e-08
14,9012,404,51,1.820072650206746e-08,1.1986331319675634e-08,1.6316556111400986e-08
14,9012,404,52,1.4889308531330335e-08,1.0633720607254637e-08,1.5012842208042243e-08
14,9012,404,53,1.4285292768653735e-08,8.61438426592109e-09,1.1966802947628319e-08
14,9012,404,54,1.2328556603904028e-08,6.986341864364509e-09,9.43274906383534e-09
14,9012,404,55,8.990169677619731e-09,5.603846118448311e-09,9.085291019153524e-09
14,9012,404,56,6.97691352601459e-09,4.175890529326333e-09,7.077775233303212e-09
14,9012,404,57,6.703966538545407e-09,3.949849609333661e-09,5.532230925868498e-09
14,9012,404,58,5.54151622115397e-09,3.90048186407935e-09,5.4541340105661836e-09
14,9012,404,59,5.411531092532086e-09,2.9446559569472844e-09,4.970032562514805e-09
14,9012,404,60,4.227557895150355e-09,2.0649333453229286e-09,3.3671097830942066e-09
14,9012,404,61,3.057106192064182e-09,1.9964209052336163e-09,3.1429864350288794e-09
14,9012,404,62,3.044921928802198e-09,1.9606710209474684e-09,2.7744292761639e-09
14,9012,404,63,2.684206423104621e-09,1.5082211140504997e-09,2.1230586834854676e-09
14,9012,404,64,2.067291970576547e-09,1.2333931437311333e-09,1.9305185759952468e-09
14,9012,404,65,1.8775919973390714e-09,9.40488139686807e-10,1.7511993409600484e-09
14,9012,404,66,1.5835239477031936e-09,6.462439104997022e-10,1.6225365029446492e-09
14,9012,404,67,1.1864897649833592e-09,6.027139150980412e-10,1.4897532167869e-09
14,9012,404,68,1.103479186018505e-09,5.583174715099156e-10,1.218175607520719e-09
14,9012,404,69,1.057631322553167e-09,4.4671150512832744e-10,8.625382833093696e-10
14,9012,404,70,9.220659883455624e-10,3.9231499626598357e-10,8.46631239484838e-10
14,9012,404,71,7.362491497970312e-10,3.5251993492288424e-10,7.849775701400372e-10
14,9012,404,72,6.266305238900857e-10,2.9879850135969135e-10,5.921819218365215e-10
14,9012,404,73,5.70400669235632e-10,2.868484097349023e-10,5.205988236110743e-10
14,9012,404,74,4.362497014579399e-10,2.318277295193214e-10,4.5935113226267925e-10
14,9012,404,75,3.2360160650528747e-10,2.1454558438735775e-10,3.6497010365107463e-10
14,9012,404,76,2.696413905649365e-10,1.9162594418702355e-10,3.2215957414156816e-10
14,9012,404,77,2.345409460882606e-10,1.5357589852675694e-10,2.3754546525106956e-10
14,9012,404,78,1.8906829706057784e-10,1.3784786175948903e-10,2.139601793232949e-10
14,9012,404,79,1.4434706945066664e-10,1.1389062718077159e-10,1.7903081196540116e-10
14,9012,404,80,1.278519210263615e-10,9.031017754493211e-11,1.359732762971925e-10
14,9012,404,81,1.1092158389715658e-10,8.485557960346907e-11,1.0808020878363967e-10
14,9012,404,82,7.64543177307516e-11,8.278423521816657e-11,8.906828267657396e-11
14,9012,404,83,6.315235634564186e-11,5.3677925441084097e-11,7.52437279407161e-11
14,9012,404,84,5.860485864202522e-11,3.765293524991266e-11,6.84310048542568e-11
14,9012,404,85,5.357612531752685e-11,2.971308779758228e-11,5.850173415992518e-11
14,9012,404,86,4.263076796047601e-11,2.7111867328647448e-11,4.835443879084816e-11
14,9012,404,87,3.746897585601811e-11,2.0707293194661008e-11,3.9460185132248275e-11
14,9012,404,88,3.215819881240211e-11,1.5389897471460647e-11,3.7919347001859374e-11
14,9012,404,89,3.091616877609991e-11,1.3799020139982285e-11,2.7858938522140664e-11
14,9012,404,90,1.9225830259023054e-11,1.232504196587911e-11,2.1034069282760406e-11
14,9012,404,91,1.4210482926994624e-11,1.0151963996266745e-11,1.8015642263606578e-11
14,9012,404,92,1.3430608995793997e-11,9.427943488750911e-12,1.6645576338983055e-11
14,9012,404,93,9.608416758655324e-12,7.631674062786424e-12,1.4802032135761768e-11
14,9012,404,94,9.583092791162935e-12,6.3918600593686e-12,1.1059282046010254e-11
14,9012,404,95,6.69124383855917e-12,5.9462523570651356e-12,7.991258035275835e-12
14,9012,404,96,5.7024537884993864e-12,4.798218213655654e-12,7.204437246144192e-12
14,9012,404,97,5.476183275721642e-12,3.7285910684511115e-12,6.855957468823001e-12
14,9012,404,98,4.015746580747889e-12,3.022349996009925e-12,5.309172706891485e-12
14,9012,404,99,2.707111812677057e-12,2.7060579078083514e-12,4.518820335451231e-12
14,9012,404,100,2.5431537219907947e-12,1.7755730488471702e-12,4.14247777341584e-12
14,9012,404,101,1.9907121929290297e-12,1.7213726589203516e-12,2.4018459292507034e-12
14,9012,404,102,1.5256633226632894e-12,1.0469640231653765e-12,2.0711086141218694e-12
14,9012,404,103,1.3840048834529839e-12,6.832224941208141e-13,1.7493185152303425e-12
14,9012,404,104,9.057020993049109e-13,6.610543888456887e-13,1.309776462150771e-12
14,9012,404,105,7.272509195862931e-13,5.501581354800429e-13,1.1717034093517204e-12
14,9012,404,106,4.550707619378738e-13,4.9987230021546e-13,9.185480969984466e-13
14,9012,404,107,4.1912952975790374e-13,2.9367730861240165e-13,7.590121383912133e-13
14,9012,404,108,2.831202652021988e-13,2.7144114300791696e-13,7.39418972175111e-13
14,9012,404,109,1.940919631617681e-13,1.7368651165191687e-13,5.863459082031403e-13
14,9012,404,110,1.7570392780421618e-13,1.3414379123276635e-13,4.5456517585280255e-13
14,9012,404,111,1.3000925372150306e-13,1.1707144046640473e-13,2.6335410519930294e-13
14,9012,404,112,1.1069429930759275e-13,8.905009169909271e-14,2.3284659147097324e-13
14,9012,404,113,7.763629285374273e-14,7.500977484571894e-14,1.9380179053092635e-13
14,9012,404,114,3.0185981510835834e-14,6.768489796251244e-14,1.4386288714598132e-13
14,9012,404,115,2.7722309433674555e-14,3.221123344160023e-14,9.196563517473383e-14
14,9012,404,116,2.7245625343379183e-14,3.107299810341682e-14,5.1489846979385675e-14
14,9012,404,117,1.0135193480239037e-14,1.8135735345435804e-14,4.3080244093107105e-14
14,9012,404,118,1.0020983025811695e-14,1.608975123622915e-14,2.3236112216967133e-14
14,9012,404,119,9.169105197272403e-15,6.909475221471247e-15,2.0006481384606702e-14
14,9012,404,120,2.566646690745322e-15,6.286096466019685e-15,9.933207578024369e-15
14,9012,404,121,1.3157016466168225e-15,2.668832863746804e-15,8.115359969574665e-15
14,9012,404,122,1.0462538932097718e-15,1.4871806731792251e-15,4.189615518734828e-15
14,9012,404,123,9.999999999999951e-16,1.049764146469272e-15,1.3292634707692638e-15
14,9012,404,124,9.999999999999951e-16,9.99999999999996e-16,9.99999999999997e-16
14,9012,404,125,9.999999999999951e-16,9.99999999999996e-16,9.99999999999997e-16
14,9012,404,126,9.999999999999951e-16,9.99999999999996e-16,9.99999999999997e-16
14,9012,404,127,9.999999999999951e-16,9.99999999999996e-16,9.99999999999997e-16
14,9012,404,128,9.999999999999951e-16,9.99999999999996e-16,9.99999999999997e-16
14,9012,505,1,0.8912205435381745,0.8913852501488052,0.891368883472581
14,9012,505,2,0.07359427722853545,0.07378669725833142,0.07373628973027385
14,9012,505,3,0.014532473542684124,0.014390710098168766,0.014501964652916383
14,9012,505,4,0.009098444209976037,0.009082629221850314,0.00910325473464048
14,9012,505,5,0.0061155236927167,0.006148393509504711,0.006078784935482706
14,9012,505,6,0.001403485257709665,0.0012800625981653202,0.0013576572281994445
14,9012,505,7,0.0012383441237006905,0.001178168052311786,0.001241818461793408
14,9012,505,8,0.0010741664138951695,0.001035530459394549,0.001059970834394012
14,9012,505,9,0.0006236448711203101,0.0006669617833886654,0.0005264375618069377
14,9012,505,10,0.00043785080264147156,0.00037461181361052743,0.0004092733060547922
14,9012,505,11,0.0001677115181469844,0.00017294705076924163,0.0001921607625452437
14,9012,505,12,0.00010001586236972909,0.00010540768579574368,8.375221090847857e-05
14,9012,505,13,7.779143379275157e-05,8.135937385216683e-05,6.910163521047327e-05
14,9012,505,14,6.365033898053608e-05,7.350044057277279e-05,5.769351382098961e-05
14,9012,505,15,5.974798254621842e-05,5.3515034428640764e-05,5.227871129871786e-05
14,9012,505,16,5.149810048626704e-05,5.0766004200967267e-05,4.605408120847494e-05
14,9012,505,17,4.1625958106429543e-05,3.460264528118022e-05,3.4362922900826495e-05
14,9012,505,18,3.02312583021979e-05,2.704815780425905e-05,1.9745960152239245e-05
14,9012,505,19,1.4757331991752153e-05,1.6674498042515727e-05,1.3589626825601876e-05
14,9012,505,20,9.475516952606029e-06,1.2052688278274971e-05,7.658756258685553e-06
14,9012,505,21,7.701503088892854e-06,7.763133459856229e-06,6.336291441523525e-06
14,9012,505,22,7.6281058967259895e-06,7.156084854806709e-06,6.261901652378348e-06
14,9012,505,23,6.47257918873292e-06,6.132424181027421e-06,5.448452659080791e-06
14,9012,505,24,5.624982473062951e-06,4.979313831377815e-06,4.268822198834582e-06
14,9012,505,25,3.5684119967666575e-06,3.1223935799082e-06,3.317858283877361e-06
14,9012,505,26,2.585334679096101e-06,2.929352890341158e-06,2.96564968412081e-06
14,9012,505,27,2.0580102063265104e-06,1.6772856289352544e-06,1.875230957725883e-06
14,9012,505,28,1.6206095446221206e-06,1.2376533156690503e-06,1.4269217873404456e-06
14,9012,505,29,1.1342787868844184e-06,1.1502424509082777e-06,1.2910884752978954e-06
14,9012,505,30,1.037486477097913e-06,1.0019859974235868e-06,1.019928767862743e-06
14,9012,505,31,1.020517633072996e-06,9.706341541626431e-07,9.710743475265594e-07
14,9012,505,32,6.755567570601934e-07,8.173404142023523e-07,6.422191320882952e-07
14,9012,505,33,6.395115910210217e-07,7.9011368426441e-07,5.801620362034305e-07
14,9012,505,34,5.639314648994552e-07,6.296439104889016e-07,5.190012564710561e-07
14,9012,505,35,4.4303559591816374e-07,5.344688810002919e-07,4.769764448235783e-07
14,9012,505,36,3.228896152831613e-07,4.2989395788072374e-07,3.295359229858549e-07
14,9012,505,37,2.9690477125368924e-07,3.1866129075068564e-07,2.7428861390063055e-07
14,9012,505,38,2.3200970868495557e-07,2.550342288303885e-07,1.9184555858245945e-07
14,9012,505,39,1.9514294813880267e-07,2.531463212589096e-07,1.7561210029328126e-07
14,9012,505,40,1.6532581299748277e-07,1.6269748818754703e-07,1.5259946214799943e-07
14,9012,505,41,1.5061895667954926e-07,1.2960372495414548e-07,1.439420506722579e-07
14,9012,505,42,1.256739610782511e-07,1.1388483844302433e-07,1.0898700547084873e-07
14,9012,505,43,8.742434620240098e-08,9.4869755891259e-08,1.0018502777925915e-07
14,9012,505,44,7.09412149355939e-08,7.104583764583167e-08,7.196261027990884e-08
14,9012,505,45,4.865824793747024e-08,5.01491031370096e-08,5.560932957046877e-08
14,9012,505,46,3.764333423672392e-08,4.305648039168313e-08,3.55291583019595e-08
14,9012,505,47,3.276917579964658e-08,4.024155790030166e-08,3.371296908868143e-08
14,9012,505,48,3.1791744955562295e-08,4.018115857140545e-08,2.8081724746555068e-08
14,9012,505,49,2.707306018338567e-08,3.244212277246088e-08,2.633381456070941e-08
14,9012,505,50,2.1888880688561517e-08,3.058929662763054e-08,2.034901923847579e-08
14,9012,505,51,1.820072650206746e-08,2.5519052178054305e-08,1.4783122101311692e-08
14,9012,505,52,1.4889308531330335e-08,1.8759788658221457e-08,1.3853165018616505e-08
14,9012,505,53,1.4285292768653735e-08,1.3698277363933314e-08,1.30788308580295e-08
14,9012,505,54,1.2328556603904028e-08,1.2331524174992773e-08,9.851358646246504e-09
14,9012,505,55,8.990169677619731e-09,1.0821659141859197e-08,9.740277975726368e-09
14,9012,505,56,6.97691352601459e-09,1.0256778961485223e-08,8.199098766014288e-09
14,9012,505,57,6.703966538545407e-09,9.067315393415031e-09,7.447555939309883e-09
14,9012,505,58,5.54151622115397e-09,8.335151694115254e-09,5.56044764779505e-09
14,9012,505,59,5.411531092532086e-09,7.108271824668892e-09,4.450939724772401e-09
14,9012,505,60,4.227557895150355e-09,5.10596432976162e-09,4.120379040146371e-09
14,9012,505,61,3.057106192064182e-09,4.442405367335966e-09,3.736261945278959e-09
14,9012,505,62,3.044921928802198e-09,4.058747061905651e-09,3.1465350977845657e-09
14,9012,505,63,2.684206423104621e-09,3.3421963296849454e-09,2.882081637144237e-09
14,9012,505,64,2.067291970576547e-09,2.84713807909799e-09,2.3158759743071304e-09
14,9012,505,65,1.8775919973390714e-09,2.580673312852223e-09,2.143200427524648e-09
14,9012,505,66,1.5835239477031936e-09,2.3240534881539993e-09,1.9815030786378055e-09
14,9012,505,67,1.1864897649833592e-09,2.1866239110273673e-09,1.5559673222131312e-09
14,9012,505,68,1.103479186018505e-09,1.6751702870021806e-09,1.2700059860215811e-09
14,9012,505,69,1.057631322553167e-09,1.4744565479482267e-09,1.1125911960453493e-09
14,9012,505,70,9.220659883455624e-10,1.1355174851784782e-09,9.734803774962393e-10
14,9012,505,71,7.362491497970312e-10,9.38762710687225e-10,7.196826145874959e-10
14,9012,505,72,6.266305238900857e-10,9.042489811164616e-10,6.461876713416156e-10
14,9012,505,73,5.70400669235632e-10,7.246045061430548e-10,4.894047196518674e-10
14,9012,505,74,4.362497014579399e-10,6.548892296128203e-10,4.6168179923949837e-10
14,9012,505,75,3.2360160650528747e-10,6.455197909234676e-10,4.00667165482496e-10
14,9012,505,76,2.696413905649365e-10,5.069869564572575e-10,2.6852394334870887e-10
14,9012,505,77,2.345409460882606e-10,4.2270184936613477e-10,2.543142836243982e-10
14,9012,505,78,1.8906829706057784e-10,3.856585029370061e-10,2.0970029928449056e-10
14,9012,505,79,1.4434706945066664e-10,3.3903395607990523e-10,1.7671673195403118e-10
14,9012,505,80,1.278519210263615e-10,2.436985079016082e-10,1.598664001476661e-10
14,9012,505,81,1.1092158389715658e-10,1.7962682288049576e-10,1.336150419352241e-10
14,9012,505,82,7.64543177307516e-11,1.587741791743207e-10,1.05457971903475e-10
14,9012,505,83,6.315235634564186e-11,1.2763597796886505e-10,8.969008279737568e-11
14,9012,505,84,5.860485864202522e-11,9.440247012510633e-11,7.155708104939779e-11
14,9012,505,85,5.357612531752685e-11,8.331419358761867e-11,6.254142667615435e-11
14,9012,505,86,4.263076796047601e-11,7.195134116000696e-11,5.4595765269413535e-11
14,9012,505,87,3.746897585601811e-11,6.002241533588879e-11,3.798244018579499e-11
14,9012,505,88,3.215819881240211e-11,5.1415198649107434e-11,3.233510583810849e-11
14,9012,505,89,3.091616877609991e-11,4.9164007141692014e-11,3.0241718390054194e-11
14,9012,505,90,1.9225830259023054e-11,3.72280287797165e-11,2.1871417949778907e-11
14,9012,505,91,1.4210482926994624e-11,2.0969165204995715e-11,2.1352119343566144e-11
14,9012,505,92,1.3430608995793997e-11,1.9482121183668763e-11,1.8187594299332993e-11
14,9012,505,93,9.608416758655324e-12,1.8871354678817393e-11,1.3181796963571294e-11
14,9012,505,94,9.583092791162935e-12,1.4994708674325902e-11,1.1649728975545701e-11
14,9012,505,95,6.69124383855917e-12,1.2284402691877066e-11,9.643395659631629e-12
14,9012,505,96,5.7024537884993864e-12,1.1806840060742746e-11,9.278436344395475e-12
14,9012,505,97,5.476183275721642e-12,1.0703063787426164e-11,7.574576960813997e-12
14,9012,505,98,4.015746580747889e-12,9.728062669915253e-12,6.17841910053445e-12
14,9012,505,99,2.707111812677057e-12,6.629893473573361e-12,4.340379603317173e-12
14,9012,505,100,2.5431537219907947e-12,6.197452425488647e-12,3.23385747231678e-12
14,9012,505,101,1.9907121929290297e-12,4.825718578863251e-12,3.0467972346147632e-12
14,9012,505,102,1.5256633226632894e-12,4.294552430818502e-12,1.837160196541525e-12
14,9012,505,103,1.3840048834529839e-12,4.211235356091326e-12,1.762771399200304e-12
14,9012,505,104,9.057020993049109e-13,3.564615220722045e-12,1.6084696641908367e-12
14,9012,505,105,7.272509195862931e-13,2.476860059625353e-12,1.0465414884586688e-12
14,9012,505,106,4.550707619378738e-13,1.8357906468972376e-12,8.767304235626487e-13
14,9012,505,107,4.1912952975790374e-13,1.3062135301396376e-12,6.727948162480587e-13
14,9012,505,108,2.831202652021988e-13,1.081407076865434e-12,6.431947390595224e-13
14,9012,505,109,1.940919631617681e-13,9.387363282461853e-13,5.024331884777358e-13
14,9012,505,110,1.7570392780421618e-13,8.56323066675042e-13,4.397157195707333e-13
14,9012,505,111,1.3000925372150306e-13,3.8627148137035e-13,2.9181637307948336e-13
14,9012,505,112,1.1069429930759275e-13,3.841647257844843e-13,1.3921845464662211e-13
14,9012,505,113,7.763629285374273e-14,2.376145799299894e-13,1.2309828034650066e-13
14,9012,505,114,3.0185981510835834e-14,1.4596205844928823e-13,1.0364758792745747e-13
14,9012,505,115,2.7722309433674555e-14,1.2966022936740976e-13,6.708712931551214e-14
14,9012,505,116,2.7245625343379183e-14,9.712476234642777e-14,4.5134873311481595e-14
14,9012,505,117,1.0135193480239037e-14,5.861405299377542e-14,3.245050925053881e-14
14,9012,505,118,1.0020983025811695e-14,4.708588339964474e-14,2.528039977927228e-14
14,9012,505,119,9.169105197272403e-15,2.870452158127131e-14,1.2730561752631359e-14
14,9012,505,120,2.566646690745322e-15,2.75804202488056e-14,9.271186615213114e-15
14,9012,505,121,1.3157016466168225e-15,1.943885339167477e-14,5.169701272580636e-15
14,9012,505,122,1.0462538932097718e-15,6.74542342188073e-15,3.0606378719069406e-15
14,9012,505,123,9.999999999999951e-16,5.369693205126703e-15,2.313382444754496e-15
14,9012,505,124,9.999999999999951e-16,2.326917841137377e-15,9.999999999999961e-16
14,9012,505,125,9.999999999999951e-16,1.6876305691225446e-15,9.999999999999961e-16
14,9012,505,126,9.999999999999951e-16,1.2708507627513918e-15,9.999999999999961e-16
14,9012,505,127,9.999999999999951e-16,9.999999999999989e-16,9.999999999999961e-16
14,9012,505,128,9.999999999999951e-16,9.999999999999989e-16,9.999999999999961e-16
14,9999,101,1,0.8085698993717308,0.8096423189416642,0.808865187526641
14,9999,101,2,0.11747771691902395,0.11643289439773126,0.11727331519191585
14,9999,101,3,0.027054421100121163,0.026919497842249625,0.027508652316092643
14,9999,101,4,0.0228273814100148,0.02292541243385631,0.022887116415899127
14,9999,101,5,0.007366303784670348,0.007258450878941053,0.007414674194289639
14,9999,101,6,0.004834933208027369,0.004781782822619448,0.0048339784553298945
14,9999,101,7,0.004510730829989164,0.004711919163103404,0.0044659747645918076
14,9999,101,8,0.0019653464913073995,0.0019865519265082126,0.001954207466435562
14,9999,101,9,0.0013653809268245544,0.001339124545291973,0.0013372412275007178
14,9999,101,10,0.0010176926019243408,0.0010178010829845034,0.0008416621206097149
14,9999,101,11,0.0006504476743045053,0.0006852667230175594,0.0005772895428622654
14,9999,101,12,0.0005438314585675933,0.0005573542691063507,0.0004894964935316205
14,9999,101,13,0.0003988502430152575,0.00034807105918207665,0.00037102067487050926
14,9999,101,14,0.00036560746916868226,0.0003329601443986246,0.0003242590460383338
14,9999,101,15,0.000223905255473263,0.00020606205921735215,0.00019354652266236546
14,9999,101,16,0.00017369741946645232,0.00018139895097254646,0.0001422440822474297
14,9999,101,17,0.00015998211309045633,0.0001646310864724293,0.00011980741862536076
14,9999,101,18,8.286474714341789e-05,7.339914292071497e-05,8.147693312607564e-05
14,9999,101,19,6.835172330532404e-05,7.080722169242629e-05,5.680035817214425e-05
14,9999,101,20,5.8491788648977435e-05,5.590200625513833e-05,4.631386885081672e-05
14,9999,101,21,5.0302835618941e-05,5.194737759767852e-05,4.16627198592819e-05
14,9999,101,22,4.527581086790784e-05,5.113647725181022e-05,3.415397298056402e-05
14,9999,101,23,3.56404341259794e-05,3.943683205133098e-05,2.851300372629884e-05
14,9999,101,24,2.4736644173161493e-05,2.953600890476295e-05,2.1058194148004572e-05
14,9999,101,25,2.209915649849058e-05,2.344346849199391e-05,1.5227922756892511e-05
14,9999,101,26,1.841655532968754e-05,2.1104864765388702e-05,1.4395909256877609e-05
14,9999,101,27,1.5106577158640707e-05,1.8066742568240587e-05,1.0579110945646015e-05
14,9999,101,28,1.0449438219610599e-05,1.0488881145936155e-05,8.00371414733388e-06
14,9999,101,29,8.211523783525861e-06,1.0162722095243145e-05,6.844486122768308e-06
14,9999,101,30,7.1075579459713754e-06,7.22455993779808e-06,5.3445323395882745e-06
14,9999,101,31,7.107066072837594e-06,6.505400277394239e-06,4.444875136374857e-06
14,9999,101,32,6.506538336481819e-06,6.492446374092041e-06,4.257831219737735e-06
14,9999,101,33,4.545659762584824e-06,4.3580677468907334e-06,3.570762282910522e-06
14,9999,101,34,4.4567401341444345e-06,3.940143090455919e-06,2.6750735638567784e-06
14,9999,101,35,3.86528257737249e-06,3.7766020304911363e-06,2.3173533461998286e-06
14,9999,101,36,3.822898532417384e-06,2.984703838227672e-06,2.0894779772777164e-06
14,9999,101,37,2.7628415270574123e-06,2.6283792507216204e-06,2.0063947430768145e-06
14,9999,101,38,1.9412420231865495e-06,2.305046789521268e-06,1.2555798926182409e-06
14,9999,101,39,1.645073506906946e-06,1.9688374245264724e-06,9.297225037236504e-07
14,9999,101,40,1.5991208872400357e-06,1.618084489439027e-06,8.5744582623107e-07
14,9999,101,41,1.3098732469390905e-06,1.322446424394672e-06,7.151568361277089e-07
14,9999,101,42,1.1428869079113773e-06,1.249602169657643e-06,7.024011821945343e-07
14,9999,101,43,9.981086057216657e-07,9.991885067307761e-07,6.313170651694297e-07
14,9999,101,44,8.110317262389182e-07,8.444918927078088e-07,5.14511394273013e-07
14,9999,101,45,6.331027351393452e-07,5.88732242661855e-07,4.884409441295447e-07
14,9999,101,46,5.834930597751821e-07,5.383316557055425e-07,3.702270777454931e-07
14,9999,101,47,4.489230041457672e-07,4.808248012155217e-07,3.404422507099629e-07
14,9999,101,48,3.622523882819511e-07,4.7429193107473235e-07,2.850575173094681e-07
14,9999,101,49,3.213128131883599e-07,3.86029625270873e-07,2.1133372091016948e-07
14,9999,101,50,3.049121255314848e-07,3.79768986555417e-07,1.9354547716371676e-07
14,9999,101,51,2.1264654119277333e-07,2.6254702466324864e-07,1.515207766256628e-07
14,9999,101,52,1.8981134488984155e-07,2.3882638499890663e-07,1.3382517087659893e-07
14,9999,101,53,1.634137937369727e-07,1.9894117925001114e-07,1.0917186000687467e-07
14,9999,101,54,1.320237915408312e-07,1.4702239533601438e-07,1.0717224165151567e-07
14,9999,101,55,1.0623235655391867e-07,1.386813006952773e-07,9.233152663507174e-08
14,9999,101,56,1.0338361027183444e-07,1.2741153819131747e-07,8.200396216609673e-08
14,9999,101,57,9.685701869772371e-08,1.1599747172142559e-07,6.597616494525071e-08
14,9999,101,58,8.366974538644881e-08,1.1175877994460064e-07,4.749246878022837e-08
14,9999,101,59,8.270839126041295e-08,9.43166768337712e-08,3.839972827529841e-08
14,9999,101,60,5.835144440311839e-08,6.822549339435716e-08,3.647614002456033e-08
14,9999,101,61,5.31688369514085e-08,5.911594113800426e-08,3.007985602008873e-08
14,9999,101,62,4.48879355789028e-08,5.4609340809234326e-08,2.6617566849951804e-08
14,9999,101,63,3.933084525833303e-08,4.472562393113373e-08,2.1278191797540572e-08
14,9999,101,64,3.661072312816999e-08,4.176177827891924e-08,1.9400201617103656e-08
14,9999,101,65,3.318872571032654e-08,3.664669799650906e-08,1.801937066639165e-08
14,9999,101,66,3.0928980831618806e-08,3.4844212934110984e-08,1.6959909634908e-08
14,9999,101,67,2.5177837116664988e-08,3.279764465606135e-08,1.5487975127768827e-08
14,9999,101,68,2.3806135789899567e-08,2.996470811518994e-08,1.2857231071198744e-08
14,9999,101,69,2.3726374684295796e-08,2.5538867056931942e-08,9.517170894363363e-09
14,9999,101,70,2.0017316320201673e-08,2.2031570691070194e-08,8.822560992317131e-09
14,9999,101,71,1.4742267831955542e-08,2.1685107827454055e-08,7.827503309433905e-09
14,9999,101,72,1.22709701585646e-08,1.5948138720670087e-08,7.07320259407694e-09
14,9999,101,73,1.1028078244084567e-08,1.1372876110961259e-08,5.741957588492308e-09
14,9999,101,74,1.0442144816568029e-08,1.123708762627077e-08,4.865823125601639e-09
14,9999,101,75,7.113548370330932e-09,8.900181291535592e-09,3.952730601214075e-09
14,9999,101,76,5.9970559042532315e-09,8.576016177083517e-09,3.668664291488367e-09
14,9999,101,77,4.908492838833333e-09,6.325221904509183e-09,2.9309233529915234e-09
14,9999,101,78,4.3035012453116866e-09,5.607802501384522e-09,2.8856491624445944e-09
14,9999,101,79,3.1726897835750316e-09,4.13259782864045e-09,1.9301762292436393e-09
14,9999,101,80,2.1014701625565283e-09,3.8343358602637846e-09,1.499515031740164e-09
14,9999,101,81,1.8355928726542473e-09,2.9628421745207604e-09,1.3613455471738116e-09
14,9999,101,82,1.5939521541893781e-09,2.722083267349452e-09,1.2075859561062472e-09
14,9999,101,83,1.204491103677566e-09,2.0423615252139073e-09,1.0277655721052538e-09
14,9999,101,84,1.1078712948197796e-09,1.8256489729188527e-09,8.299601158421389e-10
14,9999,101,85,9.898272483490214e-10,1.5189527930803278e-09,7.341505415093653e-10
14,9999,101,86,8.586023110675037e-10,1.4377092423404295e-09,6.07535224878926e-10
14,9999,101,87,7.573078402806621e-10,1.3420211133667271e-09,4.5501369245707426e-10
14,9999,101,88,6.018879208929102e-10,8.511063611653118e-10,4.425659137104864e-10
14,9999,101,89,5.97894880822179e-10,7.914014918467006e-10,3.815698366764319e-10
14,9999,101,90,4.2638998567024087e-10,7.703815399655815e-10,3.1578848446575685e-10
14,9999,101,91,3.964643741391551e-10,6.26784650632327e-10,2.706217303135022e-10
14,9999,101,92,3.650939028143351e-10,5.917189719509893e-10,2.4605460787090447e-10
14,9999,101,93,2.983333018799073e-10,5.908298379531981e-10,2.382528539396596e-10
14,9999,101,94,2.8870802979711647e-10,4.446768675146431e-10,1.7774227007107097e-10
14,9999,101,95,2.1502535961180648e-10,3.703836927412249e-10,1.289910326191329e-10
14,9999,101,96,1.563690235446134e-10,3.013440074348441e-10,1.2080532088878391e-10
14,9999,101,97,1.5018777148107616e-10,2.419183008833518e-10,8.573843564756645e-11
14,9999,101,98,1.3901586649935087e-10,1.898185259704525e-10,7.152209409191238e-11
14,9999,101,99,1.2222145881757034e-10,1.848708633004261e-10,6.941234771614729e-11
14,9999,101,100,1.1300711831107908e-10,1.3490670854165654e-10,5.403268408730943e-11
14,9999,101,101,8.626657026060582e-11,1.2211016684878604e-10,4.390565958530787e-11
14,9999,101,102,4.919893472143514e-11,9.31100505158473e-11,3.9290536843531776e-11
14,9999,101,103,4.154001450095842e-11,9.263861072102856e-11,3.381519282875649e-11
14,9999,101,104,2.8107664470375864e-11,7.251501765843031e-11,2.5887105899902858e-11
14,9999,101,105,2.581150265027815e-11,4.284082793558063e-11,2.5395450820597542e-11
14,9999,101,106,2.3173339970222572e-11,3.745695054307604e-11,1.8617924227719992e-11
14,9999,101,107,2.057749911298801e-11,3.30845086167487e-11,1.746227578689695e-11
14,9999,101,108,1.831942626839314e-11,2.8395555042094203e-11,1.1957744383175476e-11
14,9999,101,109,9.959778584093826e-12,2.0667069103136684e-11,9.969617515012155e-12
14,9999,101,110,7.175940991232958e-12,1.875606995058974e-11,7.712637731818447e-12
14,9999,101,111,6.114138307798678e-12,1.2719519902909553e-11,4.826673934112615e-12
14,9999,101,112,5.9308524887031e-12,1.2164019004275113e-11,3.3478664627076303e-12
14,9999,101,113,2.710834553678788e-12,1.1238272638801034e-11,2.5097275777821265e-12
14,9999,101,114,1.866194385372087e-12,7.446006873264373e-12,2.30350168971904e-12
14,9999,101,115,1.3718527332181854e-12,4.6133527060922295e-12,1.3333221936381562e-12
14,9999,101,116,9.22745472647896e-13,4.059307297093081e-12,8.246304103362347e-13
14,9999,101,117,3.427908801623904e-13,2.128213816197507e-12,4.0397801598421765e-13
14,9999,101,118,2.6966262192713927e-13,2.0192161520122337e-12,3.643002081108397e-13
14,9999,101,119,2.5406852835482116e-13,1.206965054156169e-12,2.7407935827756616e-13
14,9999,101,120,1.4762710163714082e-13,1.0263083463440365e-12,2.4715475475315376e-13
14,9999,101,121,8.435935464092522e-14,6.136380973450175e-13,1.4411498330757277e-13
14,9999,101,122,5.188582476127349e-14,3.8190015092034885e-13,1.0878997268405739e-13
14,9999,101,123,3.961533733339746e-14,1.5973639498743324e-13,5.6251502779518427e-14
14,9999,101,124,1.4647833177709765e-14,1.3289607504402927e-13,1.8493662965072188e-14
14,9999,101,125,1.1858665465132864e-14,1.2121228525077349e-13,8.833083485478155e-15
14,9999,101,126,8.86917694763799e-15,9.191470147068874e-14,3.948967426502648e-15
14,9999,101,127,9.999999999999987e-16,9.999999999999973e-16,9.999999999999985e-16
14,9999,101,128,9.999999999999987e-16,9.999999999999973e-16,9.999999999999985e-16
14,9999,202,1,0.8085698993717308,0.808827684513003,0.8088934434406383
14,9999,202,2,0.11747771691902395,0.11729411838636264,0.11744256862024353
14,9999,202,3,0.027054421100121163,0.02725062387745934,0.02709803166948216
14,9999,202,4,0.0228273814100148,0.022992306646446498,0.023050690926801384
14,9999,202,5,0.007366303784670348,0.007051675530903272,0.0074394080593305715
14,9999,202,6,0.004834933208027369,0.00469493215057516,0.004860713552285055
14,9999,202,7,0.004510730829989164,0.004571134574172762,0.004479883247564441
14,9999,202,8,0.0019653464913073995,0.001953743945655718,0.0019005582468179997
14,9999,202,9,0.0013653809268245544,0.0013775867304361533,0.0013045044723518084
14,9999,202,10,0.0010176926019243408,0.001070431860760126,0.0008923526212142612
14,9999,202,11,0.0006504476743045053,0.0006365799591254228,0.000591367910755436
14,9999,202,12,0.0005438314585675933,0.0005196675824709112,0.0004724474966740814
14,9999,202,13,0.0003988502430152575,0.00038758845255162,0.00038332707795946385
14,9999,202,14,0.00036560746916868226,0.00033572120009583604,0.0003117114373643166
14,9999,202,15,0.000223905255473263,0.0002566928095047469,0.00019092633127015376
14,9999,202,16,0.00017369741946645232,0.0001684217736050925,0.00015687994455298985
14,9999,202,17,0.00015998211309045633,0.00015329130557148194,0.00011583611276288846
14,9999,202,18,8.286474714341789e-05,8.53058770864506e-05,7.494791901181245e-05
14,9999,202,19,6.835172330532404e-05,7.337581808514038e-05,6.421947363480319e-05
14,9999,202,20,5.8491788648977435e-05,4.597815232973558e-05,5.0078166369194406e-05
14,9999,202,21,5.0302835618941e-05,4.284236789779241e-05,4.3358993926952115e-05
14,9999,202,22,4.527581086790784e-05,4.198181691956114e-05,3.850553322011771e-05
14,9999,202,23,3.56404341259794e-05,2.702812871252943e-05,2.6652397235404314e-05
14,9999,202,24,2.4736644173161493e-05,2.0155144448163404e-05,2.128942696627538e-05
14,9999,202,25,2.209915649849058e-05,1.9420761727729406e-05,1.5899310055455677e-05
14,9999,202,26,1.841655532968754e-05,1.8348779939034927e-05,1.447648213118959e-05
14,9999,202,27,1.5106577158640707e-05,1.612822399254668e-05,1.061259238224002e-05
14,9999,202,28,1.0449438219610599e-05,9.161603852395796e-06,7.755384363320686e-06
14,9999,202,29,8.211523783525861e-06,8.16677801031435e-06,7.02448580310889e-06
14,9999,202,30,7.1075579459713754e-06,6.776469908660766e-06,6.735190200086542e-06
14,9999,202,31,7.107066072837594e-06,6.1194772730442385e-06,4.905918781592269e-06
14,9999,202,32,6.506538336481819e-06,5.582250025319771e-06,4.606693775596352e-06
14,9999,202,33,4.545659762584824e-06,4.667464058844739e-06,4.00769214591984e-06
14,9999,202,34,4.4567401341444345e-06,4.6409273506546745e-06,3.721421865911573e-06
14,9999,202,35,3.86528257737249e-06,3.8561769937927994e-06,2.9602232721424245e-06
14,9999,202,36,3.822898532417384e-06,3.0276847365714134e-06,2.5385854248217454e-06
14,9999,202,37,2.7628415270574123e-06,2.5854030204560512e-06,1.8251538204041185e-06
14,9999,202,38,1.9412420231865495e-06,2.196983148219304e-06,1.3562317835355857e-06
14,9999,202,39,1.645073506906946e-06,1.7729838593041793e-06,1.1355092620850676e-06
14,9999,202,40,1.5991208872400357e-06,1.6010790541610488e-06,9.574464146596728e-07
14,9999,202,41,1.3098732469390905e-06,1.0151552671335676e-06,7.918809553387803e-07
14,9999,202,42,1.1428869079113773e-06,7.881987866294583e-07,7.760346954933849e-07
14,9999,202,43,9.981086057216657e-07,7.524600065134093e-07,6.316297384081804e-07
14,9999,202,44,8.110317262389182e-07,7.18816332732018e-07,5.519493010263083e-07
14,9999,202,45,6.331027351393452e-07,6.122843058129502e-07,4.3332375488636977e-07
14,9999,202,46,5.834930597751821e-07,4.1652482417433527e-07,3.503883736942336e-07
14,9999,202,47,4.489230041457672e-07,3.794002919442414e-07,3.288878364422079e-07
14,9999,202,48,3.622523882819511e-07,3.291772179251465e-07,2.2095467217278668e-07
14,9999,202,49,3.213128131883599e-07,2.4818502386971607e-07,2.1221867902628974e-07
14,9999,202,50,3.049121255314848e-07,2.3421957722217353e-07,2.0813663538012383e-07
14,9999,202,51,2.1264654119277333e-07,1.8147909353427005e-07,1.833895869019454e-07
14,9999,202,52,1.8981134488984155e-07,1.6403801596664917e-07,1.6003872341586856e-07
14,9999,202,53,1.634137937369727e-07,1.5601592972622574e-07,1.5669848294584918e-07
14,9999,202,54,1.320237915408312e-07,1.3353722076889746e-07,1.1241778439094174e-07
14,9999,202,55,1.0623235655391867e-07,1.2773572007567958e-07,8.866100103410125e-08
14,9999,202,56,1.0338361027183444e-07,1.0185337479267367e-07,8.119915471383274e-08
14,9999,202,57,9.685701869772371e-08,9.828600440585758e-08,6.918216799947257e-08
14,9999,202,58,8.366974538644881e-08,7.78646474758229e-08,5.337731910186566e-08
14,9999,202,59,8.270839126041295e-08,7.612338341727745e-08,4.862432935646073e-08
14,9999,202,60,5.835144440311839e-08,6.231041685131725e-08,4.1249879548719563e-08
14,9999,202,61,5.31688369514085e-08,5.7226775472811605e-08,3.773036738360997e-08
14,9999,202,62,4.48879355789028e-08,5.315902013714855e-08,3.281622524322347e-08
14,9999,202,63,3.933084525833303e-08,4.278228584414271e-08,2.339906909422624e-08
14,9999,202,64,3.661072312816999e-08,3.452035183100521e-08,2.2626035138109428e-08
14,9999,202,65,3.318872571032654e-08,2.9743523145187967e-08,2.121702557234646e-08
14,9999,202,66,3.0928980831618806e-08,2.3687650734696408e-08,1.9323433981294045e-08
14,9999,202,67,2.5177837116664988e-08,2.1921535284179895e-08,1.7657575151514658e-08
14,9999,202,68,2.3806135789899567e-08,2.0480376196650762e-08,1.6060926140202515e-08
14,9999,202,69,2.3726374684295796e-08,1.9382624214917218e-08,1.3337426792094935e-08
14,9999,202,70,2.0017316320201673e-08,1.5525969583685308e-08,1.1682549254536246e-08
14,9999,202,71,1.4742267831955542e-08,1.5031263907612762e-08,1.0737133845991768e-08
14,9999,202,72,1.22709701585646e-08,1.1809435890941709e-08,8.00161529258197e-09
14,9999,202,73,1.1028078244084567e-08,9.553128229695489e-09,6.962083968573569e-09
14,9999,202,74,1.0442144816568029e-08,7.607599648710687e-09,6.150882675807541e-09
14,9999,202,75,7.113548370330932e-09,5.955620122621279e-09,4.460549737722484e-09
14,9999,202,76,5.9970559042532315e-09,5.894109103952069e-09,4.043875073467797e-09
14,9999,202,77,4.908492838833333e-09,4.653621342281759e-09,3.7184671238841526e-09
14,9999,202,78,4.3035012453116866e-09,4.150595292345512e-09,3.1248040436523548e-09
14,9999,202,79,3.1726897835750316e-09,3.0872998626756047e-09,2.395507298724852e-09
14,9999,202,80,2.1014701625565283e-09,2.6760794022686987e-09,2.0716932177803156e-09
14,9999,202,81,1.8355928726542473e-09,2.107138277580781e-09,1.7447424602361302e-09
14,9999,202,82,1.5939521541893781e-09,2.055532557107662e-09,1.4984461937040235e-09
14,9999,202,83,1.204491103677566e-09,1.6363909185045041e-09,1.2585554687549194e-09
14,9999,202,84,1.1078712948197796e-09,1.230853935749391e-09,9.47926555562672e-10
14,9999,202,85,9.898272483490214e-10,1.119252808939257e-09,9.119551046059673e-10
14,9999,202,86,8.586023110675037e-10,1.0412438276263994e-09,7.506486741529914e-10
14,9999,202,87,7.573078402806621e-10,9.784930203780499e-10,5.489839687044768e-10
14,9999,202,88,6.018879208929102e-10,9.471386119073185e-10,4.810029861763324e-10
14,9999,202,89,5.97894880822179e-10,8.837247823074102e-10,3.895988432938108e-10
14,9999,202,90,4.2638998567024087e-10,6.253906430657145e-10,3.738425069044524e-10
14,9999,202,91,3.964643741391551e-10,4.925644465308793e-10,3.4931426210321234e-10
14,9999,202,92,3.650939028143351e-10,4.683336778105566e-10,2.492454385914343e-10
14,9999,202,93,2.983333018799073e-10,4.1272906820484113e-10,2.483434641146417e-10
14,9999,202,94,2.8870802979711647e-10,3.349544412760149e-10,1.950806837999389e-10
14,9999,202,95,2.1502535961180648e-10,2.5331661506439924e-10,1.7117676343544834e-10
14,9999,202,96,1.563690235446134e-10,1.76893032186896e-10,1.3221529014813398e-10
14,9999,202,97,1.5018777148107616e-10,1.6485200070574894e-10,1.0938811349435245e-10
14,9999,202,98,1.3901586649935087e-10,1.432352697152447e-10,8.084267293692623e-11
14,9999,202,99,1.2222145881757034e-10,1.2313685964183325e-10,7.186896846795822e-11
14,9999,202,100,1.1300711831107908e-10,1.1437019526796171e-10,6.149496883776494e-11
14,9999,202,101,8.626657026060582e-11,1.040462000593359e-10,6.008994200298509e-11
14,9999,202,102,4.919893472143514e-11,7.182212535151365e-11,4.0934144859935145e-11
14,9999,202,103,4.154001450095842e-11,6.753360979446738e-11,3.1684129553465455e-11
14,9999,202,104,2.8107664470375864e-11,5.948380054603067e-11,2.5708525393569013e-11
14,9999,202,105,2.581150265027815e-11,4.7499064766663265e-11,1.9498380541402783e-11
14,9999,202,106,2.3173339970222572e-11,4.23527594979432e-11,1.901678616855385e-11
14,9999,202,107,2.057749911298801e-11,2.950976285781496e-11,1.472036897176502e-11
14,9999,202,108,1.831942626839314e-11,2.3654740962782376e-11,1.0942294281421268e-11
14,9999,202,109,9.959778584093826e-12,1.8705200376521526e-11,9.776740527795105e-12
14,9999,202,110,7.175940991232958e-12,1.7959548817451407e-11,9.559088185182567e-12
14,9999,202,111,6.114138307798678e-12,1.2391777462578387e-11,5.424437539272406e-12
14,9999,202,112,5.9308524887031e-12,8.623933616267298e-12,4.850941928374156e-12
14,9999,202,113,2.710834553678788e-12,6.61890023538171e-12,4.7505022188362545e-12
14,9999,202,114,1.866194385372087e-12,5.0989157787803695e-12,2.565309773273227e-12
14,9999,202,115,1.3718527332181854e-12,3.1506540290303434e-12,1.9379651113272894e-12
14,9999,202,116,9.22745472647896e-13,2.391925524947472e-12,1.377648952791967e-12
14,9999,202,117,3.427908801623904e-13,1.4060816129834119e-12,8.230764125689715e-13
14,9999,202,118,2.6966262192713927e-13,7.861937916396897e-13,6.095140050699754e-13
14,9999,202,119,2.5406852835482116e-13,7.37705881345224e-13,2.9578603401602485e-13
14,9999,202,120,1.4762710163714082e-13,4.290206408731702e-13,2.2058895444177917e-13
14,9999,202,121,8.435935464092522e-14,3.3896759609693737e-13,1.1203851264889165e-13
14,9999,202,122,5.188582476127349e-14,1.8729245817385023e-13,1.0646453356437249e-13
14,9999,202,123,3.961533733339746e-14,1.199717061881385e-13,5.755249665686187e-14
14,9999,202,124,1.4647833177709765e-14,1.0866031795434418e-13,1.2567553497317359e-14
14,9999,202,125,1.1858665465132864e-14,3.363795596281299e-14,1.0098649697187876e-14
14,9999,202,126,8.86917694763799e-15,1.9316322889416187e-14,6.982663432307928e-15
14,9999,202,127,9.999999999999987e-16,6.220348215929222e-15,9.99999999999999e-16
14,9999,202,128,9.999999999999987e-16,2.5488014642594663e-15,9.99999999999999e-16
14,9999,303,1,0.8085698993717308,0.8086592948142883,0.8088990807711739
14,9999,303,2,0.11747771691902395,0.11747931413597593,0.11800032390655613
14,9999,303,3,0.027054421100121163,0.027445637782926455,0.026828387252642347
14,9999,303,4,0.0228273814100148,0.022929392539549485,0.02270930364469972
14,9999,303,5,0.007366303784670348,0.007070317954089666,0.007566340330768177
14,9999,303,6,0.004834933208027369,0.004587903170353835,0.004835623272818506
14,9999,303,7,0.004510730829989164,0.0045230160464073904,0.0043105421996979506
14,9999,303,8,0.0019653464913073995,0.002260132248180397,0.0019619315690067706
14,9999,303,9,0.0013653809268245544,0.0013258295466182003,0.001262729822672138
14,9999,303,10,0.0010176926019243408,0.0009412836379280838,0.0008884451050396377
14,9999,303,11,0.0006504476743045053,0.0006265452801807288,0.0006833741139015964
14,9999,303,12,0.0005438314585675933,0.0005035286154719947,0.0005018032350091447
14,9999,303,13,0.0003988502430152575,0.00038960009987387125,0.0003565512080511354
14,9999,303,14,0.00036560746916868226,0.0003694471013115304,0.00033850420230852355
14,9999,303,15,0.000223905255473263,0.0001923784747207174,0.00018261091224585385
14,9999,303,16,0.00017369741946645232,0.00012240902819411601,0.00013782588360413317
14,9999,303,17,0.00015998211309045633,0.00010339267244909787,0.00011967576769254467
14,9999,303,18,8.286474714341789e-05,8.843675505343123e-05,7.255192274795559e-05
14,9999,303,19,6.835172330532404e-05,7.263971780042163e-05,5.878860862253912e-05
14,9999,303,20,5.8491788648977435e-05,5.270051337766933e-05,4.999422803204568e-05
14,9999,303,21,5.0302835618941e-05,4.917577166535144e-05,3.9311181577219566e-05
14,9999,303,22,4.527581086790784e-05,3.8444244560834976e-05,3.6667456516636607e-05
14,9999,303,23,3.56404341259794e-05,2.7183481805026818e-05,2.6545954435266566e-05
14,9999,303,24,2.4736644173161493e-05,2.238520202117205e-05,2.2661449169291515e-05
14,9999,303,25,2.209915649849058e-05,1.8275741516791495e-05,1.9208549432397626e-05
14,9999,303,26,1.841655532968754e-05,1.7164206697739755e-05,1.7364662942368524e-05
14,9999,303,27,1.5106577158640707e-05,1.6167244499083414e-05,1.2202642430566582e-05
14,9999,303,28,1.0449438219610599e-05,1.1389120618255639e-05,1.0576077632771229e-05
14,9999,303,29,8.211523783525861e-06,9.93385508483889e-06,1.0538967962052009e-05
14,9999,303,30,7.1075579459713754e-06,6.57487504569438e-06,6.4423835802726045e-06
14,9999,303,31,7.107066072837594e-06,6.408302261194253e-06,6.173604744841747e-06
14,9999,303,32,6.506538336481819e-06,5.799151694905875e-06,4.3272317510647696e-06
14,9999,303,33,4.545659762584824e-06,5.535698672489854e-06,3.5471098747884796e-06
14,9999,303,34,4.4567401341444345e-06,3.5368251074756186e-06,3.27086210442732e-06
14,9999,303,35,3.86528257737249e-06,2.8982125793148884e-06,2.600118482040101e-06
14,9999,303,36,3.822898532417384e-06,2.6959855512038485e-06,2.5733899696103437e-06
14,9999,303,37,2.7628415270574123e-06,1.7478610795218206e-06,1.8111925986062718e-06
14,9999,303,38,1.9412420231865495e-06,1.6596205781231205e-06,1.4887421559419288e-06
14,9999,303,39,1.645073506906946e-06,1.4217958383888165e-06,1.1136425412509382e-06
14,9999,303,40,1.5991208872400357e-06,1.2302027697948386e-06,1.076600659704319e-06
14,9999,303,41,1.3098732469390905e-06,1.0146988622774631e-06,8.442535105998657e-07
14,9999,303,42,1.1428869079113773e-06,9.417558967358943e-07,7.085523109692319e-07
14,9999,303,43,9.981086057216657e-07,8.262729904742754e-07,6.815082580818879e-07
14,9999,303,44,8.110317262389182e-07,5.860046210889095e-07,5.310198904559625e-07
14,9999,303,45,6.331027351393452e-07,5.026740501879715e-07,4.806915821225485e-07
14,9999,303,46,5.834930597751821e-07,4.3187702886918243e-07,3.618001684038985e-07
14,9999,303,47,4.489230041457672e-07,3.2836108191988367e-07,3.13630545206479e-07
14,9999,303,48,3.622523882819511e-07,3.2433962273666594e-07,2.8357680543308875e-07
14,9999,303,49,3.213128131883599e-07,2.819851762911598e-07,2.5461463577085224e-07
14,9999,303,50,3.049121255314848e-07,2.465834422160532e-07,1.9183431802956654e-07
14,9999,303,51,2.1264654119277333e-07,2.4498129741546337e-07,1.8248242928182501e-07
14,9999,303,52,1.8981134488984155e-07,2.0487709539047098e-07,1.7159962708658482e-07
14,9999,303,53,1.634137937369727e-07,1.7679450012242493e-07,1.5273957584104484e-07
14,9999,303,54,1.320237915408312e-07,1.4876528396517018e-07,1.4954287560000677e-07
14,9999,303,55,1.0623235655391867e-07,1.2886822383590693e-07,1.2142325109914748e-07
14,9999,303,56,1.0338361027183444e-07,1.148995783673941e-07,1.1288112794370193e-07
14,9999,303,57,9.685701869772371e-08,1.1133745243021086e-07,8.851402648933894e-08
14,9999,303,58,8.366974538644881e-08,8.542594988523649e-08,6.508032378408496e-08
14,9999,303,59,8.270839126041295e-08,6.495622016443537e-08,5.770155536520759e-08
14,9999,303,60,5.835144440311839e-08,6.030792757721238e-08,5.158623962570001e-08
14,9999,303,61,5.31688369514085e-08,5.6466990763043875e-08,4.0711512834664636e-08
14,9999,303,62,4.48879355789028e-08,4.045758635265103e-08,3.893099835392292e-08
14,9999,303,63,3.933084525833303e-08,3.912729624630155e-08,3.1353068463819054e-08
14,9999,303,64,3.661072312816999e-08,3.1394128085774226e-08,2.9107543807221093e-08
14,9999,303,65,3.318872571032654e-08,2.5758363426150268e-08,2.412954891054799e-08
14,9999,303,66,3.0928980831618806e-08,1.8825751554098755e-08,1.910067672254108e-08
14,9999,303,67,2.5177837116664988e-08,1.7095353816299553e-08,1.6682552918002924e-08
14,9999,303,68,2.3806135789899567e-08,1.5378130510484654e-08,1.597623832897548e-08
14,9999,303,69,2.3726374684295796e-08,1.3747244083602768e-08,1.4771584616766066e-08
14,9999,303,70,2.0017316320201673e-08,1.2234399452762394e-08,1.0938468300182066e-08
14,9999,303,71,1.4742267831955542e-08,1.097091833068752e-08,9.046482108234289e-09
14,9999,303,72,1.22709701585646e-08,8.325693446821625e-09,7.799326249970253e-09
14,9999,303,73,1.1028078244084567e-08,8.074721458303086e-09,6.215457699528824e-09
14,9999,303,74,1.0442144816568029e-08,6.728657187900772e-09,5.930119478716617e-09
14,9999,303,75,7.113548370330932e-09,6.375506247547878e-09,4.920828062286477e-09
14,9999,303,76,5.9970559042532315e-09,5.854783537609525e-09,4.213639101376497e-09
14,9999,303,77,4.908492838833333e-09,4.417371531888508e-09,3.791944585873725e-09
14,9999,303,78,4.3035012453116866e-09,4.257499888583292e-09,3.1583176825990754e-09
14,9999,303,79,3.1726897835750316e-09,3.526824992892465e-09,2.9117512968948264e-09
14,9999,303,80,2.1014701625565283e-09,2.6571775405483967e-09,2.2651119416215943e-09
14,9999,303,81,1.8355928726542473e-09,2.1129035805832312e-09,1.7299115120185823e-09
14,9999,303,82,1.5939521541893781e-09,1.868569827436949e-09,1.653457597133427e-09
14,9999,303,83,1.204491103677566e-09,1.8475066053798267e-09,1.4355334886012764e-09
14,9999,303,84,1.1078712948197796e-09,1.302750857352034e-09,1.3351942029484895e-09
14,9999,303,85,9.898272483490214e-10,1.0517761490089628e-09,1.1408140709856058e-09
14,9999,303,86,8.586023110675037e-10,9.225814333262638e-10,9.567373924437658e-10
14,9999,303,87,7.573078402806621e-10,7.487285356872424e-10,8.024300782846273e-10
14,9999,303,88,6.018879208929102e-10,7.381670244355783e-10,7.554937645340005e-10
14,9999,303,89,5.97894880822179e-10,6.651498372013649e-10,6.590284736422736e-10
14,9999,303,90,4.2638998567024087e-10,4.988716906410718e-10,4.0120788004135466e-10
14,9999,303,91,3.964643741391551e-10,4.562047968772949e-10,3.80717091952517e-10
14,9999,303,92,3.650939028143351e-10,4.305285291279653e-10,3.1223901633872493e-10
14,9999,303,93,2.983333018799073e-10,3.8885568309082175e-10,2.742055764681496e-10
14,9999,303,94,2.8870802979711647e-10,3.596541469309949e-10,2.3893971875335025e-10
14,9999,303,95,2.1502535961180648e-10,3.145257305282974e-10,2.1163800638647673e-10
14,9999,303,96,1.563690235446134e-10,2.3085245589787365e-10,2.0352971989098965e-10
14,9999,303,97,1.5018777148107616e-10,1.7355799630506698e-10,1.3199585875030817e-10
14,9999,303,98,1.3901586649935087e-10,1.525604849437154e-10,1.0022551617198642e-10
14,9999,303,99,1.2222145881757034e-10,1.476195997517573e-10,8.619612263411595e-11
14,9999,303,100,1.1300711831107908e-10,1.4553157980236463e-10,7.250256061392492e-11
14,9999,303,101,8.626657026060582e-11,9.640960098669842e-11,5.588927981343777e-11
14,9999,303,102,4.919893472143514e-11,7.1491227663509e-11,5.060534966265941e-11
14,9999,303,103,4.154001450095842e-11,6.090325031811604e-11,4.8742230235875805e-11
14,9999,303,104,2.8107664470375864e-11,5.934084343664118e-11,4.201097182298704e-11
14,9999,303,105,2.581150265027815e-11,4.297291236747684e-11,3.203673869475505e-11
14,9999,303,106,2.3173339970222572e-11,3.3783901200104175e-11,2.6745618933280047e-11
14,9999,303,107,2.057749911298801e-11,2.0435187675134644e-11,2.4538587750039137e-11
14,9999,303,108,1.831942626839314e-11,1.9166848531572608e-11,1.4824085366529746e-11
14,9999,303,109,9.959778584093826e-12,1.6560261057096967e-11,1.349023638219227e-11
14,9999,303,110,7.175940991232958e-12,1.0906639148370536e-11,1.1342238890284652e-11
14,9999,303,111,6.114138307798678e-12,1.065426448771446e-11,9.519688742062819e-12
14,9999,303,112,5.9308524887031e-12,6.731560820837997e-12,6.604114401237119e-12
14,9999,303,113,2.710834553678788e-12,4.849023544996384e-12,3.929370465056625e-12
14,9999,303,114,1.866194385372087e-12,3.2510080059887985e-12,3.578776627406666e-12
14,9999,303,115,1.3718527332181854e-12,2.966775557759212e-12,2.4476317288529333e-12
14,9999,303,116,9.22745472647896e-13,2.6778343178371638e-12,1.8615068646103987e-12
14,9999,303,117,3.427908801623904e-13,2.069049047532501e-12,1.4109390707853632e-12
14,9999,303,118,2.6966262192713927e-13,1.1957882279110583e-12,9.083716933053282e-13
14,9999,303,119,2.5406852835482116e-13,7.817653191500848e-13,5.299618289386033e-13
14,9999,303,120,1.4762710163714082e-13,4.826967537128833e-13,4.2567871333088084e-13
14,9999,303,121,8.435935464092522e-14,1.472436566046329e-13,1.954298587282985e-13
14,9999,303,122,5.188582476127349e-14,1.299351542609924e-13,1.457422837008765e-13
14,9999,303,123,3.961533733339746e-14,4.936724845848291e-14,6.894970636247509e-14
14,9999,303,124,1.4647833177709765e-14,2.412353504744909e-14,5.131808485330486e-14
14,9999,303,125,1.1858665465132864e-14,1.4635986773897023e-14,1.0723012834096313e-14
14,9999,303,126,8.86917694763799e-15,6.47756540583526e-15,6.213288705378259e-15
14,9999,303,127,9.999999999999987e-16,9.999999999999987e-16,1.2809582616347633e-15
14,9999,303,128,9.999999999999987e-16,9.999999999999987e-16,9.99999999999999e-16
14,9999,404,1,0.8085698993717308,0.8101158912071478,0.8086664753555008
14,9999,404,2,0.11747771691902395,0.11581175667037834,0.11785378307875873
14,9999,404,3,0.027054421100121163,0.02727748811608229,0.02695989595579077
14,9999,404,4,0.0228273814100148,0.022994154463850697,0.02307027521230048
14,9999,404,5,0.007366303784670348,0.007044718373258141,0.007370760635834438
14,9999,404,6,0.004834933208027369,0.0049347995377409795,0.004785897921232111
14,9999,404,7,0.004510730829989164,0.004717849452610719,0.004670616963613534
14,9999,404,8,0.0019653464913073995,0.0019211634510521056,0.001777686163072486
14,9999,404,9,0.0013653809268245544,0.0013644035926248838,0.0012866911943422666
14,9999,404,10,0.0010176926019243408,0.0009728904118877498,0.0008584934105649764
14,9999,404,11,0.0006504476743045053,0.0006837541483023857,0.0006341018479765507
14,9999,404,12,0.0005438314585675933,0.0004732285634568738,0.00044535972289579134
14,9999,404,13,0.0003988502430152575,0.00037555213754004866,0.0004029421965202032
14,9999,404,14,0.00036560746916868226,0.0003379482382729638,0.0003388870559404187
14,9999,404,15,0.000223905255473263,0.00020280176575618574,0.00019488805565397846
14,9999,404,16,0.00017369741946645232,0.0001575967777870706,0.00014464135825576025
14,9999,404,17,0.00015998211309045633,0.0001267456118188814,0.00012175048738333682
14,9999,404,18,8.286474714341789e-05,8.451095610986373e-05,8.318067359958995e-05
14,9999,404,19,6.835172330532404e-05,8.06450894362125e-05,6.243447927509873e-05
14,9999,404,20,5.8491788648977435e-05,5.4179585033183794e-05,5.074162926684456e-05
14,9999,404,21,5.0302835618941e-05,4.8250207504966945e-05,3.966591928218614e-05
14,9999,404,22,4.527581086790784e-05,4.3211983275671215e-05,3.450619528266611e-05
14,9999,404,23,3.56404341259794e-05,3.963493313123054e-05,2.6988913551013137e-05
14,9999,404,24,2.4736644173161493e-05,2.184293407057227e-05,1.8692919366679733e-05
14,9999,404,25,2.209915649849058e-05,2.0242413124812084e-05,1.7363484572488194e-05
14,9999,404,26,1.841655532968754e-05,1.785383595887485e-05,1.483242808915872e-05
14,9999,404,27,1.5106577158640707e-05,1.2591036402766047e-05,1.1714963288969579e-05
14,9999,404,28,1.0449438219610599e-05,1.1405735984274674e-05,9.44827174767368e-06
14,9999,404,29,8.211523783525861e-06,7.49357170460344e-06,8.600087848078752e-06
14,9999,404,30,7.1075579459713754e-06,6.826853665799137e-06,6.045563255187789e-06
14,9999,404,31,7.107066072837594e-06,5.356613287830453e-06,5.205150640920249e-06
14,9999,404,32,6.506538336481819e-06,5.349658530027556e-06,4.236140556723294e-06
14,9999,404,33,4.545659762584824e-06,4.172938216546066e-06,3.950006766242411e-06
14,9999,404,34,4.4567401341444345e-06,3.6963478822948174e-06,3.1752869423534615e-06
14,9999,404,35,3.86528257737249e-06,2.9883364217088727e-06,2.7634577237861892e-06
14,9999,404,36,3.822898532417384e-06,2.6099638060518094e-06,2.433990858555828e-06
14,9999,404,37,2.7628415270574123e-06,2.5833904005610916e-06,1.8701848117172577e-06
14,9999,404,38,1.9412420231865495e-06,1.9852971785237315e-06,1.3794883460988659e-06
14,9999,404,39,1.645073506906946e-06,1.3280842103335969e-06,1.2101182266867482e-06
14,9999,404,40,1.5991208872400357e-06,1.1375293334825304e-06,9.055390646242501e-07
14,9999,404,41,1.3098732469390905e-06,9.556250191591217e-07,8.173752371552952e-07
14,9999,404,42,1.1428869079113773e-06,7.990176038108308e-07,6.924263501566976e-07
14,9999,404,43,9.981086057216657e-07,7.921255807549195e-07,5.2852301656202e-07
14,9999,404,44,8.110317262389182e-07,7.587999383649893e-07,4.6883640119038784e-07
14,9999,404,45,6.331027351393452e-07,6.975617901016051e-07,4.2980203592152846e-07
14,9999,404,46,5.834930597751821e-07,5.202108768799243e-07,3.354238995704538e-07
14,9999,404,47,4.489230041457672e-07,3.897553980501886e-07,2.930891517135801e-07
14,9999,404,48,3.622523882819511e-07,3.6542838322426893e-07,2.749242944265045e-07
14,9999,404,49,3.213128131883599e-07,3.2234536650067064e-07,2.503039716993922e-07
14,9999,404,50,3.049121255314848e-07,2.2668853503707173e-07,1.9082970678388782e-07
14,9999,404,51,2.1264654119277333e-07,2.0722354057937104e-07,1.6440132289351726e-07
14,9999,404,52,1.8981134488984155e-07,1.5555782380032976e-07,1.338934538526075e-07
14,9999,404,53,1.634137937369727e-07,1.4501033043246414e-07,1.3114309757809512e-07
14,9999,404,54,1.320237915408312e-07,1.346517460809686e-07,1.09955224719882e-07
14,9999,404,55,1.0623235655391867e-07,1.264096775423372e-07,9.11495842106347e-08
14,9999,404,56,1.0338361027183444e-07,1.0928118470204285e-07,8.761132474850319e-08
14,9999,404,57,9.685701869772371e-08,8.74352113293611e-08,7.520835993583548e-08
14,9999,404,58,8.366974538644881e-08,7.796874613138746e-08,6.306214084520574e-08
14,9999,404,59,8.270839126041295e-08,6.251195846480445e-08,6.146548734071974e-08
14,9999,404,60,5.835144440311839e-08,4.879854321204705e-08,4.935726067216406e-08
14,9999,404,61,5.31688369514085e-08,4.430125842285196e-08,3.711005141228543e-08
14,9999,404,62,4.48879355789028e-08,3.916314613232081e-08,3.2056580191453625e-08
14,9999,404,63,3.933084525833303e-08,3.6076178555752884e-08,3.1044372084487555e-08
14,9999,404,64,3.661072312816999e-08,3.4957253058390896e-08,2.102920675003491e-08
14,9999,404,65,3.318872571032654e-08,3.4136273470504865e-08,1.92124744358465e-08
14,9999,404,66,3.0928980831618806e-08,3.353193138887309e-08,1.562815425440802e-08
14,9999,404,67,2.5177837116664988e-08,2.334957497396324e-08,1.4834680421497576e-08
14,9999,404,68,2.3806135789899567e-08,2.2450663895033665e-08,1.2003675788632982e-08
14,9999,404,69,2.3726374684295796e-08,1.6988077424807714e-08,1.1006388931013892e-08
14,9999,404,70,2.0017316320201673e-08,1.5269853431059133e-08,9.191342482195373e-09
14,9999,404,71,1.4742267831955542e-08,1.2460564700905766e-08,8.60024261986235e-09
14,9999,404,72,1.22709701585646e-08,9.993270885060654e-09,6.652704457898057e-09
14,9999,404,73,1.1028078244084567e-08,8.743568682652893e-09,5.645764579000217e-09
14,9999,404,74,1.0442144816568029e-08,6.952833593053465e-09,5.379911254206463e-09
14,9999,404,75,7.113548370330932e-09,6.436521848915858e-09,4.660336184487241e-09
14,9999,404,76,5.9970559042532315e-09,5.466560167679811e-09,3.874072052933067e-09
14,9999,404,77,4.908492838833333e-09,4.799622366284737e-09,3.3805355172099863e-09
14,9999,404,78,4.3035012453116866e-09,4.256764875330806e-09,2.926965581150769e-09
14,9999,404,79,3.1726897835750316e-09,2.527387544522044e-09,2.7022814348978206e-09
14,9999,404,80,2.1014701625565283e-09,2.3966042703099756e-09,2.1686601613985194e-09
14,9999,404,81,1.8355928726542473e-09,2.315474423185631e-09,1.9274918147302778e-09
14,9999,404,82,1.5939521541893781e-09,1.6205249082259607e-09,1.5902315189021127e-09
14,9999,404,83,1.204491103677566e-09,1.3259953766018358e-09,1.071837167534949e-09
14,9999,404,84,1.1078712948197796e-09,1.2164835943983435e-09,8.981560292032478e-10
14,9999,404,85,9.898272483490214e-10,1.0211145370808879e-09,8.548920175371929e-10
14,9999,404,86,8.586023110675037e-10,7.878078403572272e-10,7.302481506390951e-10
14,9999,404,87,7.573078402806621e-10,7.409429957193992e-10,5.898955392573616e-10
14,9999,404,88,6.018879208929102e-10,6.906328482523817e-10,4.763626942013612e-10
14,9999,404,89,5.97894880822179e-10,5.544141151364343e-10,3.3223236448041895e-10
14,9999,404,90,4.2638998567024087e-10,5.307156852218054e-10,3.1491532176022894e-10
14,9999,404,91,3.964643741391551e-10,4.270167591882347e-10,2.9291691926704455e-10
14,9999,404,92,3.650939028143351e-10,3.804746938366063e-10,2.3828311551996697e-10
14,9999,404,93,2.983333018799073e-10,2.9055803757697285e-10,2.2107375103867531e-10
14,9999,404,94,2.8870802979711647e-10,2.777355349908578e-10,1.901133742120985e-10
14,9999,404,95,2.1502535961180648e-10,1.9905440597094228e-10,1.6505786764549136e-10
14,9999,404,96,1.563690235446134e-10,1.8113564736776642e-10,1.1816659257433876e-10
14,9999,404,97,1.5018777148107616e-10,1.748963541177195e-10,1.0211175069309746e-10
14,9999,404,98,1.3901586649935087e-10,1.6799618580382041e-10,8.527670463137296e-11
14,9999,404,99,1.2222145881757034e-10,1.3405220564338412e-10,7.172402915096175e-11
14,9999,404,100,1.1300711831107908e-10,1.0381823588014462e-10,6.085676138860055e-11
14,9999,404,101,8.626657026060582e-11,9.053424563273312e-11,5.620226850985883e-11
14,9999,404,102,4.919893472143514e-11,6.756046745830095e-11,4.764458877244383e-11
14,9999,404,103,4.154001450095842e-11,6.012354525986416e-11,3.451629731073103e-11
14,9999,404,104,2.8107664470375864e-11,3.1587628995554155e-11,2.6531511169589274e-11
14,9999,404,105,2.581150265027815e-11,2.5752196632512327e-11,2.4672215605272284e-11
14,9999,404,106,2.3173339970222572e-11,2.2378822080904112e-11,1.947426691089996e-11
14,9999,404,107,2.057749911298801e-11,1.9575507929891367e-11,1.5767907432463777e-11
14,9999,404,108,1.831942626839314e-11,1.708264549115321e-11,9.612061750550352e-12
14,9999,404,109,9.959778584093826e-12,1.1454299325835528e-11,7.763305470377036e-12
14,9999,404,110,7.175940991232958e-12,9.486617337469409e-12,6.975661887019522e-12
14,9999,404,111,6.114138307798678e-12,6.191477905964689e-12,5.947778501051936e-12
14,9999,404,112,5.9308524887031e-12,5.519347355209015e-12,4.128164484030435e-12
14,9999,404,113,2.710834553678788e-12,2.8161919201312705e-12,3.340583624853003e-12
14,9999,404,114,1.866194385372087e-12,2.4434103862679207e-12,3.0261353350406462e-12
14,9999,404,115,1.3718527332181854e-12,2.360333641351647e-12,1.6626630823499516e-12
14,9999,404,116,9.22745472647896e-13,1.6954045917960468e-12,1.0861721758313156e-12
14,9999,404,117,3.427908801623904e-13,9.108735690719952e-13,8.867675255070526e-13
14,9999,404,118,2.6966262192713927e-13,6.44490195779373e-13,4.154023305070679e-13
14,9999,404,119,2.5406852835482116e-13,5.36378182386441e-13,3.4710222936948064e-13
14,9999,404,120,1.4762710163714082e-13,4.912043122792113e-13,1.422932765442161e-13
14,9999,404,121,8.435935464092522e-14,2.7770411630299545e-13,1.1503421593106243e-13
14,9999,404,122,5.188582476127349e-14,1.642740187716133e-13,6.871505640076467e-14
14,9999,404,123,3.961533733339746e-14,9.424018610302878e-14,4.760389716144169e-14
14,9999,404,124,1.4647833177709765e-14,4.3926983545343326e-14,3.3267743726899695e-14
14,9999,404,125,1.1858665465132864e-14,1.8639626577459777e-14,1.3796088782703634e-14
14,9999,404,126,8.86917694763799e-15,7.230416410643012e-15,1.0307894895856254e-14
14,9999,404,127,9.999999999999987e-16,1.254940474973974e-15,1.1762695751601174e-15
14,9999,404,128,9.999999999999987e-16,9.999999999999995e-16,9.999999999999997e-16
14,9999,505,1,0.8085698993717308,0.8095627218746229,0.8086599396815483
14,9999,505,2,0.11747771691902395,0.11676161600186909,0.11773979515290754
14,9999,505,3,0.027054421100121163,0.027344550038534077,0.027107570572889563
14,9999,505,4,0.0228273814100148,0.022509033058664613,0.023011389076201486
14,9999,505,5,0.007366303784670348,0.007160823614068219,0.007360071420603399
14,9999,505,6,0.004834933208027369,0.004730686264201575,0.0048788524125823775
14,9999,505,7,0.004510730829989164,0.004623738563445953,0.004500763328558056
14,9999,505,8,0.0019653464913073995,0.002190516562081087,0.0018685253462934826
14,9999,505,9,0.0013653809268245544,0.0013420719713843213,0.001315257928086235
14,9999,505,10,0.0010176926019243408,0.0009877935087652747,0.0009500939536997891
14,9999,505,11,0.0006504476743045053,0.0006032407767880117,0.0005920336253049945
14,9999,505,12,0.0005438314585675933,0.0004912907600679675,0.00045938445836423873
14,9999,505,13,0.0003988502430152575,0.00035614494687571024,0.0003773217941844602
14,9999,505,14,0.00036560746916868226,0.0003231382891509311,0.000333519811469728
14,9999,505,15,0.000223905255473263,0.00022457669453516542,0.00017166441660937555
14,9999,505,16,0.00017369741946645232,0.0001576087485902307,0.00014269960610890258
14,9999,505,17,0.00015998211309045633,0.00015208402043609867,0.00013280934448552724
14,9999,505,18,8.286474714341789e-05,8.220341792601369e-05,7.81587096904455e-05
14,9999,505,19,6.835172330532404e-05,7.890822447075729e-05,5.673965262040485e-05
14,9999,505,20,5.8491788648977435e-05,5.601071945736174e-05,4.702520621595331e-05
14,9999,505,21,5.0302835618941e-05,4.7865646358367494e-05,3.954080351046057e-05
14,9999,505,22,4.527581086790784e-05,3.917979656756689e-05,3.1426779493662394e-05
14,9999,505,23,3.56404341259794e-05,3.032729895497278e-05,2.7722340567189657e-05
14,9999,505,24,2.4736644173161493e-05,2.4422293092935143e-05,1.8382022128378405e-05
14,9999,505,25,2.209915649849058e-05,2.1497554997365215e-05,1.776806632079416e-05
14,9999,505,26,1.841655532968754e-05,2.1440238626629305e-05,1.4997346354587664e-05
14,9999,505,27,1.5106577158640707e-05,1.3619080058449309e-05,1.0616011038502672e-05
14,9999,505,28,1.0449438219610599e-05,1.0119025583347795e-05,8.632642340337781e-06
14,9999,505,29,8.211523783525861e-06,7.50433938052198e-06,8.57463935951549e-06
14,9999,505,30,7.1075579459713754e-06,7.200027173445119e-06,6.815097135061497e-06
14,9999,505,31,7.107066072837594e-06,5.395973832762107e-06,5.2480080061424904e-06
14,9999,505,32,6.506538336481819e-06,4.965794927579373e-06,3.994585413395708e-06
14,9999,505,33,4.545659762584824e-06,4.083653372013644e-06,3.7854540132466183e-06
14,9999,505,34,4.4567401341444345e-06,3.428354994360174e-06,3.144563280172741e-06
14,9999,505,35,3.86528257737249e-06,3.0596776576423583e-06,2.749712182575904e-06
14,9999,505,36,3.822898532417384e-06,2.4974509463051554e-06,2.528977561560739e-06
14,9999,505,37,2.7628415270574123e-06,1.8921457539926497e-06,1.7004457443002812e-06
14,9999,505,38,1.9412420231865495e-06,1.715416885302498e-06,1.2854102991392503e-06
14,9999,505,39,1.645073506906946e-06,1.6722121917913352e-06,9.881913824939106e-07
14,9999,505,40,1.5991208872400357e-06,1.3601970317210184e-06,8.750692540746597e-07
14,9999,505,41,1.3098732469390905e-06,1.1956555338348261e-06,8.636427782295756e-07
14,9999,505,42,1.1428869079113773e-06,8.940710864531429e-07,7.241837579949805e-07
14,9999,505,43,9.981086057216657e-07,8.047540670707304e-07,5.592753943185905e-07
14,9999,505,44,8.110317262389182e-07,7.234712724916229e-07,5.22744716574323e-07
14,9999,505,45,6.331027351393452e-07,6.275517379587299e-07,3.790127548921302e-07
14,9999,505,46,5.834930597751821e-07,5.671799115229789e-07,3.219675091513258e-07
14,9999,505,47,4.489230041457672e-07,5.016768533100941e-07,3.148726028564704e-07
14,9999,505,48,3.622523882819511e-07,3.770643771504572e-07,2.9852555379697873e-07
14,9999,505,49,3.213128131883599e-07,3.494915101552988e-07,2.2988461131536682e-07
14,9999,505,50,3.049121255314848e-07,2.422620426310494e-07,2.1103125256589884e-07
14,9999,505,51,2.1264654119277333e-07,2.210982029546899e-07,1.7418587200275273e-07
14,9999,505,52,1.8981134488984155e-07,2.1763821789721494e-07,1.6189533162664762e-07
14,9999,505,53,1.634137937369727e-07,1.6742904534694942e-07,1.2666957678123035e-07
14,9999,505,54,1.320237915408312e-07,1.3498528975303651e-07,1.110019701632618e-07
14,9999,505,55,1.0623235655391867e-07,1.3294722983123834e-07,1.0113575660990729e-07
14,9999,505,56,1.0338361027183444e-07,1.2124906602962358e-07,7.557265568013318e-08
14,9999,505,57,9.685701869772371e-08,1.1045377209921782e-07,6.154654329154937e-08
14,9999,505,58,8.366974538644881e-08,8.049384821482527e-08,5.264299329242149e-08
14,9999,505,59,8.270839126041295e-08,6.323945146023052e-08,4.204404380574808e-08
14,9999,505,60,5.835144440311839e-08,6.242439876871462e-08,3.998987175471426e-08
14,9999,505,61,5.31688369514085e-08,4.750819542563023e-08,3.356011108381064e-08
14,9999,505,62,4.48879355789028e-08,4.732713345243211e-08,2.5050408014498352e-08
14,9999,505,63,3.933084525833303e-08,3.705893315207535e-08,2.2740497891645772e-08
14,9999,505,64,3.661072312816999e-08,3.668087018488953e-08,2.1349846457194934e-08
14,9999,505,65,3.318872571032654e-08,3.505839368330457e-08,1.8488078548740268e-08
14,9999,505,66,3.0928980831618806e-08,2.441598620247943e-08,1.7369137379168673e-08
14,9999,505,67,2.5177837116664988e-08,2.3756395405343055e-08,1.3719349703335974e-08
14,9999,505,68,2.3806135789899567e-08,2.2085326703902405e-08,1.2180089656754021e-08
14,9999,505,69,2.3726374684295796e-08,1.8467625310108192e-08,1.1421515238916979e-08
14,9999,505,70,2.0017316320201673e-08,1.6788053600607807e-08,7.827781444059721e-09
14,9999,505,71,1.4742267831955542e-08,1.4645070740179427e-08,6.77985100349785e-09
14,9999,505,72,1.22709701585646e-08,1.0147495942682019e-08,6.415998693834102e-09
14,9999,505,73,1.1028078244084567e-08,9.233937605918143e-09,5.65297586909301e-09
14,9999,505,74,1.0442144816568029e-08,8.758648075643312e-09,5.5969731277321425e-09
14,9999,505,75,7.113548370330932e-09,6.594303752529068e-09,4.135251139700295e-09
14,9999,505,76,5.9970559042532315e-09,6.251790316009872e-09,3.914481864167507e-09
14,9999,505,77,4.908492838833333e-09,5.4225140978332845e-09,3.6949466087665806e-09
14,9999,505,78,4.3035012453116866e-09,4.363244016065934e-09,2.941120357742603e-09
14,9999,505,79,3.1726897835750316e-09,3.65965160554212e-09,2.0762066412738393e-09
14,9999,505,80,2.1014701625565283e-09,2.9843586472167707e-09,2.0395555546489723e-09
14,9999,505,81,1.8355928726542473e-09,2.739304675613973e-09,1.605821754186277e-09
14,9999,505,82,1.5939521541893781e-09,2.343629423149936e-09,1.430812078397795e-09
14,9999,505,83,1.204491103677566e-09,2.1090242321863867e-09,1.126107601913402e-09
14,9999,505,84,1.1078712948197796e-09,1.8745366189129373e-09,8.235911555293764e-10
14,9999,505,85,9.898272483490214e-10,1.6118005653706248e-09,7.283732589584959e-10
14,9999,505,86,8.586023110675037e-10,1.2455761709554485e-09,5.890491921224855e-10
14,9999,505,87,7.573078402806621e-10,1.1137926829184606e-09,5.214541705829701e-10
14,9999,505,88,6.018879208929102e-10,1.0586651051012265e-09,4.012696087002718e-10
14,9999,505,89,5.97894880822179e-10,9.636389320829808e-10,3.9224259921250905e-10
14,9999,505,90,4.2638998567024087e-10,7.084583599695375e-10,3.2013639069760995e-10
14,9999,505,91,3.964643741391551e-10,4.979866626129985e-10,2.813901566339944e-10
14,9999,505,92,3.650939028143351e-10,4.964708124338155e-10,2.681837285697316e-10
14,9999,505,93,2.983333018799073e-10,4.654750652400867e-10,1.7231840238508111e-10
14,9999,505,94,2.8870802979711647e-10,3.361116385491612e-10,1.691105512306049e-10
14,9999,505,95,2.1502535961180648e-10,2.883404315346582e-10,1.3434961216771228e-10
14,9999,505,96,1.563690235446134e-10,2.717166520241872e-10,1.2241512044732204e-10
14,9999,505,97,1.5018777148107616e-10,2.5948624748375953e-10,7.721072418900741e-11
14,9999,505,98,1.3901586649935087e-10,2.1470322585180716e-10,7.416716798651539e-11
14,9999,505,99,1.2222145881757034e-10,1.6532949289025826e-10,5.4249541542960656e-11
14,9999,505,100,1.1300711831107908e-10,1.34247837192263e-10,4.426306183952073e-11
14,9999,505,101,8.626657026060582e-11,9.701713952250417e-11,4.145145569005003e-11
14,9999,505,102,4.919893472143514e-11,9.233584609826564e-11,3.3769154135983335e-11
14,9999,505,103,4.154001450095842e-11,8.20390900605417e-11,2.8767416543064098e-11
14,9999,505,104,2.8107664470375864e-11,4.649571162284197e-11,2.6224382562405463e-11
14,9999,505,105,2.581150265027815e-11,3.7962819766083834e-11,2.198644103785197e-11
14,9999,505,106,2.3173339970222572e-11,3.27500458583701e-11,1.3374901898837527e-11
14,9999,505,107,2.057749911298801e-11,3.0861266823364994e-11,1.2158309191084843e-11
14,9999,505,108,1.831942626839314e-11,2.1644417546142432e-11,9.507032541566437e-12
14,9999,505,109,9.959778584093826e-12,1.8432460267055028e-11,8.060477571691144e-12
14,9999,505,110,7.175940991232958e-12,1.365835002591427e-11,7.367712226094064e-12
14,9999,505,111,6.114138307798678e-12,1.3194301199796132e-11,4.108552956291172e-12
14,9999,505,112,5.9308524887031e-12,1.0055825451041549e-11,3.611491778782977e-12
14,9999,505,113,2.710834553678788e-12,7.145435025283887e-12,2.5755953131035532e-12
14,9999,505,114,1.866194385372087e-12,5.395671048861853e-12,2.523480810502775e-12
14,9999,505,115,1.3718527332181854e-12,5.236098153755619e-12,1.1916934707867963e-12
14,9999,505,116,9.22745472647896e-13,2.9835113661518312e-12,9.129967844682407e-13
14,9999,505,117,3.427908801623904e-13,1.9860243854856877e-12,8.006012645893828e-13
14,9999,505,118,2.6966262192713927e-13,1.0321340250031696e-12,5.693048674227096e-13
14,9999,505,119,2.5406852835482116e-13,1.0019039546289024e-12,5.030875713573436e-13
14,9999,505,120,1.4762710163714082e-13,3.73795872929588e-13,1.6844603815038534e-13
14,9999,505,121,8.435935464092522e-14,3.5396217261597746e-13,1.1647503695147322e-13
14,9999,505,122,5.188582476127349e-14,2.988865957687727e-13,1.0413162526839093e-13
14,9999,505,123,3.961533733339746e-14,1.3746750658025198e-13,5.758864733393638e-14
14,9999,505,124,1.4647833177709765e-14,7.254838292855389e-14,2.126634255830565e-14
14,9999,505,125,1.1858665465132864e-14,4.56553628108215e-14,1.3000515285327665e-14
14,9999,505,126,8.86917694763799e-15,2.5350677471227916e-14,2.6467273614759584e-15
14,9999,505,127,9.999999999999987e-16,3.1748590429871747e-15,2.5998833148357885e-15
14,9999,505,128,9.999999999999987e-16,9.99999999999999e-16,9.99999999999999e-16
